{
  "type": "FeatureCollection",
  "generator": "overpass-turbo",
  "copyright": "The data included in this document is from www.openstreetmap.org. The data is made available under ODbL.",
  "timestamp": "2026-08-07T05:44:26Z",
  "features": [
    {
      "type": "Feature",
      "properties": {
        "@id": "relation/5768040",
        "addr:city": "Quezon City",
        "addr:street": "Laurel Avenue",
        "addr:street:corner": "Agoncillo",
        "addr:village": "UP Campus",
        "amenity": "hospital",
        "building": "hospital",
        "healthcare": "hospital",
        "name": "UP Health Service",
        "type": "multipolygon"
      },
      "geometry": {
        "type": "Polygon",
        "coordinates": [
          [
            [
              121.070583,
              14.6601324
            ],
            [
              121.0705863,
              14.6596236
            ],
            [
              121.071516,
              14.6596323
            ],
            [
              121.0715091,
              14.6601114
            ],
            [
              121.0713488,
              14.6601109
            ],
            [
              121.0713489,
              14.6600662
            ],
            [
              121.0711515,
              14.6600655
            ],
            [
              121.0711511,
              14.660192
            ],
            [
              121.0709861,
              14.6601913
            ],
            [
              121.0709863,
              14.6601339
            ],
            [
              121.0709012,
              14.6601336
            ],
            [
              121.0709014,
              14.6600869
            ],
            [
              121.0707725,
              14.6600864
            ],
            [
              121.0707723,
              14.660133
            ],
            [
              121.070583,
              14.6601324
            ]
          ],
          [
            [
              121.0707373,
              14.6598989
            ],
            [
              121.0709809,
              14.6598999
            ],
            [
              121.0709811,
              14.6598373
            ],
            [
              121.0707376,
              14.6598363
            ],
            [
              121.0707373,
              14.6598989
            ]
          ]
        ]
      },
      "id": "relation/5768040"
    },
    {
      "type": "Feature",
      "properties": {
        "@id": "relation/11271063",
        "addr:city": "Marikina",
        "addr:postcode": "1800",
        "addr:street": "Eraño G. Manalo Street",
        "building": "commercial",
        "type": "multipolygon"
      },
      "geometry": {
        "type": "Polygon",
        "coordinates": [
          [
            [
              121.0980696,
              14.6389083
            ],
            [
              121.0980457,
              14.6388274
            ],
            [
              121.0980985,
              14.6388127
            ],
            [
              121.0981224,
              14.6388928
            ],
            [
              121.0980696,
              14.6389083
            ]
          ]
        ]
      },
      "id": "relation/11271063"
    },
    {
      "type": "Feature",
      "properties": {
        "@id": "relation/13223463",
        "building": "school",
        "name": "Senior High School Building",
        "type": "multipolygon"
      },
      "geometry": {
        "type": "Polygon",
        "coordinates": [
          [
            [
              121.0809495,
              14.6454588
            ],
            [
              121.0809502,
              14.6453151
            ],
            [
              121.0809815,
              14.6453138
            ],
            [
              121.0809818,
              14.6450332
            ],
            [
              121.082081,
              14.6450302
            ],
            [
              121.0820813,
              14.6450871
            ],
            [
              121.0820825,
              14.6454083
            ],
            [
              121.0820407,
              14.6454077
            ],
            [
              121.0820407,
              14.6454582
            ],
            [
              121.0819105,
              14.6454598
            ],
            [
              121.0819099,
              14.6454051
            ],
            [
              121.0816653,
              14.6454043
            ],
            [
              121.0816638,
              14.6454822
            ],
            [
              121.0815356,
              14.6454827
            ],
            [
              121.0813947,
              14.6454839
            ],
            [
              121.081391,
              14.6454046
            ],
            [
              121.0811021,
              14.6454063
            ],
            [
              121.0810979,
              14.645456
            ],
            [
              121.0809495,
              14.6454588
            ]
          ],
          [
            [
              121.0815898,
              14.6452823
            ],
            [
              121.0819528,
              14.6452796
            ],
            [
              121.0819513,
              14.6451504
            ],
            [
              121.0815872,
              14.6451571
            ],
            [
              121.0815898,
              14.6452823
            ]
          ],
          [
            [
              121.08112,
              14.6452871
            ],
            [
              121.0814787,
              14.6452789
            ],
            [
              121.0814817,
              14.6451578
            ],
            [
              121.0811193,
              14.645159
            ],
            [
              121.08112,
              14.6452871
            ]
          ]
        ]
      },
      "id": "relation/13223463"
    },
    {
      "type": "Feature",
      "properties": {
        "@id": "relation/15879411",
        "alt_name": "College of Home Economics",
        "building": "college",
        "building:levels": "2",
        "name": "Alonso Hall",
        "type": "multipolygon"
      },
      "geometry": {
        "type": "Polygon",
        "coordinates": [
          [
            [
              121.0730648,
              14.6522985
            ],
            [
              121.073073,
              14.6519168
            ],
            [
              121.0734837,
              14.6519251
            ],
            [
              121.0734755,
              14.6523068
            ],
            [
              121.0732702,
              14.6523027
            ],
            [
              121.0730648,
              14.6522985
            ]
          ],
          [
            [
              121.0731901,
              14.6521899
            ],
            [
              121.0733581,
              14.6521953
            ],
            [
              121.0733634,
              14.652037
            ],
            [
              121.0731955,
              14.6520317
            ],
            [
              121.0731901,
              14.6521899
            ]
          ]
        ]
      },
      "id": "relation/15879411"
    },
    {
      "type": "Feature",
      "properties": {
        "@id": "relation/18004131",
        "addr:city": "Marikina",
        "building": "school",
        "type": "multipolygon"
      },
      "geometry": {
        "type": "Polygon",
        "coordinates": [
          [
            [
              121.117409,
              14.6522389
            ],
            [
              121.117408,
              14.6520192
            ],
            [
              121.1174239,
              14.6520191
            ],
            [
              121.1174241,
              14.6520713
            ],
            [
              121.1174677,
              14.6520711
            ],
            [
              121.1174678,
              14.6521025
            ],
            [
              121.1174214,
              14.6521027
            ],
            [
              121.117422,
              14.6522388
            ],
            [
              121.117409,
              14.6522389
            ]
          ]
        ]
      },
      "id": "relation/18004131"
    },
    {
      "type": "Feature",
      "properties": {
        "@id": "way/7972240",
        "addr:city": "Marikina",
        "addr:postcode": "1800",
        "amenity": "townhall",
        "building": "civic",
        "building:levels": "2",
        "check_date:opening_hours": "2025-12-01",
        "name": "Marikina City Hall",
        "opening_hours": "Mo-Fr 08:00-17:00",
        "phone": "+63 02 8646 0462",
        "roof:levels": "0",
        "roof:shape": "hipped",
        "source": "https://www.marikina.gov.ph/contact-us",
        "townhall:type": "city"
      },
      "geometry": {
        "type": "Polygon",
        "coordinates": [
          [
            [
              121.098766,
              14.6327656
            ],
            [
              121.0990052,
              14.6328024
            ],
            [
              121.0991894,
              14.6328307
            ],
            [
              121.0991539,
              14.6330622
            ],
            [
              121.0991517,
              14.6330764
            ],
            [
              121.0991486,
              14.6330961
            ],
            [
              121.0991145,
              14.6333187
            ],
            [
              121.0990407,
              14.6333083
            ],
            [
              121.0989189,
              14.6332901
            ],
            [
              121.0986969,
              14.6332586
            ],
            [
              121.0987291,
              14.633049
            ],
            [
              121.0987347,
              14.6330122
            ],
            [
              121.0987417,
              14.6329569
            ],
            [
              121.098766,
              14.6327656
            ]
          ]
        ]
      },
      "id": "way/7972240"
    },
    {
      "type": "Feature",
      "properties": {
        "@id": "way/16826244",
        "addr:city": "Marikina",
        "building": "commercial",
        "layer": "1"
      },
      "geometry": {
        "type": "Polygon",
        "coordinates": [
          [
            [
              121.0988651,
              14.6353298
            ],
            [
              121.0989006,
              14.635027
            ],
            [
              121.0987717,
              14.6350128
            ],
            [
              121.0987944,
              14.6348191
            ],
            [
              121.0988766,
              14.634118
            ],
            [
              121.0990397,
              14.6341359
            ],
            [
              121.0993718,
              14.6341759
            ],
            [
              121.0993972,
              14.6341812
            ],
            [
              121.0992337,
              14.635375
            ],
            [
              121.0990529,
              14.6353549
            ],
            [
              121.0988651,
              14.6353298
            ]
          ]
        ]
      },
      "id": "way/16826244"
    },
    {
      "type": "Feature",
      "properties": {
        "@id": "way/16826254",
        "addr:city": "Marikina",
        "building": "commercial"
      },
      "geometry": {
        "type": "Polygon",
        "coordinates": [
          [
            [
              121.0975133,
              14.6351478
            ],
            [
              121.0976084,
              14.6344416
            ],
            [
              121.0976933,
              14.633767
            ],
            [
              121.0977015,
              14.6337684
            ],
            [
              121.0977117,
              14.6337692
            ],
            [
              121.0978227,
              14.6337815
            ],
            [
              121.0978236,
              14.6337816
            ],
            [
              121.0978356,
              14.6337829
            ],
            [
              121.0977981,
              14.6340959
            ],
            [
              121.0977609,
              14.6344063
            ],
            [
              121.097735,
              14.6346219
            ],
            [
              121.0977067,
              14.634858
            ],
            [
              121.0976594,
              14.6351666
            ],
            [
              121.0975613,
              14.6351542
            ],
            [
              121.0975133,
              14.6351478
            ]
          ]
        ]
      },
      "id": "way/16826254"
    },
    {
      "type": "Feature",
      "properties": {
        "@id": "way/16826274",
        "addr:city": "Marikina",
        "building": "civic",
        "building:levels": "6"
      },
      "geometry": {
        "type": "Polygon",
        "coordinates": [
          [
            [
              121.10049,
              14.6332461
            ],
            [
              121.1004639,
              14.6330399
            ],
            [
              121.1004413,
              14.6328461
            ],
            [
              121.1007285,
              14.6328148
            ],
            [
              121.1007849,
              14.6332163
            ],
            [
              121.10049,
              14.6332461
            ]
          ]
        ]
      },
      "id": "way/16826274"
    },
    {
      "type": "Feature",
      "properties": {
        "@id": "way/16826327",
        "addr:city": "Marikina",
        "building": "hospital"
      },
      "geometry": {
        "type": "Polygon",
        "coordinates": [
          [
            [
              121.0979619,
              14.635835
            ],
            [
              121.0986635,
              14.6358375
            ],
            [
              121.0986585,
              14.6361897
            ],
            [
              121.0982485,
              14.6361846
            ],
            [
              121.0982561,
              14.6360338
            ],
            [
              121.0979568,
              14.6360287
            ],
            [
              121.0979619,
              14.635835
            ]
          ]
        ]
      },
      "id": "way/16826327"
    },
    {
      "type": "Feature",
      "properties": {
        "@id": "way/16826329",
        "addr:city": "Marikina",
        "building": "school"
      },
      "geometry": {
        "type": "Polygon",
        "coordinates": [
          [
            [
              121.098798,
              14.632357
            ],
            [
              121.0988105,
              14.6322268
            ],
            [
              121.0988443,
              14.6322301
            ],
            [
              121.0988501,
              14.6321702
            ],
            [
              121.0988152,
              14.6321669
            ],
            [
              121.0988321,
              14.6319907
            ],
            [
              121.0991075,
              14.6320171
            ],
            [
              121.0991027,
              14.6320679
            ],
            [
              121.0992221,
              14.6320793
            ],
            [
              121.0991919,
              14.6323947
            ],
            [
              121.098798,
              14.632357
            ]
          ]
        ]
      },
      "id": "way/16826329"
    },
    {
      "type": "Feature",
      "properties": {
        "@id": "way/16826349",
        "addr:city": "Marikina",
        "building": "school",
        "name": "Ylagan Hall"
      },
      "geometry": {
        "type": "Polygon",
        "coordinates": [
          [
            [
              121.0988615,
              14.6319455
            ],
            [
              121.0988826,
              14.6316839
            ],
            [
              121.0991444,
              14.631705
            ],
            [
              121.0991233,
              14.6319666
            ],
            [
              121.0988615,
              14.6319455
            ]
          ]
        ]
      },
      "id": "way/16826349"
    },
    {
      "type": "Feature",
      "properties": {
        "@id": "way/16826359",
        "addr:city": "Marikina",
        "building": "school"
      },
      "geometry": {
        "type": "Polygon",
        "coordinates": [
          [
            [
              121.0993278,
              14.6319894
            ],
            [
              121.099443,
              14.6309464
            ],
            [
              121.0995542,
              14.6309579
            ],
            [
              121.0994392,
              14.6320009
            ],
            [
              121.0993278,
              14.6319894
            ]
          ]
        ]
      },
      "id": "way/16826359"
    },
    {
      "type": "Feature",
      "properties": {
        "@id": "way/16826361",
        "addr:city": "Marikina",
        "building": "school"
      },
      "geometry": {
        "type": "Polygon",
        "coordinates": [
          [
            [
              121.0983993,
              14.6295116
            ],
            [
              121.0984188,
              14.6293703
            ],
            [
              121.0991809,
              14.6294689
            ],
            [
              121.0991614,
              14.6296101
            ],
            [
              121.0983993,
              14.6295116
            ]
          ]
        ]
      },
      "id": "way/16826361"
    },
    {
      "type": "Feature",
      "properties": {
        "@id": "way/16826378",
        "addr:city": "Marikina",
        "building": "school"
      },
      "geometry": {
        "type": "Polygon",
        "coordinates": [
          [
            [
              121.0983054,
              14.6304609
            ],
            [
              121.0983197,
              14.6303199
            ],
            [
              121.0987977,
              14.630368
            ],
            [
              121.0987835,
              14.6305091
            ],
            [
              121.0983054,
              14.6304609
            ]
          ]
        ]
      },
      "id": "way/16826378"
    },
    {
      "type": "Feature",
      "properties": {
        "@id": "way/16826379",
        "addr:city": "Marikina",
        "building": "school"
      },
      "geometry": {
        "type": "Polygon",
        "coordinates": [
          [
            [
              121.0989045,
              14.6307184
            ],
            [
              121.0989374,
              14.6304038
            ],
            [
              121.0991552,
              14.6304265
            ],
            [
              121.0991333,
              14.630636
            ],
            [
              121.0990706,
              14.6306294
            ],
            [
              121.0990596,
              14.6307347
            ],
            [
              121.0989045,
              14.6307184
            ]
          ]
        ]
      },
      "id": "way/16826379"
    },
    {
      "type": "Feature",
      "properties": {
        "@id": "way/16826385",
        "addr:city": "Marikina",
        "building": "school"
      },
      "geometry": {
        "type": "Polygon",
        "coordinates": [
          [
            [
              121.0991686,
              14.6305781
            ],
            [
              121.0992013,
              14.6302484
            ],
            [
              121.0995517,
              14.6302832
            ],
            [
              121.0995402,
              14.6303987
            ],
            [
              121.0996178,
              14.6304064
            ],
            [
              121.0996129,
              14.6304557
            ],
            [
              121.0995504,
              14.6304495
            ],
            [
              121.0995409,
              14.6305454
            ],
            [
              121.0996009,
              14.6305513
            ],
            [
              121.0995935,
              14.6306254
            ],
            [
              121.0994369,
              14.6306098
            ],
            [
              121.0994229,
              14.6307509
            ],
            [
              121.0992703,
              14.6307358
            ],
            [
              121.0992804,
              14.6306331
            ],
            [
              121.099317,
              14.6306367
            ],
            [
              121.0993213,
              14.6305932
            ],
            [
              121.0991686,
              14.6305781
            ]
          ]
        ]
      },
      "id": "way/16826385"
    },
    {
      "type": "Feature",
      "properties": {
        "@id": "way/16826805",
        "addr:city": "Marikina",
        "addr:postcode": "1801",
        "addr:street": "Shoe Avenue",
        "air_conditioning": "yes",
        "amenity": "theatre",
        "building": "civic",
        "name": "Teatro Marikina"
      },
      "geometry": {
        "type": "Polygon",
        "coordinates": [
          [
            [
              121.0976592,
              14.6301229
            ],
            [
              121.097806,
              14.6298315
            ],
            [
              121.0978149,
              14.629805
            ],
            [
              121.0980127,
              14.6298678
            ],
            [
              121.0980038,
              14.6298942
            ],
            [
              121.0979815,
              14.630087
            ],
            [
              121.0979581,
              14.6302108
            ],
            [
              121.0976592,
              14.6301229
            ]
          ]
        ]
      },
      "id": "way/16826805"
    },
    {
      "type": "Feature",
      "properties": {
        "@id": "way/16826829",
        "addr:city": "Marikina",
        "addr:postcode": "1801",
        "addr:street": "V. Gomez Street",
        "alt_name": "Marikina Library",
        "amenity": "library",
        "building": "civic",
        "building:levels": "3",
        "check_date": "2026-03-29",
        "name": "Office for Senior Citizens Affairs Office-Marikina City Library Building",
        "note": "temporarily closed",
        "operator": "Marikina City Government",
        "operator:type": "public"
      },
      "geometry": {
        "type": "Polygon",
        "coordinates": [
          [
            [
              121.0976793,
              14.6301413
            ],
            [
              121.0979532,
              14.6302231
            ],
            [
              121.0979295,
              14.6302973
            ],
            [
              121.0976556,
              14.6302155
            ],
            [
              121.0976793,
              14.6301413
            ]
          ]
        ]
      },
      "id": "way/16826829"
    },
    {
      "type": "Feature",
      "properties": {
        "@id": "way/16826865",
        "addr:city": "Marikina",
        "building": "school",
        "building:levels": "3",
        "roof:shape": "hipped"
      },
      "geometry": {
        "type": "Polygon",
        "coordinates": [
          [
            [
              121.097321,
              14.6314082
            ],
            [
              121.097569,
              14.6304948
            ],
            [
              121.0976646,
              14.6305191
            ],
            [
              121.0975583,
              14.6309105
            ],
            [
              121.0974166,
              14.6314325
            ],
            [
              121.097321,
              14.6314082
            ]
          ]
        ]
      },
      "id": "way/16826865"
    },
    {
      "type": "Feature",
      "properties": {
        "@id": "way/16858393",
        "addr:city": "Marikina",
        "building": "school"
      },
      "geometry": {
        "type": "Polygon",
        "coordinates": [
          [
            [
              121.0982842,
              14.6306569
            ],
            [
              121.0982997,
              14.6304869
            ],
            [
              121.0987873,
              14.6305313
            ],
            [
              121.0987718,
              14.6307013
            ],
            [
              121.0982842,
              14.6306569
            ]
          ]
        ]
      },
      "id": "way/16858393"
    },
    {
      "type": "Feature",
      "properties": {
        "@id": "way/18338354",
        "building": "school"
      },
      "geometry": {
        "type": "Polygon",
        "coordinates": [
          [
            [
              121.077604,
              14.6448128
            ],
            [
              121.0775971,
              14.6448797
            ],
            [
              121.0774341,
              14.6448642
            ],
            [
              121.0774414,
              14.6447923
            ],
            [
              121.0774373,
              14.6447917
            ],
            [
              121.0766716,
              14.6446947
            ],
            [
              121.0767082,
              14.6444241
            ],
            [
              121.0767819,
              14.6444334
            ],
            [
              121.0768148,
              14.6441903
            ],
            [
              121.0768625,
              14.6441963
            ],
            [
              121.0768803,
              14.6440647
            ],
            [
              121.077165,
              14.6441009
            ],
            [
              121.0771582,
              14.6441511
            ],
            [
              121.0772957,
              14.6441685
            ],
            [
              121.0772854,
              14.6442445
            ],
            [
              121.0771383,
              14.6442258
            ],
            [
              121.0771429,
              14.6441909
            ],
            [
              121.0769901,
              14.6441715
            ],
            [
              121.0769357,
              14.6445736
            ],
            [
              121.0780887,
              14.6447197
            ],
            [
              121.0780682,
              14.6448717
            ],
            [
              121.077604,
              14.6448128
            ]
          ]
        ]
      },
      "id": "way/18338354"
    },
    {
      "type": "Feature",
      "properties": {
        "@id": "way/18338364",
        "building": "school",
        "created_by": "JOSM"
      },
      "geometry": {
        "type": "Polygon",
        "coordinates": [
          [
            [
              121.0753802,
              14.6445872
            ],
            [
              121.0753791,
              14.644489
            ],
            [
              121.0754249,
              14.6444885
            ],
            [
              121.0754236,
              14.6443667
            ],
            [
              121.0756756,
              14.644364
            ],
            [
              121.075678,
              14.6445839
            ],
            [
              121.0753802,
              14.6445872
            ]
          ]
        ]
      },
      "id": "way/18338364"
    },
    {
      "type": "Feature",
      "properties": {
        "@id": "way/18338367",
        "building": "school",
        "created_by": "JOSM"
      },
      "geometry": {
        "type": "Polygon",
        "coordinates": [
          [
            [
              121.0753279,
              14.6448977
            ],
            [
              121.0753254,
              14.6446518
            ],
            [
              121.0756212,
              14.6446488
            ],
            [
              121.0756237,
              14.6448947
            ],
            [
              121.0753279,
              14.6448977
            ]
          ]
        ]
      },
      "id": "way/18338367"
    },
    {
      "type": "Feature",
      "properties": {
        "@id": "way/18338371",
        "building": "school"
      },
      "geometry": {
        "type": "Polygon",
        "coordinates": [
          [
            [
              121.0760332,
              14.6448124
            ],
            [
              121.0760291,
              14.6445678
            ],
            [
              121.0762513,
              14.6445645
            ],
            [
              121.0762482,
              14.6443608
            ],
            [
              121.0764833,
              14.6443574
            ],
            [
              121.0764864,
              14.6445612
            ],
            [
              121.0764906,
              14.6448058
            ],
            [
              121.0760332,
              14.6448124
            ]
          ]
        ]
      },
      "id": "way/18338371"
    },
    {
      "type": "Feature",
      "properties": {
        "@id": "way/18338376",
        "building": "school"
      },
      "geometry": {
        "type": "Polygon",
        "coordinates": [
          [
            [
              121.0763475,
              14.6454274
            ],
            [
              121.0757932,
              14.6454312
            ],
            [
              121.0757923,
              14.6452961
            ],
            [
              121.076228,
              14.6452931
            ],
            [
              121.076227,
              14.6451568
            ],
            [
              121.075799,
              14.6451596
            ],
            [
              121.075798,
              14.6450203
            ],
            [
              121.0759316,
              14.6450194
            ],
            [
              121.0759312,
              14.6449668
            ],
            [
              121.0760257,
              14.6449662
            ],
            [
              121.0760262,
              14.6450277
            ],
            [
              121.0763522,
              14.6450255
            ],
            [
              121.0763523,
              14.6450427
            ],
            [
              121.0765482,
              14.6450413
            ],
            [
              121.0765517,
              14.6455293
            ],
            [
              121.0763483,
              14.6455307
            ],
            [
              121.0763475,
              14.6454274
            ]
          ]
        ]
      },
      "id": "way/18338376"
    },
    {
      "type": "Feature",
      "properties": {
        "@id": "way/18338383",
        "building": "school"
      },
      "geometry": {
        "type": "Polygon",
        "coordinates": [
          [
            [
              121.0752136,
              14.6458683
            ],
            [
              121.075212,
              14.6460947
            ],
            [
              121.074878,
              14.6460925
            ],
            [
              121.0748779,
              14.6461137
            ],
            [
              121.0747734,
              14.646113
            ],
            [
              121.0747744,
              14.645959
            ],
            [
              121.0748746,
              14.6459597
            ],
            [
              121.0750391,
              14.6459608
            ],
            [
              121.075042,
              14.6455581
            ],
            [
              121.0750425,
              14.6454894
            ],
            [
              121.0750437,
              14.6453186
            ],
            [
              121.0755945,
              14.6453223
            ],
            [
              121.0755934,
              14.6454646
            ],
            [
              121.0752185,
              14.6454621
            ],
            [
              121.0752182,
              14.6455032
            ],
            [
              121.0754837,
              14.645505
            ],
            [
              121.0754823,
              14.6456983
            ],
            [
              121.0752159,
              14.6456965
            ],
            [
              121.0752158,
              14.645714
            ],
            [
              121.0752214,
              14.6457141
            ],
            [
              121.0753242,
              14.6457148
            ],
            [
              121.0753231,
              14.645869
            ],
            [
              121.0752136,
              14.6458683
            ]
          ]
        ]
      },
      "id": "way/18338383"
    },
    {
      "type": "Feature",
      "properties": {
        "@id": "way/18338400",
        "building": "school"
      },
      "geometry": {
        "type": "Polygon",
        "coordinates": [
          [
            [
              121.075641,
              14.6457102
            ],
            [
              121.0756418,
              14.6455749
            ],
            [
              121.07634,
              14.6455792
            ],
            [
              121.0763391,
              14.6457145
            ],
            [
              121.075641,
              14.6457102
            ]
          ]
        ]
      },
      "id": "way/18338400"
    },
    {
      "type": "Feature",
      "properties": {
        "@id": "way/18338404",
        "building": "school",
        "created_by": "JOSM"
      },
      "geometry": {
        "type": "Polygon",
        "coordinates": [
          [
            [
              121.075606,
              14.6459037
            ],
            [
              121.0756063,
              14.6457767
            ],
            [
              121.0762328,
              14.645778
            ],
            [
              121.0762326,
              14.645905
            ],
            [
              121.075606,
              14.6459037
            ]
          ]
        ]
      },
      "id": "way/18338404"
    },
    {
      "type": "Feature",
      "properties": {
        "@id": "way/25766621",
        "building": "school",
        "building:levels": "3",
        "name": "Faura Hall",
        "source": "asok"
      },
      "geometry": {
        "type": "Polygon",
        "coordinates": [
          [
            [
              121.0764447,
              14.6396903
            ],
            [
              121.0764365,
              14.6393117
            ],
            [
              121.0769951,
              14.6393019
            ],
            [
              121.0769987,
              14.6394939
            ],
            [
              121.077002,
              14.6396729
            ],
            [
              121.0764447,
              14.6396903
            ]
          ]
        ]
      },
      "id": "way/25766621"
    },
    {
      "type": "Feature",
      "properties": {
        "@id": "way/25766701",
        "addr:city": "Quezon City",
        "building": "school",
        "layer": "1",
        "name": "Dela Costa Hall",
        "name:etymology": "Horacio de la Costa",
        "name:etymology:wikidata": "Q5902463",
        "name:etymology:wikipedia": "en:Horacio de la Costa"
      },
      "geometry": {
        "type": "Polygon",
        "coordinates": [
          [
            [
              121.0770203,
              14.6398472
            ],
            [
              121.0770242,
              14.6399741
            ],
            [
              121.0769543,
              14.6399761
            ],
            [
              121.076955,
              14.6399991
            ],
            [
              121.0769075,
              14.6400005
            ],
            [
              121.0769088,
              14.6400442
            ],
            [
              121.0764894,
              14.6400564
            ],
            [
              121.0764834,
              14.6398628
            ],
            [
              121.0770203,
              14.6398472
            ]
          ]
        ]
      },
      "id": "way/25766701"
    },
    {
      "type": "Feature",
      "properties": {
        "@id": "way/25849084",
        "building": "school",
        "building:levels": "4",
        "name": "New AJHS Building"
      },
      "geometry": {
        "type": "Polygon",
        "coordinates": [
          [
            [
              121.0814914,
              14.6434645
            ],
            [
              121.0814929,
              14.6433816
            ],
            [
              121.0820906,
              14.643392
            ],
            [
              121.0825788,
              14.6434008
            ],
            [
              121.0825773,
              14.6434837
            ],
            [
              121.0820904,
              14.6434751
            ],
            [
              121.0814914,
              14.6434645
            ]
          ]
        ]
      },
      "id": "way/25849084"
    },
    {
      "type": "Feature",
      "properties": {
        "@id": "way/25849497",
        "building": "university",
        "name": "Bellarmine Hall"
      },
      "geometry": {
        "type": "Polygon",
        "coordinates": [
          [
            [
              121.0793729,
              14.6416768
            ],
            [
              121.0793712,
              14.6415766
            ],
            [
              121.0793704,
              14.6415334
            ],
            [
              121.0794222,
              14.6415326
            ],
            [
              121.0794228,
              14.6415684
            ],
            [
              121.0799845,
              14.6415592
            ],
            [
              121.0799839,
              14.6415234
            ],
            [
              121.0800416,
              14.6415224
            ],
            [
              121.0800426,
              14.641577
            ],
            [
              121.0800869,
              14.6415762
            ],
            [
              121.0800878,
              14.6416289
            ],
            [
              121.0800888,
              14.6416827
            ],
            [
              121.0799361,
              14.6416852
            ],
            [
              121.0799358,
              14.6416676
            ],
            [
              121.0793729,
              14.6416768
            ]
          ]
        ]
      },
      "id": "way/25849497"
    },
    {
      "type": "Feature",
      "properties": {
        "@id": "way/27835934",
        "building": "commercial",
        "building:levels": "3",
        "height": "12",
        "name": "Ang Bahay ng Alumni"
      },
      "geometry": {
        "type": "Polygon",
        "coordinates": [
          [
            [
              121.0667926,
              14.6577409
            ],
            [
              121.0667926,
              14.6582862
            ],
            [
              121.0664376,
              14.6582862
            ],
            [
              121.0664376,
              14.6577409
            ],
            [
              121.0667926,
              14.6577409
            ]
          ]
        ]
      },
      "id": "way/27835934"
    },
    {
      "type": "Feature",
      "properties": {
        "@id": "way/28842386",
        "addr:city": "Marikina",
        "addr:street": "Sumulong Highway",
        "building": "commercial",
        "building:levels": "2",
        "description": "level 0 is commercial level 1 is offices"
      },
      "geometry": {
        "type": "Polygon",
        "coordinates": [
          [
            [
              121.1020288,
              14.6356125
            ],
            [
              121.1020109,
              14.6356114
            ],
            [
              121.1019986,
              14.6355997
            ],
            [
              121.1019886,
              14.6355815
            ],
            [
              121.1019932,
              14.6355628
            ],
            [
              121.1021012,
              14.6352607
            ],
            [
              121.1021559,
              14.6352828
            ],
            [
              121.1021901,
              14.635217
            ],
            [
              121.102195,
              14.6352039
            ],
            [
              121.1022015,
              14.6351916
            ],
            [
              121.1022151,
              14.6351814
            ],
            [
              121.1022445,
              14.6351746
            ],
            [
              121.1027945,
              14.6350584
            ],
            [
              121.102816,
              14.6350873
            ],
            [
              121.1028289,
              14.6351162
            ],
            [
              121.1027881,
              14.6351207
            ],
            [
              121.1027952,
              14.635181
            ],
            [
              121.1028435,
              14.6351761
            ],
            [
              121.1028554,
              14.6352663
            ],
            [
              121.1028461,
              14.6352675
            ],
            [
              121.1028495,
              14.6352929
            ],
            [
              121.1028258,
              14.6352958
            ],
            [
              121.1028518,
              14.6354458
            ],
            [
              121.1020288,
              14.6356125
            ]
          ]
        ]
      },
      "id": "way/28842386"
    },
    {
      "type": "Feature",
      "properties": {
        "@id": "way/29343719",
        "addr:city": "Marikina",
        "addr:postcode": "1801",
        "addr:street": "Jose P. Rizal Street",
        "building": "commercial",
        "building:levels": "11",
        "height": "41.3",
        "name": "Philipppine International Footwear Center"
      },
      "geometry": {
        "type": "Polygon",
        "coordinates": [
          [
            [
              121.0955472,
              14.6298003
            ],
            [
              121.0957748,
              14.629899
            ],
            [
              121.0957632,
              14.6299241
            ],
            [
              121.0959835,
              14.6300197
            ],
            [
              121.0958528,
              14.6303019
            ],
            [
              121.0957385,
              14.6302524
            ],
            [
              121.0958172,
              14.6300825
            ],
            [
              121.0954835,
              14.6299378
            ],
            [
              121.0955472,
              14.6298003
            ]
          ]
        ]
      },
      "id": "way/29343719"
    },
    {
      "type": "Feature",
      "properties": {
        "@id": "way/31489496",
        "addr:street": "Velasquez Street",
        "amenity": "library",
        "building": "school",
        "building:entrances": "1",
        "building:levels": "3",
        "internet_access": "yes",
        "internet_access:fee": "no",
        "name": "College of Science Library and Administration Building",
        "opening_hours": "24/7"
      },
      "geometry": {
        "type": "Polygon",
        "coordinates": [
          [
            [
              121.069506,
              14.6490478
            ],
            [
              121.0696147,
              14.6491607
            ],
            [
              121.0696144,
              14.6492095
            ],
            [
              121.0696456,
              14.6492084
            ],
            [
              121.0696456,
              14.64927
            ],
            [
              121.069614,
              14.6492699
            ],
            [
              121.0696136,
              14.6493255
            ],
            [
              121.0696641,
              14.6493686
            ],
            [
              121.0695359,
              14.6495017
            ],
            [
              121.0694893,
              14.6494546
            ],
            [
              121.069432,
              14.6494566
            ],
            [
              121.0694313,
              14.6494649
            ],
            [
              121.0694442,
              14.6494793
            ],
            [
              121.0694483,
              14.6494943
            ],
            [
              121.0694437,
              14.6495118
            ],
            [
              121.0694288,
              14.6495262
            ],
            [
              121.0694092,
              14.6495332
            ],
            [
              121.0693897,
              14.6495298
            ],
            [
              121.0693758,
              14.649518
            ],
            [
              121.0693701,
              14.6494979
            ],
            [
              121.0693768,
              14.6494788
            ],
            [
              121.0693837,
              14.6494694
            ],
            [
              121.0693844,
              14.6494572
            ],
            [
              121.0693269,
              14.6494591
            ],
            [
              121.06921,
              14.6493458
            ],
            [
              121.0692099,
              14.6492861
            ],
            [
              121.0691797,
              14.6492861
            ],
            [
              121.0691809,
              14.6492547
            ],
            [
              121.0691821,
              14.6492232
            ],
            [
              121.0692098,
              14.6492233
            ],
            [
              121.0692096,
              14.6491692
            ],
            [
              121.0693178,
              14.6490527
            ],
            [
              121.0693862,
              14.6490509
            ],
            [
              121.0693862,
              14.6490387
            ],
            [
              121.0693781,
              14.6490217
            ],
            [
              121.0693781,
              14.6490046
            ],
            [
              121.0693829,
              14.6489882
            ],
            [
              121.0693978,
              14.6489767
            ],
            [
              121.0694186,
              14.6489732
            ],
            [
              121.0694367,
              14.6489773
            ],
            [
              121.0694496,
              14.6489876
            ],
            [
              121.0694557,
              14.649006
            ],
            [
              121.0694517,
              14.6490271
            ],
            [
              121.0694421,
              14.64904
            ],
            [
              121.0694421,
              14.6490495
            ],
            [
              121.069506,
              14.6490478
            ]
          ]
        ]
      },
      "id": "way/31489496"
    },
    {
      "type": "Feature",
      "properties": {
        "@id": "way/31559203",
        "addr:city": "Marikina",
        "building": "school"
      },
      "geometry": {
        "type": "Polygon",
        "coordinates": [
          [
            [
              121.1180568,
              14.6658978
            ],
            [
              121.1183336,
              14.666102
            ],
            [
              121.1182715,
              14.6661808
            ],
            [
              121.1181578,
              14.6660969
            ],
            [
              121.1181434,
              14.6661151
            ],
            [
              121.1180762,
              14.6660655
            ],
            [
              121.1180906,
              14.6660473
            ],
            [
              121.1179947,
              14.6659766
            ],
            [
              121.1180568,
              14.6658978
            ]
          ]
        ]
      },
      "id": "way/31559203"
    },
    {
      "type": "Feature",
      "properties": {
        "@id": "way/32631358",
        "addr:city": "Pasig",
        "addr:province": "Metro Manila",
        "building": "school"
      },
      "geometry": {
        "type": "Polygon",
        "coordinates": [
          [
            [
              121.0817939,
              14.6153166
            ],
            [
              121.0818414,
              14.6152022
            ],
            [
              121.0823588,
              14.6154035
            ],
            [
              121.0823112,
              14.6155179
            ],
            [
              121.0822621,
              14.6154988
            ],
            [
              121.0817939,
              14.6153166
            ]
          ]
        ]
      },
      "id": "way/32631358"
    },
    {
      "type": "Feature",
      "properties": {
        "@id": "way/32631362",
        "addr:city": "Pasig",
        "addr:province": "Metro Manila",
        "building": "school"
      },
      "geometry": {
        "type": "Polygon",
        "coordinates": [
          [
            [
              121.0823985,
              14.6153902
            ],
            [
              121.0825394,
              14.6151752
            ],
            [
              121.0826388,
              14.6152361
            ],
            [
              121.082498,
              14.6154512
            ],
            [
              121.0823985,
              14.6153902
            ]
          ]
        ]
      },
      "id": "way/32631362"
    },
    {
      "type": "Feature",
      "properties": {
        "@id": "way/32631367",
        "addr:city": "Pasig",
        "addr:province": "Metro Manila",
        "building": "school"
      },
      "geometry": {
        "type": "Polygon",
        "coordinates": [
          [
            [
              121.0820627,
              14.6149016
            ],
            [
              121.0821074,
              14.6148076
            ],
            [
              121.0823408,
              14.614901
            ],
            [
              121.0822839,
              14.6149907
            ],
            [
              121.0820627,
              14.6149016
            ]
          ]
        ]
      },
      "id": "way/32631367"
    },
    {
      "type": "Feature",
      "properties": {
        "@id": "way/32631371",
        "addr:city": "Pasig",
        "addr:province": "Metro Manila",
        "building": "school"
      },
      "geometry": {
        "type": "Polygon",
        "coordinates": [
          [
            [
              121.0826547,
              14.6152228
            ],
            [
              121.0822855,
              14.6149934
            ],
            [
              121.0823453,
              14.6149046
            ],
            [
              121.0826202,
              14.6150695
            ],
            [
              121.0826544,
              14.6150182
            ],
            [
              121.0826947,
              14.6149845
            ],
            [
              121.0827846,
              14.6150223
            ],
            [
              121.0826547,
              14.6152228
            ]
          ]
        ]
      },
      "id": "way/32631371"
    },
    {
      "type": "Feature",
      "properties": {
        "@id": "way/35061474",
        "addr:city": "Marikina",
        "building": "hospital"
      },
      "geometry": {
        "type": "Polygon",
        "coordinates": [
          [
            [
              121.103836,
              14.6350249
            ],
            [
              121.1037805,
              14.6348107
            ],
            [
              121.1037544,
              14.6347955
            ],
            [
              121.1037863,
              14.6347443
            ],
            [
              121.1038336,
              14.6347718
            ],
            [
              121.1038917,
              14.6347548
            ],
            [
              121.1038997,
              14.6347939
            ],
            [
              121.1039361,
              14.6347869
            ],
            [
              121.1039277,
              14.6347461
            ],
            [
              121.103943,
              14.6347431
            ],
            [
              121.1039391,
              14.6347243
            ],
            [
              121.103963,
              14.6347197
            ],
            [
              121.1039657,
              14.6347327
            ],
            [
              121.1039839,
              14.6347292
            ],
            [
              121.1039811,
              14.6347154
            ],
            [
              121.1040084,
              14.6347098
            ],
            [
              121.1040321,
              14.6347049
            ],
            [
              121.1041122,
              14.6350114
            ],
            [
              121.1039904,
              14.6350397
            ],
            [
              121.1039771,
              14.6349917
            ],
            [
              121.103836,
              14.6350249
            ]
          ]
        ]
      },
      "id": "way/35061474"
    },
    {
      "type": "Feature",
      "properties": {
        "@id": "way/36685753",
        "addr:city": "Marikina",
        "building": "school"
      },
      "geometry": {
        "type": "Polygon",
        "coordinates": [
          [
            [
              121.1159696,
              14.6514215
            ],
            [
              121.1158736,
              14.6511621
            ],
            [
              121.11644,
              14.6509658
            ],
            [
              121.116536,
              14.6512253
            ],
            [
              121.1159696,
              14.6514215
            ]
          ]
        ]
      },
      "id": "way/36685753"
    },
    {
      "type": "Feature",
      "properties": {
        "@id": "way/36931537",
        "alt_name": "Building C",
        "building": "commercial",
        "name": "HSBC",
        "source": "Bing"
      },
      "geometry": {
        "type": "Polygon",
        "coordinates": [
          [
            [
              121.0581786,
              14.6588757
            ],
            [
              121.0585079,
              14.658411
            ],
            [
              121.0588691,
              14.6586506
            ],
            [
              121.0588914,
              14.6586192
            ],
            [
              121.0590113,
              14.6586987
            ],
            [
              121.0589574,
              14.6587748
            ],
            [
              121.0590063,
              14.6588073
            ],
            [
              121.0590668,
              14.6587219
            ],
            [
              121.059668,
              14.6591206
            ],
            [
              121.0594343,
              14.6594505
            ],
            [
              121.0588065,
              14.6590342
            ],
            [
              121.0586822,
              14.6592097
            ],
            [
              121.0581786,
              14.6588757
            ]
          ]
        ]
      },
      "id": "way/36931537"
    },
    {
      "type": "Feature",
      "properties": {
        "@id": "way/38236884",
        "addr:city": "Marikina",
        "building": "public",
        "leisure": "sports_centre",
        "name": "Tañong Gymnasium",
        "sport": "basketball"
      },
      "geometry": {
        "type": "Polygon",
        "coordinates": [
          [
            [
              121.0848494,
              14.6337936
            ],
            [
              121.0847976,
              14.6339496
            ],
            [
              121.0844585,
              14.6338441
            ],
            [
              121.0845102,
              14.6336882
            ],
            [
              121.0848494,
              14.6337936
            ]
          ]
        ]
      },
      "id": "way/38236884"
    },
    {
      "type": "Feature",
      "properties": {
        "@id": "way/38663924",
        "addr:city": "Marikina",
        "addr:street": "Shoe Avenue",
        "building": "commercial",
        "building:levels": "2",
        "name": "Savemore",
        "shop": "supermarket"
      },
      "geometry": {
        "type": "Polygon",
        "coordinates": [
          [
            [
              121.0975509,
              14.637416
            ],
            [
              121.0975333,
              14.6371215
            ],
            [
              121.0975308,
              14.6370801
            ],
            [
              121.0975282,
              14.6370366
            ],
            [
              121.097521,
              14.6369162
            ],
            [
              121.09751,
              14.636732
            ],
            [
              121.097717,
              14.6367135
            ],
            [
              121.0977212,
              14.6367955
            ],
            [
              121.0977697,
              14.6367946
            ],
            [
              121.0978314,
              14.6367936
            ],
            [
              121.0978382,
              14.637323
            ],
            [
              121.097755,
              14.6373488
            ],
            [
              121.0975509,
              14.637416
            ]
          ]
        ]
      },
      "id": "way/38663924"
    },
    {
      "type": "Feature",
      "properties": {
        "@id": "way/40671090",
        "addr:city": "Quezon City",
        "addr:district": "Diliman",
        "addr:housenumber": "1101",
        "addr:street": "Carlos P. Garcia Avenue",
        "building": "school",
        "building:levels": "3",
        "name": "Institute of Mathematics"
      },
      "geometry": {
        "type": "Polygon",
        "coordinates": [
          [
            [
              121.0710876,
              14.6484892
            ],
            [
              121.0710897,
              14.6484859
            ],
            [
              121.0711808,
              14.6483488
            ],
            [
              121.0713048,
              14.648426
            ],
            [
              121.0713487,
              14.64836
            ],
            [
              121.0716888,
              14.6485715
            ],
            [
              121.0716782,
              14.6485874
            ],
            [
              121.0717105,
              14.6486075
            ],
            [
              121.0717282,
              14.6486185
            ],
            [
              121.0716926,
              14.6486721
            ],
            [
              121.071744,
              14.648704
            ],
            [
              121.0716586,
              14.6488328
            ],
            [
              121.0715791,
              14.6487834
            ],
            [
              121.0715249,
              14.648865
            ],
            [
              121.0711583,
              14.6486371
            ],
            [
              121.0712072,
              14.6485635
            ],
            [
              121.0710876,
              14.6484892
            ]
          ]
        ]
      },
      "id": "way/40671090"
    },
    {
      "type": "Feature",
      "properties": {
        "@id": "way/42401283",
        "addr:city": "Marikina",
        "addr:street": "City Hall Road",
        "building": "civic",
        "building:levels": "2",
        "disused:amenity": "post_office",
        "nohousenumber": "yes",
        "was:name": "Marikina Central Post Office"
      },
      "geometry": {
        "type": "Polygon",
        "coordinates": [
          [
            [
              121.0986579,
              14.633601
            ],
            [
              121.0986767,
              14.6333415
            ],
            [
              121.0987977,
              14.6333492
            ],
            [
              121.098772,
              14.6336131
            ],
            [
              121.0986579,
              14.633601
            ]
          ]
        ]
      },
      "id": "way/42401283"
    },
    {
      "type": "Feature",
      "properties": {
        "@id": "way/46613994",
        "addr:city": "Quezon City",
        "addr:street": "Camerino Extension",
        "admin_level": "10",
        "amenity": "townhall",
        "building": "civic",
        "name": "Bulwagang Pambarangay ng Marilag",
        "name:en": "Marilag Barangay Hall",
        "name:tl": "Bulwagang Pambarangay ng Marilag",
        "townhall:type": "barangay"
      },
      "geometry": {
        "type": "Polygon",
        "coordinates": [
          [
            [
              121.0688278,
              14.6256827
            ],
            [
              121.0688542,
              14.6255828
            ],
            [
              121.0690044,
              14.6256199
            ],
            [
              121.068978,
              14.6257198
            ],
            [
              121.0688278,
              14.6256827
            ]
          ]
        ]
      },
      "id": "way/46613994"
    },
    {
      "type": "Feature",
      "properties": {
        "@id": "way/46639610",
        "admin_level": "10",
        "amenity": "townhall",
        "building": "civic",
        "name": "Bulwagang Pambarangay ng Bagumbuhay",
        "name:en": "Bagumbuhay Barangay Hall",
        "name:tl": "Bulwagang Pambarangay ng Bagumbuhay",
        "townhall:type": "barangay"
      },
      "geometry": {
        "type": "Polygon",
        "coordinates": [
          [
            [
              121.0652561,
              14.624322
            ],
            [
              121.0650918,
              14.624207
            ],
            [
              121.0651425,
              14.6241393
            ],
            [
              121.0653067,
              14.6242543
            ],
            [
              121.0652561,
              14.624322
            ]
          ]
        ]
      },
      "id": "way/46639610"
    },
    {
      "type": "Feature",
      "properties": {
        "@id": "way/51341805",
        "addr:city": "Antipolo",
        "addr:district": "Mayamot",
        "addr:postcode": "1870",
        "addr:province": "Rizal",
        "addr:region": "Calabarzon",
        "addr:street": "Marcos Highway",
        "amenity": "bank",
        "atm": "yes",
        "brand": "BPI",
        "brand:wikidata": "Q2501256",
        "building": "commercial",
        "name": "BPI",
        "official_name": "Bank of the Philippine Islands"
      },
      "geometry": {
        "type": "Polygon",
        "coordinates": [
          [
            [
              121.114324,
              14.6229988
            ],
            [
              121.1143444,
              14.6228062
            ],
            [
              121.1145091,
              14.6228226
            ],
            [
              121.1144863,
              14.6230148
            ],
            [
              121.114324,
              14.6229988
            ]
          ]
        ]
      },
      "id": "way/51341805"
    },
    {
      "type": "Feature",
      "properties": {
        "@id": "way/51341810",
        "addr:city": "Antipolo",
        "addr:district": "Mayamot",
        "addr:postcode": "1870",
        "addr:province": "Rizal",
        "addr:region": "Calabarzon",
        "addr:street": "Marcos Highway",
        "building": "commercial",
        "building:levels": "2"
      },
      "geometry": {
        "type": "Polygon",
        "coordinates": [
          [
            [
              121.1144797,
              14.6230704
            ],
            [
              121.1144863,
              14.6230148
            ],
            [
              121.1145091,
              14.6228226
            ],
            [
              121.1145338,
              14.622614
            ],
            [
              121.1153508,
              14.6227047
            ],
            [
              121.1152872,
              14.6232411
            ],
            [
              121.1151398,
              14.6232247
            ],
            [
              121.1151861,
              14.6228345
            ],
            [
              121.1146644,
              14.6227765
            ],
            [
              121.1146276,
              14.6230868
            ],
            [
              121.1144797,
              14.6230704
            ]
          ]
        ]
      },
      "id": "way/51341810"
    },
    {
      "type": "Feature",
      "properties": {
        "@id": "way/53574342",
        "addr:city": "Marikina",
        "addr:street": "Mayor Osmundo de Guzman",
        "building": "civic",
        "building:levels": "7",
        "leisure": "sports_hall",
        "name": "Marikina Sports Complex Building",
        "sport": "multi"
      },
      "geometry": {
        "type": "Polygon",
        "coordinates": [
          [
            [
              121.0990718,
              14.6338555
            ],
            [
              121.0991946,
              14.6338714
            ],
            [
              121.0991973,
              14.6338521
            ],
            [
              121.0992002,
              14.6338308
            ],
            [
              121.099294,
              14.633843
            ],
            [
              121.099291,
              14.6338646
            ],
            [
              121.0992884,
              14.6338835
            ],
            [
              121.0994033,
              14.6339126
            ],
            [
              121.0993718,
              14.6341759
            ],
            [
              121.0990397,
              14.6341359
            ],
            [
              121.0990663,
              14.6339032
            ],
            [
              121.0990718,
              14.6338555
            ]
          ]
        ]
      },
      "id": "way/53574342"
    },
    {
      "type": "Feature",
      "properties": {
        "@id": "way/54024953",
        "addr2:street": "Don Juan Sumulong Avenue",
        "addr:street": "Shoe Avenue",
        "building": "commercial",
        "building:levels": "2",
        "mapillary": "1567512056916659"
      },
      "geometry": {
        "type": "Polygon",
        "coordinates": [
          [
            [
              121.0974318,
              14.6361395
            ],
            [
              121.0974425,
              14.6358641
            ],
            [
              121.0974711,
              14.6358644
            ],
            [
              121.0974712,
              14.6358222
            ],
            [
              121.0975351,
              14.6358268
            ],
            [
              121.0975164,
              14.6361433
            ],
            [
              121.0974318,
              14.6361395
            ]
          ]
        ]
      },
      "id": "way/54024953"
    },
    {
      "type": "Feature",
      "properties": {
        "@id": "way/54024991",
        "addr:city": "Marikina",
        "addr:street": "Sumulong Highway",
        "amenity": "bank",
        "brand": "Metrobank",
        "brand:wikidata": "Q1925799",
        "building": "commercial",
        "building:levels": "2",
        "name": "Metrobank"
      },
      "geometry": {
        "type": "Polygon",
        "coordinates": [
          [
            [
              121.0989989,
              14.6357558
            ],
            [
              121.0991291,
              14.6357688
            ],
            [
              121.0991159,
              14.6358927
            ],
            [
              121.099101,
              14.6358914
            ],
            [
              121.0990862,
              14.6360524
            ],
            [
              121.0989995,
              14.6360454
            ],
            [
              121.0990123,
              14.6358965
            ],
            [
              121.0989815,
              14.6358938
            ],
            [
              121.0989989,
              14.6357558
            ]
          ]
        ]
      },
      "id": "way/54024991"
    },
    {
      "type": "Feature",
      "properties": {
        "@id": "way/54025007",
        "addr:city": "Marikina",
        "building": "hospital"
      },
      "geometry": {
        "type": "Polygon",
        "coordinates": [
          [
            [
              121.0979492,
              14.6360451
            ],
            [
              121.0980837,
              14.6360454
            ],
            [
              121.0980827,
              14.6364694
            ],
            [
              121.0979482,
              14.6364691
            ],
            [
              121.0979492,
              14.6360451
            ]
          ]
        ]
      },
      "id": "way/54025007"
    },
    {
      "type": "Feature",
      "properties": {
        "@id": "way/54025019",
        "addr:city": "Marikina",
        "building": "hospital"
      },
      "geometry": {
        "type": "Polygon",
        "coordinates": [
          [
            [
              121.0987814,
              14.6357511
            ],
            [
              121.0989021,
              14.6357511
            ],
            [
              121.0989046,
              14.6357159
            ],
            [
              121.0989574,
              14.6357159
            ],
            [
              121.0989448,
              14.6363974
            ],
            [
              121.0987764,
              14.6363999
            ],
            [
              121.0987814,
              14.6357511
            ]
          ]
        ]
      },
      "id": "way/54025019"
    },
    {
      "type": "Feature",
      "properties": {
        "@id": "way/54027061",
        "addr:city": "Marikina",
        "addr:quarter": "Santo Niño",
        "amenity": "clinic",
        "building": "hospital",
        "government": "health",
        "healthcare": "clinic",
        "mapillary": "323540295793840",
        "name": "Marikina City Healthy Center",
        "operator:type": "public",
        "ref:doh": "22886",
        "survey:date": "2019-01-27"
      },
      "geometry": {
        "type": "Polygon",
        "coordinates": [
          [
            [
              121.097742,
              14.6364941
            ],
            [
              121.0975877,
              14.6364954
            ],
            [
              121.0975877,
              14.6361025
            ],
            [
              121.0977421,
              14.6360999
            ],
            [
              121.097742,
              14.6364941
            ]
          ]
        ]
      },
      "id": "way/54027061"
    },
    {
      "type": "Feature",
      "properties": {
        "@id": "way/61450514",
        "addr:city": "Pasig",
        "addr:province": "Metro Manila",
        "building": "hospital"
      },
      "geometry": {
        "type": "Polygon",
        "coordinates": [
          [
            [
              121.0961673,
              14.6199834
            ],
            [
              121.0961272,
              14.6197973
            ],
            [
              121.0962003,
              14.6197928
            ],
            [
              121.0962167,
              14.6197918
            ],
            [
              121.0962257,
              14.6198601
            ],
            [
              121.0963227,
              14.6198452
            ],
            [
              121.0963796,
              14.6198364
            ],
            [
              121.0963832,
              14.6198733
            ],
            [
              121.0964734,
              14.6198659
            ],
            [
              121.0964933,
              14.6198643
            ],
            [
              121.0965188,
              14.6201249
            ],
            [
              121.0965042,
              14.6201265
            ],
            [
              121.0961537,
              14.6201763
            ],
            [
              121.0961289,
              14.6199952
            ],
            [
              121.0961673,
              14.6199834
            ]
          ]
        ]
      },
      "id": "way/61450514"
    },
    {
      "type": "Feature",
      "properties": {
        "@id": "way/72166316",
        "addr:city": "Marikina",
        "building": "school"
      },
      "geometry": {
        "type": "Polygon",
        "coordinates": [
          [
            [
              121.1181366,
              14.6533795
            ],
            [
              121.11811,
              14.6532966
            ],
            [
              121.1183366,
              14.6532286
            ],
            [
              121.1183632,
              14.6533115
            ],
            [
              121.1181366,
              14.6533795
            ]
          ]
        ]
      },
      "id": "way/72166316"
    },
    {
      "type": "Feature",
      "properties": {
        "@id": "way/72166318",
        "addr:city": "Marikina",
        "building": "school"
      },
      "geometry": {
        "type": "Polygon",
        "coordinates": [
          [
            [
              121.1163507,
              14.653885
            ],
            [
              121.1163537,
              14.6537833
            ],
            [
              121.1164796,
              14.6537869
            ],
            [
              121.1164766,
              14.6538885
            ],
            [
              121.1163507,
              14.653885
            ]
          ]
        ]
      },
      "id": "way/72166318"
    },
    {
      "type": "Feature",
      "properties": {
        "@id": "way/72166319",
        "addr:city": "Marikina",
        "building": "school"
      },
      "geometry": {
        "type": "Polygon",
        "coordinates": [
          [
            [
              121.1174384,
              14.6525578
            ],
            [
              121.1174357,
              14.652407
            ],
            [
              121.1174651,
              14.6524068
            ],
            [
              121.1174648,
              14.6523657
            ],
            [
              121.1174637,
              14.6522965
            ],
            [
              121.1175107,
              14.6522957
            ],
            [
              121.1175247,
              14.6522956
            ],
            [
              121.1175255,
              14.6524055
            ],
            [
              121.1177257,
              14.6524021
            ],
            [
              121.1177279,
              14.6525297
            ],
            [
              121.117539,
              14.6525329
            ],
            [
              121.1175394,
              14.6525561
            ],
            [
              121.1174384,
              14.6525578
            ]
          ]
        ]
      },
      "id": "way/72166319"
    },
    {
      "type": "Feature",
      "properties": {
        "@id": "way/72166323",
        "addr:city": "Marikina",
        "building": "school",
        "layer": "1"
      },
      "geometry": {
        "type": "Polygon",
        "coordinates": [
          [
            [
              121.1175507,
              14.6532953
            ],
            [
              121.1165258,
              14.6536627
            ],
            [
              121.116472,
              14.651987
            ],
            [
              121.1165093,
              14.651987
            ],
            [
              121.1164982,
              14.6516201
            ],
            [
              121.1169889,
              14.6516094
            ],
            [
              121.1169942,
              14.6516466
            ],
            [
              121.1169971,
              14.6517466
            ],
            [
              121.1166578,
              14.6517546
            ],
            [
              121.1166601,
              14.6520293
            ],
            [
              121.1166261,
              14.6520322
            ],
            [
              121.1166504,
              14.6527265
            ],
            [
              121.1171985,
              14.6527134
            ],
            [
              121.1172029,
              14.6528482
            ],
            [
              121.1166627,
              14.6528648
            ],
            [
              121.116675,
              14.6531798
            ],
            [
              121.1166868,
              14.6534815
            ],
            [
              121.1168114,
              14.653436
            ],
            [
              121.1175122,
              14.6531798
            ],
            [
              121.1175507,
              14.6532953
            ]
          ]
        ]
      },
      "id": "way/72166323"
    },
    {
      "type": "Feature",
      "properties": {
        "@id": "way/72166326",
        "addr:city": "Marikina",
        "building": "school"
      },
      "geometry": {
        "type": "Polygon",
        "coordinates": [
          [
            [
              121.1161781,
              14.6520629
            ],
            [
              121.116094,
              14.6519822
            ],
            [
              121.1160887,
              14.6518428
            ],
            [
              121.1161901,
              14.6517434
            ],
            [
              121.1163109,
              14.6517441
            ],
            [
              121.1164082,
              14.6518317
            ],
            [
              121.1164068,
              14.6519755
            ],
            [
              121.1163055,
              14.6520649
            ],
            [
              121.1161781,
              14.6520629
            ]
          ]
        ]
      },
      "id": "way/72166326"
    },
    {
      "type": "Feature",
      "properties": {
        "@id": "way/72166329",
        "addr:city": "Marikina",
        "building": "school"
      },
      "geometry": {
        "type": "Polygon",
        "coordinates": [
          [
            [
              121.1163225,
              14.6537741
            ],
            [
              121.1163242,
              14.6536674
            ],
            [
              121.1164471,
              14.6536692
            ],
            [
              121.1164454,
              14.653776
            ],
            [
              121.1163225,
              14.6537741
            ]
          ]
        ]
      },
      "id": "way/72166329"
    },
    {
      "type": "Feature",
      "properties": {
        "@id": "way/72166343",
        "addr:city": "Marikina",
        "building": "school"
      },
      "geometry": {
        "type": "Polygon",
        "coordinates": [
          [
            [
              121.1172893,
              14.6528447
            ],
            [
              121.1172863,
              14.6527164
            ],
            [
              121.1174595,
              14.6527125
            ],
            [
              121.1174564,
              14.6525804
            ],
            [
              121.1175074,
              14.6525793
            ],
            [
              121.1175106,
              14.6527114
            ],
            [
              121.1178038,
              14.6527049
            ],
            [
              121.1178068,
              14.6528332
            ],
            [
              121.1172893,
              14.6528447
            ]
          ]
        ]
      },
      "id": "way/72166343"
    },
    {
      "type": "Feature",
      "properties": {
        "@id": "way/86479285",
        "addr:city": "Marikina",
        "building": "commercial"
      },
      "geometry": {
        "type": "Polygon",
        "coordinates": [
          [
            [
              121.0943249,
              14.6360789
            ],
            [
              121.0943338,
              14.6362122
            ],
            [
              121.0943231,
              14.6362431
            ],
            [
              121.0943043,
              14.636267
            ],
            [
              121.094277,
              14.6362721
            ],
            [
              121.0939146,
              14.636308
            ],
            [
              121.0938752,
              14.6362892
            ],
            [
              121.0938479,
              14.6362653
            ],
            [
              121.0938308,
              14.6362413
            ],
            [
              121.093824,
              14.6361644
            ],
            [
              121.0938308,
              14.6361251
            ],
            [
              121.0938462,
              14.6361012
            ],
            [
              121.0938701,
              14.6360875
            ],
            [
              121.0942449,
              14.6360347
            ],
            [
              121.094277,
              14.636043
            ],
            [
              121.0943061,
              14.6360584
            ],
            [
              121.0943249,
              14.6360789
            ]
          ]
        ]
      },
      "id": "way/86479285"
    },
    {
      "type": "Feature",
      "properties": {
        "@id": "way/86479287",
        "addr:city": "Marikina",
        "building": "school"
      },
      "geometry": {
        "type": "Polygon",
        "coordinates": [
          [
            [
              121.0849576,
              14.6338664
            ],
            [
              121.0857125,
              14.6342176
            ],
            [
              121.0856576,
              14.6343358
            ],
            [
              121.0849027,
              14.6339846
            ],
            [
              121.0849576,
              14.6338664
            ]
          ]
        ]
      },
      "id": "way/86479287"
    },
    {
      "type": "Feature",
      "properties": {
        "@id": "way/91363747",
        "brand": "Shopwise",
        "brand:wikidata": "Q118674375",
        "building": "commercial",
        "layer": "1",
        "name": "Shopwise",
        "note": "name and address info in landuse polygon",
        "shop": "supermarket"
      },
      "geometry": {
        "type": "Polygon",
        "coordinates": [
          [
            [
              121.081483,
              14.6773444
            ],
            [
              121.0813214,
              14.6770447
            ],
            [
              121.0812684,
              14.6770454
            ],
            [
              121.0812624,
              14.6766167
            ],
            [
              121.0817814,
              14.6766037
            ],
            [
              121.0818275,
              14.6766689
            ],
            [
              121.0818484,
              14.6767113
            ],
            [
              121.0822574,
              14.6774184
            ],
            [
              121.0820325,
              14.6775304
            ],
            [
              121.0820181,
              14.6775394
            ],
            [
              121.0819946,
              14.6775518
            ],
            [
              121.0817874,
              14.6771855
            ],
            [
              121.081483,
              14.6773444
            ]
          ]
        ]
      },
      "id": "way/91363747"
    },
    {
      "type": "Feature",
      "properties": {
        "@id": "way/91599188",
        "addr:street": "Commonwealth Avenue",
        "amenity": "hospital",
        "building": "hospital",
        "healthcare": "hospital",
        "name": "General Malvar Hospital"
      },
      "geometry": {
        "type": "Polygon",
        "coordinates": [
          [
            [
              121.0724897,
              14.667739
            ],
            [
              121.0724914,
              14.6675923
            ],
            [
              121.0725634,
              14.6675931
            ],
            [
              121.0725645,
              14.6675025
            ],
            [
              121.0726211,
              14.6675161
            ],
            [
              121.0726813,
              14.667438
            ],
            [
              121.0727944,
              14.6675194
            ],
            [
              121.0727458,
              14.6675825
            ],
            [
              121.0727439,
              14.6677419
            ],
            [
              121.0724897,
              14.667739
            ]
          ]
        ]
      },
      "id": "way/91599188"
    },
    {
      "type": "Feature",
      "properties": {
        "@id": "way/91999415",
        "building": "college",
        "name": "Mary the Queen College"
      },
      "geometry": {
        "type": "Polygon",
        "coordinates": [
          [
            [
              121.0819651,
              14.6751124
            ],
            [
              121.0827932,
              14.6751004
            ],
            [
              121.0827932,
              14.675707
            ],
            [
              121.0823459,
              14.6756945
            ],
            [
              121.0819651,
              14.6751124
            ]
          ]
        ]
      },
      "id": "way/91999415"
    },
    {
      "type": "Feature",
      "properties": {
        "@id": "way/93018082",
        "addr:city": "Marikina",
        "addr:place": "Concepcion Uno",
        "addr:postcode": "1807",
        "building": "commercial",
        "name": "DC Arcadia"
      },
      "geometry": {
        "type": "Polygon",
        "coordinates": [
          [
            [
              121.1121806,
              14.6483483
            ],
            [
              121.1120035,
              14.6483124
            ],
            [
              121.1120238,
              14.6482393
            ],
            [
              121.1121062,
              14.6482553
            ],
            [
              121.1122068,
              14.6479278
            ],
            [
              121.1122618,
              14.6478792
            ],
            [
              121.1123196,
              14.6478958
            ],
            [
              121.1121806,
              14.6483483
            ]
          ]
        ]
      },
      "id": "way/93018082"
    },
    {
      "type": "Feature",
      "properties": {
        "@id": "way/93063132",
        "addr:city": "Marikina",
        "building": "school",
        "roof:shape": "hipped"
      },
      "geometry": {
        "type": "Polygon",
        "coordinates": [
          [
            [
              121.0972524,
              14.6317806
            ],
            [
              121.0973305,
              14.6314749
            ],
            [
              121.0974326,
              14.6314976
            ],
            [
              121.0973559,
              14.6318007
            ],
            [
              121.0972524,
              14.6317806
            ]
          ]
        ]
      },
      "id": "way/93063132"
    },
    {
      "type": "Feature",
      "properties": {
        "@id": "way/93063134",
        "addr:city": "Marikina",
        "building": "school",
        "roof:shape": "hipped"
      },
      "geometry": {
        "type": "Polygon",
        "coordinates": [
          [
            [
              121.0975827,
              14.6318579
            ],
            [
              121.097659,
              14.6315437
            ],
            [
              121.0977656,
              14.6315679
            ],
            [
              121.0976893,
              14.6318821
            ],
            [
              121.0975827,
              14.6318579
            ]
          ]
        ]
      },
      "id": "way/93063134"
    },
    {
      "type": "Feature",
      "properties": {
        "@id": "way/93063146",
        "addr:city": "Marikina",
        "addr:housenumber": "315",
        "addr:postcode": "1800",
        "addr:street": "Jose P. Rizal Street",
        "building": "civic",
        "building:levels": "1",
        "building:use": "museum",
        "charge": "50 PHP",
        "fee": "yes",
        "museum": "shoes",
        "name": "Museo ng Sapatos",
        "name:en": "Marikina Shoe Museum",
        "name:fil": "Museo ng Sapatos",
        "old_name": "Footwear Museum of Marikina",
        "opening_hours": "Su-Sa 07:30-16:30",
        "operator:type": "government",
        "short_name": "Shoe Museum",
        "tourism": "museum",
        "wikidata": "Q108403264",
        "wikimedia_commons": "Category:Museo ng Sapatos",
        "wikipedia": "en:Marikina Shoe Museum"
      },
      "geometry": {
        "type": "Polygon",
        "coordinates": [
          [
            [
              121.0962873,
              14.6295022
            ],
            [
              121.0962954,
              14.6294854
            ],
            [
              121.0963436,
              14.6293859
            ],
            [
              121.0964792,
              14.6294315
            ],
            [
              121.096421,
              14.6295422
            ],
            [
              121.0963991,
              14.6295357
            ],
            [
              121.0962958,
              14.6295047
            ],
            [
              121.0962873,
              14.6295022
            ]
          ]
        ]
      },
      "id": "way/93063146"
    },
    {
      "type": "Feature",
      "properties": {
        "@id": "way/93063148",
        "addr:city": "Marikina",
        "building": "school"
      },
      "geometry": {
        "type": "Polygon",
        "coordinates": [
          [
            [
              121.097182,
              14.6319652
            ],
            [
              121.097202,
              14.6318674
            ],
            [
              121.0972317,
              14.6318731
            ],
            [
              121.0972468,
              14.6317994
            ],
            [
              121.0973026,
              14.6318101
            ],
            [
              121.0972875,
              14.6318838
            ],
            [
              121.0976168,
              14.6319468
            ],
            [
              121.0976302,
              14.6318813
            ],
            [
              121.0976836,
              14.6318915
            ],
            [
              121.0976702,
              14.631957
            ],
            [
              121.0976992,
              14.6319626
            ],
            [
              121.0976792,
              14.6320604
            ],
            [
              121.097182,
              14.6319652
            ]
          ]
        ]
      },
      "id": "way/93063148"
    },
    {
      "type": "Feature",
      "properties": {
        "@id": "way/93063152",
        "addr:city": "Marikina",
        "building": "school",
        "building:levels": "3",
        "roof:shape": "hipped"
      },
      "geometry": {
        "type": "Polygon",
        "coordinates": [
          [
            [
              121.0975891,
              14.6314763
            ],
            [
              121.0977308,
              14.6309544
            ],
            [
              121.0978311,
              14.6309799
            ],
            [
              121.0976894,
              14.6315018
            ],
            [
              121.0975891,
              14.6314763
            ]
          ]
        ]
      },
      "id": "way/93063152"
    },
    {
      "type": "Feature",
      "properties": {
        "@id": "way/93197626",
        "addr:city": "Marikina",
        "building": "school",
        "source": "Bing"
      },
      "geometry": {
        "type": "Polygon",
        "coordinates": [
          [
            [
              121.1185939,
              14.6415179
            ],
            [
              121.1184841,
              14.6415065
            ],
            [
              121.1185236,
              14.6411266
            ],
            [
              121.1186333,
              14.6411379
            ],
            [
              121.1185939,
              14.6415179
            ]
          ]
        ]
      },
      "id": "way/93197626"
    },
    {
      "type": "Feature",
      "properties": {
        "@id": "way/93197630",
        "addr:city": "Marikina",
        "building": "school",
        "roof:shape": "gabled",
        "source": "Bing"
      },
      "geometry": {
        "type": "Polygon",
        "coordinates": [
          [
            [
              121.1176863,
              14.6414762
            ],
            [
              121.1177515,
              14.6410636
            ],
            [
              121.1179679,
              14.6410956
            ],
            [
              121.1179028,
              14.6415082
            ],
            [
              121.1176863,
              14.6414762
            ]
          ]
        ]
      },
      "id": "way/93197630"
    },
    {
      "type": "Feature",
      "properties": {
        "@id": "way/93197631",
        "addr:city": "Marikina",
        "building": "school",
        "roof:shape": "gabled",
        "source": "Bing"
      },
      "geometry": {
        "type": "Polygon",
        "coordinates": [
          [
            [
              121.1179499,
              14.6426024
            ],
            [
              121.117971,
              14.6424761
            ],
            [
              121.1182363,
              14.6425176
            ],
            [
              121.1185019,
              14.6425592
            ],
            [
              121.1185072,
              14.6425273
            ],
            [
              121.118314,
              14.642497
            ],
            [
              121.1183308,
              14.6423969
            ],
            [
              121.1185194,
              14.6424264
            ],
            [
              121.1186,
              14.642439
            ],
            [
              121.1185568,
              14.6426974
            ],
            [
              121.1179499,
              14.6426024
            ]
          ]
        ]
      },
      "id": "way/93197631"
    },
    {
      "type": "Feature",
      "properties": {
        "@id": "way/93197634",
        "addr:city": "Marikina",
        "building": "school",
        "roof:shape": "hipped-and-gabled",
        "source": "Bing"
      },
      "geometry": {
        "type": "Polygon",
        "coordinates": [
          [
            [
              121.1176035,
              14.6419731
            ],
            [
              121.1176469,
              14.6419727
            ],
            [
              121.1176467,
              14.6419525
            ],
            [
              121.1176463,
              14.6419188
            ],
            [
              121.1177011,
              14.6419183
            ],
            [
              121.1177017,
              14.6419758
            ],
            [
              121.1178475,
              14.6419744
            ],
            [
              121.1178493,
              14.6421582
            ],
            [
              121.1178498,
              14.6422004
            ],
            [
              121.1176058,
              14.6422027
            ],
            [
              121.1176035,
              14.6419731
            ]
          ]
        ]
      },
      "id": "way/93197634"
    },
    {
      "type": "Feature",
      "properties": {
        "@id": "way/93197636",
        "addr:city": "Marikina",
        "building": "school",
        "roof:shape": "gabled",
        "source": "Bing"
      },
      "geometry": {
        "type": "Polygon",
        "coordinates": [
          [
            [
              121.1184948,
              14.6422093
            ],
            [
              121.1184297,
              14.6417645
            ],
            [
              121.1185675,
              14.6417444
            ],
            [
              121.1186003,
              14.6419684
            ],
            [
              121.1186318,
              14.6419638
            ],
            [
              121.118643,
              14.6420403
            ],
            [
              121.1186115,
              14.642045
            ],
            [
              121.1186326,
              14.6421891
            ],
            [
              121.1184948,
              14.6422093
            ]
          ]
        ]
      },
      "id": "way/93197636"
    },
    {
      "type": "Feature",
      "properties": {
        "@id": "way/93197639",
        "addr:city": "Marikina",
        "building": "school",
        "roof:shape": "gabled",
        "source": "Bing"
      },
      "geometry": {
        "type": "Polygon",
        "coordinates": [
          [
            [
              121.1174668,
              14.6417008
            ],
            [
              121.1173096,
              14.6412131
            ],
            [
              121.1174409,
              14.6411735
            ],
            [
              121.1174218,
              14.6411167
            ],
            [
              121.1174857,
              14.6410969
            ],
            [
              121.1175519,
              14.6413112
            ],
            [
              121.1175049,
              14.6413257
            ],
            [
              121.1175193,
              14.6413722
            ],
            [
              121.1175662,
              14.6413577
            ],
            [
              121.1175885,
              14.6414298
            ],
            [
              121.1175446,
              14.6414433
            ],
            [
              121.1175809,
              14.641561
            ],
            [
              121.1176248,
              14.6415475
            ],
            [
              121.1176543,
              14.6416429
            ],
            [
              121.1174668,
              14.6417008
            ]
          ]
        ]
      },
      "id": "way/93197639"
    },
    {
      "type": "Feature",
      "properties": {
        "@id": "way/93197644",
        "addr:city": "Marikina",
        "building": "school",
        "roof:shape": "gabled",
        "source": "Bing"
      },
      "geometry": {
        "type": "Polygon",
        "coordinates": [
          [
            [
              121.1183114,
              14.6419377
            ],
            [
              121.1181723,
              14.6419216
            ],
            [
              121.1182205,
              14.6415315
            ],
            [
              121.1183596,
              14.6415476
            ],
            [
              121.1183114,
              14.6419377
            ]
          ]
        ]
      },
      "id": "way/93197644"
    },
    {
      "type": "Feature",
      "properties": {
        "@id": "way/93197654",
        "addr:city": "Marikina",
        "building": "school",
        "roof:shape": "gabled",
        "source": "Bing"
      },
      "geometry": {
        "type": "Polygon",
        "coordinates": [
          [
            [
              121.1184761,
              14.6414625
            ],
            [
              121.1183476,
              14.6414484
            ],
            [
              121.1183847,
              14.6411106
            ],
            [
              121.1185132,
              14.6411247
            ],
            [
              121.1184761,
              14.6414625
            ]
          ]
        ]
      },
      "id": "way/93197654"
    },
    {
      "type": "Feature",
      "properties": {
        "@id": "way/93197655",
        "access": "private",
        "addr:city": "Marikina",
        "building": "school",
        "building:colour": "#e0d4bb",
        "building:levels": "5",
        "private": "students",
        "roof:colour": "#a4b1ae",
        "roof:shape": "flat",
        "source": "Bing",
        "start_date": "1999"
      },
      "geometry": {
        "type": "Polygon",
        "coordinates": [
          [
            [
              121.1176534,
              14.6433307
            ],
            [
              121.1176528,
              14.6433057
            ],
            [
              121.1176523,
              14.643281
            ],
            [
              121.1176498,
              14.643158
            ],
            [
              121.1177698,
              14.643141
            ],
            [
              121.1178412,
              14.6431309
            ],
            [
              121.1178351,
              14.6431642
            ],
            [
              121.1178323,
              14.6431793
            ],
            [
              121.1177801,
              14.6432271
            ],
            [
              121.1177495,
              14.6433275
            ],
            [
              121.1177201,
              14.6433285
            ],
            [
              121.1176534,
              14.6433307
            ]
          ]
        ]
      },
      "id": "way/93197655"
    },
    {
      "type": "Feature",
      "properties": {
        "@id": "way/93197658",
        "addr:city": "Marikina",
        "building": "school",
        "roof:shape": "gabled",
        "source": "Bing"
      },
      "geometry": {
        "type": "Polygon",
        "coordinates": [
          [
            [
              121.1180634,
              14.641817
            ],
            [
              121.117923,
              14.6417935
            ],
            [
              121.1180085,
              14.6413157
            ],
            [
              121.118149,
              14.6413393
            ],
            [
              121.1180634,
              14.641817
            ]
          ]
        ]
      },
      "id": "way/93197658"
    },
    {
      "type": "Feature",
      "properties": {
        "@id": "way/93197660",
        "access": "private",
        "addr:city": "Marikina",
        "addr:housenumber": "38",
        "addr:street": "Russet Street",
        "building": "school",
        "building:colour": "#c8b386",
        "building:levels": "3",
        "private": "students",
        "roof:colour": "#eae5c7",
        "roof:shape": "gabled",
        "source": "Bing",
        "start_date": "1993"
      },
      "geometry": {
        "type": "Polygon",
        "coordinates": [
          [
            [
              121.1174956,
              14.6427001
            ],
            [
              121.1175119,
              14.6427015
            ],
            [
              121.1178292,
              14.6427291
            ],
            [
              121.1178923,
              14.6431236
            ],
            [
              121.1178412,
              14.6431309
            ],
            [
              121.1177698,
              14.643141
            ],
            [
              121.1177277,
              14.6428563
            ],
            [
              121.1177251,
              14.6428387
            ],
            [
              121.1177053,
              14.6428371
            ],
            [
              121.1176222,
              14.6428304
            ],
            [
              121.117601,
              14.6428292
            ],
            [
              121.1175544,
              14.643247
            ],
            [
              121.1175505,
              14.6432793
            ],
            [
              121.1174451,
              14.6432675
            ],
            [
              121.1174354,
              14.6432664
            ],
            [
              121.1174289,
              14.6432657
            ],
            [
              121.117429,
              14.6432652
            ],
            [
              121.117431,
              14.6432486
            ],
            [
              121.1174956,
              14.6427001
            ]
          ]
        ]
      },
      "id": "way/93197660"
    },
    {
      "type": "Feature",
      "properties": {
        "@id": "way/93199277",
        "addr:city": "Marikina",
        "building": "school",
        "source": "Bing"
      },
      "geometry": {
        "type": "Polygon",
        "coordinates": [
          [
            [
              121.1109079,
              14.6570992
            ],
            [
              121.1110611,
              14.6566977
            ],
            [
              121.11117,
              14.6567402
            ],
            [
              121.1110172,
              14.6571403
            ],
            [
              121.1109079,
              14.6570992
            ]
          ]
        ]
      },
      "id": "way/93199277"
    },
    {
      "type": "Feature",
      "properties": {
        "@id": "way/93199278",
        "addr:city": "Marikina",
        "building": "school",
        "source": "Bing"
      },
      "geometry": {
        "type": "Polygon",
        "coordinates": [
          [
            [
              121.1110075,
              14.6574762
            ],
            [
              121.1110431,
              14.6573815
            ],
            [
              121.1114158,
              14.6575129
            ],
            [
              121.1113801,
              14.6576075
            ],
            [
              121.1110075,
              14.6574762
            ]
          ]
        ]
      },
      "id": "way/93199278"
    },
    {
      "type": "Feature",
      "properties": {
        "@id": "way/93199282",
        "addr:city": "Marikina",
        "building": "school",
        "layer": "1",
        "source": "Bing"
      },
      "geometry": {
        "type": "Polygon",
        "coordinates": [
          [
            [
              121.111388,
              14.6576079
            ],
            [
              121.1114237,
              14.6575173
            ],
            [
              121.111782,
              14.6576493
            ],
            [
              121.1117464,
              14.6577399
            ],
            [
              121.111388,
              14.6576079
            ]
          ]
        ]
      },
      "id": "way/93199282"
    },
    {
      "type": "Feature",
      "properties": {
        "@id": "way/93199287",
        "addr:city": "Marikina",
        "building": "school",
        "source": "Bing"
      },
      "geometry": {
        "type": "Polygon",
        "coordinates": [
          [
            [
              121.1118737,
              14.6576382
            ],
            [
              121.1120239,
              14.6572494
            ],
            [
              121.112123,
              14.6572852
            ],
            [
              121.1119728,
              14.657674
            ],
            [
              121.1118737,
              14.6576382
            ]
          ]
        ]
      },
      "id": "way/93199287"
    },
    {
      "type": "Feature",
      "properties": {
        "@id": "way/93199300",
        "addr:city": "Marikina",
        "building": "school",
        "layer": "-1",
        "source": "Bing"
      },
      "geometry": {
        "type": "Polygon",
        "coordinates": [
          [
            [
              121.1115829,
              14.6572259
            ],
            [
              121.1117941,
              14.6572992
            ],
            [
              121.1116994,
              14.6575547
            ],
            [
              121.1117191,
              14.6575615
            ],
            [
              121.1117004,
              14.657612
            ],
            [
              121.111441,
              14.6575219
            ],
            [
              121.111461,
              14.6574682
            ],
            [
              121.1114893,
              14.6574781
            ],
            [
              121.1115829,
              14.6572259
            ]
          ]
        ]
      },
      "id": "way/93199300"
    },
    {
      "type": "Feature",
      "properties": {
        "@id": "way/93199314",
        "addr:city": "Marikina",
        "building": "school",
        "source": "Bing"
      },
      "geometry": {
        "type": "Polygon",
        "coordinates": [
          [
            [
              121.1108944,
              14.6571054
            ],
            [
              121.1109972,
              14.6571439
            ],
            [
              121.1108374,
              14.6575684
            ],
            [
              121.1107346,
              14.6575299
            ],
            [
              121.1108944,
              14.6571054
            ]
          ]
        ]
      },
      "id": "way/93199314"
    },
    {
      "type": "Feature",
      "properties": {
        "@id": "way/93320638",
        "addr:city": "Marikina",
        "addr:postcode": "1807",
        "addr:quarter": "Concepcion Uno",
        "addr:street": "J. P. Rizal Street",
        "building": "school"
      },
      "geometry": {
        "type": "Polygon",
        "coordinates": [
          [
            [
              121.102118,
              14.6505343
            ],
            [
              121.1021625,
              14.6501607
            ],
            [
              121.1022803,
              14.6501738
            ],
            [
              121.1022359,
              14.6505474
            ],
            [
              121.102118,
              14.6505343
            ]
          ]
        ]
      },
      "id": "way/93320638"
    },
    {
      "type": "Feature",
      "properties": {
        "@id": "way/93320639",
        "addr:city": "Marikina",
        "building": "school"
      },
      "geometry": {
        "type": "Polygon",
        "coordinates": [
          [
            [
              121.1261723,
              14.6593529
            ],
            [
              121.1266257,
              14.6596297
            ],
            [
              121.1265718,
              14.6597181
            ],
            [
              121.1261184,
              14.6594413
            ],
            [
              121.1261723,
              14.6593529
            ]
          ]
        ]
      },
      "id": "way/93320639"
    },
    {
      "type": "Feature",
      "properties": {
        "@id": "way/93320640",
        "addr:city": "Marikina",
        "addr:postcode": "1805",
        "building": "college"
      },
      "geometry": {
        "type": "Polygon",
        "coordinates": [
          [
            [
              121.098308,
              14.6489191
            ],
            [
              121.0984672,
              14.6486963
            ],
            [
              121.0987585,
              14.6488912
            ],
            [
              121.0985993,
              14.649114
            ],
            [
              121.098308,
              14.6489191
            ]
          ]
        ]
      },
      "id": "way/93320640"
    },
    {
      "type": "Feature",
      "properties": {
        "@id": "way/93320641",
        "addr:city": "Marikina",
        "addr:place": "Concepcion Uno",
        "addr:postcode": "1807",
        "building": "school"
      },
      "geometry": {
        "type": "Polygon",
        "coordinates": [
          [
            [
              121.1037177,
              14.6483419
            ],
            [
              121.1036706,
              14.6482293
            ],
            [
              121.103788,
              14.6481803
            ],
            [
              121.1037619,
              14.6481178
            ],
            [
              121.1040102,
              14.648014
            ],
            [
              121.1040398,
              14.6480849
            ],
            [
              121.1041615,
              14.6480341
            ],
            [
              121.104205,
              14.6481384
            ],
            [
              121.1040545,
              14.6482013
            ],
            [
              121.1040371,
              14.6481598
            ],
            [
              121.1038251,
              14.6482483
            ],
            [
              121.1038425,
              14.6482898
            ],
            [
              121.1037177,
              14.6483419
            ]
          ]
        ]
      },
      "id": "way/93320641"
    },
    {
      "type": "Feature",
      "properties": {
        "@id": "way/93320644",
        "addr:city": "Marikina",
        "building": "school"
      },
      "geometry": {
        "type": "Polygon",
        "coordinates": [
          [
            [
              121.1085351,
              14.6730982
            ],
            [
              121.1085306,
              14.672759
            ],
            [
              121.1086525,
              14.6727574
            ],
            [
              121.108657,
              14.6730967
            ],
            [
              121.1085351,
              14.6730982
            ]
          ]
        ]
      },
      "id": "way/93320644"
    },
    {
      "type": "Feature",
      "properties": {
        "@id": "way/93320646",
        "addr:city": "Marikina",
        "building": "school",
        "building:levels": "4"
      },
      "geometry": {
        "type": "Polygon",
        "coordinates": [
          [
            [
              121.0906219,
              14.6227704
            ],
            [
              121.0905023,
              14.6227696
            ],
            [
              121.0905054,
              14.622409
            ],
            [
              121.090507,
              14.622058
            ],
            [
              121.090622,
              14.6220587
            ],
            [
              121.0906206,
              14.6222708
            ],
            [
              121.0906375,
              14.6222709
            ],
            [
              121.0906366,
              14.6224145
            ],
            [
              121.0906362,
              14.6224765
            ],
            [
              121.0906238,
              14.6224764
            ],
            [
              121.0906219,
              14.6227704
            ]
          ]
        ]
      },
      "id": "way/93320646"
    },
    {
      "type": "Feature",
      "properties": {
        "@id": "way/93320648",
        "addr:city": "Marikina",
        "addr:place": "Concepcion Uno",
        "addr:postcode": "1807",
        "building": "school"
      },
      "geometry": {
        "type": "Polygon",
        "coordinates": [
          [
            [
              121.1035098,
              14.6482654
            ],
            [
              121.1033081,
              14.6478396
            ],
            [
              121.1034031,
              14.6477947
            ],
            [
              121.1036003,
              14.6482225
            ],
            [
              121.1035098,
              14.6482654
            ]
          ]
        ]
      },
      "id": "way/93320648"
    },
    {
      "type": "Feature",
      "properties": {
        "@id": "way/93320653",
        "addr:city": "Marikina",
        "addr:postcode": "1807",
        "addr:quarter": "Concepcion Uno",
        "addr:street": "J. P. Rizal Street",
        "building": "school"
      },
      "geometry": {
        "type": "Polygon",
        "coordinates": [
          [
            [
              121.1020472,
              14.6512917
            ],
            [
              121.1020974,
              14.650791
            ],
            [
              121.1022054,
              14.6508012
            ],
            [
              121.1021551,
              14.6513019
            ],
            [
              121.1020472,
              14.6512917
            ]
          ]
        ]
      },
      "id": "way/93320653"
    },
    {
      "type": "Feature",
      "properties": {
        "@id": "way/93320654",
        "addr:city": "Marikina",
        "addr:postcode": "1807",
        "addr:quarter": "Concepcion Uno",
        "addr:street": "J. P. Rizal Street",
        "building": "school"
      },
      "geometry": {
        "type": "Polygon",
        "coordinates": [
          [
            [
              121.1020002,
              14.6508524
            ],
            [
              121.1019675,
              14.6509568
            ],
            [
              121.1016315,
              14.6508516
            ],
            [
              121.1016642,
              14.6507472
            ],
            [
              121.1020002,
              14.6508524
            ]
          ]
        ]
      },
      "id": "way/93320654"
    },
    {
      "type": "Feature",
      "properties": {
        "@id": "way/93320657",
        "addr:city": "Marikina",
        "building": "school"
      },
      "geometry": {
        "type": "Polygon",
        "coordinates": [
          [
            [
              121.1263273,
              14.6591056
            ],
            [
              121.1267758,
              14.6593885
            ],
            [
              121.126724,
              14.6594705
            ],
            [
              121.1262756,
              14.6591876
            ],
            [
              121.1263273,
              14.6591056
            ]
          ]
        ]
      },
      "id": "way/93320657"
    },
    {
      "type": "Feature",
      "properties": {
        "@id": "way/93320659",
        "addr:city": "Marikina",
        "addr:postcode": "1807",
        "addr:quarter": "Concepcion Uno",
        "addr:street": "J. P. Rizal Street",
        "building": "school"
      },
      "geometry": {
        "type": "Polygon",
        "coordinates": [
          [
            [
              121.1017475,
              14.6507568
            ],
            [
              121.1016328,
              14.6507186
            ],
            [
              121.1017185,
              14.6504608
            ],
            [
              121.1017915,
              14.6504851
            ],
            [
              121.1018023,
              14.6504526
            ],
            [
              121.1017293,
              14.6504283
            ],
            [
              121.1018102,
              14.6501848
            ],
            [
              121.1019249,
              14.650223
            ],
            [
              121.1017475,
              14.6507568
            ]
          ]
        ]
      },
      "id": "way/93320659"
    },
    {
      "type": "Feature",
      "properties": {
        "@id": "way/93320664",
        "addr:city": "Marikina",
        "building": "school"
      },
      "geometry": {
        "type": "Polygon",
        "coordinates": [
          [
            [
              121.0904899,
              14.6225707
            ],
            [
              121.0904764,
              14.6227995
            ],
            [
              121.0902058,
              14.6227836
            ],
            [
              121.0902192,
              14.6225563
            ],
            [
              121.0903302,
              14.6225628
            ],
            [
              121.0903236,
              14.6226747
            ],
            [
              121.0903697,
              14.6226774
            ],
            [
              121.0903764,
              14.622564
            ],
            [
              121.0904899,
              14.6225707
            ]
          ]
        ]
      },
      "id": "way/93320664"
    },
    {
      "type": "Feature",
      "properties": {
        "@id": "way/93320665",
        "addr:city": "Marikina",
        "building": "school",
        "building:levels": "4"
      },
      "geometry": {
        "type": "Polygon",
        "coordinates": [
          [
            [
              121.0894454,
              14.6224103
            ],
            [
              121.0902192,
              14.6224152
            ],
            [
              121.0902185,
              14.6225245
            ],
            [
              121.0894447,
              14.6225196
            ],
            [
              121.0894454,
              14.6224103
            ]
          ]
        ]
      },
      "id": "way/93320665"
    },
    {
      "type": "Feature",
      "properties": {
        "@id": "way/93320675",
        "addr:city": "Marikina",
        "addr:postcode": "1805",
        "building": "school"
      },
      "geometry": {
        "type": "Polygon",
        "coordinates": [
          [
            [
              121.0946653,
              14.6503796
            ],
            [
              121.0945376,
              14.6500708
            ],
            [
              121.094639,
              14.6500315
            ],
            [
              121.0947668,
              14.6503404
            ],
            [
              121.0946653,
              14.6503796
            ]
          ]
        ]
      },
      "id": "way/93320675"
    },
    {
      "type": "Feature",
      "properties": {
        "@id": "way/93320678",
        "addr:city": "Marikina",
        "building": "school"
      },
      "geometry": {
        "type": "Polygon",
        "coordinates": [
          [
            [
              121.1081535,
              14.6728985
            ],
            [
              121.1081473,
              14.672766
            ],
            [
              121.1084538,
              14.6727527
            ],
            [
              121.10846,
              14.6728852
            ],
            [
              121.1081535,
              14.6728985
            ]
          ]
        ]
      },
      "id": "way/93320678"
    },
    {
      "type": "Feature",
      "properties": {
        "@id": "way/93320680",
        "building": "school"
      },
      "geometry": {
        "type": "Polygon",
        "coordinates": [
          [
            [
              121.0816794,
              14.6335675
            ],
            [
              121.0815637,
              14.6335712
            ],
            [
              121.0815504,
              14.6331775
            ],
            [
              121.081666,
              14.6331738
            ],
            [
              121.0816794,
              14.6335675
            ]
          ]
        ]
      },
      "id": "way/93320680"
    },
    {
      "type": "Feature",
      "properties": {
        "@id": "way/93320681",
        "addr:city": "Marikina",
        "addr:postcode": "1807",
        "addr:quarter": "Concepcion Uno",
        "addr:street": "J. P. Rizal Street",
        "building": "school"
      },
      "geometry": {
        "type": "Polygon",
        "coordinates": [
          [
            [
              121.1019647,
              14.6503574
            ],
            [
              121.1020463,
              14.6501266
            ],
            [
              121.1021433,
              14.6501609
            ],
            [
              121.1020616,
              14.6503917
            ],
            [
              121.1019647,
              14.6503574
            ]
          ]
        ]
      },
      "id": "way/93320681"
    },
    {
      "type": "Feature",
      "properties": {
        "@id": "way/93320684",
        "addr:city": "Marikina",
        "building": "school"
      },
      "geometry": {
        "type": "Polygon",
        "coordinates": [
          [
            [
              121.1086762,
              14.6728194
            ],
            [
              121.1086742,
              14.6727205
            ],
            [
              121.1087014,
              14.67272
            ],
            [
              121.1087012,
              14.6727119
            ],
            [
              121.1088404,
              14.6727093
            ],
            [
              121.1088426,
              14.6728163
            ],
            [
              121.1086762,
              14.6728194
            ]
          ]
        ]
      },
      "id": "way/93320684"
    },
    {
      "type": "Feature",
      "properties": {
        "@id": "way/93320686",
        "addr:city": "Marikina",
        "addr:postcode": "1805",
        "building": "college"
      },
      "geometry": {
        "type": "Polygon",
        "coordinates": [
          [
            [
              121.0981001,
              14.6488485
            ],
            [
              121.0979818,
              14.6486645
            ],
            [
              121.0983638,
              14.6484346
            ],
            [
              121.0984462,
              14.6485628
            ],
            [
              121.0981381,
              14.6487482
            ],
            [
              121.098174,
              14.648804
            ],
            [
              121.0981001,
              14.6488485
            ]
          ]
        ]
      },
      "id": "way/93320686"
    },
    {
      "type": "Feature",
      "properties": {
        "@id": "way/93320687",
        "addr:city": "Marikina",
        "addr:postcode": "1807",
        "addr:quarter": "Concepcion Uno",
        "building": "college"
      },
      "geometry": {
        "type": "Polygon",
        "coordinates": [
          [
            [
              121.0985052,
              14.6484006
            ],
            [
              121.098466,
              14.6483361
            ],
            [
              121.098603,
              14.6482581
            ],
            [
              121.0985916,
              14.6482392
            ],
            [
              121.0986679,
              14.6481958
            ],
            [
              121.0989576,
              14.6486717
            ],
            [
              121.098874,
              14.6487194
            ],
            [
              121.098635,
              14.6483266
            ],
            [
              121.0985052,
              14.6484006
            ]
          ]
        ]
      },
      "id": "way/93320687"
    },
    {
      "type": "Feature",
      "properties": {
        "@id": "way/93320690",
        "addr:city": "Marikina",
        "addr:place": "Concepcion Uno",
        "addr:postcode": "1807",
        "building": "school"
      },
      "geometry": {
        "type": "Polygon",
        "coordinates": [
          [
            [
              121.1037979,
              14.6480842
            ],
            [
              121.1036271,
              14.6477007
            ],
            [
              121.1038234,
              14.6476133
            ],
            [
              121.1039943,
              14.6479968
            ],
            [
              121.1037979,
              14.6480842
            ]
          ]
        ]
      },
      "id": "way/93320690"
    },
    {
      "type": "Feature",
      "properties": {
        "@id": "way/93320697",
        "addr:city": "Marikina",
        "building": "school"
      },
      "geometry": {
        "type": "Polygon",
        "coordinates": [
          [
            [
              121.1087119,
              14.6728297
            ],
            [
              121.1088179,
              14.672849
            ],
            [
              121.1087617,
              14.6731366
            ],
            [
              121.1086558,
              14.6731172
            ],
            [
              121.1087119,
              14.6728297
            ]
          ]
        ]
      },
      "id": "way/93320697"
    },
    {
      "type": "Feature",
      "properties": {
        "@id": "way/93320698",
        "addr:city": "Marikina",
        "building": "school"
      },
      "geometry": {
        "type": "Polygon",
        "coordinates": [
          [
            [
              121.0899398,
              14.6356561
            ],
            [
              121.0899617,
              14.6351836
            ],
            [
              121.0903036,
              14.6351984
            ],
            [
              121.0902984,
              14.6353104
            ],
            [
              121.0900718,
              14.6353006
            ],
            [
              121.0900551,
              14.6356611
            ],
            [
              121.0899398,
              14.6356561
            ]
          ]
        ]
      },
      "id": "way/93320698"
    },
    {
      "type": "Feature",
      "properties": {
        "@id": "way/93320700",
        "addr:city": "Marikina",
        "building": "school",
        "building:levels": "4"
      },
      "geometry": {
        "type": "Polygon",
        "coordinates": [
          [
            [
              121.0894493,
              14.6221668
            ],
            [
              121.0894503,
              14.6220357
            ],
            [
              121.0902211,
              14.6220418
            ],
            [
              121.0902201,
              14.6221729
            ],
            [
              121.0894493,
              14.6221668
            ]
          ]
        ]
      },
      "id": "way/93320700"
    },
    {
      "type": "Feature",
      "properties": {
        "@id": "way/93320702",
        "addr:city": "Marikina",
        "building": "school"
      },
      "geometry": {
        "type": "Polygon",
        "coordinates": [
          [
            [
              121.1080157,
              14.6728015
            ],
            [
              121.1081365,
              14.6727956
            ],
            [
              121.1081605,
              14.673259
            ],
            [
              121.1080397,
              14.6732649
            ],
            [
              121.1080157,
              14.6728015
            ]
          ]
        ]
      },
      "id": "way/93320702"
    },
    {
      "type": "Feature",
      "properties": {
        "@id": "way/94350365",
        "addr:city": "Marikina",
        "addr:place": "Santo Niño",
        "building": "public",
        "government": "administrative",
        "name": "Marikina City Engineering Office",
        "office": "government"
      },
      "geometry": {
        "type": "Polygon",
        "coordinates": [
          [
            [
              121.1022707,
              14.6404874
            ],
            [
              121.1024941,
              14.6403919
            ],
            [
              121.1025321,
              14.6404747
            ],
            [
              121.1025103,
              14.640485
            ],
            [
              121.1027374,
              14.6409691
            ],
            [
              121.102718,
              14.6409777
            ],
            [
              121.1025421,
              14.6410552
            ],
            [
              121.1022707,
              14.6404874
            ]
          ]
        ]
      },
      "id": "way/94350365"
    },
    {
      "type": "Feature",
      "properties": {
        "@id": "way/94350374",
        "addr:city": "Marikina",
        "building": "civic",
        "name": "Social Action Center"
      },
      "geometry": {
        "type": "Polygon",
        "coordinates": [
          [
            [
              121.1001978,
              14.6334562
            ],
            [
              121.1001649,
              14.6333449
            ],
            [
              121.100159,
              14.6333257
            ],
            [
              121.1003325,
              14.6332715
            ],
            [
              121.1003374,
              14.6332897
            ],
            [
              121.1004075,
              14.6332663
            ],
            [
              121.1004486,
              14.633383
            ],
            [
              121.1001978,
              14.6334562
            ]
          ]
        ]
      },
      "id": "way/94350374"
    },
    {
      "type": "Feature",
      "properties": {
        "@id": "way/94350377",
        "addr:city": "Marikina",
        "addr:postcode": "1800",
        "addr:street": "Mayor Gil Fernando Avenue",
        "addr:street:corner": "Aquilina",
        "addr:village": "Santo Niño",
        "building": "public",
        "building:levels": "1",
        "mapillary": "https://www.mapillary.com/app/?lat=14.640460686667&lng=121.10342742833&z=17&focus=photo&pKey=496058978664998&x=0.37715598609540074&y=0.39980255526983494&zoom=2.5029797377830754",
        "name": "Motorpool Section"
      },
      "geometry": {
        "type": "Polygon",
        "coordinates": [
          [
            [
              121.1031133,
              14.6403858
            ],
            [
              121.1031853,
              14.6405386
            ],
            [
              121.1027542,
              14.6407286
            ],
            [
              121.1026822,
              14.6405759
            ],
            [
              121.1031133,
              14.6403858
            ]
          ]
        ]
      },
      "id": "way/94350377"
    },
    {
      "type": "Feature",
      "properties": {
        "@id": "way/94352531",
        "amenity": "shelter",
        "building": "public",
        "shelter_type": "gazebo"
      },
      "geometry": {
        "type": "Polygon",
        "coordinates": [
          [
            [
              121.0811424,
              14.6287044
            ],
            [
              121.0812332,
              14.628696
            ],
            [
              121.0812409,
              14.6287741
            ],
            [
              121.0811501,
              14.6287824
            ],
            [
              121.0811424,
              14.6287044
            ]
          ]
        ]
      },
      "id": "way/94352531"
    },
    {
      "type": "Feature",
      "properties": {
        "@id": "way/96054543",
        "building": "hospital",
        "emergency": "yes",
        "source": "Bing"
      },
      "geometry": {
        "type": "Polygon",
        "coordinates": [
          [
            [
              121.0668303,
              14.6639584
            ],
            [
              121.066877,
              14.6640825
            ],
            [
              121.0669254,
              14.6642112
            ],
            [
              121.06671,
              14.6642871
            ],
            [
              121.0667421,
              14.6643724
            ],
            [
              121.0666749,
              14.6643961
            ],
            [
              121.0666049,
              14.6642104
            ],
            [
              121.0665046,
              14.6642457
            ],
            [
              121.0664353,
              14.6640615
            ],
            [
              121.066579,
              14.6640109
            ],
            [
              121.066591,
              14.6640427
            ],
            [
              121.0668303,
              14.6639584
            ]
          ]
        ]
      },
      "id": "way/96054543"
    },
    {
      "type": "Feature",
      "properties": {
        "@id": "way/97546639",
        "building": "school"
      },
      "geometry": {
        "type": "Polygon",
        "coordinates": [
          [
            [
              121.1043186,
              14.6420206
            ],
            [
              121.1042883,
              14.6419555
            ],
            [
              121.1043317,
              14.6419366
            ],
            [
              121.1043045,
              14.641878
            ],
            [
              121.1042596,
              14.6418975
            ],
            [
              121.1042251,
              14.6418235
            ],
            [
              121.1045283,
              14.6416914
            ],
            [
              121.1046204,
              14.6418891
            ],
            [
              121.1043186,
              14.6420206
            ]
          ]
        ]
      },
      "id": "way/97546639"
    },
    {
      "type": "Feature",
      "properties": {
        "@id": "way/97654150",
        "building": "college",
        "name": "UP Child Development Center"
      },
      "geometry": {
        "type": "Polygon",
        "coordinates": [
          [
            [
              121.0739462,
              14.6522701
            ],
            [
              121.0736411,
              14.6522691
            ],
            [
              121.0736417,
              14.6520884
            ],
            [
              121.0739468,
              14.6520894
            ],
            [
              121.0739462,
              14.6522701
            ]
          ]
        ]
      },
      "id": "way/97654150"
    },
    {
      "type": "Feature",
      "properties": {
        "@id": "way/97918527",
        "addr:city": "Marikina",
        "building": "school",
        "source": "Bing"
      },
      "geometry": {
        "type": "Polygon",
        "coordinates": [
          [
            [
              121.0965923,
              14.6383808
            ],
            [
              121.0966195,
              14.6380516
            ],
            [
              121.096745,
              14.6380613
            ],
            [
              121.0967178,
              14.6383905
            ],
            [
              121.0965923,
              14.6383808
            ]
          ]
        ]
      },
      "id": "way/97918527"
    },
    {
      "type": "Feature",
      "properties": {
        "@id": "way/97918586",
        "addr:city": "Marikina",
        "building": "school",
        "source": "Bing"
      },
      "geometry": {
        "type": "Polygon",
        "coordinates": [
          [
            [
              121.1015008,
              14.6701054
            ],
            [
              121.1026141,
              14.6707295
            ],
            [
              121.1025586,
              14.6708221
            ],
            [
              121.1025202,
              14.6708863
            ],
            [
              121.1024282,
              14.6708347
            ],
            [
              121.1024657,
              14.6707722
            ],
            [
              121.1014443,
              14.6701996
            ],
            [
              121.1015008,
              14.6701054
            ]
          ]
        ]
      },
      "id": "way/97918586"
    },
    {
      "type": "Feature",
      "properties": {
        "@id": "way/97918667",
        "addr:city": "Marikina",
        "building": "school",
        "source": "Bing"
      },
      "geometry": {
        "type": "Polygon",
        "coordinates": [
          [
            [
              121.0959013,
              14.6387803
            ],
            [
              121.0960444,
              14.6381189
            ],
            [
              121.0961686,
              14.638144
            ],
            [
              121.0960255,
              14.6388055
            ],
            [
              121.0959013,
              14.6387803
            ]
          ]
        ]
      },
      "id": "way/97918667"
    },
    {
      "type": "Feature",
      "properties": {
        "@id": "way/97918675",
        "addr:city": "Marikina",
        "building": "school",
        "source": "Bing"
      },
      "geometry": {
        "type": "Polygon",
        "coordinates": [
          [
            [
              121.0960483,
              14.6381044
            ],
            [
              121.0961282,
              14.6377669
            ],
            [
              121.0962574,
              14.6377955
            ],
            [
              121.0961775,
              14.638133
            ],
            [
              121.0960483,
              14.6381044
            ]
          ]
        ]
      },
      "id": "way/97918675"
    },
    {
      "type": "Feature",
      "properties": {
        "@id": "way/97918739",
        "addr:city": "Marikina",
        "building": "school",
        "source": "Bing"
      },
      "geometry": {
        "type": "Polygon",
        "coordinates": [
          [
            [
              121.0965621,
              14.6388211
            ],
            [
              121.0965898,
              14.6384386
            ],
            [
              121.0967146,
              14.638447
            ],
            [
              121.0966869,
              14.6388295
            ],
            [
              121.0965621,
              14.6388211
            ]
          ]
        ]
      },
      "id": "way/97918739"
    },
    {
      "type": "Feature",
      "properties": {
        "@id": "way/98180889",
        "amenity": "university",
        "building": "college",
        "name": "College of Evangelical Ministry",
        "operator": "New Era University",
        "source": "Bing"
      },
      "geometry": {
        "type": "Polygon",
        "coordinates": [
          [
            [
              121.0646059,
              14.6627401
            ],
            [
              121.0647578,
              14.6624753
            ],
            [
              121.0645786,
              14.6623791
            ],
            [
              121.0646669,
              14.662225
            ],
            [
              121.0651619,
              14.6624907
            ],
            [
              121.0650726,
              14.6626465
            ],
            [
              121.0651199,
              14.6626719
            ],
            [
              121.0649811,
              14.662914
            ],
            [
              121.0649695,
              14.6629342
            ],
            [
              121.0649032,
              14.6630497
            ],
            [
              121.0644703,
              14.6628173
            ],
            [
              121.0645361,
              14.6627026
            ],
            [
              121.0646059,
              14.6627401
            ]
          ]
        ]
      },
      "id": "way/98180889"
    },
    {
      "type": "Feature",
      "properties": {
        "@id": "way/98309742",
        "building": "university",
        "building:levels": "1",
        "lgbtq": "primary",
        "name": "UP Center for Women's and Gender Studies",
        "source": "Bing"
      },
      "geometry": {
        "type": "Polygon",
        "coordinates": [
          [
            [
              121.064281,
              14.6572592
            ],
            [
              121.0642839,
              14.6569986
            ],
            [
              121.0645767,
              14.6570016
            ],
            [
              121.0645741,
              14.657236
            ],
            [
              121.0645299,
              14.6572355
            ],
            [
              121.0645296,
              14.6572618
            ],
            [
              121.064281,
              14.6572592
            ]
          ]
        ]
      },
      "id": "way/98309742"
    },
    {
      "type": "Feature",
      "properties": {
        "@id": "way/98321978",
        "addr:city": "Quezon City",
        "addr:street": "R. P. De Guzman Street",
        "building": "college",
        "building:levels": "3",
        "name": "National College of Public Administration and Governance",
        "source": "Bing"
      },
      "geometry": {
        "type": "Polygon",
        "coordinates": [
          [
            [
              121.0601397,
              14.6563306
            ],
            [
              121.0601412,
              14.6561856
            ],
            [
              121.0608492,
              14.6561924
            ],
            [
              121.0608475,
              14.6563542
            ],
            [
              121.0605722,
              14.6563516
            ],
            [
              121.0605718,
              14.6563922
            ],
            [
              121.0602817,
              14.6563894
            ],
            [
              121.0602823,
              14.656332
            ],
            [
              121.0601397,
              14.6563306
            ]
          ]
        ]
      },
      "id": "way/98321978"
    },
    {
      "type": "Feature",
      "properties": {
        "@id": "way/98979039",
        "addr:city": "Quezon City",
        "addr:postcode": "1107",
        "addr:street": "Tandang Sora Avenue",
        "building": "commercial"
      },
      "geometry": {
        "type": "Polygon",
        "coordinates": [
          [
            [
              121.0641718,
              14.6653285
            ],
            [
              121.0642244,
              14.6653377
            ],
            [
              121.06422,
              14.6653613
            ],
            [
              121.0643695,
              14.6653875
            ],
            [
              121.0643739,
              14.6653639
            ],
            [
              121.0644325,
              14.6653742
            ],
            [
              121.0644022,
              14.6655358
            ],
            [
              121.0642584,
              14.6655106
            ],
            [
              121.0641415,
              14.6654901
            ],
            [
              121.0641718,
              14.6653285
            ]
          ]
        ]
      },
      "id": "way/98979039"
    },
    {
      "type": "Feature",
      "properties": {
        "@id": "way/99731479",
        "addr:city": "Antipolo",
        "addr:province": "Rizal",
        "building": "college",
        "building:levels": "5",
        "building:material": "metal_plates",
        "building:prefabricated": "no",
        "nohousenumber": "yes",
        "note": "roof color only from satellite map",
        "operator": "AMA East Rizal Campus",
        "roof:colour": "#89a1c8",
        "wheelchair": "no"
      },
      "geometry": {
        "type": "Polygon",
        "coordinates": [
          [
            [
              121.1161114,
              14.6233466
            ],
            [
              121.1161937,
              14.6230214
            ],
            [
              121.1161698,
              14.6230157
            ],
            [
              121.1162012,
              14.6229004
            ],
            [
              121.1162539,
              14.6229133
            ],
            [
              121.11626,
              14.6228901
            ],
            [
              121.1167378,
              14.6230075
            ],
            [
              121.1167053,
              14.6231317
            ],
            [
              121.1166614,
              14.6231209
            ],
            [
              121.1166522,
              14.623156
            ],
            [
              121.1166179,
              14.6231676
            ],
            [
              121.116586,
              14.6231458
            ],
            [
              121.1165965,
              14.6230999
            ],
            [
              121.1163331,
              14.6230432
            ],
            [
              121.1162848,
              14.6232534
            ],
            [
              121.1163478,
              14.623267
            ],
            [
              121.1163601,
              14.6232134
            ],
            [
              121.1163809,
              14.6232008
            ],
            [
              121.1164039,
              14.6232095
            ],
            [
              121.1164074,
              14.6232283
            ],
            [
              121.1163961,
              14.6232725
            ],
            [
              121.1166176,
              14.6233265
            ],
            [
              121.1165724,
              14.623457
            ],
            [
              121.1165534,
              14.6234566
            ],
            [
              121.1161114,
              14.6233466
            ]
          ]
        ]
      },
      "id": "way/99731479"
    },
    {
      "type": "Feature",
      "properties": {
        "@id": "way/100466600",
        "building": "public"
      },
      "geometry": {
        "type": "Polygon",
        "coordinates": [
          [
            [
              121.0758915,
              14.6550771
            ],
            [
              121.0760689,
              14.65508
            ],
            [
              121.0760637,
              14.6553764
            ],
            [
              121.0759055,
              14.6553738
            ],
            [
              121.0758863,
              14.6553735
            ],
            [
              121.0758915,
              14.6550771
            ]
          ]
        ]
      },
      "id": "way/100466600"
    },
    {
      "type": "Feature",
      "properties": {
        "@id": "way/100466620",
        "building": "public"
      },
      "geometry": {
        "type": "Polygon",
        "coordinates": [
          [
            [
              121.0761686,
              14.6552961
            ],
            [
              121.0761745,
              14.6550868
            ],
            [
              121.0765588,
              14.655097
            ],
            [
              121.0765528,
              14.6553063
            ],
            [
              121.0761686,
              14.6552961
            ]
          ]
        ]
      },
      "id": "way/100466620"
    },
    {
      "type": "Feature",
      "properties": {
        "@id": "way/102524399",
        "addr:city": "Marikina",
        "addr:street": "Pio Del Pilar Street",
        "amenity": "townhall",
        "building": "civic",
        "building:levels": "3",
        "mapillary": "762731541103946",
        "name": "Concepcion Dos Barangay Hall",
        "source": "Bing"
      },
      "geometry": {
        "type": "Polygon",
        "coordinates": [
          [
            [
              121.1116489,
              14.6383673
            ],
            [
              121.1118381,
              14.638296
            ],
            [
              121.1118958,
              14.6384393
            ],
            [
              121.1117065,
              14.6385106
            ],
            [
              121.1116489,
              14.6383673
            ]
          ]
        ]
      },
      "id": "way/102524399"
    },
    {
      "type": "Feature",
      "properties": {
        "@id": "way/104246692",
        "addr:city": "Marikina",
        "addr:postcode": "1810",
        "addr:street": "Liwasang Kalayaan",
        "admin_level": "10",
        "amenity": "townhall",
        "building": "civic",
        "building:levels": "3",
        "name": "Bahay Pamahalaan ng Barangay Marikina Heights",
        "name:en": "Marikina Heights Barangay Hall",
        "name:tl": "Bahay Pamahalaan ng Barangay Marikina Heights",
        "townhall:type": "barangay"
      },
      "geometry": {
        "type": "Polygon",
        "coordinates": [
          [
            [
              121.1173124,
              14.6496491
            ],
            [
              121.1174269,
              14.6497591
            ],
            [
              121.1173398,
              14.649844
            ],
            [
              121.1172253,
              14.6497341
            ],
            [
              121.1173124,
              14.6496491
            ]
          ]
        ]
      },
      "id": "way/104246692"
    },
    {
      "type": "Feature",
      "properties": {
        "@id": "way/104371840",
        "building": "commercial"
      },
      "geometry": {
        "type": "Polygon",
        "coordinates": [
          [
            [
              121.1114484,
              14.6506469
            ],
            [
              121.1114175,
              14.6503896
            ],
            [
              121.1115645,
              14.6503731
            ],
            [
              121.1115796,
              14.6504981
            ],
            [
              121.1116883,
              14.6504859
            ],
            [
              121.1117042,
              14.6506182
            ],
            [
              121.1114484,
              14.6506469
            ]
          ]
        ]
      },
      "id": "way/104371840"
    },
    {
      "type": "Feature",
      "properties": {
        "@id": "way/104371863",
        "addr:city": "Marikina",
        "addr:housenumber": "45",
        "addr:postcode": "1810",
        "addr:street": "Bayan-Bayanan Avenue",
        "addr:village": "Marikina Heights",
        "amenity": "hospital",
        "building": "hospital",
        "building:levels": "5",
        "healthcare": "hospital",
        "name": "Garcia General Hospital",
        "operator:type": "private",
        "ref:doh": "7507"
      },
      "geometry": {
        "type": "Polygon",
        "coordinates": [
          [
            [
              121.1108461,
              14.6513921
            ],
            [
              121.1108097,
              14.6513334
            ],
            [
              121.1107206,
              14.6511891
            ],
            [
              121.1108025,
              14.651084
            ],
            [
              121.1108483,
              14.6510573
            ],
            [
              121.1110398,
              14.6510481
            ],
            [
              121.1110845,
              14.651088
            ],
            [
              121.11111,
              14.6511502
            ],
            [
              121.1111333,
              14.6511944
            ],
            [
              121.1111565,
              14.6512341
            ],
            [
              121.1108461,
              14.6513921
            ]
          ]
        ]
      },
      "id": "way/104371863"
    },
    {
      "type": "Feature",
      "properties": {
        "@id": "way/107182839",
        "addr:city": "Marikina",
        "building": "school"
      },
      "geometry": {
        "type": "Polygon",
        "coordinates": [
          [
            [
              121.107316,
              14.6707635
            ],
            [
              121.1072519,
              14.6705576
            ],
            [
              121.1076016,
              14.6704558
            ],
            [
              121.1076663,
              14.6706435
            ],
            [
              121.107316,
              14.6707635
            ]
          ]
        ]
      },
      "id": "way/107182839"
    },
    {
      "type": "Feature",
      "properties": {
        "@id": "way/107182853",
        "addr:city": "Marikina",
        "building": "school"
      },
      "geometry": {
        "type": "Polygon",
        "coordinates": [
          [
            [
              121.1076664,
              14.6706157
            ],
            [
              121.1076039,
              14.6704319
            ],
            [
              121.1078579,
              14.6703512
            ],
            [
              121.107867,
              14.6703778
            ],
            [
              121.1079154,
              14.6703624
            ],
            [
              121.1079688,
              14.6705195
            ],
            [
              121.1076664,
              14.6706157
            ]
          ]
        ]
      },
      "id": "way/107182853"
    },
    {
      "type": "Feature",
      "properties": {
        "@id": "way/107182857",
        "addr:city": "Marikina",
        "building": "commercial"
      },
      "geometry": {
        "type": "Polygon",
        "coordinates": [
          [
            [
              121.1104693,
              14.6412058
            ],
            [
              121.1104251,
              14.6410744
            ],
            [
              121.1112353,
              14.6408194
            ],
            [
              121.1112662,
              14.6409114
            ],
            [
              121.1109259,
              14.6410185
            ],
            [
              121.1109392,
              14.6410579
            ],
            [
              121.1104693,
              14.6412058
            ]
          ]
        ]
      },
      "id": "way/107182857"
    },
    {
      "type": "Feature",
      "properties": {
        "@id": "way/107182861",
        "addr:city": "Marikina",
        "addr:postcode": "1807",
        "addr:quarter": "Concepcion Uno",
        "building": "school"
      },
      "geometry": {
        "type": "Polygon",
        "coordinates": [
          [
            [
              121.1034423,
              14.6474461
            ],
            [
              121.1038507,
              14.6472636
            ],
            [
              121.1039007,
              14.6473645
            ],
            [
              121.1034903,
              14.6475483
            ],
            [
              121.1034423,
              14.6474461
            ]
          ]
        ]
      },
      "id": "way/107182861"
    },
    {
      "type": "Feature",
      "properties": {
        "@id": "way/107182862",
        "addr:city": "Marikina",
        "building": "school"
      },
      "geometry": {
        "type": "Polygon",
        "coordinates": [
          [
            [
              121.1078892,
              14.6703271
            ],
            [
              121.1077912,
              14.6703519
            ],
            [
              121.1077075,
              14.6700425
            ],
            [
              121.1076378,
              14.6700601
            ],
            [
              121.1076072,
              14.6699469
            ],
            [
              121.1077749,
              14.6699045
            ],
            [
              121.1078892,
              14.6703271
            ]
          ]
        ]
      },
      "id": "way/107182862"
    },
    {
      "type": "Feature",
      "properties": {
        "@id": "way/107182863",
        "addr:city": "Marikina",
        "addr:place": "Concepcion Uno",
        "addr:postcode": "1807",
        "building": "school"
      },
      "geometry": {
        "type": "Polygon",
        "coordinates": [
          [
            [
              121.104321,
              14.6480335
            ],
            [
              121.1042145,
              14.6480751
            ],
            [
              121.1039808,
              14.6475141
            ],
            [
              121.1032613,
              14.6478344
            ],
            [
              121.1032016,
              14.6477124
            ],
            [
              121.1039288,
              14.6473894
            ],
            [
              121.1040353,
              14.6473479
            ],
            [
              121.104321,
              14.6480335
            ]
          ]
        ]
      },
      "id": "way/107182863"
    },
    {
      "type": "Feature",
      "properties": {
        "@id": "way/107388548",
        "addr:city": "Marikina",
        "building": "hospital"
      },
      "geometry": {
        "type": "Polygon",
        "coordinates": [
          [
            [
              121.0981276,
              14.6362821
            ],
            [
              121.0981276,
              14.6360861
            ],
            [
              121.0982362,
              14.6360861
            ],
            [
              121.0982362,
              14.6362821
            ],
            [
              121.0981276,
              14.6362821
            ]
          ]
        ]
      },
      "id": "way/107388548"
    },
    {
      "type": "Feature",
      "properties": {
        "@id": "way/107388549",
        "addr:city": "Marikina",
        "building": "hospital"
      },
      "geometry": {
        "type": "Polygon",
        "coordinates": [
          [
            [
              121.0981394,
              14.6365158
            ],
            [
              121.0981441,
              14.6363104
            ],
            [
              121.0986777,
              14.6363227
            ],
            [
              121.098673,
              14.6365281
            ],
            [
              121.0981394,
              14.6365158
            ]
          ]
        ]
      },
      "id": "way/107388549"
    },
    {
      "type": "Feature",
      "properties": {
        "@id": "way/107394781",
        "building": "school"
      },
      "geometry": {
        "type": "Polygon",
        "coordinates": [
          [
            [
              121.0811504,
              14.6371754
            ],
            [
              121.0802088,
              14.6370104
            ],
            [
              121.0802238,
              14.6369248
            ],
            [
              121.0811654,
              14.6370899
            ],
            [
              121.0811504,
              14.6371754
            ]
          ]
        ]
      },
      "id": "way/107394781"
    },
    {
      "type": "Feature",
      "properties": {
        "@id": "way/114668202",
        "addr:city": "Marikina",
        "building": "commercial",
        "building:levels": "3",
        "roof:shape": "hipped"
      },
      "geometry": {
        "type": "Polygon",
        "coordinates": [
          [
            [
              121.10159,
              14.6341059
            ],
            [
              121.1015652,
              14.6339843
            ],
            [
              121.1015523,
              14.6339186
            ],
            [
              121.1016391,
              14.6338998
            ],
            [
              121.1016788,
              14.6339234
            ],
            [
              121.1017036,
              14.6340639
            ],
            [
              121.1016861,
              14.6340881
            ],
            [
              121.10159,
              14.6341059
            ]
          ]
        ]
      },
      "id": "way/114668202"
    },
    {
      "type": "Feature",
      "properties": {
        "@id": "way/114768450",
        "addr:city": "Marikina",
        "building": "school"
      },
      "geometry": {
        "type": "Polygon",
        "coordinates": [
          [
            [
              121.118533,
              14.6663223
            ],
            [
              121.1187162,
              14.6664028
            ],
            [
              121.1186822,
              14.6664753
            ],
            [
              121.118499,
              14.6663948
            ],
            [
              121.118533,
              14.6663223
            ]
          ]
        ]
      },
      "id": "way/114768450"
    },
    {
      "type": "Feature",
      "properties": {
        "@id": "way/114768451",
        "addr:city": "Marikina",
        "building": "school"
      },
      "geometry": {
        "type": "Polygon",
        "coordinates": [
          [
            [
              121.1174658,
              14.6661425
            ],
            [
              121.1175296,
              14.6660628
            ],
            [
              121.1177595,
              14.666235
            ],
            [
              121.1176958,
              14.6663147
            ],
            [
              121.1174658,
              14.6661425
            ]
          ]
        ]
      },
      "id": "way/114768451"
    },
    {
      "type": "Feature",
      "properties": {
        "@id": "way/114768465",
        "addr:city": "Marikina",
        "building": "school"
      },
      "geometry": {
        "type": "Polygon",
        "coordinates": [
          [
            [
              121.1173073,
              14.6656149
            ],
            [
              121.1172265,
              14.6655196
            ],
            [
              121.1176047,
              14.6652193
            ],
            [
              121.1176855,
              14.6653145
            ],
            [
              121.1173073,
              14.6656149
            ]
          ]
        ]
      },
      "id": "way/114768465"
    },
    {
      "type": "Feature",
      "properties": {
        "@id": "way/114768476",
        "addr:city": "Marikina",
        "building": "school"
      },
      "geometry": {
        "type": "Polygon",
        "coordinates": [
          [
            [
              121.1175248,
              14.6659621
            ],
            [
              121.1174092,
              14.6660522
            ],
            [
              121.1171849,
              14.6657829
            ],
            [
              121.1173135,
              14.6656826
            ],
            [
              121.1173834,
              14.6657665
            ],
            [
              121.1173704,
              14.6657766
            ],
            [
              121.1175248,
              14.6659621
            ]
          ]
        ]
      },
      "id": "way/114768476"
    },
    {
      "type": "Feature",
      "properties": {
        "@id": "way/114768974",
        "addr:province": "Rizal",
        "building": "school"
      },
      "geometry": {
        "type": "Polygon",
        "coordinates": [
          [
            [
              121.1126083,
              14.6727828
            ],
            [
              121.1125433,
              14.6727594
            ],
            [
              121.1126355,
              14.6725205
            ],
            [
              121.1127003,
              14.6725439
            ],
            [
              121.1126083,
              14.6727828
            ]
          ]
        ]
      },
      "id": "way/114768974"
    },
    {
      "type": "Feature",
      "properties": {
        "@id": "way/114769035",
        "addr:province": "Rizal",
        "building": "school"
      },
      "geometry": {
        "type": "Polygon",
        "coordinates": [
          [
            [
              121.1128914,
              14.6727027
            ],
            [
              121.1127919,
              14.6724719
            ],
            [
              121.1128972,
              14.6724294
            ],
            [
              121.1129967,
              14.6726602
            ],
            [
              121.1128914,
              14.6727027
            ]
          ]
        ]
      },
      "id": "way/114769035"
    },
    {
      "type": "Feature",
      "properties": {
        "@id": "way/114769050",
        "addr:province": "Rizal",
        "building": "school"
      },
      "geometry": {
        "type": "Polygon",
        "coordinates": [
          [
            [
              121.1124652,
              14.6729624
            ],
            [
              121.1124287,
              14.672881
            ],
            [
              121.1125748,
              14.6728196
            ],
            [
              121.1126113,
              14.672901
            ],
            [
              121.1124652,
              14.6729624
            ]
          ]
        ]
      },
      "id": "way/114769050"
    },
    {
      "type": "Feature",
      "properties": {
        "@id": "way/114769061",
        "addr:province": "Rizal",
        "building": "school"
      },
      "geometry": {
        "type": "Polygon",
        "coordinates": [
          [
            [
              121.1126197,
              14.6728182
            ],
            [
              121.1129691,
              14.6726785
            ],
            [
              121.1130034,
              14.6727587
            ],
            [
              121.112654,
              14.6728985
            ],
            [
              121.1126197,
              14.6728182
            ]
          ]
        ]
      },
      "id": "way/114769061"
    },
    {
      "type": "Feature",
      "properties": {
        "@id": "way/114802037",
        "addr:city": "Marikina",
        "building": "school"
      },
      "geometry": {
        "type": "Polygon",
        "coordinates": [
          [
            [
              121.1266278,
              14.659746
            ],
            [
              121.1266832,
              14.6596614
            ],
            [
              121.1271219,
              14.6599493
            ],
            [
              121.1270664,
              14.6600338
            ],
            [
              121.1266278,
              14.659746
            ]
          ]
        ]
      },
      "id": "way/114802037"
    },
    {
      "type": "Feature",
      "properties": {
        "@id": "way/114802045",
        "addr:city": "Marikina",
        "addr:quarter": "Fortune",
        "addr:street": "Champaca 1",
        "amenity": "townhall",
        "building": "commercial",
        "name": "Fortune Barangay Hall",
        "townhall:type": "barangay"
      },
      "geometry": {
        "type": "Polygon",
        "coordinates": [
          [
            [
              121.1273626,
              14.6634825
            ],
            [
              121.1273178,
              14.6633853
            ],
            [
              121.1275796,
              14.6632723
            ],
            [
              121.1276244,
              14.6633694
            ],
            [
              121.1273626,
              14.6634825
            ]
          ]
        ]
      },
      "id": "way/114802045"
    },
    {
      "type": "Feature",
      "properties": {
        "@id": "way/114802046",
        "addr:city": "Marikina",
        "building": "school"
      },
      "geometry": {
        "type": "Polygon",
        "coordinates": [
          [
            [
              121.1267993,
              14.6594979
            ],
            [
              121.1268566,
              14.6594111
            ],
            [
              121.1272993,
              14.6597036
            ],
            [
              121.127242,
              14.6597904
            ],
            [
              121.1267993,
              14.6594979
            ]
          ]
        ]
      },
      "id": "way/114802046"
    },
    {
      "type": "Feature",
      "properties": {
        "@id": "way/115077636",
        "addr:city": "Marikina",
        "addr:postcode": "1800",
        "building": "school",
        "building:levels": "4",
        "roof:shape": "hipped"
      },
      "geometry": {
        "type": "Polygon",
        "coordinates": [
          [
            [
              121.0971733,
              14.6320463
            ],
            [
              121.0976654,
              14.6321201
            ],
            [
              121.0976419,
              14.6323187
            ],
            [
              121.0975308,
              14.6323017
            ],
            [
              121.0975419,
              14.6322131
            ],
            [
              121.0972783,
              14.6321781
            ],
            [
              121.0972698,
              14.6322418
            ],
            [
              121.0971483,
              14.6322256
            ],
            [
              121.0971568,
              14.6321619
            ],
            [
              121.0971733,
              14.6320463
            ]
          ]
        ]
      },
      "id": "way/115077636"
    },
    {
      "type": "Feature",
      "properties": {
        "@id": "way/115077655",
        "addr:city": "Marikina",
        "addr:housenumber": "30",
        "addr:postcode": "1800",
        "building": "school",
        "roof:shape": "round"
      },
      "geometry": {
        "type": "Polygon",
        "coordinates": [
          [
            [
              121.0971483,
              14.6322256
            ],
            [
              121.0972698,
              14.6322418
            ],
            [
              121.0972069,
              14.6326125
            ],
            [
              121.0970889,
              14.6325951
            ],
            [
              121.0971483,
              14.6322256
            ]
          ]
        ]
      },
      "id": "way/115077655"
    },
    {
      "type": "Feature",
      "properties": {
        "@id": "way/115077657",
        "addr:city": "Marikina",
        "addr:postcode": "1800",
        "building": "school",
        "building:levels": "5",
        "roof:shape": "round"
      },
      "geometry": {
        "type": "Polygon",
        "coordinates": [
          [
            [
              121.0976067,
              14.6326674
            ],
            [
              121.0974807,
              14.6326527
            ],
            [
              121.097496,
              14.6325476
            ],
            [
              121.0975281,
              14.6323271
            ],
            [
              121.0976544,
              14.6323456
            ],
            [
              121.0976067,
              14.6326674
            ]
          ]
        ]
      },
      "id": "way/115077657"
    },
    {
      "type": "Feature",
      "properties": {
        "@id": "way/115811590",
        "addr:city": "Marikina",
        "addr:place": "Concepcion Uno",
        "addr:postcode": "1807",
        "addr:street": "Flores",
        "amenity": "townhall",
        "building": "civic",
        "name": "Concepcion Uno Barangay Hall",
        "townhall:type": "village"
      },
      "geometry": {
        "type": "Polygon",
        "coordinates": [
          [
            [
              121.1044857,
              14.6532469
            ],
            [
              121.1044324,
              14.6531332
            ],
            [
              121.1045264,
              14.653092
            ],
            [
              121.1045797,
              14.6532057
            ],
            [
              121.1044857,
              14.6532469
            ]
          ]
        ]
      },
      "id": "way/115811590"
    },
    {
      "type": "Feature",
      "properties": {
        "@id": "way/115831107",
        "addr:city": "Marikina",
        "building": "school"
      },
      "geometry": {
        "type": "Polygon",
        "coordinates": [
          [
            [
              121.1240859,
              14.648857
            ],
            [
              121.1241597,
              14.6484114
            ],
            [
              121.1243224,
              14.6484384
            ],
            [
              121.1242486,
              14.6488839
            ],
            [
              121.1240859,
              14.648857
            ]
          ]
        ]
      },
      "id": "way/115831107"
    },
    {
      "type": "Feature",
      "properties": {
        "@id": "way/115831132",
        "addr:city": "Marikina",
        "building": "commercial"
      },
      "geometry": {
        "type": "Polygon",
        "coordinates": [
          [
            [
              121.1251042,
              14.6555388
            ],
            [
              121.1248416,
              14.6553891
            ],
            [
              121.1249261,
              14.6552504
            ],
            [
              121.1250367,
              14.6553134
            ],
            [
              121.12505,
              14.6552916
            ],
            [
              121.1249886,
              14.6552566
            ],
            [
              121.1250524,
              14.6551518
            ],
            [
              121.125113,
              14.6551864
            ],
            [
              121.1251296,
              14.6551591
            ],
            [
              121.1250181,
              14.6550955
            ],
            [
              121.125107,
              14.6549496
            ],
            [
              121.1253712,
              14.6551003
            ],
            [
              121.1251042,
              14.6555388
            ]
          ]
        ]
      },
      "id": "way/115831132"
    },
    {
      "type": "Feature",
      "properties": {
        "@id": "way/116061782",
        "addr:city": "Marikina",
        "building": "school"
      },
      "geometry": {
        "type": "Polygon",
        "coordinates": [
          [
            [
              121.0853394,
              14.6343274
            ],
            [
              121.0855944,
              14.6344389
            ],
            [
              121.0855601,
              14.6345126
            ],
            [
              121.0853051,
              14.6344012
            ],
            [
              121.0853394,
              14.6343274
            ]
          ]
        ]
      },
      "id": "way/116061782"
    },
    {
      "type": "Feature",
      "properties": {
        "@id": "way/116061794",
        "addr:city": "Marikina",
        "amenity": "townhall",
        "building": "public",
        "government": "administrative",
        "name": "Tañong Barangay Hall",
        "office": "government",
        "opening_hours": "24/7",
        "townhall:type": "village"
      },
      "geometry": {
        "type": "Polygon",
        "coordinates": [
          [
            [
              121.0857089,
              14.6345377
            ],
            [
              121.0858374,
              14.6346017
            ],
            [
              121.085792,
              14.6346805
            ],
            [
              121.0856668,
              14.6346173
            ],
            [
              121.0857089,
              14.6345377
            ]
          ]
        ]
      },
      "id": "way/116061794"
    },
    {
      "type": "Feature",
      "properties": {
        "@id": "way/116514773",
        "building": "commercial",
        "police": "offices"
      },
      "geometry": {
        "type": "Polygon",
        "coordinates": [
          [
            [
              121.0633075,
              14.6383591
            ],
            [
              121.0631063,
              14.6383595
            ],
            [
              121.0631059,
              14.6381531
            ],
            [
              121.0631053,
              14.6379432
            ],
            [
              121.0633065,
              14.6379428
            ],
            [
              121.0633075,
              14.6383591
            ]
          ]
        ]
      },
      "id": "way/116514773"
    },
    {
      "type": "Feature",
      "properties": {
        "@id": "way/116514782",
        "building": "public"
      },
      "geometry": {
        "type": "Polygon",
        "coordinates": [
          [
            [
              121.0637728,
              14.638584
            ],
            [
              121.0637746,
              14.6383337
            ],
            [
              121.0639154,
              14.6383346
            ],
            [
              121.0639137,
              14.6385849
            ],
            [
              121.0637728,
              14.638584
            ]
          ]
        ]
      },
      "id": "way/116514782"
    },
    {
      "type": "Feature",
      "properties": {
        "@id": "way/116514784",
        "building": "public"
      },
      "geometry": {
        "type": "Polygon",
        "coordinates": [
          [
            [
              121.063345,
              14.6386164
            ],
            [
              121.0633554,
              14.6383713
            ],
            [
              121.0634936,
              14.6383767
            ],
            [
              121.0634831,
              14.6386219
            ],
            [
              121.063345,
              14.6386164
            ]
          ]
        ]
      },
      "id": "way/116514784"
    },
    {
      "type": "Feature",
      "properties": {
        "@id": "way/116514792",
        "building": "public"
      },
      "geometry": {
        "type": "Polygon",
        "coordinates": [
          [
            [
              121.0634651,
              14.6379073
            ],
            [
              121.0633378,
              14.6379048
            ],
            [
              121.0633432,
              14.6376569
            ],
            [
              121.0634705,
              14.6376595
            ],
            [
              121.0634651,
              14.6379073
            ]
          ]
        ]
      },
      "id": "way/116514792"
    },
    {
      "type": "Feature",
      "properties": {
        "@id": "way/116516935",
        "building": "public"
      },
      "geometry": {
        "type": "Polygon",
        "coordinates": [
          [
            [
              121.0622705,
              14.6374183
            ],
            [
              121.0619251,
              14.6373911
            ],
            [
              121.0619426,
              14.637183
            ],
            [
              121.062288,
              14.6372101
            ],
            [
              121.0622705,
              14.6374183
            ]
          ]
        ]
      },
      "id": "way/116516935"
    },
    {
      "type": "Feature",
      "properties": {
        "@id": "way/116587604",
        "addr:city": "Marikina",
        "addr:postcode": "1810",
        "addr:street": "General Ordoñez Street",
        "building": "commercial"
      },
      "geometry": {
        "type": "Polygon",
        "coordinates": [
          [
            [
              121.1121375,
              14.6499077
            ],
            [
              121.1121502,
              14.6498445
            ],
            [
              121.1121623,
              14.6497848
            ],
            [
              121.1123257,
              14.6498156
            ],
            [
              121.1123009,
              14.6499386
            ],
            [
              121.1121375,
              14.6499077
            ]
          ]
        ]
      },
      "id": "way/116587604"
    },
    {
      "type": "Feature",
      "properties": {
        "@id": "way/116588634",
        "addr:city": "Marikina",
        "building": "school"
      },
      "geometry": {
        "type": "Polygon",
        "coordinates": [
          [
            [
              121.1163402,
              14.6516496
            ],
            [
              121.1162571,
              14.6513952
            ],
            [
              121.1164245,
              14.651344
            ],
            [
              121.1165076,
              14.6515984
            ],
            [
              121.1163402,
              14.6516496
            ]
          ]
        ]
      },
      "id": "way/116588634"
    },
    {
      "type": "Feature",
      "properties": {
        "@id": "way/116914594",
        "addr:city": "Marikina",
        "addr:postcode": "1805",
        "building": "school"
      },
      "geometry": {
        "type": "Polygon",
        "coordinates": [
          [
            [
              121.094277,
              14.6505144
            ],
            [
              121.0942994,
              14.6506241
            ],
            [
              121.0940871,
              14.6506645
            ],
            [
              121.0940648,
              14.6505548
            ],
            [
              121.094277,
              14.6505144
            ]
          ]
        ]
      },
      "id": "way/116914594"
    },
    {
      "type": "Feature",
      "properties": {
        "@id": "way/116914597",
        "addr:city": "Marikina",
        "addr:postcode": "1805",
        "building": "school"
      },
      "geometry": {
        "type": "Polygon",
        "coordinates": [
          [
            [
              121.0941158,
              14.6505205
            ],
            [
              121.0939866,
              14.6505938
            ],
            [
              121.0938285,
              14.6503328
            ],
            [
              121.0939316,
              14.6502744
            ],
            [
              121.0940373,
              14.6504488
            ],
            [
              121.0940634,
              14.650434
            ],
            [
              121.0941158,
              14.6505205
            ]
          ]
        ]
      },
      "id": "way/116914597"
    },
    {
      "type": "Feature",
      "properties": {
        "@id": "way/116914601",
        "addr:city": "Marikina",
        "addr:postcode": "1805",
        "building": "school"
      },
      "geometry": {
        "type": "Polygon",
        "coordinates": [
          [
            [
              121.094065,
              14.6500456
            ],
            [
              121.0948094,
              14.6498447
            ],
            [
              121.0948453,
              14.6499664
            ],
            [
              121.0940997,
              14.6501764
            ],
            [
              121.094065,
              14.6500456
            ]
          ]
        ]
      },
      "id": "way/116914601"
    },
    {
      "type": "Feature",
      "properties": {
        "@id": "way/116914604",
        "addr2:street": "Visayas Street",
        "addr:city": "Marikina",
        "addr:postcode": "1805",
        "addr:street": "Malaya Street",
        "admin_level": "10",
        "amenity": "townhall",
        "building": "civic",
        "name": "Bulwagang Pambarangay ng Malanday",
        "name:en": "Malanday Barangay Hall",
        "name:tl": "Bulwagang Pambarangay ng Malanday",
        "townhall:type": "barangay"
      },
      "geometry": {
        "type": "Polygon",
        "coordinates": [
          [
            [
              121.0937864,
              14.6501511
            ],
            [
              121.0940397,
              14.6500549
            ],
            [
              121.0940782,
              14.6501499
            ],
            [
              121.0938992,
              14.6502179
            ],
            [
              121.0939108,
              14.6502467
            ],
            [
              121.0938366,
              14.6502749
            ],
            [
              121.0937864,
              14.6501511
            ]
          ]
        ]
      },
      "id": "way/116914604"
    },
    {
      "type": "Feature",
      "properties": {
        "@id": "way/117031129",
        "addr:city": "Marikina",
        "building": "school"
      },
      "geometry": {
        "type": "Polygon",
        "coordinates": [
          [
            [
              121.1198479,
              14.6479528
            ],
            [
              121.1198059,
              14.6478203
            ],
            [
              121.1204882,
              14.6476176
            ],
            [
              121.1205301,
              14.64775
            ],
            [
              121.1198479,
              14.6479528
            ]
          ]
        ]
      },
      "id": "way/117031129"
    },
    {
      "type": "Feature",
      "properties": {
        "@id": "way/117031201",
        "access": "private",
        "addr:city": "Marikina",
        "building": "school",
        "roof:colour": "#a39e8b",
        "roof:shape": "gabled"
      },
      "geometry": {
        "type": "Polygon",
        "coordinates": [
          [
            [
              121.1171826,
              14.6443795
            ],
            [
              121.117188,
              14.6443811
            ],
            [
              121.1173534,
              14.64443
            ],
            [
              121.1173057,
              14.644581
            ],
            [
              121.1172419,
              14.6445621
            ],
            [
              121.1172572,
              14.6445139
            ],
            [
              121.1171501,
              14.6444822
            ],
            [
              121.1171781,
              14.6443938
            ],
            [
              121.1171826,
              14.6443795
            ]
          ]
        ]
      },
      "id": "way/117031201"
    },
    {
      "type": "Feature",
      "properties": {
        "@id": "way/117041549",
        "building": "public"
      },
      "geometry": {
        "type": "Polygon",
        "coordinates": [
          [
            [
              121.0637804,
              14.6379122
            ],
            [
              121.0637856,
              14.6376657
            ],
            [
              121.0639278,
              14.6376685
            ],
            [
              121.0639226,
              14.637915
            ],
            [
              121.0637804,
              14.6379122
            ]
          ]
        ]
      },
      "id": "way/117041549"
    },
    {
      "type": "Feature",
      "properties": {
        "@id": "way/117044977",
        "addr:province": "Rizal",
        "building": "school"
      },
      "geometry": {
        "type": "Polygon",
        "coordinates": [
          [
            [
              121.1210655,
              14.6299066
            ],
            [
              121.1210768,
              14.6296109
            ],
            [
              121.1212569,
              14.6296174
            ],
            [
              121.1212455,
              14.6299131
            ],
            [
              121.1210655,
              14.6299066
            ]
          ]
        ]
      },
      "id": "way/117044977"
    },
    {
      "type": "Feature",
      "properties": {
        "@id": "way/117045355",
        "addr:city": "Cainta",
        "addr:country": "PH",
        "addr:district": "San Isidro",
        "addr:neighbourhood": "Town & Country Executive Village",
        "addr:postcode": "1900",
        "addr:province": "Rizal",
        "addr:region": "Calabarzon",
        "building": "school",
        "building:levels": "2"
      },
      "geometry": {
        "type": "Polygon",
        "coordinates": [
          [
            [
              121.1108207,
              14.6212849
            ],
            [
              121.1108107,
              14.6214521
            ],
            [
              121.1106219,
              14.6214449
            ],
            [
              121.1106254,
              14.621359
            ],
            [
              121.1097119,
              14.6213148
            ],
            [
              121.1097196,
              14.6211874
            ],
            [
              121.1099426,
              14.6212059
            ],
            [
              121.1099393,
              14.621231
            ],
            [
              121.1102685,
              14.6212497
            ],
            [
              121.1105865,
              14.6212713
            ],
            [
              121.1108207,
              14.6212849
            ]
          ]
        ]
      },
      "id": "way/117045355"
    },
    {
      "type": "Feature",
      "properties": {
        "@id": "way/117045659",
        "addr:city": "Quezon City",
        "addr:street": "Pajo Street",
        "amenity": "health_post",
        "building": "civic",
        "healthcare": "community_health_worker",
        "name": "E. Rodriguez Health Center",
        "operator:type": "public"
      },
      "geometry": {
        "type": "Polygon",
        "coordinates": [
          [
            [
              121.0633423,
              14.6322736
            ],
            [
              121.0634548,
              14.6322246
            ],
            [
              121.0635164,
              14.6323571
            ],
            [
              121.0634038,
              14.632406
            ],
            [
              121.0633423,
              14.6322736
            ]
          ]
        ]
      },
      "id": "way/117045659"
    },
    {
      "type": "Feature",
      "properties": {
        "@id": "way/117163464",
        "addr:city": "Quezon City",
        "addr:district": "Diliman",
        "addr:housenumber": "1101",
        "addr:street": "Carlos P. Garcia Avenue",
        "addr:unit": "75",
        "building": "school",
        "building:levels": "5",
        "name": "Math Building Annex"
      },
      "geometry": {
        "type": "Polygon",
        "coordinates": [
          [
            [
              121.0718586,
              14.6484311
            ],
            [
              121.071893,
              14.6484504
            ],
            [
              121.0719473,
              14.6483698
            ],
            [
              121.0719763,
              14.6483733
            ],
            [
              121.0719871,
              14.6483961
            ],
            [
              121.0719621,
              14.6484301
            ],
            [
              121.0719779,
              14.64844
            ],
            [
              121.0720103,
              14.6483916
            ],
            [
              121.0720844,
              14.6483826
            ],
            [
              121.0721354,
              14.6484104
            ],
            [
              121.0721493,
              14.6484831
            ],
            [
              121.0721243,
              14.6485207
            ],
            [
              121.0721883,
              14.6485539
            ],
            [
              121.072153,
              14.6486131
            ],
            [
              121.0721864,
              14.648631
            ],
            [
              121.0722003,
              14.6486687
            ],
            [
              121.0722068,
              14.648709
            ],
            [
              121.0721781,
              14.648753
            ],
            [
              121.0720928,
              14.6487745
            ],
            [
              121.0720455,
              14.6487521
            ],
            [
              121.072001,
              14.6488122
            ],
            [
              121.0719602,
              14.6488148
            ],
            [
              121.0719408,
              14.6488032
            ],
            [
              121.0719083,
              14.6488516
            ],
            [
              121.071761,
              14.6487628
            ],
            [
              121.0718342,
              14.6486525
            ],
            [
              121.0718156,
              14.6486436
            ],
            [
              121.0717962,
              14.6486077
            ],
            [
              121.0718014,
              14.6485949
            ],
            [
              121.0717674,
              14.6485754
            ],
            [
              121.0718586,
              14.6484311
            ]
          ]
        ]
      },
      "id": "way/117163464"
    },
    {
      "type": "Feature",
      "properties": {
        "@id": "way/117163480",
        "building": "commercial",
        "building:levels": "3",
        "name": "UP-Ayala Technology Park",
        "source": "Bing"
      },
      "geometry": {
        "type": "Polygon",
        "coordinates": [
          [
            [
              121.0735039,
              14.6479116
            ],
            [
              121.073029,
              14.6479042
            ],
            [
              121.073032,
              14.6477224
            ],
            [
              121.0730438,
              14.6477226
            ],
            [
              121.0730445,
              14.6476801
            ],
            [
              121.0730996,
              14.647681
            ],
            [
              121.0730989,
              14.647724
            ],
            [
              121.0731802,
              14.6477252
            ],
            [
              121.0731787,
              14.6478142
            ],
            [
              121.0736665,
              14.6478217
            ],
            [
              121.073665,
              14.6479153
            ],
            [
              121.0735843,
              14.647914
            ],
            [
              121.0735841,
              14.6479277
            ],
            [
              121.0735037,
              14.6479265
            ],
            [
              121.0735039,
              14.6479116
            ]
          ]
        ]
      },
      "id": "way/117163480"
    },
    {
      "type": "Feature",
      "properties": {
        "@id": "way/117481989",
        "addr:city": "Marikina",
        "building": "school"
      },
      "geometry": {
        "type": "Polygon",
        "coordinates": [
          [
            [
              121.1188133,
              14.6426538
            ],
            [
              121.1190349,
              14.6427035
            ],
            [
              121.1190044,
              14.6428308
            ],
            [
              121.1187828,
              14.6427811
            ],
            [
              121.1188133,
              14.6426538
            ]
          ]
        ]
      },
      "id": "way/117481989"
    },
    {
      "type": "Feature",
      "properties": {
        "@id": "way/119429587",
        "addr:city": "Marikina",
        "building": "commercial",
        "building:levels": "2",
        "name": "Village Lifestyle"
      },
      "geometry": {
        "type": "Polygon",
        "coordinates": [
          [
            [
              121.1239514,
              14.6380619
            ],
            [
              121.1239786,
              14.6379825
            ],
            [
              121.1240913,
              14.6380187
            ],
            [
              121.1240641,
              14.638098
            ],
            [
              121.1239514,
              14.6380619
            ]
          ]
        ]
      },
      "id": "way/119429587"
    },
    {
      "type": "Feature",
      "properties": {
        "@id": "way/119525066",
        "addr:city": "Marikina",
        "building": "school"
      },
      "geometry": {
        "type": "Polygon",
        "coordinates": [
          [
            [
              121.0844279,
              14.6383224
            ],
            [
              121.0844204,
              14.6382999
            ],
            [
              121.0844813,
              14.6382808
            ],
            [
              121.0844888,
              14.6383034
            ],
            [
              121.0844279,
              14.6383224
            ]
          ]
        ]
      },
      "id": "way/119525066"
    },
    {
      "type": "Feature",
      "properties": {
        "@id": "way/119904415",
        "addr:city": "Marikina",
        "building": "school"
      },
      "geometry": {
        "type": "Polygon",
        "coordinates": [
          [
            [
              121.1200825,
              14.6403599
            ],
            [
              121.1200699,
              14.6402263
            ],
            [
              121.1202964,
              14.6402063
            ],
            [
              121.120309,
              14.6403398
            ],
            [
              121.1200825,
              14.6403599
            ]
          ]
        ]
      },
      "id": "way/119904415"
    },
    {
      "type": "Feature",
      "properties": {
        "@id": "way/119904908",
        "addr:city": "Marikina",
        "addr:housenumber": "81",
        "addr:postcode": "1811",
        "addr:quarter": "Concepcion Dos",
        "addr:street": "Lilac Street",
        "building": "commercial",
        "building:levels": "2",
        "mapillary": "869703588407289",
        "name": "TMA Building"
      },
      "geometry": {
        "type": "Polygon",
        "coordinates": [
          [
            [
              121.1218823,
              14.6386391
            ],
            [
              121.1218773,
              14.6385544
            ],
            [
              121.1220162,
              14.6385467
            ],
            [
              121.1220212,
              14.6386314
            ],
            [
              121.1218823,
              14.6386391
            ]
          ]
        ]
      },
      "id": "way/119904908"
    },
    {
      "type": "Feature",
      "properties": {
        "@id": "way/120115734",
        "building": "commercial",
        "mapillary": "464049214881183",
        "old_name": "PNB"
      },
      "geometry": {
        "type": "Polygon",
        "coordinates": [
          [
            [
              121.0681336,
              14.6291325
            ],
            [
              121.0680403,
              14.6290878
            ],
            [
              121.0680723,
              14.6290238
            ],
            [
              121.0681001,
              14.6290143
            ],
            [
              121.0681182,
              14.6290233
            ],
            [
              121.0681751,
              14.6290515
            ],
            [
              121.0681336,
              14.6291325
            ]
          ]
        ]
      },
      "id": "way/120115734"
    },
    {
      "type": "Feature",
      "properties": {
        "@id": "way/120116405",
        "addr:city": "Quezon City",
        "addr:housenumber": "168",
        "addr:postcode": "1110",
        "addr:street": "E. Rodriguez Jr. Avenue",
        "building": "commercial",
        "building:levels": "5",
        "name": "R.V. Mansion"
      },
      "geometry": {
        "type": "Polygon",
        "coordinates": [
          [
            [
              121.075271,
              14.6113023
            ],
            [
              121.075299,
              14.6111713
            ],
            [
              121.0754466,
              14.6112009
            ],
            [
              121.0754185,
              14.6113319
            ],
            [
              121.075271,
              14.6113023
            ]
          ]
        ]
      },
      "id": "way/120116405"
    },
    {
      "type": "Feature",
      "properties": {
        "@id": "way/120255624",
        "addr:city": "Marikina",
        "addr:housename": "San Jose Seminar College Building",
        "building": "college",
        "name": "San Jose Seminar College Building",
        "source": "LAbad"
      },
      "geometry": {
        "type": "Polygon",
        "coordinates": [
          [
            [
              121.0816341,
              14.6349488
            ],
            [
              121.0815108,
              14.6349489
            ],
            [
              121.0815107,
              14.6348267
            ],
            [
              121.0816656,
              14.6348267
            ],
            [
              121.0816656,
              14.6349296
            ],
            [
              121.0817478,
              14.6349296
            ],
            [
              121.0817478,
              14.6350651
            ],
            [
              121.0816342,
              14.6350652
            ],
            [
              121.0816341,
              14.6349488
            ]
          ]
        ]
      },
      "id": "way/120255624"
    },
    {
      "type": "Feature",
      "properties": {
        "@id": "way/120374782",
        "addr:city": "Marikina",
        "addr:housenumber": "2",
        "addr:place": "Barangka",
        "addr:postcode": "1803",
        "addr:street": "A. Bonifacio Avenue",
        "brand": "7-Eleven",
        "brand:wikidata": "Q259340",
        "brand:wikipedia": "en:7-Eleven",
        "building": "commercial",
        "name": "7-Eleven",
        "opening_hours": "24/7",
        "shop": "convenience"
      },
      "geometry": {
        "type": "Polygon",
        "coordinates": [
          [
            [
              121.0824494,
              14.6330764
            ],
            [
              121.0824528,
              14.6329222
            ],
            [
              121.0825624,
              14.6329559
            ],
            [
              121.082519,
              14.6330873
            ],
            [
              121.0824494,
              14.6330764
            ]
          ]
        ]
      },
      "id": "way/120374782"
    },
    {
      "type": "Feature",
      "properties": {
        "@id": "way/120374792",
        "building": "school"
      },
      "geometry": {
        "type": "Polygon",
        "coordinates": [
          [
            [
              121.0820084,
              14.6331497
            ],
            [
              121.0823114,
              14.6331422
            ],
            [
              121.0823205,
              14.6337372
            ],
            [
              121.0820376,
              14.6337484
            ],
            [
              121.082032,
              14.6336158
            ],
            [
              121.0821789,
              14.63361
            ],
            [
              121.0821628,
              14.6332641
            ],
            [
              121.0820135,
              14.63327
            ],
            [
              121.0820084,
              14.6331497
            ]
          ]
        ]
      },
      "id": "way/120374792"
    },
    {
      "type": "Feature",
      "properties": {
        "@id": "way/120374797",
        "building": "school"
      },
      "geometry": {
        "type": "Polygon",
        "coordinates": [
          [
            [
              121.0812732,
              14.6336405
            ],
            [
              121.0815653,
              14.6336409
            ],
            [
              121.0815651,
              14.633745
            ],
            [
              121.081273,
              14.6337447
            ],
            [
              121.0812732,
              14.6336405
            ]
          ]
        ]
      },
      "id": "way/120374797"
    },
    {
      "type": "Feature",
      "properties": {
        "@id": "way/120374800",
        "addr:city": "Marikina",
        "addr:postcode": "1803",
        "building": "school"
      },
      "geometry": {
        "type": "Polygon",
        "coordinates": [
          [
            [
              121.0818635,
              14.6331906
            ],
            [
              121.0819789,
              14.6331864
            ],
            [
              121.0819818,
              14.6332628
            ],
            [
              121.0818665,
              14.633267
            ],
            [
              121.0818635,
              14.6331906
            ]
          ]
        ]
      },
      "id": "way/120374800"
    },
    {
      "type": "Feature",
      "properties": {
        "@id": "way/120374806",
        "building": "school"
      },
      "geometry": {
        "type": "Polygon",
        "coordinates": [
          [
            [
              121.0818041,
              14.6336401
            ],
            [
              121.0818043,
              14.6337537
            ],
            [
              121.0815717,
              14.6337541
            ],
            [
              121.0815714,
              14.6336405
            ],
            [
              121.0818041,
              14.6336401
            ]
          ]
        ]
      },
      "id": "way/120374806"
    },
    {
      "type": "Feature",
      "properties": {
        "@id": "way/120374812",
        "addr:city": "Marikina",
        "building": "commercial"
      },
      "geometry": {
        "type": "Polygon",
        "coordinates": [
          [
            [
              121.0824494,
              14.6331998
            ],
            [
              121.0824539,
              14.6330924
            ],
            [
              121.0825101,
              14.633102
            ],
            [
              121.082485,
              14.6332036
            ],
            [
              121.0824494,
              14.6331998
            ]
          ]
        ]
      },
      "id": "way/120374812"
    },
    {
      "type": "Feature",
      "properties": {
        "@id": "way/120435344",
        "addr:city": "Marikina",
        "addr:housenumber": "9",
        "addr:postcode": "1811",
        "addr:street": "Lilac Street",
        "building": "commercial",
        "building:levels": "3"
      },
      "geometry": {
        "type": "Polygon",
        "coordinates": [
          [
            [
              121.1202464,
              14.6451757
            ],
            [
              121.12016,
              14.6450866
            ],
            [
              121.120403,
              14.6448658
            ],
            [
              121.1204895,
              14.6449549
            ],
            [
              121.1202464,
              14.6451757
            ]
          ]
        ]
      },
      "id": "way/120435344"
    },
    {
      "type": "Feature",
      "properties": {
        "@id": "way/120780655",
        "addr:city": "Marikina",
        "building": "school"
      },
      "geometry": {
        "type": "Polygon",
        "coordinates": [
          [
            [
              121.1188687,
              14.6419374
            ],
            [
              121.1188728,
              14.6418474
            ],
            [
              121.119091,
              14.6418566
            ],
            [
              121.119087,
              14.6419466
            ],
            [
              121.1188687,
              14.6419374
            ]
          ]
        ]
      },
      "id": "way/120780655"
    },
    {
      "type": "Feature",
      "properties": {
        "@id": "way/121193754",
        "building": "school"
      },
      "geometry": {
        "type": "Polygon",
        "coordinates": [
          [
            [
              121.0966005,
              14.623081
            ],
            [
              121.0967936,
              14.6226169
            ],
            [
              121.0968986,
              14.6226578
            ],
            [
              121.0967056,
              14.623122
            ],
            [
              121.0966005,
              14.623081
            ]
          ]
        ]
      },
      "id": "way/121193754"
    },
    {
      "type": "Feature",
      "properties": {
        "@id": "way/121193756",
        "addr:city": "Marikina",
        "building": "school"
      },
      "geometry": {
        "type": "Polygon",
        "coordinates": [
          [
            [
              121.0970048,
              14.6235691
            ],
            [
              121.0971558,
              14.6232415
            ],
            [
              121.0972943,
              14.6229409
            ],
            [
              121.0973943,
              14.6229841
            ],
            [
              121.0972536,
              14.6232894
            ],
            [
              121.0971048,
              14.6236123
            ],
            [
              121.0970048,
              14.6235691
            ]
          ]
        ]
      },
      "id": "way/121193756"
    },
    {
      "type": "Feature",
      "properties": {
        "@id": "way/121193757",
        "addr:city": "Marikina",
        "building": "school"
      },
      "geometry": {
        "type": "Polygon",
        "coordinates": [
          [
            [
              121.0968981,
              14.6226341
            ],
            [
              121.096939,
              14.622539
            ],
            [
              121.0974739,
              14.6227542
            ],
            [
              121.0974331,
              14.6228492
            ],
            [
              121.0968981,
              14.6226341
            ]
          ]
        ]
      },
      "id": "way/121193757"
    },
    {
      "type": "Feature",
      "properties": {
        "@id": "way/121193761",
        "addr:city": "Marikina",
        "building": "school"
      },
      "geometry": {
        "type": "Polygon",
        "coordinates": [
          [
            [
              121.0965269,
              14.623221
            ],
            [
              121.09659,
              14.6231202
            ],
            [
              121.097071,
              14.6234022
            ],
            [
              121.0970079,
              14.6235029
            ],
            [
              121.0965269,
              14.623221
            ]
          ]
        ]
      },
      "id": "way/121193761"
    },
    {
      "type": "Feature",
      "properties": {
        "@id": "way/121193764",
        "addr:city": "Marikina",
        "building": "school"
      },
      "geometry": {
        "type": "Polygon",
        "coordinates": [
          [
            [
              121.0968415,
              14.622836
            ],
            [
              121.0972314,
              14.6230004
            ],
            [
              121.0971903,
              14.6230916
            ],
            [
              121.0968004,
              14.6229272
            ],
            [
              121.0968415,
              14.622836
            ]
          ]
        ]
      },
      "id": "way/121193764"
    },
    {
      "type": "Feature",
      "properties": {
        "@id": "way/121222291",
        "addr:city": "Marikina",
        "building": "commercial"
      },
      "geometry": {
        "type": "Polygon",
        "coordinates": [
          [
            [
              121.0826455,
              14.6331442
            ],
            [
              121.082722,
              14.6331665
            ],
            [
              121.0827014,
              14.6332326
            ],
            [
              121.0826249,
              14.6332103
            ],
            [
              121.0826455,
              14.6331442
            ]
          ]
        ]
      },
      "id": "way/121222291"
    },
    {
      "type": "Feature",
      "properties": {
        "@id": "way/121222295",
        "addr:city": "Marikina",
        "building": "commercial"
      },
      "geometry": {
        "type": "Polygon",
        "coordinates": [
          [
            [
              121.0827283,
              14.633164
            ],
            [
              121.0828043,
              14.6331858
            ],
            [
              121.0827781,
              14.6332724
            ],
            [
              121.0827021,
              14.6332506
            ],
            [
              121.0827283,
              14.633164
            ]
          ]
        ]
      },
      "id": "way/121222295"
    },
    {
      "type": "Feature",
      "properties": {
        "@id": "way/121222316",
        "addr:city": "Marikina",
        "building": "commercial"
      },
      "geometry": {
        "type": "Polygon",
        "coordinates": [
          [
            [
              121.0826736,
              14.6331316
            ],
            [
              121.0827224,
              14.6329789
            ],
            [
              121.0828357,
              14.6330128
            ],
            [
              121.0827869,
              14.6331655
            ],
            [
              121.0826736,
              14.6331316
            ]
          ]
        ]
      },
      "id": "way/121222316"
    },
    {
      "type": "Feature",
      "properties": {
        "@id": "way/121222318",
        "addr:city": "Marikina",
        "building": "commercial"
      },
      "geometry": {
        "type": "Polygon",
        "coordinates": [
          [
            [
              121.0830458,
              14.6332239
            ],
            [
              121.082956,
              14.633198
            ],
            [
              121.0830046,
              14.63304
            ],
            [
              121.0830944,
              14.6330659
            ],
            [
              121.0830458,
              14.6332239
            ]
          ]
        ]
      },
      "id": "way/121222318"
    },
    {
      "type": "Feature",
      "properties": {
        "@id": "way/121222328",
        "addr:city": "Marikina",
        "addr:street": "A. Bonifacio Avenue",
        "amenity": "pharmacy",
        "brand": "Mercury Drug",
        "brand:wikidata": "Q6818610",
        "brand:wikipedia": "en:Mercury Drug",
        "building": "commercial",
        "dispensing": "yes",
        "healthcare": "pharmacy",
        "mapillary": "1227810018191351",
        "name": "Mercury Drug",
        "opening_hours": "24/7"
      },
      "geometry": {
        "type": "Polygon",
        "coordinates": [
          [
            [
              121.0828087,
              14.633126
            ],
            [
              121.0828443,
              14.6330184
            ],
            [
              121.0829691,
              14.6330572
            ],
            [
              121.0829335,
              14.6331647
            ],
            [
              121.0828087,
              14.633126
            ]
          ]
        ]
      },
      "id": "way/121222328"
    },
    {
      "type": "Feature",
      "properties": {
        "@id": "way/121222329",
        "addr:city": "Marikina",
        "building": "commercial"
      },
      "geometry": {
        "type": "Polygon",
        "coordinates": [
          [
            [
              121.0825816,
              14.6331742
            ],
            [
              121.0825877,
              14.6331435
            ],
            [
              121.0826187,
              14.6331493
            ],
            [
              121.0826126,
              14.63318
            ],
            [
              121.0825816,
              14.6331742
            ]
          ]
        ]
      },
      "id": "way/121222329"
    },
    {
      "type": "Feature",
      "properties": {
        "@id": "way/121222333",
        "addr:city": "Marikina",
        "building": "commercial"
      },
      "geometry": {
        "type": "Polygon",
        "coordinates": [
          [
            [
              121.0825835,
              14.6329515
            ],
            [
              121.0826431,
              14.6329691
            ],
            [
              121.082638,
              14.6329864
            ],
            [
              121.0826995,
              14.6330046
            ],
            [
              121.082666,
              14.6331093
            ],
            [
              121.0826602,
              14.633129
            ],
            [
              121.0826027,
              14.633112
            ],
            [
              121.0826085,
              14.6330923
            ],
            [
              121.082545,
              14.6330735
            ],
            [
              121.0825835,
              14.6329515
            ]
          ]
        ]
      },
      "id": "way/121222333"
    },
    {
      "type": "Feature",
      "properties": {
        "@id": "way/121222355",
        "addr:city": "Marikina",
        "building": "commercial"
      },
      "geometry": {
        "type": "Polygon",
        "coordinates": [
          [
            [
              121.0825032,
              14.6332081
            ],
            [
              121.0825099,
              14.6331711
            ],
            [
              121.0825496,
              14.6331779
            ],
            [
              121.0825429,
              14.6332149
            ],
            [
              121.0825032,
              14.6332081
            ]
          ]
        ]
      },
      "id": "way/121222355"
    },
    {
      "type": "Feature",
      "properties": {
        "@id": "way/121222360",
        "addr:city": "Marikina",
        "building": "commercial"
      },
      "geometry": {
        "type": "Polygon",
        "coordinates": [
          [
            [
              121.0825603,
              14.6332255
            ],
            [
              121.0825658,
              14.6331887
            ],
            [
              121.0826006,
              14.6331935
            ],
            [
              121.0825952,
              14.6332304
            ],
            [
              121.0825603,
              14.6332255
            ]
          ]
        ]
      },
      "id": "way/121222360"
    },
    {
      "type": "Feature",
      "properties": {
        "@id": "way/121222361",
        "addr:city": "Marikina",
        "building": "commercial"
      },
      "geometry": {
        "type": "Polygon",
        "coordinates": [
          [
            [
              121.0825342,
              14.6331084
            ],
            [
              121.0825826,
              14.633119
            ],
            [
              121.0825716,
              14.6331658
            ],
            [
              121.0825231,
              14.6331552
            ],
            [
              121.0825342,
              14.6331084
            ]
          ]
        ]
      },
      "id": "way/121222361"
    },
    {
      "type": "Feature",
      "properties": {
        "@id": "way/121352163",
        "addr:city": "Marikina",
        "building": "commercial"
      },
      "geometry": {
        "type": "Polygon",
        "coordinates": [
          [
            [
              121.1050225,
              14.6326629
            ],
            [
              121.1050121,
              14.6325463
            ],
            [
              121.1050766,
              14.6325427
            ],
            [
              121.1050752,
              14.6325165
            ],
            [
              121.1051466,
              14.632513
            ],
            [
              121.1051457,
              14.6326534
            ],
            [
              121.1050225,
              14.6326629
            ]
          ]
        ]
      },
      "id": "way/121352163"
    },
    {
      "type": "Feature",
      "properties": {
        "@id": "way/121375185",
        "addr:city": "Marikina",
        "building": "commercial"
      },
      "geometry": {
        "type": "Polygon",
        "coordinates": [
          [
            [
              121.1016056,
              14.6325247
            ],
            [
              121.101609,
              14.6324609
            ],
            [
              121.1017086,
              14.6324659
            ],
            [
              121.1017609,
              14.6324685
            ],
            [
              121.101945,
              14.6324777
            ],
            [
              121.1019337,
              14.6326892
            ],
            [
              121.1017264,
              14.6326788
            ],
            [
              121.1016738,
              14.6326761
            ],
            [
              121.1015977,
              14.6326723
            ],
            [
              121.1016038,
              14.6325571
            ],
            [
              121.1016056,
              14.6325247
            ]
          ]
        ]
      },
      "id": "way/121375185"
    },
    {
      "type": "Feature",
      "properties": {
        "@id": "way/121375210",
        "addr:city": "Marikina",
        "addr:street": "Mayor Gil Fernando Avenue",
        "addr:street:corner": "Mount Everest Street",
        "building": "school",
        "isced:level": "0-3",
        "name": "Marikina Catholic School",
        "operator:type": "private",
        "ref": "406768"
      },
      "geometry": {
        "type": "Polygon",
        "coordinates": [
          [
            [
              121.1019884,
              14.6296185
            ],
            [
              121.1020136,
              14.6293636
            ],
            [
              121.1024036,
              14.6293997
            ],
            [
              121.1023784,
              14.6296546
            ],
            [
              121.1019884,
              14.6296185
            ]
          ]
        ]
      },
      "id": "way/121375210"
    },
    {
      "type": "Feature",
      "properties": {
        "@id": "way/121643761",
        "addr:city": "Marikina",
        "building": "commercial"
      },
      "geometry": {
        "type": "Polygon",
        "coordinates": [
          [
            [
              121.0999665,
              14.6325365
            ],
            [
              121.0999807,
              14.6324164
            ],
            [
              121.1001902,
              14.6324397
            ],
            [
              121.100176,
              14.6325598
            ],
            [
              121.0999665,
              14.6325365
            ]
          ]
        ]
      },
      "id": "way/121643761"
    },
    {
      "type": "Feature",
      "properties": {
        "@id": "way/121643770",
        "addr:city": "Marikina",
        "building": "commercial",
        "fixme": "geometry",
        "note": "Geometry is approximated."
      },
      "geometry": {
        "type": "Polygon",
        "coordinates": [
          [
            [
              121.1012495,
              14.6300879
            ],
            [
              121.1016541,
              14.6301309
            ],
            [
              121.1016456,
              14.6302058
            ],
            [
              121.1016167,
              14.6304602
            ],
            [
              121.1012121,
              14.6304172
            ],
            [
              121.1012495,
              14.6300879
            ]
          ]
        ]
      },
      "id": "way/121643770"
    },
    {
      "type": "Feature",
      "properties": {
        "@id": "way/134097288",
        "addr:province": "Rizal",
        "building": "commercial",
        "name": "DLCC",
        "note": "20-MAR-10 2:02:19PM",
        "source": "rally & andre"
      },
      "geometry": {
        "type": "Polygon",
        "coordinates": [
          [
            [
              121.1172713,
              14.6234493
            ],
            [
              121.1172383,
              14.6235366
            ],
            [
              121.1168753,
              14.6234081
            ],
            [
              121.1169082,
              14.6233208
            ],
            [
              121.1172713,
              14.6234493
            ]
          ]
        ]
      },
      "id": "way/134097288"
    },
    {
      "type": "Feature",
      "properties": {
        "@id": "way/136695363",
        "addr:city": "Quezon City",
        "addr:postcode": "1109",
        "addr:quarter": "Socorro",
        "addr:street": "Colonel Bonny Serrano Avenue",
        "admin_level": "10",
        "amenity": "townhall",
        "building": "civic",
        "building:levels": "3",
        "name": "Bahay Pamahalaan ng Barangay Socorro",
        "name:en": "Socorro Barangay Hall",
        "name:tl": "Bahay Pamahalaan ng Barangay Socorro",
        "source": "Bing",
        "townhall:type": "barangay"
      },
      "geometry": {
        "type": "Polygon",
        "coordinates": [
          [
            [
              121.0623327,
              14.6127947
            ],
            [
              121.0623637,
              14.6127202
            ],
            [
              121.0625368,
              14.6127876
            ],
            [
              121.0625059,
              14.6128621
            ],
            [
              121.0623327,
              14.6127947
            ]
          ]
        ]
      },
      "id": "way/136695363"
    },
    {
      "type": "Feature",
      "properties": {
        "@id": "way/138252988",
        "addr2:street": "Esteban Abada Street",
        "addr3:street": "Park 9 Alley",
        "addr:street": "Katipunan Avenue",
        "admin_level": "10",
        "amenity": "townhall",
        "building": "civic",
        "name": "Bulwagang Pambarangay ng Loyola Heights",
        "name:en": "Loyola Heights Barangay Hall",
        "name:tl": "Bulwagang Pambarangay ng Loyola Heights",
        "townhall:type": "barangay"
      },
      "geometry": {
        "type": "Polygon",
        "coordinates": [
          [
            [
              121.0735989,
              14.6411784
            ],
            [
              121.0736818,
              14.6410445
            ],
            [
              121.0737776,
              14.6411001
            ],
            [
              121.0736948,
              14.6412339
            ],
            [
              121.0735989,
              14.6411784
            ]
          ]
        ]
      },
      "id": "way/138252988"
    },
    {
      "type": "Feature",
      "properties": {
        "@id": "way/160457563",
        "amenity": "clinic",
        "building": "school",
        "healthcare": "clinic",
        "name": "JM Lucas Infirmary"
      },
      "geometry": {
        "type": "Polygon",
        "coordinates": [
          [
            [
              121.0801213,
              14.6377504
            ],
            [
              121.0803573,
              14.6376933
            ],
            [
              121.0811269,
              14.6376913
            ],
            [
              121.0811271,
              14.6377789
            ],
            [
              121.0803573,
              14.6377919
            ],
            [
              121.0801373,
              14.6378438
            ],
            [
              121.0801213,
              14.6377504
            ]
          ]
        ]
      },
      "id": "way/160457563"
    },
    {
      "type": "Feature",
      "properties": {
        "@id": "way/160693276",
        "building": "college",
        "name": "Loyola School of Theology"
      },
      "geometry": {
        "type": "Polygon",
        "coordinates": [
          [
            [
              121.0816572,
              14.6376467
            ],
            [
              121.081536,
              14.6376387
            ],
            [
              121.081563,
              14.6372334
            ],
            [
              121.0816841,
              14.6372414
            ],
            [
              121.0816572,
              14.6376467
            ]
          ]
        ]
      },
      "id": "way/160693276"
    },
    {
      "type": "Feature",
      "properties": {
        "@id": "way/160693277",
        "building": "school"
      },
      "geometry": {
        "type": "Polygon",
        "coordinates": [
          [
            [
              121.0806812,
              14.6375015
            ],
            [
              121.0806858,
              14.6373034
            ],
            [
              121.0811338,
              14.6373131
            ],
            [
              121.0811293,
              14.6375112
            ],
            [
              121.0806812,
              14.6375015
            ]
          ]
        ]
      },
      "id": "way/160693277"
    },
    {
      "type": "Feature",
      "properties": {
        "@id": "way/161930550",
        "addr:city": "Marikina",
        "addr:street": "J. P. Rizal Street",
        "building": "commercial",
        "survey:date": "2024"
      },
      "geometry": {
        "type": "Polygon",
        "coordinates": [
          [
            [
              121.0955043,
              14.6435645
            ],
            [
              121.0954809,
              14.6433164
            ],
            [
              121.0958583,
              14.6432831
            ],
            [
              121.0958816,
              14.6435313
            ],
            [
              121.0955043,
              14.6435645
            ]
          ]
        ]
      },
      "id": "way/161930550"
    },
    {
      "type": "Feature",
      "properties": {
        "@id": "way/162045159",
        "addr:city": "Marikina",
        "addr:street": "J. P. Rizal Street",
        "amenity": "hospital",
        "building": "hospital",
        "healthcare": "hospital",
        "mapillary": "824957971562204",
        "name": "Saint Victoria Hospital",
        "name:en": "Saint Victoria Hospital",
        "operator:type": "private"
      },
      "geometry": {
        "type": "Polygon",
        "coordinates": [
          [
            [
              121.0945196,
              14.6422151
            ],
            [
              121.094706,
              14.6420584
            ],
            [
              121.0947703,
              14.64213
            ],
            [
              121.0948583,
              14.6422345
            ],
            [
              121.0947978,
              14.6422854
            ],
            [
              121.0947099,
              14.6421808
            ],
            [
              121.0946741,
              14.6422108
            ],
            [
              121.0947273,
              14.642274
            ],
            [
              121.0946912,
              14.6423043
            ],
            [
              121.0946561,
              14.6422626
            ],
            [
              121.0946258,
              14.6422881
            ],
            [
              121.0946077,
              14.6422667
            ],
            [
              121.0945839,
              14.6422867
            ],
            [
              121.0945196,
              14.6422151
            ]
          ]
        ]
      },
      "id": "way/162045159"
    },
    {
      "type": "Feature",
      "properties": {
        "@id": "way/162045236",
        "addr:city": "Marikina",
        "addr:street": "J. P. Rizal Street",
        "building": "commercial",
        "ref:doh": "774"
      },
      "geometry": {
        "type": "Polygon",
        "coordinates": [
          [
            [
              121.0944158,
              14.6421281
            ],
            [
              121.0943368,
              14.6420383
            ],
            [
              121.0944508,
              14.6419447
            ],
            [
              121.0944814,
              14.6419795
            ],
            [
              121.0945283,
              14.641941
            ],
            [
              121.0945766,
              14.641996
            ],
            [
              121.0944158,
              14.6421281
            ]
          ]
        ]
      },
      "id": "way/162045236"
    },
    {
      "type": "Feature",
      "properties": {
        "@id": "way/165709965",
        "building": "commercial",
        "source": "Bing"
      },
      "geometry": {
        "type": "Polygon",
        "coordinates": [
          [
            [
              121.0683763,
              14.6629294
            ],
            [
              121.0684296,
              14.6628595
            ],
            [
              121.0684679,
              14.6628794
            ],
            [
              121.0685373,
              14.6627773
            ],
            [
              121.0688065,
              14.6629634
            ],
            [
              121.0687915,
              14.6629852
            ],
            [
              121.0688455,
              14.6630181
            ],
            [
              121.0685641,
              14.6633534
            ],
            [
              121.0682286,
              14.6631346
            ],
            [
              121.0681749,
              14.663123
            ],
            [
              121.0681553,
              14.6630825
            ],
            [
              121.0681565,
              14.6630399
            ],
            [
              121.0681817,
              14.6629998
            ],
            [
              121.0682143,
              14.6629865
            ],
            [
              121.0682633,
              14.6629865
            ],
            [
              121.0683274,
              14.662899
            ],
            [
              121.0683763,
              14.6629294
            ]
          ]
        ]
      },
      "id": "way/165709965"
    },
    {
      "type": "Feature",
      "properties": {
        "@id": "way/174869571",
        "addr:street": "Aurora Boulevard",
        "building": "commercial",
        "name": "Globe Telecom",
        "office": "telecommunication",
        "source": "Bing"
      },
      "geometry": {
        "type": "Polygon",
        "coordinates": [
          [
            [
              121.0715266,
              14.6297449
            ],
            [
              121.0717981,
              14.6298652
            ],
            [
              121.0717195,
              14.6300314
            ],
            [
              121.0714479,
              14.629911
            ],
            [
              121.0715266,
              14.6297449
            ]
          ]
        ]
      },
      "id": "way/174869571"
    },
    {
      "type": "Feature",
      "properties": {
        "@id": "way/177432925",
        "addr:city": "Marikina",
        "addr:place": "Concepcion Uno",
        "addr:postcode": "1807",
        "building": "commercial",
        "mapillary": "999997433967199",
        "name": "RāE"
      },
      "geometry": {
        "type": "Polygon",
        "coordinates": [
          [
            [
              121.1053558,
              14.6510853
            ],
            [
              121.1052589,
              14.6511049
            ],
            [
              121.1052488,
              14.6510581
            ],
            [
              121.10517,
              14.651074
            ],
            [
              121.1051847,
              14.6509119
            ],
            [
              121.1053218,
              14.6508916
            ],
            [
              121.1053558,
              14.6510853
            ]
          ]
        ]
      },
      "id": "way/177432925"
    },
    {
      "type": "Feature",
      "properties": {
        "@id": "way/190371459",
        "addr:city": "Marikina",
        "addr:place": "Concepcion Uno",
        "addr:postcode": "1807",
        "building": "commercial",
        "mapillary": "336713368325156"
      },
      "geometry": {
        "type": "Polygon",
        "coordinates": [
          [
            [
              121.1048965,
              14.651038
            ],
            [
              121.1051329,
              14.6510441
            ],
            [
              121.1051298,
              14.6511598
            ],
            [
              121.1048933,
              14.6511537
            ],
            [
              121.1048965,
              14.651038
            ]
          ]
        ]
      },
      "id": "way/190371459"
    },
    {
      "type": "Feature",
      "properties": {
        "@id": "way/190371463",
        "addr:city": "Marikina",
        "addr:postcode": "1807",
        "addr:quarter": "Concepcion Uno",
        "addr:street": "L. de Guzman Street",
        "building": "school",
        "name": "STI College"
      },
      "geometry": {
        "type": "Polygon",
        "coordinates": [
          [
            [
              121.1057909,
              14.6503021
            ],
            [
              121.1056928,
              14.6500841
            ],
            [
              121.1058689,
              14.6500099
            ],
            [
              121.105967,
              14.6502279
            ],
            [
              121.1057909,
              14.6503021
            ]
          ]
        ]
      },
      "id": "way/190371463"
    },
    {
      "type": "Feature",
      "properties": {
        "@id": "way/219490535",
        "addr:city": "Marikina",
        "addr:housenumber": "8",
        "addr:street": "Jacamar Street",
        "building": "commercial",
        "building:levels": "2"
      },
      "geometry": {
        "type": "Polygon",
        "coordinates": [
          [
            [
              121.0998958,
              14.6339159
            ],
            [
              121.0997221,
              14.6339584
            ],
            [
              121.099707,
              14.6338015
            ],
            [
              121.0998492,
              14.6337612
            ],
            [
              121.0998958,
              14.6339159
            ]
          ]
        ]
      },
      "id": "way/219490535"
    },
    {
      "type": "Feature",
      "properties": {
        "@id": "way/219490552",
        "addr:city": "Marikina",
        "addr:housenumber": "9",
        "addr:street": "Jacamar Street",
        "building": "commercial",
        "building:levels": "2"
      },
      "geometry": {
        "type": "Polygon",
        "coordinates": [
          [
            [
              121.0995575,
              14.6340185
            ],
            [
              121.0995846,
              14.6338396
            ],
            [
              121.0995966,
              14.6338186
            ],
            [
              121.0996202,
              14.6338085
            ],
            [
              121.0997052,
              14.633784
            ],
            [
              121.099707,
              14.6338015
            ],
            [
              121.0997221,
              14.6339584
            ],
            [
              121.0997245,
              14.6339833
            ],
            [
              121.0995728,
              14.6340154
            ],
            [
              121.0995575,
              14.6340185
            ]
          ]
        ]
      },
      "id": "way/219490552"
    },
    {
      "type": "Feature",
      "properties": {
        "@id": "way/221154039",
        "addr:city": "Marikina",
        "addr:place": "Concepcion Uno",
        "addr:postcode": "1807",
        "addr:street": "Fairlane Street",
        "addr:street:corner": "Savoy Street",
        "amenity": "school",
        "building": "school",
        "description": "Elementary School",
        "name": "St. Nicholas Elementary School"
      },
      "geometry": {
        "type": "Polygon",
        "coordinates": [
          [
            [
              121.1031251,
              14.6635988
            ],
            [
              121.1033738,
              14.6635916
            ],
            [
              121.1033761,
              14.6636652
            ],
            [
              121.1031274,
              14.6636724
            ],
            [
              121.1031251,
              14.6635988
            ]
          ]
        ]
      },
      "id": "way/221154039"
    },
    {
      "type": "Feature",
      "properties": {
        "@id": "way/223180885",
        "building": "college"
      },
      "geometry": {
        "type": "Polygon",
        "coordinates": [
          [
            [
              121.1352727,
              14.664913
            ],
            [
              121.13516,
              14.66481
            ],
            [
              121.1353278,
              14.664638
            ],
            [
              121.1354405,
              14.6647411
            ],
            [
              121.1352727,
              14.664913
            ]
          ]
        ]
      },
      "id": "way/223180885"
    },
    {
      "type": "Feature",
      "properties": {
        "@id": "way/229119472",
        "addr:city": "Cainta",
        "addr:postcode": "1900",
        "addr:province": "Rizal",
        "building": "commercial"
      },
      "geometry": {
        "type": "Polygon",
        "coordinates": [
          [
            [
              121.1011678,
              14.6174878
            ],
            [
              121.1011297,
              14.6172546
            ],
            [
              121.1014409,
              14.6171998
            ],
            [
              121.1014793,
              14.6172389
            ],
            [
              121.101442,
              14.6174632
            ],
            [
              121.1011678,
              14.6174878
            ]
          ]
        ]
      },
      "id": "way/229119472"
    },
    {
      "type": "Feature",
      "properties": {
        "@id": "way/229119473",
        "addr:postcode": "1900",
        "addr:province": "Rizal",
        "addr:town": "Cainta",
        "alt_name": "Phase 4",
        "building": "commercial",
        "name": "Il Centro"
      },
      "geometry": {
        "type": "Polygon",
        "coordinates": [
          [
            [
              121.0989992,
              14.6174299
            ],
            [
              121.0989024,
              14.6168239
            ],
            [
              121.0988879,
              14.6167329
            ],
            [
              121.1003574,
              14.6165131
            ],
            [
              121.1003721,
              14.616605
            ],
            [
              121.1004687,
              14.6172101
            ],
            [
              121.099695,
              14.6173258
            ],
            [
              121.0995655,
              14.6173452
            ],
            [
              121.09954,
              14.617349
            ],
            [
              121.0995122,
              14.6173532
            ],
            [
              121.0989992,
              14.6174299
            ]
          ]
        ]
      },
      "id": "way/229119473"
    },
    {
      "type": "Feature",
      "properties": {
        "@id": "way/229170247",
        "addr:city": "Cainta",
        "addr:postcode": "1900",
        "addr:province": "Rizal",
        "building": "commercial"
      },
      "geometry": {
        "type": "Polygon",
        "coordinates": [
          [
            [
              121.1022785,
              14.6185061
            ],
            [
              121.1022482,
              14.6182779
            ],
            [
              121.1024079,
              14.618258
            ],
            [
              121.1024382,
              14.6184862
            ],
            [
              121.1022785,
              14.6185061
            ]
          ]
        ]
      },
      "id": "way/229170247"
    },
    {
      "type": "Feature",
      "properties": {
        "@id": "way/231044592",
        "building": "commercial",
        "cuisine": "Coffee and Pastry",
        "internet_access": "yes",
        "internet_access:fee": "yes",
        "name": "Brewing Point",
        "opening_hours": "Mo-Su 07:00-23:00",
        "smoking": "yes"
      },
      "geometry": {
        "type": "Polygon",
        "coordinates": [
          [
            [
              121.0615329,
              14.6725081
            ],
            [
              121.0615,
              14.6722995
            ],
            [
              121.0616419,
              14.6722786
            ],
            [
              121.0616748,
              14.6724871
            ],
            [
              121.0615329,
              14.6725081
            ]
          ]
        ]
      },
      "id": "way/231044592"
    },
    {
      "type": "Feature",
      "properties": {
        "@id": "way/231557074",
        "building": "school",
        "building:levels": "5",
        "name": "St. Miguel Ferbes Cordero"
      },
      "geometry": {
        "type": "Polygon",
        "coordinates": [
          [
            [
              121.1480431,
              14.6197017
            ],
            [
              121.1483368,
              14.6194732
            ],
            [
              121.1484292,
              14.6195844
            ],
            [
              121.1481355,
              14.6198129
            ],
            [
              121.1480431,
              14.6197017
            ]
          ]
        ]
      },
      "id": "way/231557074"
    },
    {
      "type": "Feature",
      "properties": {
        "@id": "way/231557076",
        "building": "school",
        "building:levels": "5",
        "name": "St. Mutien Marie"
      },
      "geometry": {
        "type": "Polygon",
        "coordinates": [
          [
            [
              121.1482027,
              14.6199036
            ],
            [
              121.1485317,
              14.6196799
            ],
            [
              121.1486147,
              14.6197943
            ],
            [
              121.1483195,
              14.619995
            ],
            [
              121.1482857,
              14.620018
            ],
            [
              121.1482027,
              14.6199036
            ]
          ]
        ]
      },
      "id": "way/231557076"
    },
    {
      "type": "Feature",
      "properties": {
        "@id": "way/237518848",
        "amenity": "school",
        "building": "school",
        "name": "The Learning Tree Child Growth Center Grade School"
      },
      "geometry": {
        "type": "Polygon",
        "coordinates": [
          [
            [
              121.0609275,
              14.6361755
            ],
            [
              121.0608758,
              14.6361581
            ],
            [
              121.0607687,
              14.6361221
            ],
            [
              121.0608516,
              14.6358866
            ],
            [
              121.0610017,
              14.6359314
            ],
            [
              121.0609275,
              14.6361755
            ]
          ]
        ]
      },
      "id": "way/237518848"
    },
    {
      "type": "Feature",
      "properties": {
        "@id": "way/250484230",
        "building": "commercial"
      },
      "geometry": {
        "type": "Polygon",
        "coordinates": [
          [
            [
              121.0777452,
              14.652282
            ],
            [
              121.0776847,
              14.6522295
            ],
            [
              121.0777375,
              14.6521724
            ],
            [
              121.077798,
              14.6522249
            ],
            [
              121.0777452,
              14.652282
            ]
          ]
        ]
      },
      "id": "way/250484230"
    },
    {
      "type": "Feature",
      "properties": {
        "@id": "way/251579115",
        "building": "school"
      },
      "geometry": {
        "type": "Polygon",
        "coordinates": [
          [
            [
              121.078099,
              14.6523664
            ],
            [
              121.0779045,
              14.6525506
            ],
            [
              121.0777811,
              14.6524287
            ],
            [
              121.0779756,
              14.6522445
            ],
            [
              121.078099,
              14.6523664
            ]
          ]
        ]
      },
      "id": "way/251579115"
    },
    {
      "type": "Feature",
      "properties": {
        "@id": "way/251579116",
        "building": "school"
      },
      "geometry": {
        "type": "Polygon",
        "coordinates": [
          [
            [
              121.0781525,
              14.6520579
            ],
            [
              121.0780746,
              14.6519694
            ],
            [
              121.0783074,
              14.6517774
            ],
            [
              121.0783854,
              14.6518659
            ],
            [
              121.0781966,
              14.6520216
            ],
            [
              121.0781525,
              14.6520579
            ]
          ]
        ]
      },
      "id": "way/251579116"
    },
    {
      "type": "Feature",
      "properties": {
        "@id": "way/251579117",
        "building": "school"
      },
      "geometry": {
        "type": "Polygon",
        "coordinates": [
          [
            [
              121.0779154,
              14.6521432
            ],
            [
              121.0779651,
              14.6521018
            ],
            [
              121.0779476,
              14.652082
            ],
            [
              121.0780448,
              14.6520011
            ],
            [
              121.0782658,
              14.6522498
            ],
            [
              121.0783089,
              14.6522882
            ],
            [
              121.078164,
              14.6524212
            ],
            [
              121.0779154,
              14.6521432
            ]
          ]
        ]
      },
      "id": "way/251579117"
    },
    {
      "type": "Feature",
      "properties": {
        "@id": "way/256061145",
        "addr:city": "Marikina",
        "addr:housenumber": "225",
        "addr:street": "Shoe Avenue",
        "building": "commercial",
        "building:levels": "3"
      },
      "geometry": {
        "type": "Polygon",
        "coordinates": [
          [
            [
              121.0971144,
              14.6352983
            ],
            [
              121.0971176,
              14.6352387
            ],
            [
              121.0971319,
              14.6350711
            ],
            [
              121.0972464,
              14.6350805
            ],
            [
              121.0973312,
              14.6350881
            ],
            [
              121.0973038,
              14.6353222
            ],
            [
              121.0971144,
              14.6352983
            ]
          ]
        ]
      },
      "id": "way/256061145"
    },
    {
      "type": "Feature",
      "properties": {
        "@id": "way/256322288",
        "addr:city": "Marikina",
        "admin_level": "10",
        "amenity": "townhall",
        "building": "civic",
        "government": "administrative",
        "name": "Santo Niño Barangay Hall",
        "opening_hours": "24/7",
        "townhall:type": "barangay"
      },
      "geometry": {
        "type": "Polygon",
        "coordinates": [
          [
            [
              121.0970237,
              14.6366251
            ],
            [
              121.097032,
              14.6365016
            ],
            [
              121.09712,
              14.6365048
            ],
            [
              121.0971221,
              14.6366331
            ],
            [
              121.0970237,
              14.6366251
            ]
          ]
        ]
      },
      "id": "way/256322288"
    },
    {
      "type": "Feature",
      "properties": {
        "@id": "way/256322289",
        "addr:city": "Marikina",
        "building": "commercial"
      },
      "geometry": {
        "type": "Polygon",
        "coordinates": [
          [
            [
              121.0965821,
              14.6364817
            ],
            [
              121.0965896,
              14.636375
            ],
            [
              121.0966558,
              14.6363794
            ],
            [
              121.0966685,
              14.6361989
            ],
            [
              121.0967908,
              14.636207
            ],
            [
              121.0967693,
              14.6365119
            ],
            [
              121.0966533,
              14.6365043
            ],
            [
              121.0966546,
              14.6364864
            ],
            [
              121.0965821,
              14.6364817
            ]
          ]
        ]
      },
      "id": "way/256322289"
    },
    {
      "type": "Feature",
      "properties": {
        "@id": "way/256322290",
        "addr:city": "Marikina",
        "building": "commercial",
        "leisure": "bowling",
        "name": "Metro Lanes Bowling and Billiards"
      },
      "geometry": {
        "type": "Polygon",
        "coordinates": [
          [
            [
              121.0965567,
              14.6364994
            ],
            [
              121.0964249,
              14.6364793
            ],
            [
              121.0962123,
              14.636447
            ],
            [
              121.0962243,
              14.6363733
            ],
            [
              121.0962765,
              14.6363813
            ],
            [
              121.0962866,
              14.636319
            ],
            [
              121.0964478,
              14.6363435
            ],
            [
              121.0965788,
              14.6363635
            ],
            [
              121.0965567,
              14.6364994
            ]
          ]
        ]
      },
      "id": "way/256322290"
    },
    {
      "type": "Feature",
      "properties": {
        "@id": "way/256322291",
        "addr:city": "Marikina",
        "building": "commercial"
      },
      "geometry": {
        "type": "Polygon",
        "coordinates": [
          [
            [
              121.0961855,
              14.6366293
            ],
            [
              121.0962079,
              14.636519
            ],
            [
              121.0963603,
              14.6365479
            ],
            [
              121.0963379,
              14.6366583
            ],
            [
              121.0961855,
              14.6366293
            ]
          ]
        ]
      },
      "id": "way/256322291"
    },
    {
      "type": "Feature",
      "properties": {
        "@id": "way/256322292",
        "addr2:street": "Padre Burgos",
        "addr:city": "Marikina",
        "addr:housenumber": "16",
        "addr:street": "V. Santos Street",
        "building": "commercial"
      },
      "geometry": {
        "type": "Polygon",
        "coordinates": [
          [
            [
              121.0955489,
              14.636518
            ],
            [
              121.0953877,
              14.6365069
            ],
            [
              121.0953984,
              14.6363626
            ],
            [
              121.0955378,
              14.6363723
            ],
            [
              121.0955561,
              14.6363995
            ],
            [
              121.0955489,
              14.636518
            ]
          ]
        ]
      },
      "id": "way/256322292"
    },
    {
      "type": "Feature",
      "properties": {
        "@id": "way/256328173",
        "addr:city": "Marikina",
        "building": "commercial"
      },
      "geometry": {
        "type": "Polygon",
        "coordinates": [
          [
            [
              121.0951413,
              14.6345319
            ],
            [
              121.0952191,
              14.634196
            ],
            [
              121.0955664,
              14.6342146
            ],
            [
              121.0955537,
              14.6343054
            ],
            [
              121.0955389,
              14.6343975
            ],
            [
              121.0954123,
              14.6343764
            ],
            [
              121.0953858,
              14.6345719
            ],
            [
              121.0953467,
              14.6345655
            ],
            [
              121.0953165,
              14.6345605
            ],
            [
              121.0951964,
              14.6345409
            ],
            [
              121.0951413,
              14.6345319
            ]
          ]
        ]
      },
      "id": "way/256328173"
    },
    {
      "type": "Feature",
      "properties": {
        "@id": "way/256400344",
        "addr:city": "Marikina",
        "building": "civic"
      },
      "geometry": {
        "type": "Polygon",
        "coordinates": [
          [
            [
              121.1118133,
              14.6594455
            ],
            [
              121.1117547,
              14.6594249
            ],
            [
              121.1118152,
              14.6592645
            ],
            [
              121.1118737,
              14.6592851
            ],
            [
              121.1118133,
              14.6594455
            ]
          ]
        ]
      },
      "id": "way/256400344"
    },
    {
      "type": "Feature",
      "properties": {
        "@id": "way/256400351",
        "addr2:street": "M. L. Quezon Street",
        "addr:city": "Marikina",
        "addr:street": "P. Lopez Street",
        "admin_level": "10",
        "amenity": "townhall",
        "building": "civic",
        "government": "administrative",
        "name": "Bahay Pamahalaan ng Barangay Parang",
        "name:en": "Parang Barangay Hall",
        "name:tl": "Bahay Pamahalaan ng Barangay Parang",
        "office": "government",
        "opening_hours": "24/7",
        "townhall:type": "barangay"
      },
      "geometry": {
        "type": "Polygon",
        "coordinates": [
          [
            [
              121.1119571,
              14.6592469
            ],
            [
              121.1120037,
              14.6591108
            ],
            [
              121.112151,
              14.6591579
            ],
            [
              121.1121045,
              14.659294
            ],
            [
              121.1119571,
              14.6592469
            ]
          ]
        ]
      },
      "id": "way/256400351"
    },
    {
      "type": "Feature",
      "properties": {
        "@id": "way/256400355",
        "addr2:street": "M. L. Quezon Street",
        "addr:street": "P. Lopez Street",
        "amenity": "events_venue",
        "building": "civic"
      },
      "geometry": {
        "type": "Polygon",
        "coordinates": [
          [
            [
              121.1118263,
              14.6594502
            ],
            [
              121.1118687,
              14.6593353
            ],
            [
              121.1119388,
              14.6593596
            ],
            [
              121.1119465,
              14.6593389
            ],
            [
              121.1120552,
              14.6593763
            ],
            [
              121.1120054,
              14.6595118
            ],
            [
              121.1118263,
              14.6594502
            ]
          ]
        ]
      },
      "id": "way/256400355"
    },
    {
      "type": "Feature",
      "properties": {
        "@id": "way/256430996",
        "addr:city": "Marikina",
        "building": "commercial"
      },
      "geometry": {
        "type": "Polygon",
        "coordinates": [
          [
            [
              121.0976501,
              14.6380742
            ],
            [
              121.0976135,
              14.637905
            ],
            [
              121.0977974,
              14.6378686
            ],
            [
              121.097834,
              14.6380363
            ],
            [
              121.0976501,
              14.6380742
            ]
          ]
        ]
      },
      "id": "way/256430996"
    },
    {
      "type": "Feature",
      "properties": {
        "@id": "way/256431000",
        "addr:city": "Marikina",
        "building": "commercial"
      },
      "geometry": {
        "type": "Polygon",
        "coordinates": [
          [
            [
              121.0970848,
              14.6374053
            ],
            [
              121.0970908,
              14.6373402
            ],
            [
              121.0972085,
              14.6373415
            ],
            [
              121.0972119,
              14.6373915
            ],
            [
              121.0970848,
              14.6374053
            ]
          ]
        ]
      },
      "id": "way/256431000"
    },
    {
      "type": "Feature",
      "properties": {
        "@id": "way/256431001",
        "addr:city": "Marikina",
        "building": "commercial"
      },
      "geometry": {
        "type": "Polygon",
        "coordinates": [
          [
            [
              121.0971189,
              14.637545
            ],
            [
              121.0971144,
              14.6374715
            ],
            [
              121.0972477,
              14.6374639
            ],
            [
              121.0972522,
              14.6375374
            ],
            [
              121.0971189,
              14.637545
            ]
          ]
        ]
      },
      "id": "way/256431001"
    },
    {
      "type": "Feature",
      "properties": {
        "@id": "way/256431007",
        "addr:city": "Marikina",
        "building": "commercial"
      },
      "geometry": {
        "type": "Polygon",
        "coordinates": [
          [
            [
              121.0946987,
              14.6362546
            ],
            [
              121.0946166,
              14.6362549
            ],
            [
              121.0946165,
              14.6362258
            ],
            [
              121.0946986,
              14.6362255
            ],
            [
              121.0946987,
              14.6362546
            ]
          ]
        ]
      },
      "id": "way/256431007"
    },
    {
      "type": "Feature",
      "properties": {
        "@id": "way/256431008",
        "addr:city": "Marikina",
        "building": "commercial"
      },
      "geometry": {
        "type": "Polygon",
        "coordinates": [
          [
            [
              121.09488,
              14.6362428
            ],
            [
              121.0947106,
              14.6362424
            ],
            [
              121.0947108,
              14.636143
            ],
            [
              121.0948803,
              14.6361434
            ],
            [
              121.09488,
              14.6362428
            ]
          ]
        ]
      },
      "id": "way/256431008"
    },
    {
      "type": "Feature",
      "properties": {
        "@id": "way/256431009",
        "addr:city": "Marikina",
        "building": "commercial"
      },
      "geometry": {
        "type": "Polygon",
        "coordinates": [
          [
            [
              121.0950494,
              14.6359327
            ],
            [
              121.0951255,
              14.6359334
            ],
            [
              121.0951248,
              14.6359959
            ],
            [
              121.0950487,
              14.6359951
            ],
            [
              121.0950494,
              14.6359327
            ]
          ]
        ]
      },
      "id": "way/256431009"
    },
    {
      "type": "Feature",
      "properties": {
        "@id": "way/256431010",
        "addr:city": "Marikina",
        "building": "commercial"
      },
      "geometry": {
        "type": "Polygon",
        "coordinates": [
          [
            [
              121.0951105,
              14.6360002
            ],
            [
              121.0951088,
              14.6361001
            ],
            [
              121.0949501,
              14.6360976
            ],
            [
              121.094953,
              14.6359252
            ],
            [
              121.0950442,
              14.6359266
            ],
            [
              121.095043,
              14.6359991
            ],
            [
              121.0951105,
              14.6360002
            ]
          ]
        ]
      },
      "id": "way/256431010"
    },
    {
      "type": "Feature",
      "properties": {
        "@id": "way/256431011",
        "addr:city": "Marikina",
        "building": "commercial",
        "name": "Personal Collection"
      },
      "geometry": {
        "type": "Polygon",
        "coordinates": [
          [
            [
              121.0952524,
              14.6362126
            ],
            [
              121.0952544,
              14.6360712
            ],
            [
              121.0953147,
              14.636072
            ],
            [
              121.095314,
              14.6361222
            ],
            [
              121.095349,
              14.6361227
            ],
            [
              121.0953477,
              14.6362138
            ],
            [
              121.0952524,
              14.6362126
            ]
          ]
        ]
      },
      "id": "way/256431011"
    },
    {
      "type": "Feature",
      "properties": {
        "@id": "way/256431012",
        "addr:city": "Marikina",
        "building": "commercial"
      },
      "geometry": {
        "type": "Polygon",
        "coordinates": [
          [
            [
              121.0953558,
              14.6362373
            ],
            [
              121.0953569,
              14.636106
            ],
            [
              121.0954814,
              14.636107
            ],
            [
              121.0954803,
              14.6362382
            ],
            [
              121.0953558,
              14.6362373
            ]
          ]
        ]
      },
      "id": "way/256431012"
    },
    {
      "type": "Feature",
      "properties": {
        "@id": "way/256431013",
        "addr:city": "Marikina",
        "building": "commercial"
      },
      "geometry": {
        "type": "Polygon",
        "coordinates": [
          [
            [
              121.0958466,
              14.6365134
            ],
            [
              121.0958547,
              14.6363992
            ],
            [
              121.0959771,
              14.6364073
            ],
            [
              121.0959691,
              14.6365215
            ],
            [
              121.0958466,
              14.6365134
            ]
          ]
        ]
      },
      "id": "way/256431013"
    },
    {
      "type": "Feature",
      "properties": {
        "@id": "way/256431014",
        "addr:city": "Marikina",
        "building": "commercial"
      },
      "geometry": {
        "type": "Polygon",
        "coordinates": [
          [
            [
              121.0962044,
              14.6363611
            ],
            [
              121.0962321,
              14.6361636
            ],
            [
              121.0962999,
              14.6361725
            ],
            [
              121.0962721,
              14.63637
            ],
            [
              121.0962044,
              14.6363611
            ]
          ]
        ]
      },
      "id": "way/256431014"
    },
    {
      "type": "Feature",
      "properties": {
        "@id": "way/256431908",
        "addr:city": "Marikina",
        "building": "commercial",
        "layer": "1"
      },
      "geometry": {
        "type": "Polygon",
        "coordinates": [
          [
            [
              121.0969636,
              14.6348935
            ],
            [
              121.0969747,
              14.6348107
            ],
            [
              121.0969833,
              14.634811
            ],
            [
              121.0971482,
              14.6348304
            ],
            [
              121.0971407,
              14.6349108
            ],
            [
              121.0969636,
              14.6348935
            ]
          ]
        ]
      },
      "id": "way/256431908"
    },
    {
      "type": "Feature",
      "properties": {
        "@id": "way/256436314",
        "addr:city": "Marikina",
        "addr:postcode": "1800",
        "addr:street": "W. C. Paz Street",
        "air_conditioning": "yes",
        "amenity": "bank",
        "atm": "separate",
        "branch": "Marikina Shoe Avenue",
        "brand": "PNB",
        "brand:website": "https://www.pnb.com.ph/",
        "brand:wikidata": "Q1657971",
        "brand:wikipedia": "en:Philippine National Bank",
        "building": "commercial",
        "building:levels": "2",
        "drive_through": "no",
        "name": "PNB",
        "name:en": "PNB",
        "name:zh": "菲律賓國家銀行",
        "official_name": "Philippine National Bank",
        "operator": "Philippine National Bank",
        "wheelchair": "yes"
      },
      "geometry": {
        "type": "Polygon",
        "coordinates": [
          [
            [
              121.0972765,
              14.63301
            ],
            [
              121.0972985,
              14.6328549
            ],
            [
              121.0975604,
              14.6328946
            ],
            [
              121.0975468,
              14.6329811
            ],
            [
              121.0974795,
              14.632974
            ],
            [
              121.0974728,
              14.6330334
            ],
            [
              121.0973881,
              14.6330256
            ],
            [
              121.0972765,
              14.63301
            ]
          ]
        ]
      },
      "id": "way/256436314"
    },
    {
      "type": "Feature",
      "properties": {
        "@id": "way/256436315",
        "addr:city": "Marikina",
        "addr:housenumber": "195",
        "addr:postcode": "1800",
        "addr:street": "Shoe Avenue",
        "amenity": "fire_station",
        "building": "commercial",
        "building:levels": "2",
        "facebook": "https://www.facebook.com/MarikinaFireVolunteer",
        "name": "Marikina Filipino-Chinese Fire Brigade Volunteer",
        "name:en": "Marikina Filipino-Chinese Fire Brigade Volunteers",
        "name:zh": "嗎利僅那菲華防火會",
        "operator": "Marikina Filipino-Chinese Fire Prevention Association, Inc.",
        "operator:type": "community",
        "roof:levels": "0",
        "roof:orientation": "across",
        "roof:shape": "gabled"
      },
      "geometry": {
        "type": "Polygon",
        "coordinates": [
          [
            [
              121.0974667,
              14.6330878
            ],
            [
              121.0974728,
              14.6330334
            ],
            [
              121.0974795,
              14.632974
            ],
            [
              121.0975468,
              14.6329811
            ],
            [
              121.0976168,
              14.6329884
            ],
            [
              121.097604,
              14.6331022
            ],
            [
              121.097592,
              14.633101
            ],
            [
              121.0974667,
              14.6330878
            ]
          ]
        ]
      },
      "id": "way/256436315"
    },
    {
      "type": "Feature",
      "properties": {
        "@id": "way/256436320",
        "addr:city": "Marikina",
        "addr:housenumber": "203",
        "addr:street": "Shoe Avenue",
        "building": "commercial",
        "building:levels": "3",
        "name": "EMH Building 1",
        "roof:levels": "0"
      },
      "geometry": {
        "type": "Polygon",
        "coordinates": [
          [
            [
              121.0973437,
              14.6336982
            ],
            [
              121.0973613,
              14.6335758
            ],
            [
              121.0973622,
              14.6335684
            ],
            [
              121.097538,
              14.6335885
            ],
            [
              121.0975221,
              14.6337184
            ],
            [
              121.097509,
              14.6337169
            ],
            [
              121.0974228,
              14.6337072
            ],
            [
              121.0973437,
              14.6336982
            ]
          ]
        ]
      },
      "id": "way/256436320"
    },
    {
      "type": "Feature",
      "properties": {
        "@id": "way/256436321",
        "addr:city": "Marikina",
        "addr:housenumber": "205",
        "addr:street": "Shoe Avenue",
        "building": "commercial",
        "building:levels": "4",
        "name": "AXA",
        "roof:levels": "1"
      },
      "geometry": {
        "type": "Polygon",
        "coordinates": [
          [
            [
              121.0974873,
              14.6338502
            ],
            [
              121.0974564,
              14.6338482
            ],
            [
              121.0973181,
              14.6338349
            ],
            [
              121.0973346,
              14.6337435
            ],
            [
              121.0974996,
              14.6337603
            ],
            [
              121.0974873,
              14.6338502
            ]
          ]
        ]
      },
      "id": "way/256436321"
    },
    {
      "type": "Feature",
      "properties": {
        "@id": "way/256436322",
        "addr:city": "Marikina",
        "addr:housenumber": "207",
        "addr:street": "Shoe Avenue",
        "building": "commercial",
        "building:levels": "3",
        "name": "EMH Building 2",
        "roof:levels": "0"
      },
      "geometry": {
        "type": "Polygon",
        "coordinates": [
          [
            [
              121.0972975,
              14.6339633
            ],
            [
              121.0973181,
              14.6338349
            ],
            [
              121.0974564,
              14.6338482
            ],
            [
              121.0974414,
              14.6339807
            ],
            [
              121.0972975,
              14.6339633
            ]
          ]
        ]
      },
      "id": "way/256436322"
    },
    {
      "type": "Feature",
      "properties": {
        "@id": "way/256436325",
        "addr:city": "Marikina",
        "addr:housenumber": "213",
        "addr:street": "P. de la Paz Street",
        "building": "commercial",
        "building:levels": "1"
      },
      "geometry": {
        "type": "Polygon",
        "coordinates": [
          [
            [
              121.097367,
              14.6344006
            ],
            [
              121.0972156,
              14.6343776
            ],
            [
              121.0972385,
              14.6342864
            ],
            [
              121.0972573,
              14.6342414
            ],
            [
              121.0973892,
              14.6342526
            ],
            [
              121.097367,
              14.6344006
            ]
          ]
        ]
      },
      "id": "way/256436325"
    },
    {
      "type": "Feature",
      "properties": {
        "@id": "way/256436326",
        "addr:city": "Marikina",
        "addr:housenumber": "213",
        "addr:street": "Shoe Avenue",
        "building": "commercial",
        "building:levels": "1"
      },
      "geometry": {
        "type": "Polygon",
        "coordinates": [
          [
            [
              121.097367,
              14.6344006
            ],
            [
              121.0973892,
              14.6342526
            ],
            [
              121.0974597,
              14.6342548
            ],
            [
              121.0974432,
              14.634408
            ],
            [
              121.097367,
              14.6344006
            ]
          ]
        ]
      },
      "id": "way/256436326"
    },
    {
      "type": "Feature",
      "properties": {
        "@id": "way/258083829",
        "addr:street": "Tandang Sora Avenue",
        "building": "commercial"
      },
      "geometry": {
        "type": "Polygon",
        "coordinates": [
          [
            [
              121.0731167,
              14.6636267
            ],
            [
              121.0734212,
              14.6634555
            ],
            [
              121.073443,
              14.6634432
            ],
            [
              121.0735085,
              14.6635202
            ],
            [
              121.0729963,
              14.6638001
            ],
            [
              121.0730101,
              14.6636209
            ],
            [
              121.0731167,
              14.6636267
            ]
          ]
        ]
      },
      "id": "way/258083829"
    },
    {
      "type": "Feature",
      "properties": {
        "@id": "way/258085128",
        "addr:street": "Tandang Sora Avenue",
        "amenity": "health_post",
        "building": "civic",
        "emergency": "no",
        "healthcare": "community_health_worker",
        "name": "Old Balara Health Center Annex",
        "operator:type": "public"
      },
      "geometry": {
        "type": "Polygon",
        "coordinates": [
          [
            [
              121.0745903,
              14.6630884
            ],
            [
              121.0746275,
              14.6630458
            ],
            [
              121.0747737,
              14.6631654
            ],
            [
              121.0747365,
              14.663208
            ],
            [
              121.0745903,
              14.6630884
            ]
          ]
        ]
      },
      "id": "way/258085128"
    },
    {
      "type": "Feature",
      "properties": {
        "@id": "way/258223860",
        "amenity": "fast_food",
        "building": "commercial",
        "name": "Acserolf Canteen",
        "opening_hours": "07:00"
      },
      "geometry": {
        "type": "Polygon",
        "coordinates": [
          [
            [
              121.0753149,
              14.6482383
            ],
            [
              121.0753088,
              14.6482317
            ],
            [
              121.075414,
              14.6481415
            ],
            [
              121.0754564,
              14.6481879
            ],
            [
              121.0753513,
              14.6482781
            ],
            [
              121.0753149,
              14.6482383
            ]
          ]
        ]
      },
      "id": "way/258223860"
    },
    {
      "type": "Feature",
      "properties": {
        "@id": "way/259008642",
        "building": "school"
      },
      "geometry": {
        "type": "Polygon",
        "coordinates": [
          [
            [
              121.0641175,
              14.6440133
            ],
            [
              121.0640242,
              14.6439889
            ],
            [
              121.0640514,
              14.6438911
            ],
            [
              121.0638511,
              14.6438388
            ],
            [
              121.0638368,
              14.6438903
            ],
            [
              121.0637351,
              14.6438637
            ],
            [
              121.0637755,
              14.643719
            ],
            [
              121.0641708,
              14.6438222
            ],
            [
              121.0641175,
              14.6440133
            ]
          ]
        ]
      },
      "id": "way/259008642"
    },
    {
      "type": "Feature",
      "properties": {
        "@id": "way/259552880",
        "addr:city": "Marikina",
        "building": "school"
      },
      "geometry": {
        "type": "Polygon",
        "coordinates": [
          [
            [
              121.0960679,
              14.639109
            ],
            [
              121.0960755,
              14.638999
            ],
            [
              121.0964581,
              14.6390236
            ],
            [
              121.0964505,
              14.6391336
            ],
            [
              121.0960679,
              14.639109
            ]
          ]
        ]
      },
      "id": "way/259552880"
    },
    {
      "type": "Feature",
      "properties": {
        "@id": "way/259563422",
        "addr:city": "Marikina",
        "building": "commercial"
      },
      "geometry": {
        "type": "Polygon",
        "coordinates": [
          [
            [
              121.0942687,
              14.6371701
            ],
            [
              121.0942793,
              14.6370888
            ],
            [
              121.0944315,
              14.6371093
            ],
            [
              121.0944182,
              14.6371889
            ],
            [
              121.0942687,
              14.6371701
            ]
          ]
        ]
      },
      "id": "way/259563422"
    },
    {
      "type": "Feature",
      "properties": {
        "@id": "way/259563423",
        "addr:city": "Marikina",
        "building": "commercial"
      },
      "geometry": {
        "type": "Polygon",
        "coordinates": [
          [
            [
              121.0943352,
              14.6369657
            ],
            [
              121.0943471,
              14.6369119
            ],
            [
              121.0945437,
              14.6369508
            ],
            [
              121.0945317,
              14.6370422
            ],
            [
              121.0944581,
              14.6370281
            ],
            [
              121.0944653,
              14.6369845
            ],
            [
              121.0943352,
              14.6369657
            ]
          ]
        ]
      },
      "id": "way/259563423"
    },
    {
      "type": "Feature",
      "properties": {
        "@id": "way/259563426",
        "addr:city": "Marikina",
        "building": "commercial"
      },
      "geometry": {
        "type": "Polygon",
        "coordinates": [
          [
            [
              121.0943613,
              14.6365493
            ],
            [
              121.094246,
              14.636526
            ],
            [
              121.0942617,
              14.6364531
            ],
            [
              121.0943771,
              14.6364764
            ],
            [
              121.0943613,
              14.6365493
            ]
          ]
        ]
      },
      "id": "way/259563426"
    },
    {
      "type": "Feature",
      "properties": {
        "@id": "way/259563427",
        "addr:city": "Marikina",
        "building": "commercial"
      },
      "geometry": {
        "type": "Polygon",
        "coordinates": [
          [
            [
              121.0943778,
              14.6364675
            ],
            [
              121.0942599,
              14.6364422
            ],
            [
              121.0942753,
              14.6363766
            ],
            [
              121.0944032,
              14.6363982
            ],
            [
              121.0943778,
              14.6364675
            ]
          ]
        ]
      },
      "id": "way/259563427"
    },
    {
      "type": "Feature",
      "properties": {
        "@id": "way/259563431",
        "addr:city": "Marikina",
        "addr:street": "J. P. Rizal Street",
        "building": "commercial"
      },
      "geometry": {
        "type": "Polygon",
        "coordinates": [
          [
            [
              121.0941594,
              14.637109
            ],
            [
              121.093998,
              14.6370866
            ],
            [
              121.094011,
              14.6369988
            ],
            [
              121.0941725,
              14.6370212
            ],
            [
              121.0941594,
              14.637109
            ]
          ]
        ]
      },
      "id": "way/259563431"
    },
    {
      "type": "Feature",
      "properties": {
        "@id": "way/259567060",
        "addr:city": "Marikina",
        "building": "commercial"
      },
      "geometry": {
        "type": "Polygon",
        "coordinates": [
          [
            [
              121.0942206,
              14.6357422
            ],
            [
              121.0942147,
              14.6356943
            ],
            [
              121.0943469,
              14.635679
            ],
            [
              121.0943528,
              14.6357269
            ],
            [
              121.0942206,
              14.6357422
            ]
          ]
        ]
      },
      "id": "way/259567060"
    },
    {
      "type": "Feature",
      "properties": {
        "@id": "way/259567061",
        "addr:city": "Marikina",
        "building": "commercial"
      },
      "geometry": {
        "type": "Polygon",
        "coordinates": [
          [
            [
              121.0942085,
              14.635647
            ],
            [
              121.0943415,
              14.6356309
            ],
            [
              121.0943469,
              14.635679
            ],
            [
              121.0942147,
              14.6356943
            ],
            [
              121.0942085,
              14.635647
            ]
          ]
        ]
      },
      "id": "way/259567061"
    },
    {
      "type": "Feature",
      "properties": {
        "@id": "way/259567062",
        "addr:city": "Marikina",
        "building": "commercial"
      },
      "geometry": {
        "type": "Polygon",
        "coordinates": [
          [
            [
              121.0942085,
              14.635647
            ],
            [
              121.0942004,
              14.6355906
            ],
            [
              121.0943349,
              14.635577
            ],
            [
              121.0943415,
              14.6356309
            ],
            [
              121.0942085,
              14.635647
            ]
          ]
        ]
      },
      "id": "way/259567062"
    },
    {
      "type": "Feature",
      "properties": {
        "@id": "way/259567063",
        "addr:city": "Marikina",
        "addr:housenumber": "417",
        "addr:street": "Jose P. Rizal Street",
        "building": "commercial"
      },
      "geometry": {
        "type": "Polygon",
        "coordinates": [
          [
            [
              121.0942292,
              14.6355779
            ],
            [
              121.0942251,
              14.6355312
            ],
            [
              121.0943342,
              14.6355269
            ],
            [
              121.0943361,
              14.635572
            ],
            [
              121.0942292,
              14.6355779
            ]
          ]
        ]
      },
      "id": "way/259567063"
    },
    {
      "type": "Feature",
      "properties": {
        "@id": "way/259567064",
        "addr:city": "Marikina",
        "building": "commercial"
      },
      "geometry": {
        "type": "Polygon",
        "coordinates": [
          [
            [
              121.0941358,
              14.6355258
            ],
            [
              121.0941332,
              14.635478
            ],
            [
              121.0943417,
              14.6354674
            ],
            [
              121.0943443,
              14.6355152
            ],
            [
              121.0941358,
              14.6355258
            ]
          ]
        ]
      },
      "id": "way/259567064"
    },
    {
      "type": "Feature",
      "properties": {
        "@id": "way/259567065",
        "addr:city": "Marikina",
        "addr:housenumber": "405",
        "addr:street": "Jose P. Rizal Street",
        "building": "commercial"
      },
      "geometry": {
        "type": "Polygon",
        "coordinates": [
          [
            [
              121.0941603,
              14.6354243
            ],
            [
              121.0941604,
              14.6353286
            ],
            [
              121.094214,
              14.6353286
            ],
            [
              121.094214,
              14.6353477
            ],
            [
              121.0943304,
              14.6353479
            ],
            [
              121.0943303,
              14.6354245
            ],
            [
              121.0941603,
              14.6354243
            ]
          ]
        ]
      },
      "id": "way/259567065"
    },
    {
      "type": "Feature",
      "properties": {
        "@id": "way/259567066",
        "addr:city": "Marikina",
        "addr:street": "Jose P. Rizal Street",
        "air_conditioning": "yes",
        "brand": "7-Eleven",
        "brand:wikidata": "Q259340",
        "building": "commercial",
        "name": "7-Eleven",
        "opening_hours": "24/7",
        "payment:cash": "yes",
        "shop": "convenience"
      },
      "geometry": {
        "type": "Polygon",
        "coordinates": [
          [
            [
              121.0946771,
              14.6357976
            ],
            [
              121.0945546,
              14.6358023
            ],
            [
              121.0945279,
              14.6357789
            ],
            [
              121.0945234,
              14.6357378
            ],
            [
              121.0946296,
              14.6357227
            ],
            [
              121.0946735,
              14.6357205
            ],
            [
              121.0946771,
              14.6357976
            ]
          ]
        ]
      },
      "id": "way/259567066"
    },
    {
      "type": "Feature",
      "properties": {
        "@id": "way/259567067",
        "addr:city": "Marikina",
        "building": "commercial"
      },
      "geometry": {
        "type": "Polygon",
        "coordinates": [
          [
            [
              121.0944943,
              14.635742
            ],
            [
              121.0944849,
              14.635686
            ],
            [
              121.0945229,
              14.6356786
            ],
            [
              121.0946211,
              14.6356627
            ],
            [
              121.0946296,
              14.6357227
            ],
            [
              121.0945234,
              14.6357378
            ],
            [
              121.0944943,
              14.635742
            ]
          ]
        ]
      },
      "id": "way/259567067"
    },
    {
      "type": "Feature",
      "properties": {
        "@id": "way/259567073",
        "addr:city": "Marikina",
        "addr:housenumber": "272",
        "addr:street": "Jose P. Rizal Street",
        "building": "commercial",
        "building:levels": "3"
      },
      "geometry": {
        "type": "Polygon",
        "coordinates": [
          [
            [
              121.0952209,
              14.6326899
            ],
            [
              121.0952315,
              14.6326291
            ],
            [
              121.0953026,
              14.6326383
            ],
            [
              121.0953038,
              14.6326317
            ],
            [
              121.0953693,
              14.6326379
            ],
            [
              121.0953529,
              14.6327112
            ],
            [
              121.0953147,
              14.6327046
            ],
            [
              121.0952209,
              14.6326899
            ]
          ]
        ]
      },
      "id": "way/259567073"
    },
    {
      "type": "Feature",
      "properties": {
        "@id": "way/259567074",
        "addr:city": "Marikina",
        "addr:housenumber": "278",
        "addr:street": "Jose P. Rizal Street",
        "building": "commercial",
        "building:levels": "3"
      },
      "geometry": {
        "type": "Polygon",
        "coordinates": [
          [
            [
              121.0953881,
              14.6329436
            ],
            [
              121.0952944,
              14.6329323
            ],
            [
              121.0952441,
              14.6329262
            ],
            [
              121.0952523,
              14.632859
            ],
            [
              121.0952421,
              14.6328471
            ],
            [
              121.0952454,
              14.6328117
            ],
            [
              121.0953004,
              14.6328178
            ],
            [
              121.0954056,
              14.6328371
            ],
            [
              121.0953881,
              14.6329436
            ]
          ]
        ]
      },
      "id": "way/259567074"
    },
    {
      "type": "Feature",
      "properties": {
        "@id": "way/259567075",
        "addr:city": "Marikina",
        "addr:housenumber": "28",
        "addr:street": "W. C. Paz Street",
        "air_conditioning": "yes",
        "amenity": "bank",
        "atm": "yes",
        "brand": "BPI",
        "brand:wikidata": "Q2501256",
        "building": "commercial",
        "building:levels": "2",
        "drive_through": "no",
        "name": "BPI",
        "official_name": "Bank of the Philippine Islands"
      },
      "geometry": {
        "type": "Polygon",
        "coordinates": [
          [
            [
              121.0967141,
              14.6326524
            ],
            [
              121.0967281,
              14.6325646
            ],
            [
              121.096902,
              14.6325946
            ],
            [
              121.0968877,
              14.632674
            ],
            [
              121.0967547,
              14.6326493
            ],
            [
              121.096753,
              14.6326608
            ],
            [
              121.0967141,
              14.6326524
            ]
          ]
        ]
      },
      "id": "way/259567075"
    },
    {
      "type": "Feature",
      "properties": {
        "@id": "way/259588081",
        "addr:city": "Marikina",
        "building": "commercial",
        "survey:date": "2015-06-13"
      },
      "geometry": {
        "type": "Polygon",
        "coordinates": [
          [
            [
              121.0948423,
              14.6425987
            ],
            [
              121.0948114,
              14.6425835
            ],
            [
              121.0948027,
              14.6425459
            ],
            [
              121.0948379,
              14.6425439
            ],
            [
              121.0948485,
              14.642538
            ],
            [
              121.0948414,
              14.6424832
            ],
            [
              121.0948264,
              14.6424755
            ],
            [
              121.0947936,
              14.642478
            ],
            [
              121.0947777,
              14.6424892
            ],
            [
              121.0947193,
              14.642419
            ],
            [
              121.0947813,
              14.6424095
            ],
            [
              121.0948051,
              14.6424369
            ],
            [
              121.0948715,
              14.6424309
            ],
            [
              121.094875,
              14.6423924
            ],
            [
              121.0950688,
              14.6423787
            ],
            [
              121.0950741,
              14.6425688
            ],
            [
              121.0948423,
              14.6425987
            ]
          ]
        ]
      },
      "id": "way/259588081"
    },
    {
      "type": "Feature",
      "properties": {
        "@id": "way/259940406",
        "building": "commercial",
        "name": "SAIDI Graduate School of Organizational Development"
      },
      "geometry": {
        "type": "Polygon",
        "coordinates": [
          [
            [
              121.0732643,
              14.6412708
            ],
            [
              121.0730527,
              14.6411945
            ],
            [
              121.0730968,
              14.6410491
            ],
            [
              121.0732749,
              14.6411194
            ],
            [
              121.0732643,
              14.6412708
            ]
          ]
        ]
      },
      "id": "way/259940406"
    },
    {
      "type": "Feature",
      "properties": {
        "@id": "way/259940412",
        "addr:city": "Quezon City",
        "addr:housenumber": "72",
        "addr:postcode": "1108",
        "addr:street": "Esteban Abada Street",
        "building": "commercial",
        "name": "Sunrise Hill Residences",
        "note": "Rooms for rent, studio type for students and professionals"
      },
      "geometry": {
        "type": "Polygon",
        "coordinates": [
          [
            [
              121.0732939,
              14.6384467
            ],
            [
              121.0732855,
              14.6382652
            ],
            [
              121.0736864,
              14.6382566
            ],
            [
              121.0736895,
              14.6384369
            ],
            [
              121.0732939,
              14.6384467
            ]
          ]
        ]
      },
      "id": "way/259940412"
    },
    {
      "type": "Feature",
      "properties": {
        "@id": "way/259940415",
        "building": "commercial",
        "name": "Got Heart Foundation"
      },
      "geometry": {
        "type": "Polygon",
        "coordinates": [
          [
            [
              121.0730864,
              14.6378161
            ],
            [
              121.0730275,
              14.6378181
            ],
            [
              121.0730258,
              14.6377704
            ],
            [
              121.0729865,
              14.6377717
            ],
            [
              121.072985,
              14.6377318
            ],
            [
              121.0730833,
              14.6377285
            ],
            [
              121.0730864,
              14.6378161
            ]
          ]
        ]
      },
      "id": "way/259940415"
    },
    {
      "type": "Feature",
      "properties": {
        "@id": "way/259940416",
        "addr:housenumber": "72",
        "addr:street": "Esteban Abada Street",
        "building": "commercial",
        "building:levels": "3",
        "name": "AAP Building"
      },
      "geometry": {
        "type": "Polygon",
        "coordinates": [
          [
            [
              121.0733168,
              14.6391511
            ],
            [
              121.0733105,
              14.6389998
            ],
            [
              121.0734203,
              14.6389955
            ],
            [
              121.0734266,
              14.6391468
            ],
            [
              121.0733168,
              14.6391511
            ]
          ]
        ]
      },
      "id": "way/259940416"
    },
    {
      "type": "Feature",
      "properties": {
        "@id": "way/259940422",
        "building": "commercial",
        "name": "Xavier Building"
      },
      "geometry": {
        "type": "Polygon",
        "coordinates": [
          [
            [
              121.0730199,
              14.6363662
            ],
            [
              121.0728076,
              14.6364279
            ],
            [
              121.0727312,
              14.6361893
            ],
            [
              121.0730093,
              14.636106
            ],
            [
              121.0730199,
              14.6363662
            ]
          ]
        ]
      },
      "id": "way/259940422"
    },
    {
      "type": "Feature",
      "properties": {
        "@id": "way/259940423",
        "building": "commercial"
      },
      "geometry": {
        "type": "Polygon",
        "coordinates": [
          [
            [
              121.0732044,
              14.6362097
            ],
            [
              121.0731886,
              14.6361536
            ],
            [
              121.0733379,
              14.6361142
            ],
            [
              121.0733615,
              14.636198
            ],
            [
              121.0732618,
              14.6362242
            ],
            [
              121.0732502,
              14.636264
            ],
            [
              121.0732146,
              14.6362647
            ],
            [
              121.0731942,
              14.6362377
            ],
            [
              121.0732044,
              14.6362097
            ]
          ]
        ]
      },
      "id": "way/259940423"
    },
    {
      "type": "Feature",
      "properties": {
        "@id": "way/259940430",
        "building": "commercial"
      },
      "geometry": {
        "type": "Polygon",
        "coordinates": [
          [
            [
              121.0729372,
              14.6340694
            ],
            [
              121.072749,
              14.6341201
            ],
            [
              121.0726937,
              14.6339279
            ],
            [
              121.0728162,
              14.6338949
            ],
            [
              121.0728215,
              14.6339132
            ],
            [
              121.0728767,
              14.6338983
            ],
            [
              121.0728833,
              14.6339213
            ],
            [
              121.0728938,
              14.6339185
            ],
            [
              121.0729372,
              14.6340694
            ]
          ]
        ]
      },
      "id": "way/259940430"
    },
    {
      "type": "Feature",
      "properties": {
        "@id": "way/259940431",
        "building": "commercial",
        "name": "1stop Customs Car Accessories"
      },
      "geometry": {
        "type": "Polygon",
        "coordinates": [
          [
            [
              121.0728232,
              14.6338039
            ],
            [
              121.0727265,
              14.6338044
            ],
            [
              121.072726,
              14.6337097
            ],
            [
              121.0728226,
              14.6337092
            ],
            [
              121.0728232,
              14.6338039
            ]
          ]
        ]
      },
      "id": "way/259940431"
    },
    {
      "type": "Feature",
      "properties": {
        "@id": "way/259940432",
        "building": "commercial",
        "name": "Rolly's Carwash"
      },
      "geometry": {
        "type": "Polygon",
        "coordinates": [
          [
            [
              121.0728846,
              14.6335045
            ],
            [
              121.0727053,
              14.6335016
            ],
            [
              121.0727081,
              14.6333451
            ],
            [
              121.0728873,
              14.633348
            ],
            [
              121.0728846,
              14.6335045
            ]
          ]
        ]
      },
      "id": "way/259940432"
    },
    {
      "type": "Feature",
      "properties": {
        "@id": "way/259940438",
        "building": "commercial"
      },
      "geometry": {
        "type": "Polygon",
        "coordinates": [
          [
            [
              121.073916,
              14.6327052
            ],
            [
              121.0737523,
              14.6325158
            ],
            [
              121.0739545,
              14.6323503
            ],
            [
              121.0739954,
              14.6323717
            ],
            [
              121.0739994,
              14.6326377
            ],
            [
              121.073916,
              14.6327052
            ]
          ]
        ]
      },
      "id": "way/259940438"
    },
    {
      "type": "Feature",
      "properties": {
        "@id": "way/260316663",
        "addr:city": "Marikina",
        "building": "commercial"
      },
      "geometry": {
        "type": "Polygon",
        "coordinates": [
          [
            [
              121.0940456,
              14.6374199
            ],
            [
              121.0939236,
              14.6374133
            ],
            [
              121.0939271,
              14.6373529
            ],
            [
              121.0939336,
              14.6373532
            ],
            [
              121.0939344,
              14.6373381
            ],
            [
              121.09405,
              14.6373443
            ],
            [
              121.0940456,
              14.6374199
            ]
          ]
        ]
      },
      "id": "way/260316663"
    },
    {
      "type": "Feature",
      "properties": {
        "@id": "way/260316665",
        "addr:city": "Marikina",
        "building": "commercial"
      },
      "geometry": {
        "type": "Polygon",
        "coordinates": [
          [
            [
              121.0940951,
              14.6375413
            ],
            [
              121.0940181,
              14.6375355
            ],
            [
              121.0940243,
              14.6374588
            ],
            [
              121.0941013,
              14.6374646
            ],
            [
              121.0940951,
              14.6375413
            ]
          ]
        ]
      },
      "id": "way/260316665"
    },
    {
      "type": "Feature",
      "properties": {
        "@id": "way/260316671",
        "addr:city": "Marikina",
        "building": "commercial"
      },
      "geometry": {
        "type": "Polygon",
        "coordinates": [
          [
            [
              121.094187,
              14.6377912
            ],
            [
              121.0942828,
              14.6377953
            ],
            [
              121.0942802,
              14.6378741
            ],
            [
              121.0941846,
              14.6378721
            ],
            [
              121.094187,
              14.6377912
            ]
          ]
        ]
      },
      "id": "way/260316671"
    },
    {
      "type": "Feature",
      "properties": {
        "@id": "way/260316672",
        "addr:city": "Marikina",
        "building": "commercial"
      },
      "geometry": {
        "type": "Polygon",
        "coordinates": [
          [
            [
              121.0941847,
              14.6379517
            ],
            [
              121.0941847,
              14.6378734
            ],
            [
              121.0942876,
              14.6378755
            ],
            [
              121.0942852,
              14.637951
            ],
            [
              121.0941847,
              14.6379517
            ]
          ]
        ]
      },
      "id": "way/260316672"
    },
    {
      "type": "Feature",
      "properties": {
        "@id": "way/260317840",
        "addr:city": "Marikina",
        "building": "commercial"
      },
      "geometry": {
        "type": "Polygon",
        "coordinates": [
          [
            [
              121.0945128,
              14.6364318
            ],
            [
              121.0945334,
              14.636368
            ],
            [
              121.0946837,
              14.6364136
            ],
            [
              121.0946631,
              14.6364773
            ],
            [
              121.0945128,
              14.6364318
            ]
          ]
        ]
      },
      "id": "way/260317840"
    },
    {
      "type": "Feature",
      "properties": {
        "@id": "way/260317841",
        "addr:city": "Marikina",
        "building": "commercial"
      },
      "geometry": {
        "type": "Polygon",
        "coordinates": [
          [
            [
              121.0944913,
              14.6365166
            ],
            [
              121.0945123,
              14.6364553
            ],
            [
              121.0946019,
              14.636484
            ],
            [
              121.0945809,
              14.6365453
            ],
            [
              121.0944913,
              14.6365166
            ]
          ]
        ]
      },
      "id": "way/260317841"
    },
    {
      "type": "Feature",
      "properties": {
        "@id": "way/260317843",
        "addr:city": "Marikina",
        "building": "commercial"
      },
      "geometry": {
        "type": "Polygon",
        "coordinates": [
          [
            [
              121.094426,
              14.6365488
            ],
            [
              121.0944351,
              14.6365211
            ],
            [
              121.0946524,
              14.636588
            ],
            [
              121.0946433,
              14.6366157
            ],
            [
              121.094426,
              14.6365488
            ]
          ]
        ]
      },
      "id": "way/260317843"
    },
    {
      "type": "Feature",
      "properties": {
        "@id": "way/260319441",
        "addr:city": "Marikina",
        "building": "commercial"
      },
      "geometry": {
        "type": "Polygon",
        "coordinates": [
          [
            [
              121.0944501,
              14.6355265
            ],
            [
              121.0944439,
              14.6354635
            ],
            [
              121.0946077,
              14.6354387
            ],
            [
              121.0946744,
              14.6354287
            ],
            [
              121.0946721,
              14.6354888
            ],
            [
              121.0944501,
              14.6355265
            ]
          ]
        ]
      },
      "id": "way/260319441"
    },
    {
      "type": "Feature",
      "properties": {
        "@id": "way/260319447",
        "addr:city": "Marikina",
        "building": "commercial"
      },
      "geometry": {
        "type": "Polygon",
        "coordinates": [
          [
            [
              121.0945458,
              14.6346847
            ],
            [
              121.0944325,
              14.6346608
            ],
            [
              121.0944656,
              14.6345028
            ],
            [
              121.0945673,
              14.6345021
            ],
            [
              121.0945558,
              14.6345483
            ],
            [
              121.094582,
              14.6345542
            ],
            [
              121.0945773,
              14.6345788
            ],
            [
              121.0945573,
              14.6345758
            ],
            [
              121.0945488,
              14.6346168
            ],
            [
              121.0945588,
              14.6346191
            ],
            [
              121.0945458,
              14.6346847
            ]
          ]
        ]
      },
      "id": "way/260319447"
    },
    {
      "type": "Feature",
      "properties": {
        "@id": "way/260319448",
        "addr:city": "Marikina",
        "building": "commercial"
      },
      "geometry": {
        "type": "Polygon",
        "coordinates": [
          [
            [
              121.0944435,
              14.6353519
            ],
            [
              121.0944423,
              14.635279
            ],
            [
              121.0946793,
              14.6352804
            ],
            [
              121.0946756,
              14.6353356
            ],
            [
              121.0946755,
              14.6353437
            ],
            [
              121.0946053,
              14.6353457
            ],
            [
              121.0944435,
              14.6353519
            ]
          ]
        ]
      },
      "id": "way/260319448"
    },
    {
      "type": "Feature",
      "properties": {
        "@id": "way/260319449",
        "addr:city": "Marikina",
        "building": "commercial"
      },
      "geometry": {
        "type": "Polygon",
        "coordinates": [
          [
            [
              121.0944423,
              14.635279
            ],
            [
              121.0944275,
              14.6352797
            ],
            [
              121.0944225,
              14.6352135
            ],
            [
              121.0944428,
              14.6352134
            ],
            [
              121.0946271,
              14.6352123
            ],
            [
              121.0946809,
              14.635212
            ],
            [
              121.0946804,
              14.6352464
            ],
            [
              121.0946793,
              14.6352804
            ],
            [
              121.0944423,
              14.635279
            ]
          ]
        ]
      },
      "id": "way/260319449"
    },
    {
      "type": "Feature",
      "properties": {
        "@id": "way/260319450",
        "addr:city": "Marikina",
        "addr:street": "Jose P. Rizal Street",
        "building": "commercial",
        "name": "M. V. M. Building"
      },
      "geometry": {
        "type": "Polygon",
        "coordinates": [
          [
            [
              121.0944428,
              14.6352134
            ],
            [
              121.0944419,
              14.6351394
            ],
            [
              121.0945513,
              14.6351394
            ],
            [
              121.0945684,
              14.635145
            ],
            [
              121.0946281,
              14.6351448
            ],
            [
              121.0946271,
              14.6352123
            ],
            [
              121.0944428,
              14.6352134
            ]
          ]
        ]
      },
      "id": "way/260319450"
    },
    {
      "type": "Feature",
      "properties": {
        "@id": "way/260319451",
        "addr:city": "Marikina",
        "addr:housenumber": "326",
        "addr:street": "Jose P. Rizal Street",
        "building": "commercial"
      },
      "geometry": {
        "type": "Polygon",
        "coordinates": [
          [
            [
              121.0944348,
              14.6351389
            ],
            [
              121.0944635,
              14.6350461
            ],
            [
              121.0945514,
              14.635045
            ],
            [
              121.0945513,
              14.6351323
            ],
            [
              121.0945513,
              14.6351394
            ],
            [
              121.0944419,
              14.6351394
            ],
            [
              121.0944348,
              14.6351389
            ]
          ]
        ]
      },
      "id": "way/260319451"
    },
    {
      "type": "Feature",
      "properties": {
        "@id": "way/260319452",
        "addr:city": "Marikina",
        "addr:street": "Jose P. Rizal Street",
        "building": "commercial"
      },
      "geometry": {
        "type": "Polygon",
        "coordinates": [
          [
            [
              121.0945173,
              14.6349528
            ],
            [
              121.0945536,
              14.6348963
            ],
            [
              121.0945677,
              14.6349006
            ],
            [
              121.0946651,
              14.6349305
            ],
            [
              121.0946439,
              14.6349793
            ],
            [
              121.0945979,
              14.6349696
            ],
            [
              121.0945602,
              14.6349618
            ],
            [
              121.0945173,
              14.6349528
            ]
          ]
        ]
      },
      "id": "way/260319452"
    },
    {
      "type": "Feature",
      "properties": {
        "@id": "way/260321006",
        "addr:city": "Marikina",
        "addr:street": "Jose P. Rizal Street",
        "building": "commercial",
        "building:levels": "3"
      },
      "geometry": {
        "type": "Polygon",
        "coordinates": [
          [
            [
              121.0951279,
              14.6326306
            ],
            [
              121.0950341,
              14.6326178
            ],
            [
              121.0950487,
              14.6325423
            ],
            [
              121.0951412,
              14.632557
            ],
            [
              121.0951279,
              14.6326306
            ]
          ]
        ]
      },
      "id": "way/260321006"
    },
    {
      "type": "Feature",
      "properties": {
        "@id": "way/260321008",
        "addr:city": "Marikina",
        "addr:housenumber": "353",
        "addr:street": "Jose P. Rizal Street",
        "building": "commercial",
        "building:levels": "2"
      },
      "geometry": {
        "type": "Polygon",
        "coordinates": [
          [
            [
              121.0950487,
              14.6325423
            ],
            [
              121.0950615,
              14.6324761
            ],
            [
              121.0951166,
              14.6324827
            ],
            [
              121.0951538,
              14.6324887
            ],
            [
              121.0951412,
              14.632557
            ],
            [
              121.0950487,
              14.6325423
            ]
          ]
        ]
      },
      "id": "way/260321008"
    },
    {
      "type": "Feature",
      "properties": {
        "@id": "way/260321013",
        "addr:city": "Marikina",
        "addr:street": "Jose P. Rizal Street",
        "building": "commercial",
        "building:levels": "2"
      },
      "geometry": {
        "type": "Polygon",
        "coordinates": [
          [
            [
              121.0951279,
              14.6326306
            ],
            [
              121.0951094,
              14.6327577
            ],
            [
              121.0949974,
              14.6327425
            ],
            [
              121.0949347,
              14.6327339
            ],
            [
              121.0949531,
              14.6326068
            ],
            [
              121.0950341,
              14.6326178
            ],
            [
              121.0951279,
              14.6326306
            ]
          ]
        ]
      },
      "id": "way/260321013"
    },
    {
      "type": "Feature",
      "properties": {
        "@id": "way/260577284",
        "addr:city": "Marikina",
        "addr:district": "Tumana",
        "addr:housename": "Lot 1 Block 9 Tumana, Mariki",
        "addr:neighbourhood": "Woodridge Heights",
        "addr:postcode": "1806",
        "addr:street": "Monark Street",
        "amenity": "school",
        "building": "school",
        "name": "Links School for Life",
        "ref": "484554",
        "source": "DepEd"
      },
      "geometry": {
        "type": "Polygon",
        "coordinates": [
          [
            [
              121.0938799,
              14.6557127
            ],
            [
              121.0938056,
              14.6556049
            ],
            [
              121.0939456,
              14.6555146
            ],
            [
              121.0940199,
              14.6556224
            ],
            [
              121.0938799,
              14.6557127
            ]
          ]
        ]
      },
      "id": "way/260577284"
    },
    {
      "type": "Feature",
      "properties": {
        "@id": "way/260579199",
        "building": "public"
      },
      "geometry": {
        "type": "Polygon",
        "coordinates": [
          [
            [
              121.0622865,
              14.6374198
            ],
            [
              121.062295,
              14.6372041
            ],
            [
              121.0625376,
              14.6372131
            ],
            [
              121.0625291,
              14.6374288
            ],
            [
              121.0622865,
              14.6374198
            ]
          ]
        ]
      },
      "id": "way/260579199"
    },
    {
      "type": "Feature",
      "properties": {
        "@id": "way/260579203",
        "building": "public"
      },
      "geometry": {
        "type": "Polygon",
        "coordinates": [
          [
            [
              121.0627076,
              14.6389843
            ],
            [
              121.0627134,
              14.6387796
            ],
            [
              121.0627671,
              14.6387811
            ],
            [
              121.0627612,
              14.6389858
            ],
            [
              121.0627076,
              14.6389843
            ]
          ]
        ]
      },
      "id": "way/260579203"
    },
    {
      "type": "Feature",
      "properties": {
        "@id": "way/260583166",
        "addr2:street": "Masinsinan Street",
        "addr:city": "Quezon City",
        "addr:housenumber": "107",
        "addr:street": "Maginhawa Street",
        "admin_level": "10",
        "amenity": "townhall",
        "building": "civic",
        "mapillary": "3005145446370999",
        "name": "Bulwagang Pambarangay ng Teachers Village West",
        "name:en": "Teachers Village West Barangay Hall",
        "name:tl": "Bulwagang Pambarangay ng Teachers Village West",
        "townhall:type": "barangay"
      },
      "geometry": {
        "type": "Polygon",
        "coordinates": [
          [
            [
              121.0607582,
              14.6458267
            ],
            [
              121.0607921,
              14.645773
            ],
            [
              121.0608614,
              14.6457883
            ],
            [
              121.0608632,
              14.645852
            ],
            [
              121.0607582,
              14.6458267
            ]
          ]
        ]
      },
      "id": "way/260583166"
    },
    {
      "type": "Feature",
      "properties": {
        "@id": "way/260586453",
        "addr:housenumber": "126",
        "addr:street": "Maginhawa Street",
        "building": "commercial",
        "building:levels": "4",
        "name": "Animat",
        "source": "local knowledge"
      },
      "geometry": {
        "type": "Polygon",
        "coordinates": [
          [
            [
              121.0606626,
              14.6438733
            ],
            [
              121.0606708,
              14.6436144
            ],
            [
              121.0608998,
              14.6436211
            ],
            [
              121.0608948,
              14.64378
            ],
            [
              121.0608943,
              14.6437965
            ],
            [
              121.0609067,
              14.6437968
            ],
            [
              121.060904,
              14.6438804
            ],
            [
              121.0606626,
              14.6438733
            ]
          ]
        ]
      },
      "id": "way/260586453"
    },
    {
      "type": "Feature",
      "properties": {
        "@id": "way/260637858",
        "addr:city": "Marikina",
        "building": "commercial"
      },
      "geometry": {
        "type": "Polygon",
        "coordinates": [
          [
            [
              121.0945264,
              14.635017
            ],
            [
              121.0945389,
              14.6349953
            ],
            [
              121.0945384,
              14.6349853
            ],
            [
              121.0945504,
              14.6349671
            ],
            [
              121.0945566,
              14.6349665
            ],
            [
              121.0945602,
              14.6349618
            ],
            [
              121.0945979,
              14.6349696
            ],
            [
              121.094595,
              14.6350285
            ],
            [
              121.0945341,
              14.6350296
            ],
            [
              121.0945275,
              14.6350255
            ],
            [
              121.0945264,
              14.635017
            ]
          ]
        ]
      },
      "id": "way/260637858"
    },
    {
      "type": "Feature",
      "properties": {
        "@id": "way/260637859",
        "addr:city": "Marikina",
        "addr:street": "Jose P. Rizal Street",
        "building": "commercial"
      },
      "geometry": {
        "type": "Polygon",
        "coordinates": [
          [
            [
              121.0947098,
              14.6347853
            ],
            [
              121.0947987,
              14.6346407
            ],
            [
              121.0948255,
              14.634654
            ],
            [
              121.0948943,
              14.6346883
            ],
            [
              121.0948441,
              14.6348026
            ],
            [
              121.0948178,
              14.6348513
            ],
            [
              121.0948004,
              14.6348403
            ],
            [
              121.0947098,
              14.6347853
            ]
          ]
        ]
      },
      "id": "way/260637859"
    },
    {
      "type": "Feature",
      "properties": {
        "@id": "way/260637863",
        "addr:city": "Marikina",
        "building": "commercial"
      },
      "geometry": {
        "type": "Polygon",
        "coordinates": [
          [
            [
              121.095112,
              14.6342839
            ],
            [
              121.0950643,
              14.6342717
            ],
            [
              121.0950703,
              14.6342319
            ],
            [
              121.0950751,
              14.6341846
            ],
            [
              121.0951305,
              14.6341931
            ],
            [
              121.095112,
              14.6342839
            ]
          ]
        ]
      },
      "id": "way/260637863"
    },
    {
      "type": "Feature",
      "properties": {
        "@id": "way/260637864",
        "addr:city": "Marikina",
        "addr:housenumber": "308",
        "addr:housenumber:old": "272",
        "addr:street": "Jose P. Rizal Street",
        "building": "commercial"
      },
      "geometry": {
        "type": "Polygon",
        "coordinates": [
          [
            [
              121.0949724,
              14.6343277
            ],
            [
              121.0949954,
              14.6342541
            ],
            [
              121.0950643,
              14.6342717
            ],
            [
              121.095112,
              14.6342839
            ],
            [
              121.0950898,
              14.6343627
            ],
            [
              121.0950588,
              14.634354
            ],
            [
              121.0949724,
              14.6343277
            ]
          ]
        ]
      },
      "id": "way/260637864"
    },
    {
      "type": "Feature",
      "properties": {
        "@id": "way/260637865",
        "addr:city": "Marikina",
        "addr:housenumber": "368",
        "addr:street": "Jose P. Rizal Street",
        "building": "commercial"
      },
      "geometry": {
        "type": "Polygon",
        "coordinates": [
          [
            [
              121.0949275,
              14.634431
            ],
            [
              121.0949724,
              14.6343277
            ],
            [
              121.0950588,
              14.634354
            ],
            [
              121.0950392,
              14.6344066
            ],
            [
              121.0950179,
              14.6344623
            ],
            [
              121.0949275,
              14.634431
            ]
          ]
        ]
      },
      "id": "way/260637865"
    },
    {
      "type": "Feature",
      "properties": {
        "@id": "way/260637866",
        "addr:city": "Marikina",
        "addr:street": "Jose P. Rizal Street",
        "building": "commercial",
        "building:levels": "2"
      },
      "geometry": {
        "type": "Polygon",
        "coordinates": [
          [
            [
              121.0950041,
              14.6341306
            ],
            [
              121.0950079,
              14.6340155
            ],
            [
              121.0950174,
              14.6340158
            ],
            [
              121.0951639,
              14.6340199
            ],
            [
              121.0951488,
              14.6341369
            ],
            [
              121.0950041,
              14.6341306
            ]
          ]
        ]
      },
      "id": "way/260637866"
    },
    {
      "type": "Feature",
      "properties": {
        "@id": "way/260641850",
        "addr:city": "Marikina",
        "addr:street": "Jose P. Rizal Street",
        "building": "commercial",
        "building:levels": "2"
      },
      "geometry": {
        "type": "Polygon",
        "coordinates": [
          [
            [
              121.0950199,
              14.6339176
            ],
            [
              121.095024,
              14.6338127
            ],
            [
              121.0950287,
              14.6338129
            ],
            [
              121.0950993,
              14.633816
            ],
            [
              121.0950936,
              14.63388
            ],
            [
              121.0950781,
              14.633879
            ],
            [
              121.0950739,
              14.6339199
            ],
            [
              121.0950199,
              14.6339176
            ]
          ]
        ]
      },
      "id": "way/260641850"
    },
    {
      "type": "Feature",
      "properties": {
        "@id": "way/260641851",
        "addr:city": "Marikina",
        "addr:housenumber": "298",
        "addr:street": "Jose P. Rizal Street",
        "building": "commercial",
        "building:levels": "2"
      },
      "geometry": {
        "type": "Polygon",
        "coordinates": [
          [
            [
              121.0950287,
              14.6338129
            ],
            [
              121.0950363,
              14.6336888
            ],
            [
              121.095061,
              14.6336896
            ],
            [
              121.095136,
              14.6336948
            ],
            [
              121.095131,
              14.6337902
            ],
            [
              121.0951295,
              14.6338174
            ],
            [
              121.0951142,
              14.6338167
            ],
            [
              121.0950993,
              14.633816
            ],
            [
              121.0950287,
              14.6338129
            ]
          ]
        ]
      },
      "id": "way/260641851"
    },
    {
      "type": "Feature",
      "properties": {
        "@id": "way/260641853",
        "addr:city": "Marikina",
        "addr:street": "Jose P. Rizal Street",
        "building": "commercial",
        "building:levels": "3"
      },
      "geometry": {
        "type": "Polygon",
        "coordinates": [
          [
            [
              121.0950628,
              14.6336021
            ],
            [
              121.0950656,
              14.6335629
            ],
            [
              121.0950774,
              14.6335627
            ],
            [
              121.0950776,
              14.6335547
            ],
            [
              121.095155,
              14.6335635
            ],
            [
              121.0951468,
              14.633629
            ],
            [
              121.0950687,
              14.6336206
            ],
            [
              121.0950696,
              14.6336026
            ],
            [
              121.0950628,
              14.6336021
            ]
          ]
        ]
      },
      "id": "way/260641853"
    },
    {
      "type": "Feature",
      "properties": {
        "@id": "way/260644574",
        "addr:city": "Marikina",
        "addr:street": "Jose P. Rizal Street",
        "alt_name": "Banco de Oro",
        "amenity": "bank",
        "atm": "yes",
        "branch": "Marikina-JP Rizal",
        "brand": "BDO",
        "brand:wikidata": "Q4854129",
        "building": "commercial",
        "building:levels": "2",
        "drive_through": "no",
        "name": "BDO"
      },
      "geometry": {
        "type": "Polygon",
        "coordinates": [
          [
            [
              121.0951276,
              14.6319548
            ],
            [
              121.0951391,
              14.6318604
            ],
            [
              121.0952393,
              14.631871
            ],
            [
              121.0952263,
              14.6319672
            ],
            [
              121.0951276,
              14.6319548
            ]
          ]
        ]
      },
      "id": "way/260644574"
    },
    {
      "type": "Feature",
      "properties": {
        "@id": "way/260869082",
        "building": "public"
      },
      "geometry": {
        "type": "Polygon",
        "coordinates": [
          [
            [
              121.0635819,
              14.637914
            ],
            [
              121.0634707,
              14.6379126
            ],
            [
              121.0634741,
              14.6376607
            ],
            [
              121.0635853,
              14.6376621
            ],
            [
              121.0635819,
              14.637914
            ]
          ]
        ]
      },
      "id": "way/260869082"
    },
    {
      "type": "Feature",
      "properties": {
        "@id": "way/260869085",
        "building": "public"
      },
      "geometry": {
        "type": "Polygon",
        "coordinates": [
          [
            [
              121.0637668,
              14.637996
            ],
            [
              121.0635918,
              14.6379903
            ],
            [
              121.0635967,
              14.6378508
            ],
            [
              121.0637717,
              14.6378566
            ],
            [
              121.0637668,
              14.637996
            ]
          ]
        ]
      },
      "id": "way/260869085"
    },
    {
      "type": "Feature",
      "properties": {
        "@id": "way/260869086",
        "building": "public"
      },
      "geometry": {
        "type": "Polygon",
        "coordinates": [
          [
            [
              121.0637702,
              14.6378497
            ],
            [
              121.0636273,
              14.6378467
            ],
            [
              121.0636316,
              14.637656
            ],
            [
              121.0637745,
              14.637659
            ],
            [
              121.0637702,
              14.6378497
            ]
          ]
        ]
      },
      "id": "way/260869086"
    },
    {
      "type": "Feature",
      "properties": {
        "@id": "way/261332458",
        "addr:city": "Marikina",
        "building": "commercial"
      },
      "geometry": {
        "type": "Polygon",
        "coordinates": [
          [
            [
              121.1046411,
              14.6348533
            ],
            [
              121.1045938,
              14.6346305
            ],
            [
              121.1055749,
              14.6344355
            ],
            [
              121.1056301,
              14.6346958
            ],
            [
              121.1054721,
              14.6347273
            ],
            [
              121.1054641,
              14.6346897
            ],
            [
              121.1046411,
              14.6348533
            ]
          ]
        ]
      },
      "id": "way/261332458"
    },
    {
      "type": "Feature",
      "properties": {
        "@id": "way/261333241",
        "addr:city": "Marikina",
        "addr:place": "Concepcion Uno",
        "addr:postcode": "1807",
        "building": "school",
        "building:levels": "4",
        "mapillary": "1358573694501587"
      },
      "geometry": {
        "type": "Polygon",
        "coordinates": [
          [
            [
              121.1040289,
              14.6577609
            ],
            [
              121.104145,
              14.6577437
            ],
            [
              121.1042192,
              14.6581508
            ],
            [
              121.1044446,
              14.6581123
            ],
            [
              121.1044285,
              14.6577287
            ],
            [
              121.1045388,
              14.6577253
            ],
            [
              121.1045658,
              14.658201
            ],
            [
              121.104124,
              14.6582853
            ],
            [
              121.1040289,
              14.6577609
            ]
          ]
        ]
      },
      "id": "way/261333241"
    },
    {
      "type": "Feature",
      "properties": {
        "@id": "way/261343515",
        "building": "commercial"
      },
      "geometry": {
        "type": "Polygon",
        "coordinates": [
          [
            [
              121.0704102,
              14.6348066
            ],
            [
              121.0702395,
              14.6348535
            ],
            [
              121.0702014,
              14.6347251
            ],
            [
              121.0702139,
              14.634721
            ],
            [
              121.0702004,
              14.6346822
            ],
            [
              121.0703103,
              14.6346401
            ],
            [
              121.0704102,
              14.6348066
            ]
          ]
        ]
      },
      "id": "way/261343515"
    },
    {
      "type": "Feature",
      "properties": {
        "@id": "way/261343516",
        "building": "commercial"
      },
      "geometry": {
        "type": "Polygon",
        "coordinates": [
          [
            [
              121.0699767,
              14.6349253
            ],
            [
              121.0698975,
              14.6346868
            ],
            [
              121.069985,
              14.6346596
            ],
            [
              121.0700642,
              14.6348982
            ],
            [
              121.0699767,
              14.6349253
            ]
          ]
        ]
      },
      "id": "way/261343516"
    },
    {
      "type": "Feature",
      "properties": {
        "@id": "way/261343517",
        "building": "commercial"
      },
      "geometry": {
        "type": "Polygon",
        "coordinates": [
          [
            [
              121.0696631,
              14.6350057
            ],
            [
              121.069537,
              14.6350391
            ],
            [
              121.069474,
              14.6348166
            ],
            [
              121.0696,
              14.6347831
            ],
            [
              121.0696631,
              14.6350057
            ]
          ]
        ]
      },
      "id": "way/261343517"
    },
    {
      "type": "Feature",
      "properties": {
        "@id": "way/261343519",
        "building": "commercial"
      },
      "geometry": {
        "type": "Polygon",
        "coordinates": [
          [
            [
              121.0695206,
              14.6350385
            ],
            [
              121.0693888,
              14.6350736
            ],
            [
              121.0693296,
              14.6348655
            ],
            [
              121.0694614,
              14.6348304
            ],
            [
              121.0695206,
              14.6350385
            ]
          ]
        ]
      },
      "id": "way/261343519"
    },
    {
      "type": "Feature",
      "properties": {
        "@id": "way/261344080",
        "building": "commercial"
      },
      "geometry": {
        "type": "Polygon",
        "coordinates": [
          [
            [
              121.0689691,
              14.6352069
            ],
            [
              121.0688128,
              14.6352546
            ],
            [
              121.0687945,
              14.6351983
            ],
            [
              121.0688121,
              14.635193
            ],
            [
              121.0687686,
              14.6350595
            ],
            [
              121.0689073,
              14.6350172
            ],
            [
              121.0689691,
              14.6352069
            ]
          ]
        ]
      },
      "id": "way/261344080"
    },
    {
      "type": "Feature",
      "properties": {
        "@id": "way/261344991",
        "building": "commercial"
      },
      "geometry": {
        "type": "Polygon",
        "coordinates": [
          [
            [
              121.0690563,
              14.6363966
            ],
            [
              121.0689467,
              14.6364253
            ],
            [
              121.0688999,
              14.6362576
            ],
            [
              121.0690095,
              14.636229
            ],
            [
              121.0690563,
              14.6363966
            ]
          ]
        ]
      },
      "id": "way/261344991"
    },
    {
      "type": "Feature",
      "properties": {
        "@id": "way/261345188",
        "addr:housenumber": "75",
        "addr:street": "Xavierville Avenue",
        "building": "commercial"
      },
      "geometry": {
        "type": "Polygon",
        "coordinates": [
          [
            [
              121.0704853,
              14.634961
            ],
            [
              121.070655,
              14.6349062
            ],
            [
              121.0706796,
              14.6349777
            ],
            [
              121.0705099,
              14.6350325
            ],
            [
              121.0704853,
              14.634961
            ]
          ]
        ]
      },
      "id": "way/261345188"
    },
    {
      "type": "Feature",
      "properties": {
        "@id": "way/261345189",
        "building": "commercial"
      },
      "geometry": {
        "type": "Polygon",
        "coordinates": [
          [
            [
              121.0705501,
              14.6351523
            ],
            [
              121.0705108,
              14.635035
            ],
            [
              121.070687,
              14.6349798
            ],
            [
              121.0707263,
              14.6350971
            ],
            [
              121.0705501,
              14.6351523
            ]
          ]
        ]
      },
      "id": "way/261345189"
    },
    {
      "type": "Feature",
      "properties": {
        "@id": "way/261345190",
        "building": "commercial"
      },
      "geometry": {
        "type": "Polygon",
        "coordinates": [
          [
            [
              121.0704656,
              14.6349847
            ],
            [
              121.070564,
              14.6352924
            ],
            [
              121.0704144,
              14.6353371
            ],
            [
              121.0703071,
              14.6350013
            ],
            [
              121.0703829,
              14.6349786
            ],
            [
              121.0703919,
              14.6350068
            ],
            [
              121.0704656,
              14.6349847
            ]
          ]
        ]
      },
      "id": "way/261345190"
    },
    {
      "type": "Feature",
      "properties": {
        "@id": "way/261360998",
        "building": "commercial"
      },
      "geometry": {
        "type": "Polygon",
        "coordinates": [
          [
            [
              121.0701719,
              14.6353543
            ],
            [
              121.0700438,
              14.6353949
            ],
            [
              121.0699464,
              14.6351077
            ],
            [
              121.0700283,
              14.6350817
            ],
            [
              121.0700877,
              14.6352568
            ],
            [
              121.0701339,
              14.6352421
            ],
            [
              121.0701719,
              14.6353543
            ]
          ]
        ]
      },
      "id": "way/261360998"
    },
    {
      "type": "Feature",
      "properties": {
        "@id": "way/261360999",
        "building": "commercial",
        "name": "Loading Point"
      },
      "geometry": {
        "type": "Polygon",
        "coordinates": [
          [
            [
              121.0700571,
              14.6354838
            ],
            [
              121.0698863,
              14.6355357
            ],
            [
              121.0697698,
              14.6351774
            ],
            [
              121.0699407,
              14.6351254
            ],
            [
              121.0700571,
              14.6354838
            ]
          ]
        ]
      },
      "id": "way/261360999"
    },
    {
      "type": "Feature",
      "properties": {
        "@id": "way/261365002",
        "building": "commercial"
      },
      "geometry": {
        "type": "Polygon",
        "coordinates": [
          [
            [
              121.0703261,
              14.6350968
            ],
            [
              121.0702125,
              14.6351312
            ],
            [
              121.0701923,
              14.6350685
            ],
            [
              121.0703058,
              14.6350342
            ],
            [
              121.0703261,
              14.6350968
            ]
          ]
        ]
      },
      "id": "way/261365002"
    },
    {
      "type": "Feature",
      "properties": {
        "@id": "way/261668421",
        "addr2:street": "Road 1",
        "addr:street": "Tandang Sora Avenue",
        "building": "commercial",
        "building:levels": "2",
        "name": "Lourdes Arcade"
      },
      "geometry": {
        "type": "Polygon",
        "coordinates": [
          [
            [
              121.0696258,
              14.6638382
            ],
            [
              121.0696277,
              14.6636142
            ],
            [
              121.0699164,
              14.663622
            ],
            [
              121.0699106,
              14.6636941
            ],
            [
              121.0699097,
              14.6638458
            ],
            [
              121.069905,
              14.6638626
            ],
            [
              121.0698918,
              14.6638769
            ],
            [
              121.069876,
              14.6638854
            ],
            [
              121.0698578,
              14.6638891
            ],
            [
              121.0698477,
              14.6638889
            ],
            [
              121.069838,
              14.6638863
            ],
            [
              121.0698197,
              14.6638756
            ],
            [
              121.0698117,
              14.6638599
            ],
            [
              121.0698119,
              14.6638396
            ],
            [
              121.0696258,
              14.6638382
            ]
          ]
        ]
      },
      "id": "way/261668421"
    },
    {
      "type": "Feature",
      "properties": {
        "@id": "way/261668428",
        "addr:street": "Lieutenant J. Francisco Street",
        "amenity": "health_post",
        "building": "public",
        "name": "Krus Na Ligas Health Center"
      },
      "geometry": {
        "type": "Polygon",
        "coordinates": [
          [
            [
              121.064133,
              14.6442826
            ],
            [
              121.0642838,
              14.6442948
            ],
            [
              121.0642692,
              14.644412
            ],
            [
              121.0641034,
              14.6443954
            ],
            [
              121.064133,
              14.6442826
            ]
          ]
        ]
      },
      "id": "way/261668428"
    },
    {
      "type": "Feature",
      "properties": {
        "@id": "way/261670164",
        "addr:street": "P. Francisco Street",
        "amenity": "townhall",
        "building": "civic",
        "name": "Krus na Ligas Barangay Hall",
        "townhall:type": "village"
      },
      "geometry": {
        "type": "Polygon",
        "coordinates": [
          [
            [
              121.0634662,
              14.6443112
            ],
            [
              121.0634931,
              14.6441887
            ],
            [
              121.0635856,
              14.6442077
            ],
            [
              121.0635587,
              14.6443302
            ],
            [
              121.0634662,
              14.6443112
            ]
          ]
        ]
      },
      "id": "way/261670164"
    },
    {
      "type": "Feature",
      "properties": {
        "@id": "way/262308307",
        "addr:city": "Marikina",
        "addr:street": "Katipunan Street",
        "amenity": "hospital",
        "building": "hospital",
        "healthcare": "hospital",
        "name": "Jesus Immaculate Concepcion Hospital",
        "operator:type": "private",
        "ref:doh": "582",
        "source": "jklinc",
        "source:url": "http://www.freewebs.com/phroadguide/"
      },
      "geometry": {
        "type": "Polygon",
        "coordinates": [
          [
            [
              121.1088738,
              14.6385442
            ],
            [
              121.1087796,
              14.6382743
            ],
            [
              121.1090426,
              14.6381883
            ],
            [
              121.1091368,
              14.6384583
            ],
            [
              121.1088738,
              14.6385442
            ]
          ]
        ]
      },
      "id": "way/262308307"
    },
    {
      "type": "Feature",
      "properties": {
        "@id": "way/262969828",
        "building": "school"
      },
      "geometry": {
        "type": "Polygon",
        "coordinates": [
          [
            [
              121.0632283,
              14.615936
            ],
            [
              121.0629797,
              14.6158416
            ],
            [
              121.0630243,
              14.6157315
            ],
            [
              121.063273,
              14.6158259
            ],
            [
              121.0632283,
              14.615936
            ]
          ]
        ]
      },
      "id": "way/262969828"
    },
    {
      "type": "Feature",
      "properties": {
        "@id": "way/262969829",
        "building": "school"
      },
      "geometry": {
        "type": "Polygon",
        "coordinates": [
          [
            [
              121.0631726,
              14.616026
            ],
            [
              121.0629318,
              14.6159345
            ],
            [
              121.0629686,
              14.6158437
            ],
            [
              121.0632094,
              14.6159352
            ],
            [
              121.0631726,
              14.616026
            ]
          ]
        ]
      },
      "id": "way/262969829"
    },
    {
      "type": "Feature",
      "properties": {
        "@id": "way/262969830",
        "building": "school"
      },
      "geometry": {
        "type": "Polygon",
        "coordinates": [
          [
            [
              121.0629098,
              14.6158994
            ],
            [
              121.0628083,
              14.6158624
            ],
            [
              121.0629314,
              14.6155464
            ],
            [
              121.0630329,
              14.6155835
            ],
            [
              121.0629098,
              14.6158994
            ]
          ]
        ]
      },
      "id": "way/262969830"
    },
    {
      "type": "Feature",
      "properties": {
        "@id": "way/262969831",
        "building": "school"
      },
      "geometry": {
        "type": "Polygon",
        "coordinates": [
          [
            [
              121.0627748,
              14.6160214
            ],
            [
              121.062817,
              14.6159174
            ],
            [
              121.0629779,
              14.6159785
            ],
            [
              121.0629357,
              14.6160825
            ],
            [
              121.0627748,
              14.6160214
            ]
          ]
        ]
      },
      "id": "way/262969831"
    },
    {
      "type": "Feature",
      "properties": {
        "@id": "way/262969832",
        "addr:city": "Quezon City",
        "addr:street": "18th Avenue",
        "amenity": "clinic",
        "building": "civic",
        "healthcare": "clinic",
        "mapillary": "584064142573253",
        "name": "Murphy Super Health Center",
        "source": "extrapolation"
      },
      "geometry": {
        "type": "Polygon",
        "coordinates": [
          [
            [
              121.0631019,
              14.6157471
            ],
            [
              121.0631551,
              14.6156289
            ],
            [
              121.0633252,
              14.6157006
            ],
            [
              121.0632719,
              14.6158188
            ],
            [
              121.0631019,
              14.6157471
            ]
          ]
        ]
      },
      "id": "way/262969832"
    },
    {
      "type": "Feature",
      "properties": {
        "@id": "way/262969837",
        "building": "school"
      },
      "geometry": {
        "type": "Polygon",
        "coordinates": [
          [
            [
              121.063174,
              14.6161699
            ],
            [
              121.062962,
              14.6160894
            ],
            [
              121.0630032,
              14.6159877
            ],
            [
              121.0632152,
              14.6160682
            ],
            [
              121.063174,
              14.6161699
            ]
          ]
        ]
      },
      "id": "way/262969837"
    },
    {
      "type": "Feature",
      "properties": {
        "@id": "way/262970411",
        "building": "school"
      },
      "geometry": {
        "type": "Polygon",
        "coordinates": [
          [
            [
              121.0631149,
              14.6174009
            ],
            [
              121.0629346,
              14.6173281
            ],
            [
              121.0631537,
              14.6168203
            ],
            [
              121.063334,
              14.6168932
            ],
            [
              121.0631149,
              14.6174009
            ]
          ]
        ]
      },
      "id": "way/262970411"
    },
    {
      "type": "Feature",
      "properties": {
        "@id": "way/262970420",
        "building": "school"
      },
      "geometry": {
        "type": "Polygon",
        "coordinates": [
          [
            [
              121.0633844,
              14.6169025
            ],
            [
              121.0634272,
              14.6168034
            ],
            [
              121.0635931,
              14.6168704
            ],
            [
              121.0635503,
              14.6169695
            ],
            [
              121.0633844,
              14.6169025
            ]
          ]
        ]
      },
      "id": "way/262970420"
    },
    {
      "type": "Feature",
      "properties": {
        "@id": "way/263197327",
        "building": "university",
        "building:levels": "4",
        "name": "Building № 9",
        "roof:levels": "1"
      },
      "geometry": {
        "type": "Polygon",
        "coordinates": [
          [
            [
              121.0623664,
              14.6265655
            ],
            [
              121.0617529,
              14.6262656
            ],
            [
              121.0618576,
              14.626065
            ],
            [
              121.0624711,
              14.626365
            ],
            [
              121.0623664,
              14.6265655
            ]
          ]
        ]
      },
      "id": "way/263197327"
    },
    {
      "type": "Feature",
      "properties": {
        "@id": "way/263197336",
        "building": "university",
        "name": "Building № 5"
      },
      "geometry": {
        "type": "Polygon",
        "coordinates": [
          [
            [
              121.0623669,
              14.6268112
            ],
            [
              121.0622082,
              14.6267271
            ],
            [
              121.0622995,
              14.6265405
            ],
            [
              121.0623856,
              14.6265832
            ],
            [
              121.0626604,
              14.6260181
            ],
            [
              121.0625707,
              14.6259759
            ],
            [
              121.06253,
              14.6259552
            ],
            [
              121.0625618,
              14.6258964
            ],
            [
              121.0626002,
              14.6259159
            ],
            [
              121.0627979,
              14.6260167
            ],
            [
              121.0623669,
              14.6268112
            ]
          ]
        ]
      },
      "id": "way/263197336"
    },
    {
      "type": "Feature",
      "properties": {
        "@id": "way/263197785",
        "building": "commercial",
        "building:levels": "3"
      },
      "geometry": {
        "type": "Polygon",
        "coordinates": [
          [
            [
              121.0622297,
              14.6271665
            ],
            [
              121.0623132,
              14.6270027
            ],
            [
              121.0625014,
              14.6270925
            ],
            [
              121.0624179,
              14.6272563
            ],
            [
              121.0622297,
              14.6271665
            ]
          ]
        ]
      },
      "id": "way/263197785"
    },
    {
      "type": "Feature",
      "properties": {
        "@id": "way/263307700",
        "addr:street": "Colonel Bonny Serrano Avenue",
        "building": "commercial",
        "description": "AFP Finance Center",
        "name": "AFPFC Multi Purpose Cooperative Business Center"
      },
      "geometry": {
        "type": "Polygon",
        "coordinates": [
          [
            [
              121.0645544,
              14.6132955
            ],
            [
              121.0646626,
              14.6133392
            ],
            [
              121.0646105,
              14.6134598
            ],
            [
              121.064682,
              14.6134887
            ],
            [
              121.0647361,
              14.6133636
            ],
            [
              121.0648168,
              14.6133963
            ],
            [
              121.0647104,
              14.6136425
            ],
            [
              121.06445,
              14.6135372
            ],
            [
              121.0644595,
              14.6135154
            ],
            [
              121.0645544,
              14.6132955
            ]
          ]
        ]
      },
      "id": "way/263307700"
    },
    {
      "type": "Feature",
      "properties": {
        "@id": "way/263447343",
        "addr:city": "Marikina",
        "building": "school",
        "building:levels": "5"
      },
      "geometry": {
        "type": "Polygon",
        "coordinates": [
          [
            [
              121.1175251,
              14.640922
            ],
            [
              121.1175465,
              14.6407232
            ],
            [
              121.1181477,
              14.6407839
            ],
            [
              121.1181263,
              14.6409826
            ],
            [
              121.1175251,
              14.640922
            ]
          ]
        ]
      },
      "id": "way/263447343"
    },
    {
      "type": "Feature",
      "properties": {
        "@id": "way/263455110",
        "building": "university",
        "building:levels": "5",
        "name": "Building № 7",
        "roof:levels": "1",
        "roof:shape": "mansard"
      },
      "geometry": {
        "type": "Polygon",
        "coordinates": [
          [
            [
              121.0627735,
              14.6254432
            ],
            [
              121.0626487,
              14.6257079
            ],
            [
              121.0619134,
              14.6253501
            ],
            [
              121.0620097,
              14.6251649
            ],
            [
              121.0622989,
              14.6253057
            ],
            [
              121.0623373,
              14.6252316
            ],
            [
              121.0627735,
              14.6254432
            ]
          ]
        ]
      },
      "id": "way/263455110"
    },
    {
      "type": "Feature",
      "properties": {
        "@id": "way/263455116",
        "building": "university"
      },
      "geometry": {
        "type": "Polygon",
        "coordinates": [
          [
            [
              121.0619322,
              14.6253012
            ],
            [
              121.0617563,
              14.6252157
            ],
            [
              121.0618509,
              14.6250336
            ],
            [
              121.0620268,
              14.6251192
            ],
            [
              121.0619322,
              14.6253012
            ]
          ]
        ]
      },
      "id": "way/263455116"
    },
    {
      "type": "Feature",
      "properties": {
        "@id": "way/263455125",
        "building": "university",
        "building:levels": "4",
        "name": "Building № 1"
      },
      "geometry": {
        "type": "Polygon",
        "coordinates": [
          [
            [
              121.0617312,
              14.6252279
            ],
            [
              121.0612562,
              14.6249968
            ],
            [
              121.0613661,
              14.6247853
            ],
            [
              121.0618411,
              14.6250164
            ],
            [
              121.0617312,
              14.6252279
            ]
          ]
        ]
      },
      "id": "way/263455125"
    },
    {
      "type": "Feature",
      "properties": {
        "@id": "way/263455278",
        "building": "school"
      },
      "geometry": {
        "type": "Polygon",
        "coordinates": [
          [
            [
              121.0613818,
              14.6223346
            ],
            [
              121.0610244,
              14.6222038
            ],
            [
              121.0610647,
              14.6221009
            ],
            [
              121.0614221,
              14.6222317
            ],
            [
              121.0613818,
              14.6223346
            ]
          ]
        ]
      },
      "id": "way/263455278"
    },
    {
      "type": "Feature",
      "properties": {
        "@id": "way/263455281",
        "building": "school"
      },
      "geometry": {
        "type": "Polygon",
        "coordinates": [
          [
            [
              121.0615988,
              14.6221476
            ],
            [
              121.061494,
              14.6221038
            ],
            [
              121.0616838,
              14.6216794
            ],
            [
              121.0617886,
              14.6217233
            ],
            [
              121.0615988,
              14.6221476
            ]
          ]
        ]
      },
      "id": "way/263455281"
    },
    {
      "type": "Feature",
      "properties": {
        "@id": "way/263455282",
        "building": "school"
      },
      "geometry": {
        "type": "Polygon",
        "coordinates": [
          [
            [
              121.0610245,
              14.6221888
            ],
            [
              121.0609147,
              14.6221512
            ],
            [
              121.0610992,
              14.6216469
            ],
            [
              121.061209,
              14.6216845
            ],
            [
              121.0610245,
              14.6221888
            ]
          ]
        ]
      },
      "id": "way/263455282"
    },
    {
      "type": "Feature",
      "properties": {
        "@id": "way/263455283",
        "building": "school"
      },
      "geometry": {
        "type": "Polygon",
        "coordinates": [
          [
            [
              121.0613091,
              14.6224785
            ],
            [
              121.0610928,
              14.6223985
            ],
            [
              121.0611351,
              14.6222916
            ],
            [
              121.0613513,
              14.6223716
            ],
            [
              121.0613091,
              14.6224785
            ]
          ]
        ]
      },
      "id": "way/263455283"
    },
    {
      "type": "Feature",
      "properties": {
        "@id": "way/263455288",
        "building": "school"
      },
      "geometry": {
        "type": "Polygon",
        "coordinates": [
          [
            [
              121.0610785,
              14.6223819
            ],
            [
              121.0608681,
              14.6223041
            ],
            [
              121.060904,
              14.6222131
            ],
            [
              121.0611144,
              14.6222909
            ],
            [
              121.0610785,
              14.6223819
            ]
          ]
        ]
      },
      "id": "way/263455288"
    },
    {
      "type": "Feature",
      "properties": {
        "@id": "way/263455294",
        "building": "school"
      },
      "geometry": {
        "type": "Polygon",
        "coordinates": [
          [
            [
              121.0611074,
              14.6215551
            ],
            [
              121.0611457,
              14.6214502
            ],
            [
              121.0615835,
              14.6216001
            ],
            [
              121.0615451,
              14.6217051
            ],
            [
              121.0611074,
              14.6215551
            ]
          ]
        ]
      },
      "id": "way/263455294"
    },
    {
      "type": "Feature",
      "properties": {
        "@id": "way/263455295",
        "building": "school"
      },
      "geometry": {
        "type": "Polygon",
        "coordinates": [
          [
            [
              121.0612974,
              14.6221766
            ],
            [
              121.061195,
              14.622141
            ],
            [
              121.061216,
              14.6220846
            ],
            [
              121.0613183,
              14.6221202
            ],
            [
              121.0612974,
              14.6221766
            ]
          ]
        ]
      },
      "id": "way/263455295"
    },
    {
      "type": "Feature",
      "properties": {
        "@id": "way/263500274",
        "building": "university",
        "building:levels": "4",
        "name": "Building № 3"
      },
      "geometry": {
        "type": "Polygon",
        "coordinates": [
          [
            [
              121.0625854,
              14.6248265
            ],
            [
              121.0627347,
              14.6244863
            ],
            [
              121.0628786,
              14.6245097
            ],
            [
              121.0629613,
              14.6245472
            ],
            [
              121.0629863,
              14.6245747
            ],
            [
              121.0629911,
              14.6245993
            ],
            [
              121.0629179,
              14.624755
            ],
            [
              121.0628938,
              14.6247444
            ],
            [
              121.0627697,
              14.6250082
            ],
            [
              121.0626385,
              14.6249504
            ],
            [
              121.0626763,
              14.62487
            ],
            [
              121.0625854,
              14.6248265
            ]
          ]
        ]
      },
      "id": "way/263500274"
    },
    {
      "type": "Feature",
      "properties": {
        "@id": "way/263500279",
        "building": "university",
        "building:levels": "3",
        "name": "Building № 8"
      },
      "geometry": {
        "type": "Polygon",
        "coordinates": [
          [
            [
              121.0623858,
              14.6248268
            ],
            [
              121.06251,
              14.6248794
            ],
            [
              121.0623679,
              14.6251936
            ],
            [
              121.0622437,
              14.625141
            ],
            [
              121.0623858,
              14.6248268
            ]
          ]
        ]
      },
      "id": "way/263500279"
    },
    {
      "type": "Feature",
      "properties": {
        "@id": "way/263500280",
        "building": "university",
        "building:levels": "3",
        "name": "Building № 2"
      },
      "geometry": {
        "type": "Polygon",
        "coordinates": [
          [
            [
              121.0627932,
              14.6254381
            ],
            [
              121.0624142,
              14.6252662
            ],
            [
              121.0625781,
              14.624928
            ],
            [
              121.0627585,
              14.6250098
            ],
            [
              121.0626719,
              14.6251886
            ],
            [
              121.0628698,
              14.6252788
            ],
            [
              121.0627932,
              14.6254381
            ]
          ]
        ]
      },
      "id": "way/263500280"
    },
    {
      "type": "Feature",
      "properties": {
        "@id": "way/263500281",
        "building": "university"
      },
      "geometry": {
        "type": "Polygon",
        "coordinates": [
          [
            [
              121.0625323,
              14.6245388
            ],
            [
              121.0625761,
              14.6245572
            ],
            [
              121.062633,
              14.6245944
            ],
            [
              121.0626613,
              14.6246135
            ],
            [
              121.0625425,
              14.6248795
            ],
            [
              121.0624057,
              14.6248222
            ],
            [
              121.0625323,
              14.6245388
            ]
          ]
        ]
      },
      "id": "way/263500281"
    },
    {
      "type": "Feature",
      "properties": {
        "@id": "way/263566238",
        "building": "school"
      },
      "geometry": {
        "type": "Polygon",
        "coordinates": [
          [
            [
              121.068034,
              14.6221283
            ],
            [
              121.0685941,
              14.622124
            ],
            [
              121.0685946,
              14.6221792
            ],
            [
              121.0685216,
              14.6221798
            ],
            [
              121.0685225,
              14.6223003
            ],
            [
              121.0680354,
              14.622304
            ],
            [
              121.068034,
              14.6221283
            ]
          ]
        ]
      },
      "id": "way/263566238"
    },
    {
      "type": "Feature",
      "properties": {
        "@id": "way/263566275",
        "building": "school"
      },
      "geometry": {
        "type": "Polygon",
        "coordinates": [
          [
            [
              121.0686026,
              14.6222762
            ],
            [
              121.0686512,
              14.6220934
            ],
            [
              121.0687623,
              14.622121
            ],
            [
              121.0687137,
              14.6223039
            ],
            [
              121.0686026,
              14.6222762
            ]
          ]
        ]
      },
      "id": "way/263566275"
    },
    {
      "type": "Feature",
      "properties": {
        "@id": "way/263568056",
        "building": "commercial"
      },
      "geometry": {
        "type": "Polygon",
        "coordinates": [
          [
            [
              121.0767182,
              14.6173254
            ],
            [
              121.0771011,
              14.6173307
            ],
            [
              121.0770987,
              14.6174915
            ],
            [
              121.0771409,
              14.617492
            ],
            [
              121.0771379,
              14.6176892
            ],
            [
              121.0767129,
              14.6176832
            ],
            [
              121.0767182,
              14.6173254
            ]
          ]
        ]
      },
      "id": "way/263568056"
    },
    {
      "type": "Feature",
      "properties": {
        "@id": "way/263568058",
        "building": "school"
      },
      "geometry": {
        "type": "Polygon",
        "coordinates": [
          [
            [
              121.0728896,
              14.6152233
            ],
            [
              121.0725078,
              14.6151358
            ],
            [
              121.0725313,
              14.6150399
            ],
            [
              121.0729131,
              14.6151274
            ],
            [
              121.0728896,
              14.6152233
            ]
          ]
        ]
      },
      "id": "way/263568058"
    },
    {
      "type": "Feature",
      "properties": {
        "@id": "way/263568067",
        "building": "school"
      },
      "geometry": {
        "type": "Polygon",
        "coordinates": [
          [
            [
              121.0728328,
              14.6153758
            ],
            [
              121.0726019,
              14.6153229
            ],
            [
              121.0726312,
              14.6152033
            ],
            [
              121.072862,
              14.6152562
            ],
            [
              121.0728328,
              14.6153758
            ]
          ]
        ]
      },
      "id": "way/263568067"
    },
    {
      "type": "Feature",
      "properties": {
        "@id": "way/263568088",
        "building": "school"
      },
      "geometry": {
        "type": "Polygon",
        "coordinates": [
          [
            [
              121.0724369,
              14.6153792
            ],
            [
              121.0724574,
              14.6152956
            ],
            [
              121.0726541,
              14.6153408
            ],
            [
              121.0726285,
              14.6154274
            ],
            [
              121.0724369,
              14.6153792
            ]
          ]
        ]
      },
      "id": "way/263568088"
    },
    {
      "type": "Feature",
      "properties": {
        "@id": "way/263581270",
        "addr:street": "19th Avenue",
        "admin_level": "10",
        "amenity": "townhall",
        "building": "civic",
        "mapillary": "2521537071488988",
        "name": "Bulwagang Pambarangay ng San Roque",
        "name:en": "San Roque Barangay Hall",
        "name:tl": "Bulwagang Pambarangay ng San Roque",
        "source": "extrapolation",
        "townhall:type": "barangay"
      },
      "geometry": {
        "type": "Polygon",
        "coordinates": [
          [
            [
              121.0632653,
              14.6183116
            ],
            [
              121.0634582,
              14.6183852
            ],
            [
              121.0634188,
              14.6184817
            ],
            [
              121.0632259,
              14.6184081
            ],
            [
              121.0632653,
              14.6183116
            ]
          ]
        ]
      },
      "id": "way/263581270"
    },
    {
      "type": "Feature",
      "properties": {
        "@id": "way/263591167",
        "addr:street": "Lauan Street",
        "building": "commercial"
      },
      "geometry": {
        "type": "Polygon",
        "coordinates": [
          [
            [
              121.0675263,
              14.629441
            ],
            [
              121.0673197,
              14.6293451
            ],
            [
              121.0674562,
              14.6290699
            ],
            [
              121.0676628,
              14.6291659
            ],
            [
              121.0675263,
              14.629441
            ]
          ]
        ]
      },
      "id": "way/263591167"
    },
    {
      "type": "Feature",
      "properties": {
        "@id": "way/263591171",
        "addr:city": "Quezon City",
        "addr:housenumber": "973",
        "addr:postcode": "1109",
        "addr:street": "Aurora Boulevard",
        "building": "commercial",
        "building:levels": "4",
        "name": "Santos & Sons Building",
        "smoking": "outside"
      },
      "geometry": {
        "type": "Polygon",
        "coordinates": [
          [
            [
              121.0651175,
              14.6283946
            ],
            [
              121.0649051,
              14.6283592
            ],
            [
              121.0649308,
              14.6282147
            ],
            [
              121.0651432,
              14.6282501
            ],
            [
              121.0651175,
              14.6283946
            ]
          ]
        ]
      },
      "id": "way/263591171"
    },
    {
      "type": "Feature",
      "properties": {
        "@id": "way/263591352",
        "addr:street": "Katipunan Avenue",
        "building": "commercial",
        "mapillary": "490299502286006",
        "name": "JSO Building"
      },
      "geometry": {
        "type": "Polygon",
        "coordinates": [
          [
            [
              121.0724446,
              14.618997
            ],
            [
              121.0723328,
              14.6188156
            ],
            [
              121.072564,
              14.618724
            ],
            [
              121.0726531,
              14.6189182
            ],
            [
              121.0724446,
              14.618997
            ]
          ]
        ]
      },
      "id": "way/263591352"
    },
    {
      "type": "Feature",
      "properties": {
        "@id": "way/263591953",
        "addr:city": "Quezon City",
        "addr:housenumber": "138",
        "addr:street": "Katipunan Avenue",
        "building": "commercial",
        "name": "Francisco Santos Building"
      },
      "geometry": {
        "type": "Polygon",
        "coordinates": [
          [
            [
              121.0709238,
              14.612071
            ],
            [
              121.0707942,
              14.61205
            ],
            [
              121.0708134,
              14.6119395
            ],
            [
              121.0708315,
              14.6119424
            ],
            [
              121.0708404,
              14.6118913
            ],
            [
              121.0709519,
              14.6119094
            ],
            [
              121.0709238,
              14.612071
            ]
          ]
        ]
      },
      "id": "way/263591953"
    },
    {
      "type": "Feature",
      "properties": {
        "@id": "way/263591981",
        "addr:city": "Quezon City",
        "addr:housename": "Watson Building",
        "addr:postcode": "1110",
        "addr:province": "Metro Manila",
        "addr:street": "Katipunan Avenue",
        "addr:unit": "134",
        "building": "commercial",
        "building:levels": "3",
        "name": "134 Watson building"
      },
      "geometry": {
        "type": "Polygon",
        "coordinates": [
          [
            [
              121.0708424,
              14.6117052
            ],
            [
              121.0708725,
              14.6115316
            ],
            [
              121.0710217,
              14.6115558
            ],
            [
              121.0709916,
              14.6117294
            ],
            [
              121.0708424,
              14.6117052
            ]
          ]
        ]
      },
      "id": "way/263591981"
    },
    {
      "type": "Feature",
      "properties": {
        "@id": "way/263592337",
        "addr2:street": "E. Rodriguez Jr. Avenue",
        "addr:city": "Quezon City",
        "addr:street": "L. Pasco Street",
        "amenity": "health_post",
        "building": "civic",
        "building:levels": "2",
        "healthcare": "community_health_worker",
        "name": "Libis Barangay Health Center",
        "operator:type": "public"
      },
      "geometry": {
        "type": "Polygon",
        "coordinates": [
          [
            [
              121.0751088,
              14.6150711
            ],
            [
              121.0749944,
              14.6150542
            ],
            [
              121.0750088,
              14.6149634
            ],
            [
              121.0751232,
              14.6149803
            ],
            [
              121.0751088,
              14.6150711
            ]
          ]
        ]
      },
      "id": "way/263592337"
    },
    {
      "type": "Feature",
      "properties": {
        "@id": "way/263943913",
        "addr:city": "Marikina",
        "amenity": "clinic",
        "building": "commercial",
        "building:levels": "2",
        "clinic": "public",
        "healthcare": "clinic",
        "mapillary": "835930550667433",
        "name": "Santa Elena Health Center",
        "survey:date": "2019-02-10"
      },
      "geometry": {
        "type": "Polygon",
        "coordinates": [
          [
            [
              121.0975604,
              14.6328946
            ],
            [
              121.097601,
              14.6328998
            ],
            [
              121.0976163,
              14.632922
            ],
            [
              121.0976168,
              14.6329884
            ],
            [
              121.0975468,
              14.6329811
            ],
            [
              121.0975604,
              14.6328946
            ]
          ]
        ]
      },
      "id": "way/263943913"
    },
    {
      "type": "Feature",
      "properties": {
        "@id": "way/264264761",
        "addr:city": "Quezon City",
        "addr:street": "Almon Street",
        "admin_level": "10",
        "amenity": "townhall",
        "building": "civic",
        "building:levels": "3",
        "mapillary": "518724343243974",
        "name": "Bulwagang Pambarangay ng Quirino 3-B",
        "name:en": "Quirino 3-B Barangay Hall",
        "name:tl": "Bulwagang Pambarangay ng Quirino 3-B",
        "source": "extrapolation",
        "townhall:type": "barangay"
      },
      "geometry": {
        "type": "Polygon",
        "coordinates": [
          [
            [
              121.0648492,
              14.6326844
            ],
            [
              121.0647907,
              14.6325347
            ],
            [
              121.064898,
              14.6324954
            ],
            [
              121.0649565,
              14.6326451
            ],
            [
              121.0648492,
              14.6326844
            ]
          ]
        ]
      },
      "id": "way/264264761"
    },
    {
      "type": "Feature",
      "properties": {
        "@id": "way/264269178",
        "addr:street": "Kamagong",
        "admin_level": "10",
        "amenity": "townhall",
        "building": "civic",
        "name": "Bulwagang Pambarangay ng Duyan-duyan",
        "name:en": "Duyan-duyan Barangay Hall",
        "name:tl": "Bulwagang Pambarangay ng Duyan-duyan",
        "townhall:type": "barangay"
      },
      "geometry": {
        "type": "Polygon",
        "coordinates": [
          [
            [
              121.0669447,
              14.6304491
            ],
            [
              121.0669262,
              14.6303991
            ],
            [
              121.0670965,
              14.6303398
            ],
            [
              121.067115,
              14.6303898
            ],
            [
              121.0669447,
              14.6304491
            ]
          ]
        ]
      },
      "id": "way/264269178"
    },
    {
      "type": "Feature",
      "properties": {
        "@id": "way/264269217",
        "building": "school"
      },
      "geometry": {
        "type": "Polygon",
        "coordinates": [
          [
            [
              121.0671064,
              14.629918
            ],
            [
              121.0671543,
              14.6298171
            ],
            [
              121.0674818,
              14.6299623
            ],
            [
              121.067434,
              14.6300632
            ],
            [
              121.0671064,
              14.629918
            ]
          ]
        ]
      },
      "id": "way/264269217"
    },
    {
      "type": "Feature",
      "properties": {
        "@id": "way/264289095",
        "addr:street": "F. Salalilla Street",
        "amenity": "hospital",
        "building": "hospital",
        "healthcare": "hospital",
        "name": "Villarosa Hospital"
      },
      "geometry": {
        "type": "Polygon",
        "coordinates": [
          [
            [
              121.0661482,
              14.6220433
            ],
            [
              121.0659464,
              14.6219633
            ],
            [
              121.0659961,
              14.6218461
            ],
            [
              121.0661978,
              14.6219261
            ],
            [
              121.0661482,
              14.6220433
            ]
          ]
        ]
      },
      "id": "way/264289095"
    },
    {
      "type": "Feature",
      "properties": {
        "@id": "way/264916105",
        "amenity": "fast_food",
        "building": "commercial",
        "name": "Luz's Canteen",
        "opening_hours": "04:00-21:00"
      },
      "geometry": {
        "type": "Polygon",
        "coordinates": [
          [
            [
              121.0779151,
              14.6507269
            ],
            [
              121.0778472,
              14.6507976
            ],
            [
              121.0777643,
              14.6507231
            ],
            [
              121.0778322,
              14.6506524
            ],
            [
              121.0779151,
              14.6507269
            ]
          ]
        ]
      },
      "id": "way/264916105"
    },
    {
      "type": "Feature",
      "properties": {
        "@id": "way/264916106",
        "amenity": "fast_food",
        "building": "commercial",
        "name": "Tony's Canteen",
        "opening_hours": "11:00-21:00"
      },
      "geometry": {
        "type": "Polygon",
        "coordinates": [
          [
            [
              121.0779904,
              14.6509398
            ],
            [
              121.078063,
              14.6508734
            ],
            [
              121.07811,
              14.6509214
            ],
            [
              121.0780373,
              14.6509879
            ],
            [
              121.0779904,
              14.6509398
            ]
          ]
        ]
      },
      "id": "way/264916106"
    },
    {
      "type": "Feature",
      "properties": {
        "@id": "way/264917322",
        "amenity": "fast_food",
        "building": "commercial",
        "name": "Alensdrei Carinderia"
      },
      "geometry": {
        "type": "Polygon",
        "coordinates": [
          [
            [
              121.0751165,
              14.6482001
            ],
            [
              121.0751736,
              14.6482669
            ],
            [
              121.0751197,
              14.64831
            ],
            [
              121.0750626,
              14.6482432
            ],
            [
              121.0751165,
              14.6482001
            ]
          ]
        ]
      },
      "id": "way/264917322"
    },
    {
      "type": "Feature",
      "properties": {
        "@id": "way/264917324",
        "amenity": "fast_food",
        "building": "commercial",
        "name": "Annie's Carinderia",
        "opening_hours": "04:00-21:00"
      },
      "geometry": {
        "type": "Polygon",
        "coordinates": [
          [
            [
              121.0752582,
              14.6481688
            ],
            [
              121.075186,
              14.6480878
            ],
            [
              121.0752494,
              14.6480348
            ],
            [
              121.0753216,
              14.6481158
            ],
            [
              121.0752582,
              14.6481688
            ]
          ]
        ]
      },
      "id": "way/264917324"
    },
    {
      "type": "Feature",
      "properties": {
        "@id": "way/264917326",
        "amenity": "fast_food",
        "building": "commercial",
        "name": "Rowena's Canteen"
      },
      "geometry": {
        "type": "Polygon",
        "coordinates": [
          [
            [
              121.0770192,
              14.6508779
            ],
            [
              121.0770432,
              14.6509056
            ],
            [
              121.076994,
              14.6509454
            ],
            [
              121.07697,
              14.6509177
            ],
            [
              121.0770192,
              14.6508779
            ]
          ]
        ]
      },
      "id": "way/264917326"
    },
    {
      "type": "Feature",
      "properties": {
        "@id": "way/268860295",
        "building": "school",
        "building:levels": "5"
      },
      "geometry": {
        "type": "Polygon",
        "coordinates": [
          [
            [
              121.1060267,
              14.6227181
            ],
            [
              121.1060248,
              14.6227673
            ],
            [
              121.1061414,
              14.6227714
            ],
            [
              121.1061617,
              14.6222284
            ],
            [
              121.1062068,
              14.62223
            ],
            [
              121.1062851,
              14.6222327
            ],
            [
              121.1062724,
              14.6225714
            ],
            [
              121.1062597,
              14.6229106
            ],
            [
              121.1058992,
              14.622898
            ],
            [
              121.1059034,
              14.6227865
            ],
            [
              121.105864,
              14.6227851
            ],
            [
              121.1058668,
              14.6227125
            ],
            [
              121.1060267,
              14.6227181
            ]
          ]
        ]
      },
      "id": "way/268860295"
    },
    {
      "type": "Feature",
      "properties": {
        "@id": "way/268861999",
        "addr:city": "Cainta",
        "addr:postcode": "1900",
        "addr:province": "Rizal",
        "addr:street": "Marcos Highway",
        "building": "commercial",
        "building:levels": "2",
        "building:material": "concrete",
        "name": "PLDT",
        "note": "20-MAR-10 2:34:42PM",
        "office": "telecommunication",
        "roof:material": "concrete",
        "source": "rally & andre"
      },
      "geometry": {
        "type": "Polygon",
        "coordinates": [
          [
            [
              121.1073163,
              14.6225426
            ],
            [
              121.1073199,
              14.6222583
            ],
            [
              121.1075228,
              14.6222607
            ],
            [
              121.1075215,
              14.6223648
            ],
            [
              121.1075669,
              14.6223653
            ],
            [
              121.1075646,
              14.6225455
            ],
            [
              121.1073163,
              14.6225426
            ]
          ]
        ]
      },
      "id": "way/268861999"
    },
    {
      "type": "Feature",
      "properties": {
        "@id": "way/269491903",
        "addr:street": "Jose F. Diaz Avenue",
        "admin_level": "10",
        "amenity": "townhall",
        "building": "civic",
        "building:levels": "2",
        "government": "administrative",
        "name": "Bahay Pamahalaan ng Barangay Santo Niño",
        "name:en": "Santo Niño Barangay Hall",
        "name:tl": "Bahay Pamahalaan ng Barangay Santo Niño",
        "office": "government",
        "opening_hours": "24/7",
        "townhall:type": "barangay"
      },
      "geometry": {
        "type": "Polygon",
        "coordinates": [
          [
            [
              121.1344766,
              14.66918
            ],
            [
              121.1344323,
              14.6690774
            ],
            [
              121.1345129,
              14.6690448
            ],
            [
              121.1345572,
              14.6691474
            ],
            [
              121.1344766,
              14.66918
            ]
          ]
        ]
      },
      "id": "way/269491903"
    },
    {
      "type": "Feature",
      "properties": {
        "@id": "way/281265867",
        "building": "school"
      },
      "geometry": {
        "type": "Polygon",
        "coordinates": [
          [
            [
              121.1097257,
              14.6763911
            ],
            [
              121.1096617,
              14.6763012
            ],
            [
              121.1098132,
              14.6762004
            ],
            [
              121.1098771,
              14.6762903
            ],
            [
              121.1097257,
              14.6763911
            ]
          ]
        ]
      },
      "id": "way/281265867"
    },
    {
      "type": "Feature",
      "properties": {
        "@id": "way/281982781",
        "building": "hospital"
      },
      "geometry": {
        "type": "Polygon",
        "coordinates": [
          [
            [
              121.1097264,
              14.6738619
            ],
            [
              121.1096888,
              14.6737967
            ],
            [
              121.1096626,
              14.6738108
            ],
            [
              121.1096516,
              14.6738168
            ],
            [
              121.1096291,
              14.6737779
            ],
            [
              121.1096454,
              14.6737691
            ],
            [
              121.1100115,
              14.6735709
            ],
            [
              121.110071,
              14.6736753
            ],
            [
              121.1097264,
              14.6738619
            ]
          ]
        ]
      },
      "id": "way/281982781"
    },
    {
      "type": "Feature",
      "properties": {
        "@id": "way/282146741",
        "addr:street": "Artillery",
        "building": "civic"
      },
      "geometry": {
        "type": "Polygon",
        "coordinates": [
          [
            [
              121.0714562,
              14.6783161
            ],
            [
              121.0714558,
              14.6781821
            ],
            [
              121.0715942,
              14.6781818
            ],
            [
              121.0715945,
              14.6783157
            ],
            [
              121.0714562,
              14.6783161
            ]
          ]
        ]
      },
      "id": "way/282146741"
    },
    {
      "type": "Feature",
      "properties": {
        "@id": "way/282146745",
        "building": "school"
      },
      "geometry": {
        "type": "Polygon",
        "coordinates": [
          [
            [
              121.0708101,
              14.6781858
            ],
            [
              121.0709214,
              14.6781847
            ],
            [
              121.0709261,
              14.6786302
            ],
            [
              121.0708149,
              14.6786313
            ],
            [
              121.0708101,
              14.6781858
            ]
          ]
        ]
      },
      "id": "way/282146745"
    },
    {
      "type": "Feature",
      "properties": {
        "@id": "way/282713917",
        "addr:city": "Quezon City",
        "building": "commercial"
      },
      "geometry": {
        "type": "Polygon",
        "coordinates": [
          [
            [
              121.0830502,
              14.6650929
            ],
            [
              121.0829235,
              14.6648672
            ],
            [
              121.0830087,
              14.6648224
            ],
            [
              121.0831354,
              14.6650481
            ],
            [
              121.0830502,
              14.6650929
            ]
          ]
        ]
      },
      "id": "way/282713917"
    },
    {
      "type": "Feature",
      "properties": {
        "@id": "way/282789881",
        "building": "commercial"
      },
      "geometry": {
        "type": "Polygon",
        "coordinates": [
          [
            [
              121.0771803,
              14.6117935
            ],
            [
              121.0767556,
              14.6117088
            ],
            [
              121.0767782,
              14.6116027
            ],
            [
              121.0772029,
              14.6116874
            ],
            [
              121.0771803,
              14.6117935
            ]
          ]
        ]
      },
      "id": "way/282789881"
    },
    {
      "type": "Feature",
      "properties": {
        "@id": "way/282789890",
        "building": "commercial",
        "building:levels": "2"
      },
      "geometry": {
        "type": "Polygon",
        "coordinates": [
          [
            [
              121.0765259,
              14.6117685
            ],
            [
              121.0758947,
              14.6116426
            ],
            [
              121.0759375,
              14.6114418
            ],
            [
              121.0760038,
              14.611455
            ],
            [
              121.0760122,
              14.6114157
            ],
            [
              121.0765177,
              14.6115165
            ],
            [
              121.0765093,
              14.6115558
            ],
            [
              121.0765687,
              14.6115676
            ],
            [
              121.0765259,
              14.6117685
            ]
          ]
        ]
      },
      "id": "way/282789890"
    },
    {
      "type": "Feature",
      "properties": {
        "@id": "way/282789966",
        "addr:city": "Quezon City",
        "addr:postcode": "1110",
        "addr:street": "E. Rodriguez Jr. Avenue",
        "alt_name": "Eastwood Police Station",
        "amenity": "police",
        "building": "public",
        "building:levels": "2",
        "name": "Quezon City Police Station 12",
        "operator": "Quezon City Police District",
        "previously": "node:622397787"
      },
      "geometry": {
        "type": "Polygon",
        "coordinates": [
          [
            [
              121.07685,
              14.6099043
            ],
            [
              121.0767814,
              14.6098454
            ],
            [
              121.0768437,
              14.6097775
            ],
            [
              121.076906,
              14.6097096
            ],
            [
              121.0769745,
              14.6097686
            ],
            [
              121.07685,
              14.6099043
            ]
          ]
        ]
      },
      "id": "way/282789966"
    },
    {
      "type": "Feature",
      "properties": {
        "@id": "way/282789967",
        "addr:city": "Quezon City",
        "addr:postcode": "1110",
        "addr:street": "E. Rodriguez Jr. Avenue",
        "alt_name": "Quezon City Fire Station 3",
        "amenity": "fire_station",
        "building": "public",
        "building:levels": "2",
        "name": "Eastwood Fire Station",
        "network": "Quezon City Fire District",
        "operator:type": "public",
        "previously": "node:622397752"
      },
      "geometry": {
        "type": "Polygon",
        "coordinates": [
          [
            [
              121.0766259,
              14.6101476
            ],
            [
              121.0765633,
              14.6100939
            ],
            [
              121.076624,
              14.6100278
            ],
            [
              121.0766841,
              14.6099624
            ],
            [
              121.0767466,
              14.6100161
            ],
            [
              121.0766259,
              14.6101476
            ]
          ]
        ]
      },
      "id": "way/282789967"
    },
    {
      "type": "Feature",
      "properties": {
        "@id": "way/282840150",
        "building": "commercial"
      },
      "geometry": {
        "type": "Polygon",
        "coordinates": [
          [
            [
              121.1238936,
              14.6270253
            ],
            [
              121.1239946,
              14.6264716
            ],
            [
              121.1241671,
              14.6264641
            ],
            [
              121.12416,
              14.6264998
            ],
            [
              121.124059,
              14.6270535
            ],
            [
              121.1238936,
              14.6270253
            ]
          ]
        ]
      },
      "id": "way/282840150"
    },
    {
      "type": "Feature",
      "properties": {
        "@id": "way/282840152",
        "building": "commercial"
      },
      "geometry": {
        "type": "Polygon",
        "coordinates": [
          [
            [
              121.1242451,
              14.6260669
            ],
            [
              121.124087,
              14.6260293
            ],
            [
              121.124099,
              14.6259587
            ],
            [
              121.1240135,
              14.6259406
            ],
            [
              121.1240229,
              14.6258993
            ],
            [
              121.1242697,
              14.6259518
            ],
            [
              121.1242451,
              14.6260669
            ]
          ]
        ]
      },
      "id": "way/282840152"
    },
    {
      "type": "Feature",
      "properties": {
        "@id": "way/282840358",
        "building": "school"
      },
      "geometry": {
        "type": "Polygon",
        "coordinates": [
          [
            [
              121.1207528,
              14.6305484
            ],
            [
              121.1202928,
              14.6305102
            ],
            [
              121.1203026,
              14.6303997
            ],
            [
              121.1207626,
              14.6304379
            ],
            [
              121.1207528,
              14.6305484
            ]
          ]
        ]
      },
      "id": "way/282840358"
    },
    {
      "type": "Feature",
      "properties": {
        "@id": "way/282840363",
        "building": "school"
      },
      "geometry": {
        "type": "Polygon",
        "coordinates": [
          [
            [
              121.1200626,
              14.6305094
            ],
            [
              121.1200721,
              14.6303948
            ],
            [
              121.1202649,
              14.6304098
            ],
            [
              121.1202554,
              14.6305244
            ],
            [
              121.1201236,
              14.6305141
            ],
            [
              121.1200626,
              14.6305094
            ]
          ]
        ]
      },
      "id": "way/282840363"
    },
    {
      "type": "Feature",
      "properties": {
        "@id": "way/282840371",
        "building": "school"
      },
      "geometry": {
        "type": "Polygon",
        "coordinates": [
          [
            [
              121.1202492,
              14.6302624
            ],
            [
              121.120475,
              14.6302916
            ],
            [
              121.1204598,
              14.6304019
            ],
            [
              121.120234,
              14.6303727
            ],
            [
              121.1202492,
              14.6302624
            ]
          ]
        ]
      },
      "id": "way/282840371"
    },
    {
      "type": "Feature",
      "properties": {
        "@id": "way/282840378",
        "addr:city": "Antipolo",
        "addr:housenumber": "214",
        "addr:street": "Sumulong Highway",
        "building": "commercial",
        "name": "F Crisostomo Bldg."
      },
      "geometry": {
        "type": "Polygon",
        "coordinates": [
          [
            [
              121.1242552,
              14.6275041
            ],
            [
              121.1244815,
              14.6275373
            ],
            [
              121.1244496,
              14.6277412
            ],
            [
              121.1242344,
              14.6276369
            ],
            [
              121.1242552,
              14.6275041
            ]
          ]
        ]
      },
      "id": "way/282840378"
    },
    {
      "type": "Feature",
      "properties": {
        "@id": "way/282840379",
        "building": "school"
      },
      "geometry": {
        "type": "Polygon",
        "coordinates": [
          [
            [
              121.1209751,
              14.6304435
            ],
            [
              121.1208133,
              14.6304294
            ],
            [
              121.1208215,
              14.6303403
            ],
            [
              121.1209833,
              14.6303543
            ],
            [
              121.1209751,
              14.6304435
            ]
          ]
        ]
      },
      "id": "way/282840379"
    },
    {
      "type": "Feature",
      "properties": {
        "@id": "way/282840382",
        "building": "school"
      },
      "geometry": {
        "type": "Polygon",
        "coordinates": [
          [
            [
              121.1202201,
              14.6303766
            ],
            [
              121.1201128,
              14.6303683
            ],
            [
              121.1201297,
              14.6301636
            ],
            [
              121.1202371,
              14.6301719
            ],
            [
              121.1202201,
              14.6303766
            ]
          ]
        ]
      },
      "id": "way/282840382"
    },
    {
      "type": "Feature",
      "properties": {
        "@id": "way/282840383",
        "building": "commercial"
      },
      "geometry": {
        "type": "Polygon",
        "coordinates": [
          [
            [
              121.1207201,
              14.6293684
            ],
            [
              121.1205962,
              14.6293834
            ],
            [
              121.1206106,
              14.6292685
            ],
            [
              121.1207314,
              14.6292836
            ],
            [
              121.1207201,
              14.6293684
            ]
          ]
        ]
      },
      "id": "way/282840383"
    },
    {
      "type": "Feature",
      "properties": {
        "@id": "way/282840389",
        "building": "school"
      },
      "geometry": {
        "type": "Polygon",
        "coordinates": [
          [
            [
              121.1206972,
              14.6304306
            ],
            [
              121.1204821,
              14.6304028
            ],
            [
              121.120498,
              14.6302875
            ],
            [
              121.1207131,
              14.6303152
            ],
            [
              121.1206972,
              14.6304306
            ]
          ]
        ]
      },
      "id": "way/282840389"
    },
    {
      "type": "Feature",
      "properties": {
        "@id": "way/282840390",
        "building": "school"
      },
      "geometry": {
        "type": "Polygon",
        "coordinates": [
          [
            [
              121.120758,
              14.6302909
            ],
            [
              121.1203298,
              14.6302446
            ],
            [
              121.1203394,
              14.6301617
            ],
            [
              121.1207676,
              14.630208
            ],
            [
              121.120758,
              14.6302909
            ]
          ]
        ]
      },
      "id": "way/282840390"
    },
    {
      "type": "Feature",
      "properties": {
        "@id": "way/282840586",
        "building": "commercial"
      },
      "geometry": {
        "type": "Polygon",
        "coordinates": [
          [
            [
              121.1234472,
              14.6249619
            ],
            [
              121.1232319,
              14.6249185
            ],
            [
              121.1232519,
              14.6248255
            ],
            [
              121.1234672,
              14.624869
            ],
            [
              121.1234472,
              14.6249619
            ]
          ]
        ]
      },
      "id": "way/282840586"
    },
    {
      "type": "Feature",
      "properties": {
        "@id": "way/282840591",
        "building": "commercial",
        "building:levels": "2"
      },
      "geometry": {
        "type": "Polygon",
        "coordinates": [
          [
            [
              121.1182567,
              14.6238752
            ],
            [
              121.118276,
              14.623792
            ],
            [
              121.1183012,
              14.6236787
            ],
            [
              121.1184377,
              14.6237073
            ],
            [
              121.1184291,
              14.6237485
            ],
            [
              121.1183984,
              14.6238962
            ],
            [
              121.118396,
              14.6239052
            ],
            [
              121.1182567,
              14.6238752
            ]
          ]
        ]
      },
      "id": "way/282840591"
    },
    {
      "type": "Feature",
      "properties": {
        "@id": "way/282840594",
        "addr:province": "Rizal",
        "building": "commercial",
        "building:levels": "2",
        "name": "Kingsville Arcade, J&F Bldg",
        "note": "20-MAR-10 2:09:22PM",
        "source": "rally & andre"
      },
      "geometry": {
        "type": "Polygon",
        "coordinates": [
          [
            [
              121.1215944,
              14.6244697
            ],
            [
              121.1214172,
              14.6244281
            ],
            [
              121.1212502,
              14.6243889
            ],
            [
              121.1212828,
              14.6242595
            ],
            [
              121.1216332,
              14.6243398
            ],
            [
              121.1215944,
              14.6244697
            ]
          ]
        ]
      },
      "id": "way/282840594"
    },
    {
      "type": "Feature",
      "properties": {
        "@id": "way/282840595",
        "addr:province": "Rizal",
        "building": "commercial",
        "name": "J&F Building 1",
        "note": "20-MAR-10 2:11:46PM",
        "source": "rally & andre"
      },
      "geometry": {
        "type": "Polygon",
        "coordinates": [
          [
            [
              121.1224488,
              14.6246543
            ],
            [
              121.1232418,
              14.6248143
            ],
            [
              121.1232184,
              14.624923
            ],
            [
              121.1224254,
              14.624763
            ],
            [
              121.1224488,
              14.6246543
            ]
          ]
        ]
      },
      "id": "way/282840595"
    },
    {
      "type": "Feature",
      "properties": {
        "@id": "way/282840601",
        "building": "commercial"
      },
      "geometry": {
        "type": "Polygon",
        "coordinates": [
          [
            [
              121.1209226,
              14.6243895
            ],
            [
              121.1209668,
              14.6242081
            ],
            [
              121.121193,
              14.6242389
            ],
            [
              121.1211494,
              14.6244336
            ],
            [
              121.121056,
              14.6244154
            ],
            [
              121.1209226,
              14.6243895
            ]
          ]
        ]
      },
      "id": "way/282840601"
    },
    {
      "type": "Feature",
      "properties": {
        "@id": "way/282840602",
        "building": "commercial",
        "building:levels": "2"
      },
      "geometry": {
        "type": "Polygon",
        "coordinates": [
          [
            [
              121.1204946,
              14.6242965
            ],
            [
              121.1205342,
              14.6241331
            ],
            [
              121.1206395,
              14.6241519
            ],
            [
              121.1205953,
              14.6243342
            ],
            [
              121.1204915,
              14.6243103
            ],
            [
              121.1204946,
              14.6242965
            ]
          ]
        ]
      },
      "id": "way/282840602"
    },
    {
      "type": "Feature",
      "properties": {
        "@id": "way/282840607",
        "building": "commercial",
        "building:levels": "2"
      },
      "geometry": {
        "type": "Polygon",
        "coordinates": [
          [
            [
              121.1242268,
              14.6250768
            ],
            [
              121.1238212,
              14.6250087
            ],
            [
              121.1237608,
              14.6249014
            ],
            [
              121.1237727,
              14.6248532
            ],
            [
              121.1238474,
              14.6248626
            ],
            [
              121.124253,
              14.6249307
            ],
            [
              121.1242268,
              14.6250768
            ]
          ]
        ]
      },
      "id": "way/282840607"
    },
    {
      "type": "Feature",
      "properties": {
        "@id": "way/282841625",
        "building": "commercial",
        "name": "Meralco",
        "office": "company"
      },
      "geometry": {
        "type": "Polygon",
        "coordinates": [
          [
            [
              121.1243825,
              14.6239963
            ],
            [
              121.1244144,
              14.6237955
            ],
            [
              121.124569,
              14.6238185
            ],
            [
              121.1245371,
              14.6240193
            ],
            [
              121.1243825,
              14.6239963
            ]
          ]
        ]
      },
      "id": "way/282841625"
    },
    {
      "type": "Feature",
      "properties": {
        "@id": "way/282841701",
        "building": "commercial"
      },
      "geometry": {
        "type": "Polygon",
        "coordinates": [
          [
            [
              121.1221062,
              14.6247106
            ],
            [
              121.1221335,
              14.6245847
            ],
            [
              121.1224474,
              14.6246482
            ],
            [
              121.1224202,
              14.6247742
            ],
            [
              121.1221062,
              14.6247106
            ]
          ]
        ]
      },
      "id": "way/282841701"
    },
    {
      "type": "Feature",
      "properties": {
        "@id": "way/282842238",
        "building": "school"
      },
      "geometry": {
        "type": "Polygon",
        "coordinates": [
          [
            [
              121.1210519,
              14.6301087
            ],
            [
              121.1209951,
              14.630319
            ],
            [
              121.1208924,
              14.6302931
            ],
            [
              121.1209492,
              14.6300827
            ],
            [
              121.1210519,
              14.6301087
            ]
          ]
        ]
      },
      "id": "way/282842238"
    },
    {
      "type": "Feature",
      "properties": {
        "@id": "way/282842240",
        "building": "school"
      },
      "geometry": {
        "type": "Polygon",
        "coordinates": [
          [
            [
              121.1212928,
              14.6294605
            ],
            [
              121.1213081,
              14.6295498
            ],
            [
              121.12113,
              14.6295783
            ],
            [
              121.1211147,
              14.629489
            ],
            [
              121.1212928,
              14.6294605
            ]
          ]
        ]
      },
      "id": "way/282842240"
    },
    {
      "type": "Feature",
      "properties": {
        "@id": "way/282842256",
        "building": "school"
      },
      "geometry": {
        "type": "Polygon",
        "coordinates": [
          [
            [
              121.1212054,
              14.6302806
            ],
            [
              121.1210674,
              14.6302594
            ],
            [
              121.1210766,
              14.6302037
            ],
            [
              121.1211132,
              14.6302093
            ],
            [
              121.121151,
              14.6299793
            ],
            [
              121.1211144,
              14.6299736
            ],
            [
              121.1211242,
              14.629914
            ],
            [
              121.1212622,
              14.6299353
            ],
            [
              121.1212054,
              14.6302806
            ]
          ]
        ]
      },
      "id": "way/282842256"
    },
    {
      "type": "Feature",
      "properties": {
        "@id": "way/282843651",
        "building": "school"
      },
      "geometry": {
        "type": "Polygon",
        "coordinates": [
          [
            [
              121.1088732,
              14.6270495
            ],
            [
              121.1086008,
              14.6270764
            ],
            [
              121.1085899,
              14.6269735
            ],
            [
              121.1088623,
              14.6269465
            ],
            [
              121.1088732,
              14.6270495
            ]
          ]
        ]
      },
      "id": "way/282843651"
    },
    {
      "type": "Feature",
      "properties": {
        "@id": "way/282843654",
        "building": "school"
      },
      "geometry": {
        "type": "Polygon",
        "coordinates": [
          [
            [
              121.1089084,
              14.6271607
            ],
            [
              121.1086068,
              14.6271906
            ],
            [
              121.1085957,
              14.6270855
            ],
            [
              121.1088972,
              14.6270556
            ],
            [
              121.1089084,
              14.6271607
            ]
          ]
        ]
      },
      "id": "way/282843654"
    },
    {
      "type": "Feature",
      "properties": {
        "@id": "way/282843656",
        "building": "school"
      },
      "geometry": {
        "type": "Polygon",
        "coordinates": [
          [
            [
              121.1085748,
              14.6271917
            ],
            [
              121.108355,
              14.6272141
            ],
            [
              121.1083451,
              14.6271235
            ],
            [
              121.1085649,
              14.6271011
            ],
            [
              121.1085748,
              14.6271917
            ]
          ]
        ]
      },
      "id": "way/282843656"
    },
    {
      "type": "Feature",
      "properties": {
        "@id": "way/282843658",
        "building": "school"
      },
      "geometry": {
        "type": "Polygon",
        "coordinates": [
          [
            [
              121.1085745,
              14.6267796
            ],
            [
              121.1087806,
              14.6267633
            ],
            [
              121.1087873,
              14.6268426
            ],
            [
              121.1085812,
              14.6268589
            ],
            [
              121.1085745,
              14.6267796
            ]
          ]
        ]
      },
      "id": "way/282843658"
    },
    {
      "type": "Feature",
      "properties": {
        "@id": "way/282843659",
        "building": "school"
      },
      "geometry": {
        "type": "Polygon",
        "coordinates": [
          [
            [
              121.1082481,
              14.6271268
            ],
            [
              121.1082347,
              14.6270067
            ],
            [
              121.1085137,
              14.6269775
            ],
            [
              121.1085271,
              14.6270977
            ],
            [
              121.1082481,
              14.6271268
            ]
          ]
        ]
      },
      "id": "way/282843659"
    },
    {
      "type": "Feature",
      "properties": {
        "@id": "way/282843660",
        "building": "school"
      },
      "geometry": {
        "type": "Polygon",
        "coordinates": [
          [
            [
              121.1085851,
              14.6269581
            ],
            [
              121.1085775,
              14.6268796
            ],
            [
              121.1086476,
              14.6268733
            ],
            [
              121.1086551,
              14.6269517
            ],
            [
              121.1085851,
              14.6269581
            ]
          ]
        ]
      },
      "id": "way/282843660"
    },
    {
      "type": "Feature",
      "properties": {
        "@id": "way/282843661",
        "building": "school"
      },
      "geometry": {
        "type": "Polygon",
        "coordinates": [
          [
            [
              121.1086644,
              14.6269582
            ],
            [
              121.1086556,
              14.6268746
            ],
            [
              121.1087977,
              14.6268605
            ],
            [
              121.1088065,
              14.6269442
            ],
            [
              121.1086644,
              14.6269582
            ]
          ]
        ]
      },
      "id": "way/282843661"
    },
    {
      "type": "Feature",
      "properties": {
        "@id": "way/282844535",
        "building": "hospital",
        "emergency": "yes",
        "name": "NEGH Annex Building"
      },
      "geometry": {
        "type": "Polygon",
        "coordinates": [
          [
            [
              121.0664009,
              14.6640792
            ],
            [
              121.0664761,
              14.6642782
            ],
            [
              121.0665034,
              14.6642685
            ],
            [
              121.0665466,
              14.6643828
            ],
            [
              121.066494,
              14.6644014
            ],
            [
              121.0665112,
              14.6644471
            ],
            [
              121.066255,
              14.6645377
            ],
            [
              121.0661194,
              14.6641787
            ],
            [
              121.0664009,
              14.6640792
            ]
          ]
        ]
      },
      "id": "way/282844535"
    },
    {
      "type": "Feature",
      "properties": {
        "@id": "way/282903696",
        "building": "college"
      },
      "geometry": {
        "type": "Polygon",
        "coordinates": [
          [
            [
              121.1472079,
              14.6204833
            ],
            [
              121.1471324,
              14.6203628
            ],
            [
              121.1475062,
              14.6201435
            ],
            [
              121.1475817,
              14.620264
            ],
            [
              121.1472079,
              14.6204833
            ]
          ]
        ]
      },
      "id": "way/282903696"
    },
    {
      "type": "Feature",
      "properties": {
        "@id": "way/282907494",
        "addr2:street": "Siruna Road",
        "addr:quarter": "Mambugan",
        "addr:street": "Sumulong Highway",
        "addr:town": "Antipolo",
        "admin_level": "10",
        "amenity": "townhall",
        "building": "civic",
        "name": "Bahay Pamahalaan ng Barangay Mambugan",
        "name:en": "Mambugan Barangay Hall",
        "name:fil": "Bahay Pamahalaan ng Barangay Mambugan",
        "townhall:type": "barangay"
      },
      "geometry": {
        "type": "Polygon",
        "coordinates": [
          [
            [
              121.1405898,
              14.6190166
            ],
            [
              121.1405291,
              14.6189865
            ],
            [
              121.1405964,
              14.6188599
            ],
            [
              121.140657,
              14.6188901
            ],
            [
              121.1405898,
              14.6190166
            ]
          ]
        ]
      },
      "id": "way/282907494"
    },
    {
      "type": "Feature",
      "properties": {
        "@id": "way/283045043",
        "building": "school",
        "name": "Barangka Community School Inc."
      },
      "geometry": {
        "type": "Polygon",
        "coordinates": [
          [
            [
              121.1447592,
              14.6284873
            ],
            [
              121.1447519,
              14.6283941
            ],
            [
              121.144925,
              14.6283814
            ],
            [
              121.1449324,
              14.6284746
            ],
            [
              121.1447592,
              14.6284873
            ]
          ]
        ]
      },
      "id": "way/283045043"
    },
    {
      "type": "Feature",
      "properties": {
        "@id": "way/283051110",
        "building": "commercial",
        "name": "FMC Building"
      },
      "geometry": {
        "type": "Polygon",
        "coordinates": [
          [
            [
              121.1161908,
              14.6241336
            ],
            [
              121.1160634,
              14.624117
            ],
            [
              121.1160826,
              14.6239788
            ],
            [
              121.11621,
              14.6239954
            ],
            [
              121.1161908,
              14.6241336
            ]
          ]
        ]
      },
      "id": "way/283051110"
    },
    {
      "type": "Feature",
      "properties": {
        "@id": "way/283052559",
        "building": "school"
      },
      "geometry": {
        "type": "Polygon",
        "coordinates": [
          [
            [
              121.0834913,
              14.6158824
            ],
            [
              121.0832655,
              14.6158076
            ],
            [
              121.0833012,
              14.6157067
            ],
            [
              121.083527,
              14.6157815
            ],
            [
              121.0834913,
              14.6158824
            ]
          ]
        ]
      },
      "id": "way/283052559"
    },
    {
      "type": "Feature",
      "properties": {
        "@id": "way/283053426",
        "addr:city": "Quezon City",
        "addr:street": "Aurora Boulevard",
        "amenity": "hospital",
        "building": "hospital",
        "building:levels": "15",
        "capacity:persons": "276",
        "healthcare": "hospital",
        "height": "56.4",
        "name": "World Citi Medical Center",
        "operator:type": "private",
        "ref:doh": "5107"
      },
      "geometry": {
        "type": "Polygon",
        "coordinates": [
          [
            [
              121.0634131,
              14.6267848
            ],
            [
              121.0634636,
              14.627278
            ],
            [
              121.0632059,
              14.627302
            ],
            [
              121.0631875,
              14.6271166
            ],
            [
              121.0632189,
              14.6271137
            ],
            [
              121.0631896,
              14.6268046
            ],
            [
              121.0634131,
              14.6267848
            ]
          ]
        ]
      },
      "id": "way/283053426"
    },
    {
      "type": "Feature",
      "properties": {
        "@id": "way/285035418",
        "building": "commercial"
      },
      "geometry": {
        "type": "Polygon",
        "coordinates": [
          [
            [
              121.0769676,
              14.6173232
            ],
            [
              121.0769682,
              14.6172623
            ],
            [
              121.077133,
              14.6172639
            ],
            [
              121.0771324,
              14.6173248
            ],
            [
              121.0769676,
              14.6173232
            ]
          ]
        ]
      },
      "id": "way/285035418"
    },
    {
      "type": "Feature",
      "properties": {
        "@id": "way/285035420",
        "building": "commercial"
      },
      "geometry": {
        "type": "Polygon",
        "coordinates": [
          [
            [
              121.0764964,
              14.6173021
            ],
            [
              121.0765067,
              14.6172179
            ],
            [
              121.0767164,
              14.617242
            ],
            [
              121.0767061,
              14.6173262
            ],
            [
              121.0764964,
              14.6173021
            ]
          ]
        ]
      },
      "id": "way/285035420"
    },
    {
      "type": "Feature",
      "properties": {
        "@id": "way/285035421",
        "building": "commercial"
      },
      "geometry": {
        "type": "Polygon",
        "coordinates": [
          [
            [
              121.0770788,
              14.6172489
            ],
            [
              121.0763781,
              14.6171577
            ],
            [
              121.0763928,
              14.6170378
            ],
            [
              121.0769995,
              14.6171195
            ],
            [
              121.077068,
              14.6171849
            ],
            [
              121.0770788,
              14.6172489
            ]
          ]
        ]
      },
      "id": "way/285035421"
    },
    {
      "type": "Feature",
      "properties": {
        "@id": "way/285045719",
        "addr:city": "Marikina",
        "addr:postcode": "1802",
        "addr:street": "Major S. Dizon Street",
        "building": "school",
        "building:levels": "3",
        "name": "Nativity of Our Lady Parochial School"
      },
      "geometry": {
        "type": "Polygon",
        "coordinates": [
          [
            [
              121.0794894,
              14.6263641
            ],
            [
              121.0792817,
              14.626226
            ],
            [
              121.0793516,
              14.6261275
            ],
            [
              121.0795594,
              14.6262656
            ],
            [
              121.0794894,
              14.6263641
            ]
          ]
        ]
      },
      "id": "way/285045719"
    },
    {
      "type": "Feature",
      "properties": {
        "@id": "way/286796474",
        "addr:city": "Marikina",
        "building": "commercial"
      },
      "geometry": {
        "type": "Polygon",
        "coordinates": [
          [
            [
              121.0963587,
              14.6367417
            ],
            [
              121.0963682,
              14.6366902
            ],
            [
              121.0964228,
              14.6366996
            ],
            [
              121.0964434,
              14.6365876
            ],
            [
              121.0965176,
              14.6366004
            ],
            [
              121.0964876,
              14.6367638
            ],
            [
              121.0963587,
              14.6367417
            ]
          ]
        ]
      },
      "id": "way/286796474"
    },
    {
      "type": "Feature",
      "properties": {
        "@id": "way/286796479",
        "addr:city": "Marikina",
        "building": "commercial"
      },
      "geometry": {
        "type": "Polygon",
        "coordinates": [
          [
            [
              121.0959423,
              14.6362899
            ],
            [
              121.0959504,
              14.6361792
            ],
            [
              121.0959602,
              14.6361799
            ],
            [
              121.0959616,
              14.636161
            ],
            [
              121.0960454,
              14.6361667
            ],
            [
              121.0960359,
              14.6362963
            ],
            [
              121.0959423,
              14.6362899
            ]
          ]
        ]
      },
      "id": "way/286796479"
    },
    {
      "type": "Feature",
      "properties": {
        "@id": "way/289916370",
        "building": "commercial",
        "layer": "1"
      },
      "geometry": {
        "type": "Polygon",
        "coordinates": [
          [
            [
              121.0832487,
              14.6802865
            ],
            [
              121.0831654,
              14.6801064
            ],
            [
              121.0834739,
              14.6799709
            ],
            [
              121.0835595,
              14.6801582
            ],
            [
              121.0832487,
              14.6802865
            ]
          ]
        ]
      },
      "id": "way/289916370"
    },
    {
      "type": "Feature",
      "properties": {
        "@id": "way/289922991",
        "addr2:street": "Balite",
        "addr:street": "Old J. P. Rizal Street",
        "admin_level": "10",
        "amenity": "townhall",
        "building": "civic",
        "name": "Bulwagang Pambarangay ng Nangka",
        "name:en": "Nangka Barangay Hall",
        "name:tl": "Bulwagang Pambarangay ng Nangka",
        "townhall:type": "barangay"
      },
      "geometry": {
        "type": "Polygon",
        "coordinates": [
          [
            [
              121.1086178,
              14.6734235
            ],
            [
              121.108614,
              14.6732644
            ],
            [
              121.1086996,
              14.6732662
            ],
            [
              121.1087684,
              14.6733253
            ],
            [
              121.1087951,
              14.6733489
            ],
            [
              121.1087584,
              14.6733957
            ],
            [
              121.1087474,
              14.6733859
            ],
            [
              121.1086985,
              14.6734217
            ],
            [
              121.1086178,
              14.6734235
            ]
          ]
        ]
      },
      "id": "way/289922991"
    },
    {
      "type": "Feature",
      "properties": {
        "@id": "way/289963932",
        "addr:city": "Marikina",
        "addr:postcode": "1805",
        "addr:street": "Bulelak Street",
        "amenity": "clinic",
        "building": "public",
        "building:levels": "2",
        "healthcare": "clinic",
        "name": "Malanday Health Center",
        "wheelchair": "yes"
      },
      "geometry": {
        "type": "Polygon",
        "coordinates": [
          [
            [
              121.0965728,
              14.651028
            ],
            [
              121.0964966,
              14.6508218
            ],
            [
              121.096638,
              14.6507729
            ],
            [
              121.0967142,
              14.650979
            ],
            [
              121.0965728,
              14.651028
            ]
          ]
        ]
      },
      "id": "way/289963932"
    },
    {
      "type": "Feature",
      "properties": {
        "@id": "way/289994570",
        "addr:city": "Marikina",
        "addr:housenumber": "1-A,1-B,1-C,1-D,1-E",
        "addr:street": "E. Jacinto Street",
        "building": "commercial",
        "building:levels": "2",
        "note": "rowhouse + commercial (mixed)",
        "roof:levels": "0"
      },
      "geometry": {
        "type": "Polygon",
        "coordinates": [
          [
            [
              121.0970282,
              14.6331464
            ],
            [
              121.0970713,
              14.6329151
            ],
            [
              121.0971652,
              14.632929
            ],
            [
              121.0971313,
              14.6331584
            ],
            [
              121.0970869,
              14.633152
            ],
            [
              121.0970282,
              14.6331464
            ]
          ]
        ]
      },
      "id": "way/289994570"
    },
    {
      "type": "Feature",
      "properties": {
        "@id": "way/289994575",
        "addr:city": "Marikina",
        "building": "commercial"
      },
      "geometry": {
        "type": "Polygon",
        "coordinates": [
          [
            [
              121.0966278,
              14.6330699
            ],
            [
              121.096655,
              14.6329088
            ],
            [
              121.0966587,
              14.6329094
            ],
            [
              121.0968976,
              14.6329471
            ],
            [
              121.09692,
              14.6329506
            ],
            [
              121.0968929,
              14.6331117
            ],
            [
              121.096761,
              14.6330909
            ],
            [
              121.0966278,
              14.6330699
            ]
          ]
        ]
      },
      "id": "way/289994575"
    },
    {
      "type": "Feature",
      "properties": {
        "@id": "way/290282481",
        "building": "commercial"
      },
      "geometry": {
        "type": "Polygon",
        "coordinates": [
          [
            [
              121.0903563,
              14.619736
            ],
            [
              121.0903955,
              14.6197254
            ],
            [
              121.0904908,
              14.6200774
            ],
            [
              121.0901669,
              14.6201651
            ],
            [
              121.0899673,
              14.6202192
            ],
            [
              121.0898719,
              14.6198671
            ],
            [
              121.0900403,
              14.6198216
            ],
            [
              121.0903563,
              14.619736
            ]
          ]
        ]
      },
      "id": "way/290282481"
    },
    {
      "type": "Feature",
      "properties": {
        "@id": "way/290282483",
        "building": "commercial"
      },
      "geometry": {
        "type": "Polygon",
        "coordinates": [
          [
            [
              121.0898719,
              14.6198671
            ],
            [
              121.089737,
              14.6193687
            ],
            [
              121.08975,
              14.6193651
            ],
            [
              121.0897987,
              14.619352
            ],
            [
              121.0897833,
              14.6192954
            ],
            [
              121.0898261,
              14.6192838
            ],
            [
              121.0898222,
              14.6192694
            ],
            [
              121.0899497,
              14.6192349
            ],
            [
              121.089975,
              14.6193285
            ],
            [
              121.0900255,
              14.6195149
            ],
            [
              121.089962,
              14.6195321
            ],
            [
              121.0900403,
              14.6198216
            ],
            [
              121.0898719,
              14.6198671
            ]
          ]
        ]
      },
      "id": "way/290282483"
    },
    {
      "type": "Feature",
      "properties": {
        "@id": "way/290283109",
        "addr:city": "Marikina",
        "building": "school"
      },
      "geometry": {
        "type": "Polygon",
        "coordinates": [
          [
            [
              121.0905332,
              14.6357612
            ],
            [
              121.090407,
              14.6357745
            ],
            [
              121.0903265,
              14.6350629
            ],
            [
              121.0904526,
              14.6350495
            ],
            [
              121.0905332,
              14.6357612
            ]
          ]
        ]
      },
      "id": "way/290283109"
    },
    {
      "type": "Feature",
      "properties": {
        "@id": "way/290831031",
        "building": "commercial",
        "mapillary": "198060082135532"
      },
      "geometry": {
        "type": "Polygon",
        "coordinates": [
          [
            [
              121.073825,
              14.6371206
            ],
            [
              121.0740545,
              14.6371129
            ],
            [
              121.0740565,
              14.6371677
            ],
            [
              121.0740587,
              14.6372266
            ],
            [
              121.0738291,
              14.6372344
            ],
            [
              121.073825,
              14.6371206
            ]
          ]
        ]
      },
      "id": "way/290831031"
    },
    {
      "type": "Feature",
      "properties": {
        "@id": "way/290832927",
        "building": "commercial",
        "name": "got heart shop"
      },
      "geometry": {
        "type": "Polygon",
        "coordinates": [
          [
            [
              121.0728422,
              14.6388122
            ],
            [
              121.0728402,
              14.6387391
            ],
            [
              121.0729419,
              14.6387365
            ],
            [
              121.0729412,
              14.6387122
            ],
            [
              121.0729247,
              14.6387127
            ],
            [
              121.072923,
              14.6386499
            ],
            [
              121.0730118,
              14.6386476
            ],
            [
              121.0730127,
              14.6386807
            ],
            [
              121.0730643,
              14.6386794
            ],
            [
              121.0730634,
              14.6386449
            ],
            [
              121.0731386,
              14.6386429
            ],
            [
              121.0731401,
              14.6386977
            ],
            [
              121.0730744,
              14.6386993
            ],
            [
              121.0730754,
              14.6387371
            ],
            [
              121.073125,
              14.6387358
            ],
            [
              121.0731269,
              14.638805
            ],
            [
              121.0728422,
              14.6388122
            ]
          ]
        ]
      },
      "id": "way/290832927"
    },
    {
      "type": "Feature",
      "properties": {
        "@id": "way/291205751",
        "addr:city": "Marikina",
        "addr:street": "Cirma Street",
        "branch": "RDO 45",
        "building": "commercial",
        "name": "Bureau of Internal Revenue",
        "name:abbr": "government",
        "short_name": "BIR"
      },
      "geometry": {
        "type": "Polygon",
        "coordinates": [
          [
            [
              121.0985812,
              14.6371467
            ],
            [
              121.0985933,
              14.6367134
            ],
            [
              121.0987863,
              14.636712
            ],
            [
              121.0987662,
              14.6370001
            ],
            [
              121.0988427,
              14.6369936
            ],
            [
              121.09884,
              14.6370935
            ],
            [
              121.0985812,
              14.6371467
            ]
          ]
        ]
      },
      "id": "way/291205751"
    },
    {
      "type": "Feature",
      "properties": {
        "@id": "way/291205752",
        "addr:city": "Marikina",
        "addr:postcode": "1800",
        "addr:street": "Eraño G. Manalo Street",
        "building": "commercial",
        "building:levels": "2"
      },
      "geometry": {
        "type": "Polygon",
        "coordinates": [
          [
            [
              121.0983803,
              14.6391833
            ],
            [
              121.0983173,
              14.6389913
            ],
            [
              121.0984355,
              14.6389488
            ],
            [
              121.0984996,
              14.6391375
            ],
            [
              121.0983803,
              14.6391833
            ]
          ]
        ]
      },
      "id": "way/291205752"
    },
    {
      "type": "Feature",
      "properties": {
        "@id": "way/291721585",
        "addr:city": "Cainta",
        "addr:postcode": "1900",
        "addr:province": "Rizal",
        "building": "commercial",
        "name": "Buenviaje Bldg",
        "note": "20-MAR-10 12:57:46PM",
        "source": "rally & andre"
      },
      "geometry": {
        "type": "Polygon",
        "coordinates": [
          [
            [
              121.1023939,
              14.6205624
            ],
            [
              121.1032746,
              14.6204747
            ],
            [
              121.1032941,
              14.620658
            ],
            [
              121.1032367,
              14.6206637
            ],
            [
              121.1032396,
              14.6206908
            ],
            [
              121.102929,
              14.6207217
            ],
            [
              121.1029261,
              14.6206946
            ],
            [
              121.1028565,
              14.6207016
            ],
            [
              121.102855,
              14.6206869
            ],
            [
              121.1024012,
              14.6206003
            ],
            [
              121.1023939,
              14.6205624
            ]
          ]
        ]
      },
      "id": "way/291721585"
    },
    {
      "type": "Feature",
      "properties": {
        "@id": "way/294477983",
        "building": "school"
      },
      "geometry": {
        "type": "Polygon",
        "coordinates": [
          [
            [
              121.0888034,
              14.6202796
            ],
            [
              121.0887988,
              14.620255
            ],
            [
              121.0888508,
              14.6202459
            ],
            [
              121.0888475,
              14.6202279
            ],
            [
              121.0889046,
              14.620218
            ],
            [
              121.0889078,
              14.6202357
            ],
            [
              121.0889605,
              14.6202266
            ],
            [
              121.088965,
              14.6202508
            ],
            [
              121.0890136,
              14.6202424
            ],
            [
              121.0890834,
              14.620618
            ],
            [
              121.0888154,
              14.6206646
            ],
            [
              121.0887458,
              14.6202896
            ],
            [
              121.0888034,
              14.6202796
            ]
          ]
        ]
      },
      "id": "way/294477983"
    },
    {
      "type": "Feature",
      "properties": {
        "@id": "way/310463379",
        "building": "school"
      },
      "geometry": {
        "type": "Polygon",
        "coordinates": [
          [
            [
              121.0953798,
              14.6151142
            ],
            [
              121.095197,
              14.6151415
            ],
            [
              121.0951829,
              14.6150531
            ],
            [
              121.0953656,
              14.6150259
            ],
            [
              121.0953798,
              14.6151142
            ]
          ]
        ]
      },
      "id": "way/310463379"
    },
    {
      "type": "Feature",
      "properties": {
        "@id": "way/310463396",
        "addr2:street": "Comfrey Lane",
        "addr:city": "Pasig",
        "addr:province": "Metro Manila",
        "addr:street": "F. Mariano Avenue",
        "admin_level": "10",
        "amenity": "townhall",
        "building": "civic",
        "government": "administrative",
        "name": "Bahay Pamahalaan ng Barangay Dela Paz",
        "name:en": "Dela Paz Barangay Hall",
        "name:tl": "Bahay Pamahalaan ng Barangay Dela Paz",
        "townhall:type": "barangay"
      },
      "geometry": {
        "type": "Polygon",
        "coordinates": [
          [
            [
              121.0957202,
              14.613568
            ],
            [
              121.0956897,
              14.6134488
            ],
            [
              121.095782,
              14.6134267
            ],
            [
              121.0958125,
              14.6135459
            ],
            [
              121.0957202,
              14.613568
            ]
          ]
        ]
      },
      "id": "way/310463396"
    },
    {
      "type": "Feature",
      "properties": {
        "@id": "way/310463433",
        "building": "school"
      },
      "geometry": {
        "type": "Polygon",
        "coordinates": [
          [
            [
              121.0950572,
              14.6151742
            ],
            [
              121.0950299,
              14.6149922
            ],
            [
              121.0951616,
              14.6149737
            ],
            [
              121.0951889,
              14.6151557
            ],
            [
              121.0950572,
              14.6151742
            ]
          ]
        ]
      },
      "id": "way/310463433"
    },
    {
      "type": "Feature",
      "properties": {
        "@id": "way/310466924",
        "building": "commercial"
      },
      "geometry": {
        "type": "Polygon",
        "coordinates": [
          [
            [
              121.0921597,
              14.6184078
            ],
            [
              121.0921493,
              14.6182173
            ],
            [
              121.0923378,
              14.6182076
            ],
            [
              121.0923482,
              14.6183981
            ],
            [
              121.0921597,
              14.6184078
            ]
          ]
        ]
      },
      "id": "way/310466924"
    },
    {
      "type": "Feature",
      "properties": {
        "@id": "way/313210045",
        "building": "school",
        "name": "ACLC College"
      },
      "geometry": {
        "type": "Polygon",
        "coordinates": [
          [
            [
              121.0824835,
              14.6786675
            ],
            [
              121.082654,
              14.6786003
            ],
            [
              121.0826964,
              14.6787029
            ],
            [
              121.0828568,
              14.6786407
            ],
            [
              121.0828811,
              14.6786995
            ],
            [
              121.0825899,
              14.6788017
            ],
            [
              121.0825513,
              14.6787352
            ],
            [
              121.0825389,
              14.67874
            ],
            [
              121.0824835,
              14.6786675
            ]
          ]
        ]
      },
      "id": "way/313210045"
    },
    {
      "type": "Feature",
      "properties": {
        "@id": "way/313210688",
        "building": "commercial",
        "building:levels": "17",
        "name": "One Felicity Center"
      },
      "geometry": {
        "type": "Polygon",
        "coordinates": [
          [
            [
              121.0821844,
              14.6779296
            ],
            [
              121.0819932,
              14.6775638
            ],
            [
              121.0822254,
              14.6774502
            ],
            [
              121.0823213,
              14.6776337
            ],
            [
              121.0823844,
              14.6777545
            ],
            [
              121.0824166,
              14.677816
            ],
            [
              121.0821844,
              14.6779296
            ]
          ]
        ]
      },
      "id": "way/313210688"
    },
    {
      "type": "Feature",
      "properties": {
        "@id": "way/313212373",
        "building": "school",
        "name": "Kinderheim School"
      },
      "geometry": {
        "type": "Polygon",
        "coordinates": [
          [
            [
              121.0805135,
              14.6796817
            ],
            [
              121.0805854,
              14.6795926
            ],
            [
              121.0806847,
              14.6796675
            ],
            [
              121.0806128,
              14.6797566
            ],
            [
              121.0805135,
              14.6796817
            ]
          ]
        ]
      },
      "id": "way/313212373"
    },
    {
      "type": "Feature",
      "properties": {
        "@id": "way/316682838",
        "building": "school",
        "name": "Center for Family and Ministries",
        "name_1": "Center for Ignatian Spirituality",
        "name_2": "Christian Life Community"
      },
      "geometry": {
        "type": "Polygon",
        "coordinates": [
          [
            [
              121.080153,
              14.6366472
            ],
            [
              121.0801558,
              14.6365697
            ],
            [
              121.0802184,
              14.6365718
            ],
            [
              121.08022,
              14.6365267
            ],
            [
              121.0801785,
              14.6365253
            ],
            [
              121.0801851,
              14.6363412
            ],
            [
              121.0802985,
              14.636345
            ],
            [
              121.0802943,
              14.6364627
            ],
            [
              121.0805191,
              14.6364702
            ],
            [
              121.0805178,
              14.6365078
            ],
            [
              121.0805474,
              14.6365088
            ],
            [
              121.0805444,
              14.6365931
            ],
            [
              121.0803031,
              14.6365851
            ],
            [
              121.0803007,
              14.6366522
            ],
            [
              121.080153,
              14.6366472
            ]
          ]
        ]
      },
      "id": "way/316682838"
    },
    {
      "type": "Feature",
      "properties": {
        "@id": "way/316741891",
        "addr:city": "Quezon City",
        "addr:street": "Xavierville Avenue",
        "building": "commercial",
        "mapillary": "174988911526844",
        "name": "SP & A Building 2",
        "source:name": "extrapolation"
      },
      "geometry": {
        "type": "Polygon",
        "coordinates": [
          [
            [
              121.0682994,
              14.635782
            ],
            [
              121.0682477,
              14.6356169
            ],
            [
              121.068346,
              14.6355881
            ],
            [
              121.0683977,
              14.6357532
            ],
            [
              121.0682994,
              14.635782
            ]
          ]
        ]
      },
      "id": "way/316741891"
    },
    {
      "type": "Feature",
      "properties": {
        "@id": "way/316758280",
        "building": "commercial",
        "name": "Niyo"
      },
      "geometry": {
        "type": "Polygon",
        "coordinates": [
          [
            [
              121.0735261,
              14.6386072
            ],
            [
              121.0735215,
              14.6384703
            ],
            [
              121.0736654,
              14.6384658
            ],
            [
              121.07367,
              14.6386027
            ],
            [
              121.0735261,
              14.6386072
            ]
          ]
        ]
      },
      "id": "way/316758280"
    },
    {
      "type": "Feature",
      "properties": {
        "@id": "way/318471768",
        "building": "school"
      },
      "geometry": {
        "type": "Polygon",
        "coordinates": [
          [
            [
              121.1060806,
              14.6099585
            ],
            [
              121.1057274,
              14.609973
            ],
            [
              121.1057229,
              14.6098714
            ],
            [
              121.1060761,
              14.6098569
            ],
            [
              121.1060806,
              14.6099585
            ]
          ]
        ]
      },
      "id": "way/318471768"
    },
    {
      "type": "Feature",
      "properties": {
        "@id": "way/318471789",
        "building": "school"
      },
      "geometry": {
        "type": "Polygon",
        "coordinates": [
          [
            [
              121.1055628,
              14.6095538
            ],
            [
              121.1056691,
              14.6095494
            ],
            [
              121.1056881,
              14.6099857
            ],
            [
              121.1055819,
              14.60999
            ],
            [
              121.1055628,
              14.6095538
            ]
          ]
        ]
      },
      "id": "way/318471789"
    },
    {
      "type": "Feature",
      "properties": {
        "@id": "way/318471812",
        "building": "school"
      },
      "geometry": {
        "type": "Polygon",
        "coordinates": [
          [
            [
              121.1057131,
              14.6096506
            ],
            [
              121.1057092,
              14.6095614
            ],
            [
              121.106058,
              14.6095471
            ],
            [
              121.1060619,
              14.6096364
            ],
            [
              121.1057131,
              14.6096506
            ]
          ]
        ]
      },
      "id": "way/318471812"
    },
    {
      "type": "Feature",
      "properties": {
        "@id": "way/318471823",
        "building": "school"
      },
      "geometry": {
        "type": "Polygon",
        "coordinates": [
          [
            [
              121.1023029,
              14.6096211
            ],
            [
              121.1021991,
              14.6095935
            ],
            [
              121.1022769,
              14.6093198
            ],
            [
              121.1021768,
              14.6092932
            ],
            [
              121.1022056,
              14.6091918
            ],
            [
              121.1024095,
              14.609246
            ],
            [
              121.1023029,
              14.6096211
            ]
          ]
        ]
      },
      "id": "way/318471823"
    },
    {
      "type": "Feature",
      "properties": {
        "@id": "way/318471826",
        "building": "school"
      },
      "geometry": {
        "type": "Polygon",
        "coordinates": [
          [
            [
              121.1062228,
              14.6099409
            ],
            [
              121.1062121,
              14.6095674
            ],
            [
              121.1064029,
              14.6095623
            ],
            [
              121.1064059,
              14.6096638
            ],
            [
              121.1063158,
              14.6096662
            ],
            [
              121.1063206,
              14.6098349
            ],
            [
              121.1064107,
              14.6098324
            ],
            [
              121.1064136,
              14.6099358
            ],
            [
              121.1062228,
              14.6099409
            ]
          ]
        ]
      },
      "id": "way/318471826"
    },
    {
      "type": "Feature",
      "properties": {
        "@id": "way/320625163",
        "addr:city": "Marikina",
        "building": "school"
      },
      "geometry": {
        "type": "Polygon",
        "coordinates": [
          [
            [
              121.0958557,
              14.6390868
            ],
            [
              121.0958655,
              14.6389761
            ],
            [
              121.0960656,
              14.6389927
            ],
            [
              121.0960557,
              14.6391035
            ],
            [
              121.0958557,
              14.6390868
            ]
          ]
        ]
      },
      "id": "way/320625163"
    },
    {
      "type": "Feature",
      "properties": {
        "@id": "way/320625164",
        "addr:city": "Marikina",
        "building": "school"
      },
      "geometry": {
        "type": "Polygon",
        "coordinates": [
          [
            [
              121.0958791,
              14.6389338
            ],
            [
              121.0958956,
              14.6388326
            ],
            [
              121.0960145,
              14.6388508
            ],
            [
              121.095998,
              14.638952
            ],
            [
              121.0958791,
              14.6389338
            ]
          ]
        ]
      },
      "id": "way/320625164"
    },
    {
      "type": "Feature",
      "properties": {
        "@id": "way/322079518",
        "addr:city": "Marikina",
        "building": "commercial"
      },
      "geometry": {
        "type": "Polygon",
        "coordinates": [
          [
            [
              121.0979107,
              14.6383865
            ],
            [
              121.097882,
              14.638291
            ],
            [
              121.0979737,
              14.6382675
            ],
            [
              121.0980005,
              14.6383633
            ],
            [
              121.0979107,
              14.6383865
            ]
          ]
        ]
      },
      "id": "way/322079518"
    },
    {
      "type": "Feature",
      "properties": {
        "@id": "way/322079519",
        "addr:city": "Marikina",
        "building": "commercial"
      },
      "geometry": {
        "type": "Polygon",
        "coordinates": [
          [
            [
              121.0977222,
              14.6383121
            ],
            [
              121.0976906,
              14.6382116
            ],
            [
              121.0979133,
              14.6381566
            ],
            [
              121.0979413,
              14.6382574
            ],
            [
              121.0977222,
              14.6383121
            ]
          ]
        ]
      },
      "id": "way/322079519"
    },
    {
      "type": "Feature",
      "properties": {
        "@id": "way/333200904",
        "building": "commercial",
        "name": "Greystone"
      },
      "geometry": {
        "type": "Polygon",
        "coordinates": [
          [
            [
              121.0649404,
              14.6719829
            ],
            [
              121.0649406,
              14.672006
            ],
            [
              121.0649412,
              14.6720655
            ],
            [
              121.0648674,
              14.6720662
            ],
            [
              121.0648106,
              14.6720667
            ],
            [
              121.06481,
              14.6720049
            ],
            [
              121.0648097,
              14.6719681
            ],
            [
              121.0646439,
              14.6719696
            ],
            [
              121.0646432,
              14.6719049
            ],
            [
              121.0646427,
              14.6718545
            ],
            [
              121.0646173,
              14.6718547
            ],
            [
              121.0646167,
              14.6717955
            ],
            [
              121.0647214,
              14.6717945
            ],
            [
              121.06475,
              14.6717943
            ],
            [
              121.0649385,
              14.6717926
            ],
            [
              121.0649404,
              14.6719829
            ]
          ]
        ]
      },
      "id": "way/333200904"
    },
    {
      "type": "Feature",
      "properties": {
        "@id": "way/339909682",
        "building": "school"
      },
      "geometry": {
        "type": "Polygon",
        "coordinates": [
          [
            [
              121.1057957,
              14.6152551
            ],
            [
              121.1056705,
              14.6152639
            ],
            [
              121.1056586,
              14.6151052
            ],
            [
              121.1057839,
              14.6150965
            ],
            [
              121.1057957,
              14.6152551
            ]
          ]
        ]
      },
      "id": "way/339909682"
    },
    {
      "type": "Feature",
      "properties": {
        "@id": "way/351668261",
        "building": "commercial",
        "name": "Cutting Zone"
      },
      "geometry": {
        "type": "Polygon",
        "coordinates": [
          [
            [
              121.0594786,
              14.6464814
            ],
            [
              121.0594539,
              14.6464164
            ],
            [
              121.0595437,
              14.6463844
            ],
            [
              121.0595684,
              14.6464493
            ],
            [
              121.0594786,
              14.6464814
            ]
          ]
        ]
      },
      "id": "way/351668261"
    },
    {
      "type": "Feature",
      "properties": {
        "@id": "way/352135185",
        "addr:city": "Marikina",
        "building": "commercial",
        "building:levels": "2",
        "name": "Loza Business Center"
      },
      "geometry": {
        "type": "Polygon",
        "coordinates": [
          [
            [
              121.1220919,
              14.6424681
            ],
            [
              121.1221895,
              14.6425195
            ],
            [
              121.122178,
              14.6426593
            ],
            [
              121.1220398,
              14.6426205
            ],
            [
              121.1220919,
              14.6424681
            ]
          ]
        ]
      },
      "id": "way/352135185"
    },
    {
      "type": "Feature",
      "properties": {
        "@id": "way/353611270",
        "addr:city": "Marikina",
        "building": "commercial"
      },
      "geometry": {
        "type": "Polygon",
        "coordinates": [
          [
            [
              121.0945383,
              14.6426079
            ],
            [
              121.0944864,
              14.6425447
            ],
            [
              121.0945537,
              14.642493
            ],
            [
              121.0946055,
              14.6425563
            ],
            [
              121.0945383,
              14.6426079
            ]
          ]
        ]
      },
      "id": "way/353611270"
    },
    {
      "type": "Feature",
      "properties": {
        "@id": "way/353611272",
        "addr:city": "Marikina",
        "building": "commercial"
      },
      "geometry": {
        "type": "Polygon",
        "coordinates": [
          [
            [
              121.0943968,
              14.6425888
            ],
            [
              121.0943582,
              14.6425396
            ],
            [
              121.0944995,
              14.6424364
            ],
            [
              121.094535,
              14.6424865
            ],
            [
              121.0943968,
              14.6425888
            ]
          ]
        ]
      },
      "id": "way/353611272"
    },
    {
      "type": "Feature",
      "properties": {
        "@id": "way/353772389",
        "addr:city": "Antipolo",
        "addr:street": "Marcos Highway",
        "addr:village": "Mayamot",
        "amenity": "hospital",
        "building": "hospital",
        "healthcare": "hospital",
        "name": "Cornel Medical Center"
      },
      "geometry": {
        "type": "Polygon",
        "coordinates": [
          [
            [
              121.1223662,
              14.6252799
            ],
            [
              121.1223072,
              14.6255761
            ],
            [
              121.1221186,
              14.625541
            ],
            [
              121.1221774,
              14.6252448
            ],
            [
              121.1222181,
              14.6252524
            ],
            [
              121.1223004,
              14.6252677
            ],
            [
              121.1223662,
              14.6252799
            ]
          ]
        ]
      },
      "id": "way/353772389"
    },
    {
      "type": "Feature",
      "properties": {
        "@id": "way/353780839",
        "building": "school",
        "name": "Roosevelt College"
      },
      "geometry": {
        "type": "Polygon",
        "coordinates": [
          [
            [
              121.1093247,
              14.6333224
            ],
            [
              121.1092905,
              14.6331766
            ],
            [
              121.1094896,
              14.6331329
            ],
            [
              121.1095238,
              14.6332787
            ],
            [
              121.1093247,
              14.6333224
            ]
          ]
        ]
      },
      "id": "way/353780839"
    },
    {
      "type": "Feature",
      "properties": {
        "@id": "way/358334445",
        "addr:city": "Marikina",
        "addr:street": "Katipunan Street",
        "addr:street:corner": "Rainbow Street",
        "building": "commercial",
        "building:levels": "2",
        "name": "Guerdon Commercial Center"
      },
      "geometry": {
        "type": "Polygon",
        "coordinates": [
          [
            [
              121.1107184,
              14.6420115
            ],
            [
              121.1106989,
              14.6420101
            ],
            [
              121.110684,
              14.6419999
            ],
            [
              121.1106225,
              14.6418242
            ],
            [
              121.1106182,
              14.6418119
            ],
            [
              121.1106084,
              14.641784
            ],
            [
              121.1108073,
              14.6417187
            ],
            [
              121.1108932,
              14.6416905
            ],
            [
              121.1110145,
              14.6416507
            ],
            [
              121.1110474,
              14.6416399
            ],
            [
              121.1111302,
              14.641876
            ],
            [
              121.1111044,
              14.6418842
            ],
            [
              121.1108925,
              14.6419541
            ],
            [
              121.1107184,
              14.6420115
            ]
          ]
        ]
      },
      "id": "way/358334445"
    },
    {
      "type": "Feature",
      "properties": {
        "@id": "way/369204353",
        "building": "school",
        "name": "KWCA Highschool"
      },
      "geometry": {
        "type": "Polygon",
        "coordinates": [
          [
            [
              121.1164611,
              14.6813448
            ],
            [
              121.1164016,
              14.6812104
            ],
            [
              121.11661,
              14.6811242
            ],
            [
              121.1166694,
              14.6812586
            ],
            [
              121.1164611,
              14.6813448
            ]
          ]
        ]
      },
      "id": "way/369204353"
    },
    {
      "type": "Feature",
      "properties": {
        "@id": "way/369945314",
        "building": "civic"
      },
      "geometry": {
        "type": "Polygon",
        "coordinates": [
          [
            [
              121.1036823,
              14.6106589
            ],
            [
              121.1037138,
              14.6105661
            ],
            [
              121.1039063,
              14.6106187
            ],
            [
              121.1038801,
              14.6107115
            ],
            [
              121.1036823,
              14.6106589
            ]
          ]
        ]
      },
      "id": "way/369945314"
    },
    {
      "type": "Feature",
      "properties": {
        "@id": "way/393078054",
        "addr:city": "Quezon City",
        "addr:street": "A. Maria Regidor Street",
        "building": "school",
        "building:levels": "4",
        "name": "UP Integrated School 7-12"
      },
      "geometry": {
        "type": "Polygon",
        "coordinates": [
          [
            [
              121.0736003,
              14.653483
            ],
            [
              121.0736024,
              14.6533268
            ],
            [
              121.0738712,
              14.6533301
            ],
            [
              121.0738726,
              14.6532215
            ],
            [
              121.073822,
              14.6532208
            ],
            [
              121.0738259,
              14.6529263
            ],
            [
              121.0734455,
              14.6529216
            ],
            [
              121.0734457,
              14.6529037
            ],
            [
              121.0731316,
              14.6528998
            ],
            [
              121.0731345,
              14.652683
            ],
            [
              121.0734946,
              14.6526875
            ],
            [
              121.0734949,
              14.6526678
            ],
            [
              121.0737136,
              14.6526705
            ],
            [
              121.0737133,
              14.6526964
            ],
            [
              121.0739897,
              14.6526998
            ],
            [
              121.0739892,
              14.6527324
            ],
            [
              121.0740382,
              14.652733
            ],
            [
              121.0740366,
              14.6528497
            ],
            [
              121.0739906,
              14.6528491
            ],
            [
              121.0739897,
              14.6529201
            ],
            [
              121.0740314,
              14.6529207
            ],
            [
              121.0740307,
              14.6529683
            ],
            [
              121.0740718,
              14.6529689
            ],
            [
              121.0740712,
              14.6530105
            ],
            [
              121.0740283,
              14.6530099
            ],
            [
              121.0740255,
              14.6532184
            ],
            [
              121.0740908,
              14.6532189
            ],
            [
              121.0740902,
              14.6533024
            ],
            [
              121.0740244,
              14.6533019
            ],
            [
              121.0740219,
              14.6534882
            ],
            [
              121.0736003,
              14.653483
            ]
          ]
        ]
      },
      "id": "way/393078054"
    },
    {
      "type": "Feature",
      "properties": {
        "@id": "way/393078056",
        "building": "school",
        "building:levels": "3"
      },
      "geometry": {
        "type": "Polygon",
        "coordinates": [
          [
            [
              121.0730024,
              14.6530821
            ],
            [
              121.073005,
              14.6529416
            ],
            [
              121.0732074,
              14.6529452
            ],
            [
              121.0731975,
              14.6534666
            ],
            [
              121.0730338,
              14.6534637
            ],
            [
              121.0730364,
              14.653327
            ],
            [
              121.0730728,
              14.6533276
            ],
            [
              121.0730774,
              14.6530834
            ],
            [
              121.0730024,
              14.6530821
            ]
          ]
        ]
      },
      "id": "way/393078056"
    },
    {
      "type": "Feature",
      "properties": {
        "@id": "way/393309101",
        "addr:city": "Marikina",
        "addr:place": "Concepcion Uno",
        "addr:postcode": "1807",
        "addr:street": "Jasmin Street",
        "building": "school",
        "building:levels": "2",
        "name": "AGC"
      },
      "geometry": {
        "type": "Polygon",
        "coordinates": [
          [
            [
              121.1023925,
              14.6635001
            ],
            [
              121.1025154,
              14.6638119
            ],
            [
              121.1023324,
              14.6638794
            ],
            [
              121.1022095,
              14.6635676
            ],
            [
              121.1023925,
              14.6635001
            ]
          ]
        ]
      },
      "id": "way/393309101"
    },
    {
      "type": "Feature",
      "properties": {
        "@id": "way/408717625",
        "building": "commercial"
      },
      "geometry": {
        "type": "Polygon",
        "coordinates": [
          [
            [
              121.0619122,
              14.6151311
            ],
            [
              121.0619862,
              14.6149604
            ],
            [
              121.0621047,
              14.6150085
            ],
            [
              121.0620307,
              14.6151792
            ],
            [
              121.0619122,
              14.6151311
            ]
          ]
        ]
      },
      "id": "way/408717625"
    },
    {
      "type": "Feature",
      "properties": {
        "@id": "way/409678582",
        "addr:city": "Marikina",
        "addr:neighbourhood": "Concepcion Uno",
        "addr:postcode": "1807",
        "addr:street": "Eraño G. Manalo Street",
        "building": "commercial",
        "building:levels": "4"
      },
      "geometry": {
        "type": "Polygon",
        "coordinates": [
          [
            [
              121.1013455,
              14.6465706
            ],
            [
              121.1012589,
              14.6463968
            ],
            [
              121.1015473,
              14.6462761
            ],
            [
              121.1016237,
              14.6464487
            ],
            [
              121.1015797,
              14.64647
            ],
            [
              121.1013455,
              14.6465706
            ]
          ]
        ]
      },
      "id": "way/409678582"
    },
    {
      "type": "Feature",
      "properties": {
        "@id": "way/414646008",
        "building": "school"
      },
      "geometry": {
        "type": "Polygon",
        "coordinates": [
          [
            [
              121.0677616,
              14.6300324
            ],
            [
              121.0676056,
              14.6299552
            ],
            [
              121.0676558,
              14.6298602
            ],
            [
              121.0678118,
              14.6299373
            ],
            [
              121.0677616,
              14.6300324
            ]
          ]
        ]
      },
      "id": "way/414646008"
    },
    {
      "type": "Feature",
      "properties": {
        "@id": "way/414646037",
        "building": "school"
      },
      "geometry": {
        "type": "Polygon",
        "coordinates": [
          [
            [
              121.0680607,
              14.6301802
            ],
            [
              121.0677964,
              14.6300495
            ],
            [
              121.0678447,
              14.6299581
            ],
            [
              121.068109,
              14.6300888
            ],
            [
              121.0680607,
              14.6301802
            ]
          ]
        ]
      },
      "id": "way/414646037"
    },
    {
      "type": "Feature",
      "properties": {
        "@id": "way/414818141",
        "addr:city": "Quezon City",
        "addr:housenumber": "27",
        "addr:postcode": "1102",
        "addr:street": "Molave Street",
        "amenity": "marketplace",
        "building": "commercial",
        "building:levels": "1",
        "name": "Molave Garden Wet Market",
        "smoking": "no"
      },
      "geometry": {
        "type": "Polygon",
        "coordinates": [
          [
            [
              121.0644214,
              14.6291178
            ],
            [
              121.064448,
              14.6289431
            ],
            [
              121.0645524,
              14.628958
            ],
            [
              121.0645258,
              14.6291327
            ],
            [
              121.0644214,
              14.6291178
            ]
          ]
        ]
      },
      "id": "way/414818141"
    },
    {
      "type": "Feature",
      "properties": {
        "@id": "way/415687683",
        "building": "commercial"
      },
      "geometry": {
        "type": "Polygon",
        "coordinates": [
          [
            [
              121.0728598,
              14.626469
            ],
            [
              121.0725058,
              14.6263598
            ],
            [
              121.0725371,
              14.6262648
            ],
            [
              121.0728911,
              14.626374
            ],
            [
              121.0728598,
              14.626469
            ]
          ]
        ]
      },
      "id": "way/415687683"
    },
    {
      "type": "Feature",
      "properties": {
        "@id": "way/416586624",
        "addr:city": "Quezon City",
        "addr:street": "D. Tirona Street",
        "admin_level": "10",
        "amenity": "townhall",
        "building": "civic",
        "name": "Bulwagang Pambarangay ng Milagrosa",
        "name:en": "Milagrosa Barangay Hall",
        "name:tl": "Bulwagang Pambarangay ng Milagrosa",
        "townhall:type": "barangay"
      },
      "geometry": {
        "type": "Polygon",
        "coordinates": [
          [
            [
              121.0709043,
              14.6217349
            ],
            [
              121.0710567,
              14.6217746
            ],
            [
              121.071019,
              14.6219103
            ],
            [
              121.0708666,
              14.6218706
            ],
            [
              121.0709043,
              14.6217349
            ]
          ]
        ]
      },
      "id": "way/416586624"
    },
    {
      "type": "Feature",
      "properties": {
        "@id": "way/424230919",
        "admin_level": "10",
        "amenity": "townhall",
        "building": "civic",
        "name": "Bulwagang Pambarangay ng Masagana",
        "name:en": "Masagana Barangay Hall",
        "name:tl": "Bulwagang Pambarangay ng Masagana",
        "townhall:type": "barangay"
      },
      "geometry": {
        "type": "Polygon",
        "coordinates": [
          [
            [
              121.066501,
              14.6192188
            ],
            [
              121.0664545,
              14.619173
            ],
            [
              121.0665476,
              14.6190844
            ],
            [
              121.0666301,
              14.6191657
            ],
            [
              121.0665241,
              14.6192666
            ],
            [
              121.066488,
              14.6192312
            ],
            [
              121.066501,
              14.6192188
            ]
          ]
        ]
      },
      "id": "way/424230919"
    },
    {
      "type": "Feature",
      "properties": {
        "@id": "way/424317438",
        "addr:city": "Marikina",
        "addr:postcode": "1803",
        "addr:street": "A. Bonifacio Avenue",
        "building": "commercial"
      },
      "geometry": {
        "type": "Polygon",
        "coordinates": [
          [
            [
              121.0809499,
              14.6328613
            ],
            [
              121.0809195,
              14.632857
            ],
            [
              121.0808801,
              14.6328298
            ],
            [
              121.0809285,
              14.6325443
            ],
            [
              121.0810265,
              14.6325683
            ],
            [
              121.0809499,
              14.6328613
            ]
          ]
        ]
      },
      "id": "way/424317438"
    },
    {
      "type": "Feature",
      "properties": {
        "@id": "way/427170612",
        "building": "school"
      },
      "geometry": {
        "type": "Polygon",
        "coordinates": [
          [
            [
              121.1063769,
              14.6102793
            ],
            [
              121.1063684,
              14.6100498
            ],
            [
              121.1065572,
              14.6100433
            ],
            [
              121.1065657,
              14.6102727
            ],
            [
              121.1063769,
              14.6102793
            ]
          ]
        ]
      },
      "id": "way/427170612"
    },
    {
      "type": "Feature",
      "properties": {
        "@id": "way/427170648",
        "building": "school"
      },
      "geometry": {
        "type": "Polygon",
        "coordinates": [
          [
            [
              121.1062939,
              14.6103099
            ],
            [
              121.1061952,
              14.610313
            ],
            [
              121.1061866,
              14.6100562
            ],
            [
              121.1062853,
              14.6100532
            ],
            [
              121.1062939,
              14.6103099
            ]
          ]
        ]
      },
      "id": "way/427170648"
    },
    {
      "type": "Feature",
      "properties": {
        "@id": "way/432780766",
        "addr:city": "Marikina",
        "addr:postcode": "1807",
        "addr:quarter": "Concepcion Uno",
        "addr:street": "J. P. Rizal Street",
        "building": "commercial",
        "name": "Manila Water",
        "office": "water_utility",
        "panoramax": "fe68ee93-8073-45cd-96d8-f1bc6a3a4b3c"
      },
      "geometry": {
        "type": "Polygon",
        "coordinates": [
          [
            [
              121.1066009,
              14.6639777
            ],
            [
              121.1065625,
              14.6638602
            ],
            [
              121.1066156,
              14.6638439
            ],
            [
              121.106605,
              14.6638113
            ],
            [
              121.1065882,
              14.6637601
            ],
            [
              121.1066323,
              14.6637466
            ],
            [
              121.1066186,
              14.6637048
            ],
            [
              121.1067001,
              14.6636799
            ],
            [
              121.1066733,
              14.663598
            ],
            [
              121.1067302,
              14.6635806
            ],
            [
              121.1067649,
              14.6636865
            ],
            [
              121.1068366,
              14.6639056
            ],
            [
              121.1066009,
              14.6639777
            ]
          ]
        ]
      },
      "id": "way/432780766"
    },
    {
      "type": "Feature",
      "properties": {
        "@id": "way/434345194",
        "addr:city": "Marikina",
        "addr:housenumber": "791",
        "addr:postcode": "1807",
        "addr:quarter": "Concepcion Uno",
        "amenity": "clinic",
        "building": "commercial"
      },
      "geometry": {
        "type": "Polygon",
        "coordinates": [
          [
            [
              121.1006156,
              14.6496365
            ],
            [
              121.1006173,
              14.6494225
            ],
            [
              121.1007263,
              14.6494233
            ],
            [
              121.1007246,
              14.6496373
            ],
            [
              121.1006156,
              14.6496365
            ]
          ]
        ]
      },
      "id": "way/434345194"
    },
    {
      "type": "Feature",
      "properties": {
        "@id": "way/434696423",
        "addr:city": "Marikina",
        "addr:housenumber": "566",
        "addr:postcode": "1807",
        "addr:quarter": "Concepcion Uno",
        "addr:street": "J. P. Rizal Street",
        "amenity": "bank",
        "building": "commercial",
        "name": "LandBank"
      },
      "geometry": {
        "type": "Polygon",
        "coordinates": [
          [
            [
              121.1008296,
              14.6491668
            ],
            [
              121.1008371,
              14.6489936
            ],
            [
              121.1009222,
              14.648997
            ],
            [
              121.1009147,
              14.6491702
            ],
            [
              121.1008296,
              14.6491668
            ]
          ]
        ]
      },
      "id": "way/434696423"
    },
    {
      "type": "Feature",
      "properties": {
        "@id": "way/434696424",
        "addr:city": "Marikina",
        "addr:housenumber": "803",
        "addr:postcode": "1807",
        "addr:quarter": "Concepcion Uno",
        "addr:street": "J. P. Rizal Street",
        "addr:village": "Concepcion I",
        "amenity": "pharmacy",
        "brand": "Mercury Drug",
        "brand:wikidata": "Q6818610",
        "building": "commercial",
        "building:levels": "2",
        "dispensing": "yes",
        "healthcare": "pharmacy",
        "name": "Mercury Drug",
        "roof:shape": "side_hipped"
      },
      "geometry": {
        "type": "Polygon",
        "coordinates": [
          [
            [
              121.101682,
              14.6498448
            ],
            [
              121.1017299,
              14.6497005
            ],
            [
              121.1019259,
              14.6497613
            ],
            [
              121.101878,
              14.6499056
            ],
            [
              121.101682,
              14.6498448
            ]
          ]
        ]
      },
      "id": "way/434696424"
    },
    {
      "type": "Feature",
      "properties": {
        "@id": "way/434696426",
        "addr:city": "Marikina",
        "addr:housenumber": "783",
        "addr:postcode": "1807",
        "addr:quarter": "Concepcion Uno",
        "addr:street": "J. P. Rizal Street",
        "addr:street:corner": "Josef II",
        "building": "commercial",
        "building:levels": "2",
        "healthcare": "dialysis",
        "mapillary": "1250273405504159",
        "name": "United Dialysis Center",
        "source": "Schadow1 Expeditions"
      },
      "geometry": {
        "type": "Polygon",
        "coordinates": [
          [
            [
              121.1001014,
              14.6497431
            ],
            [
              121.1000696,
              14.6495034
            ],
            [
              121.1001664,
              14.6494914
            ],
            [
              121.1002016,
              14.6498031
            ],
            [
              121.1001014,
              14.6497431
            ]
          ]
        ]
      },
      "id": "way/434696426"
    },
    {
      "type": "Feature",
      "properties": {
        "@id": "way/434696434",
        "addr:city": "Marikina",
        "addr:housenumber": "785",
        "addr:postcode": "1807",
        "addr:quarter": "Concepcion Uno",
        "addr:street": "J. P. Rizal Street",
        "addr:village": "Concepcion I",
        "amenity": "clinic",
        "building": "commercial",
        "building:levels": "2",
        "emergency": "no",
        "healthcare": "clinic",
        "mapillary": "292933502494610",
        "name": "Concepcion Derma Center",
        "source": "Schadow1 Expeditions",
        "survey:date": "2018-09-30"
      },
      "geometry": {
        "type": "Polygon",
        "coordinates": [
          [
            [
              121.1001993,
              14.6495897
            ],
            [
              121.1001887,
              14.6494537
            ],
            [
              121.1003656,
              14.6494408
            ],
            [
              121.1003762,
              14.6495769
            ],
            [
              121.1001993,
              14.6495897
            ]
          ]
        ]
      },
      "id": "way/434696434"
    },
    {
      "type": "Feature",
      "properties": {
        "@id": "way/434696435",
        "addr:city": "Marikina",
        "addr:housenumber": "801",
        "addr:postcode": "1807",
        "addr:quarter": "Concepcion Uno",
        "addr:street": "J. P. Rizal Street",
        "amenity": "restaurant",
        "building": "commercial",
        "building:levels": "2",
        "name": "Luyong Restaurant"
      },
      "geometry": {
        "type": "Polygon",
        "coordinates": [
          [
            [
              121.101293,
              14.6497096
            ],
            [
              121.1013392,
              14.6495508
            ],
            [
              121.101582,
              14.649617
            ],
            [
              121.1015357,
              14.6497758
            ],
            [
              121.101293,
              14.6497096
            ]
          ]
        ]
      },
      "id": "way/434696435"
    },
    {
      "type": "Feature",
      "properties": {
        "@id": "way/434696439",
        "addr:city": "Marikina",
        "addr:housenumber": "562",
        "addr:postcode": "1807",
        "addr:quarter": "Concepcion Uno",
        "addr:street": "J. P. Rizal Street",
        "building": "commercial",
        "building:levels": "4"
      },
      "geometry": {
        "type": "Polygon",
        "coordinates": [
          [
            [
              121.100586,
              14.6492067
            ],
            [
              121.1005824,
              14.6490214
            ],
            [
              121.1007286,
              14.6490187
            ],
            [
              121.1007322,
              14.649204
            ],
            [
              121.100586,
              14.6492067
            ]
          ]
        ]
      },
      "id": "way/434696439"
    },
    {
      "type": "Feature",
      "properties": {
        "@id": "way/436004836",
        "addr:city": "Pasig",
        "addr:street": "Evangelista Avenue",
        "admin_level": "10",
        "amenity": "townhall",
        "building": "civic",
        "name": "Bahay Pamahalaan ng Barangay Santolan",
        "name:en": "Santolan Barangay Hall",
        "name:tl": "Bahay Pamahalaan ng Barangay Santolan",
        "townhall:type": "barangay"
      },
      "geometry": {
        "type": "Polygon",
        "coordinates": [
          [
            [
              121.086812,
              14.6121598
            ],
            [
              121.0866736,
              14.6119872
            ],
            [
              121.0867475,
              14.6119317
            ],
            [
              121.0867992,
              14.6119962
            ],
            [
              121.0868274,
              14.6119751
            ],
            [
              121.0868719,
              14.6120306
            ],
            [
              121.0868436,
              14.6120518
            ],
            [
              121.0868858,
              14.6121044
            ],
            [
              121.086812,
              14.6121598
            ]
          ]
        ]
      },
      "id": "way/436004836"
    },
    {
      "type": "Feature",
      "properties": {
        "@id": "way/436087531",
        "building": "school"
      },
      "geometry": {
        "type": "Polygon",
        "coordinates": [
          [
            [
              121.0834107,
              14.6153758
            ],
            [
              121.0833257,
              14.6154751
            ],
            [
              121.0832418,
              14.6154078
            ],
            [
              121.0834041,
              14.6152183
            ],
            [
              121.0834879,
              14.6152856
            ],
            [
              121.0834864,
              14.6152874
            ],
            [
              121.0836156,
              14.615426
            ],
            [
              121.0835255,
              14.615499
            ],
            [
              121.0834107,
              14.6153758
            ]
          ]
        ]
      },
      "id": "way/436087531"
    },
    {
      "type": "Feature",
      "properties": {
        "@id": "way/436087553",
        "building": "school"
      },
      "geometry": {
        "type": "Polygon",
        "coordinates": [
          [
            [
              121.0833889,
              14.6155327
            ],
            [
              121.0833237,
              14.6156093
            ],
            [
              121.0831429,
              14.6154651
            ],
            [
              121.0831861,
              14.6154143
            ],
            [
              121.0832148,
              14.6154372
            ],
            [
              121.0832368,
              14.6154114
            ],
            [
              121.0833889,
              14.6155327
            ]
          ]
        ]
      },
      "id": "way/436087553"
    },
    {
      "type": "Feature",
      "properties": {
        "@id": "way/436087564",
        "building": "school"
      },
      "geometry": {
        "type": "Polygon",
        "coordinates": [
          [
            [
              121.0834041,
              14.6157118
            ],
            [
              121.0833149,
              14.6156409
            ],
            [
              121.0834101,
              14.6155289
            ],
            [
              121.083458,
              14.6155669
            ],
            [
              121.0835781,
              14.6154617
            ],
            [
              121.0836502,
              14.6155252
            ],
            [
              121.0834753,
              14.6157311
            ],
            [
              121.0834231,
              14.6156895
            ],
            [
              121.0834041,
              14.6157118
            ]
          ]
        ]
      },
      "id": "way/436087564"
    },
    {
      "type": "Feature",
      "properties": {
        "@id": "way/436132396",
        "addr:street": "Evangelista Avenue",
        "amenity": "health_post",
        "building": "civic",
        "healthcare": "community_health_worker",
        "name": "Ilaya Super Health Center"
      },
      "geometry": {
        "type": "Polygon",
        "coordinates": [
          [
            [
              121.0817273,
              14.6169103
            ],
            [
              121.0815422,
              14.6168907
            ],
            [
              121.0815543,
              14.616784
            ],
            [
              121.0817394,
              14.6168036
            ],
            [
              121.0817273,
              14.6169103
            ]
          ]
        ]
      },
      "id": "way/436132396"
    },
    {
      "type": "Feature",
      "properties": {
        "@id": "way/436155179",
        "addr:street": "F. Pasco Avenue",
        "amenity": "fire_station",
        "building": "civic",
        "mapillary": "958637808241562",
        "name": "Santolan Fire Station"
      },
      "geometry": {
        "type": "Polygon",
        "coordinates": [
          [
            [
              121.0862846,
              14.6162788
            ],
            [
              121.0864451,
              14.6163142
            ],
            [
              121.0864323,
              14.6163687
            ],
            [
              121.0864116,
              14.6163641
            ],
            [
              121.0864013,
              14.616408
            ],
            [
              121.0862614,
              14.6163771
            ],
            [
              121.0862846,
              14.6162788
            ]
          ]
        ]
      },
      "id": "way/436155179"
    },
    {
      "type": "Feature",
      "properties": {
        "@id": "way/437402280",
        "addr:city": "Marikina",
        "addr:housenumber": "787",
        "addr:postcode": "1807",
        "addr:quarter": "Concepcion Uno",
        "building": "commercial"
      },
      "geometry": {
        "type": "Polygon",
        "coordinates": [
          [
            [
              121.1003886,
              14.6497486
            ],
            [
              121.1003778,
              14.649447
            ],
            [
              121.1004784,
              14.6494437
            ],
            [
              121.1004892,
              14.6497452
            ],
            [
              121.1003886,
              14.6497486
            ]
          ]
        ]
      },
      "id": "way/437402280"
    },
    {
      "type": "Feature",
      "properties": {
        "@id": "way/437402281",
        "addr:city": "Marikina",
        "addr:housenumber": "789",
        "addr:postcode": "1807",
        "addr:quarter": "Concepcion Uno",
        "building": "commercial"
      },
      "geometry": {
        "type": "Polygon",
        "coordinates": [
          [
            [
              121.1004986,
              14.6496422
            ],
            [
              121.1004929,
              14.6494254
            ],
            [
              121.1006058,
              14.649427
            ],
            [
              121.1006088,
              14.6496386
            ],
            [
              121.1004986,
              14.6496422
            ]
          ]
        ]
      },
      "id": "way/437402281"
    },
    {
      "type": "Feature",
      "properties": {
        "@id": "way/437402282",
        "addr:city": "Marikina",
        "addr:housenumber": "793",
        "addr:postcode": "1807",
        "addr:quarter": "Concepcion Uno",
        "building": "commercial",
        "building:levels": "2"
      },
      "geometry": {
        "type": "Polygon",
        "coordinates": [
          [
            [
              121.1008142,
              14.6496228
            ],
            [
              121.1008199,
              14.6494107
            ],
            [
              121.1008999,
              14.6494128
            ],
            [
              121.1008941,
              14.6496249
            ],
            [
              121.1008142,
              14.6496228
            ]
          ]
        ]
      },
      "id": "way/437402282"
    },
    {
      "type": "Feature",
      "properties": {
        "@id": "way/437402283",
        "addr:city": "Marikina",
        "addr:housenumber": "795",
        "addr:postcode": "1807",
        "addr:quarter": "Concepcion Uno",
        "building": "commercial"
      },
      "geometry": {
        "type": "Polygon",
        "coordinates": [
          [
            [
              121.1009015,
              14.6496111
            ],
            [
              121.1009566,
              14.649422
            ],
            [
              121.1011362,
              14.649471
            ],
            [
              121.1010811,
              14.6496601
            ],
            [
              121.1009015,
              14.6496111
            ]
          ]
        ]
      },
      "id": "way/437402283"
    },
    {
      "type": "Feature",
      "properties": {
        "@id": "way/437402284",
        "addr:city": "Marikina",
        "addr:housenumber": "797",
        "addr:postcode": "1807",
        "addr:quarter": "Concepcion Uno",
        "brand": "Kawasaki",
        "brand:wikidata": "Q6379855",
        "building": "commercial",
        "building:levels": "3",
        "name": "K Servico",
        "rental": "no",
        "repair": "brand",
        "shop": "motorcycle"
      },
      "geometry": {
        "type": "Polygon",
        "coordinates": [
          [
            [
              121.1011168,
              14.6496545
            ],
            [
              121.1011463,
              14.6494768
            ],
            [
              121.1012148,
              14.6494874
            ],
            [
              121.1011853,
              14.6496652
            ],
            [
              121.1011168,
              14.6496545
            ]
          ]
        ]
      },
      "id": "way/437402284"
    },
    {
      "type": "Feature",
      "properties": {
        "@id": "way/437402285",
        "addr:city": "Marikina",
        "addr:housenumber": "799",
        "addr:postcode": "1807",
        "addr:quarter": "Concepcion Uno",
        "building": "commercial",
        "building:levels": "1",
        "name": "RS Aircon Auto Electrical",
        "shop": "car_repair"
      },
      "geometry": {
        "type": "Polygon",
        "coordinates": [
          [
            [
              121.1012149,
              14.6496035
            ],
            [
              121.1012379,
              14.6494982
            ],
            [
              121.1013284,
              14.6495168
            ],
            [
              121.1013054,
              14.649622
            ],
            [
              121.1012149,
              14.6496035
            ]
          ]
        ]
      },
      "id": "way/437402285"
    },
    {
      "type": "Feature",
      "properties": {
        "@id": "way/437958487",
        "addr:city": "Marikina",
        "addr:housenumber": "554",
        "addr:postcode": "1807",
        "addr:quarter": "Concepcion Uno",
        "building": "commercial"
      },
      "geometry": {
        "type": "Polygon",
        "coordinates": [
          [
            [
              121.1002333,
              14.6492345
            ],
            [
              121.1002333,
              14.6491683
            ],
            [
              121.1003473,
              14.6491683
            ],
            [
              121.1003473,
              14.6492345
            ],
            [
              121.1002333,
              14.6492345
            ]
          ]
        ]
      },
      "id": "way/437958487"
    },
    {
      "type": "Feature",
      "properties": {
        "@id": "way/437958488",
        "addr:city": "Marikina",
        "addr:housenumber": "556",
        "addr:postcode": "1807",
        "addr:quarter": "Concepcion Uno",
        "building": "commercial"
      },
      "geometry": {
        "type": "Polygon",
        "coordinates": [
          [
            [
              121.1003744,
              14.6491982
            ],
            [
              121.1003744,
              14.6490321
            ],
            [
              121.1004093,
              14.6490321
            ],
            [
              121.1004108,
              14.6491992
            ],
            [
              121.1004772,
              14.6492012
            ],
            [
              121.1004759,
              14.649244
            ],
            [
              121.1003731,
              14.649241
            ],
            [
              121.1003744,
              14.6491982
            ]
          ]
        ]
      },
      "id": "way/437958488"
    },
    {
      "type": "Feature",
      "properties": {
        "@id": "way/437958489",
        "addr:city": "Marikina",
        "addr:housenumber": "558",
        "addr:postcode": "1807",
        "addr:quarter": "Concepcion Uno",
        "building": "commercial"
      },
      "geometry": {
        "type": "Polygon",
        "coordinates": [
          [
            [
              121.1004214,
              14.6491904
            ],
            [
              121.1004227,
              14.6490451
            ],
            [
              121.1004789,
              14.6490455
            ],
            [
              121.1004775,
              14.6491909
            ],
            [
              121.1004214,
              14.6491904
            ]
          ]
        ]
      },
      "id": "way/437958489"
    },
    {
      "type": "Feature",
      "properties": {
        "@id": "way/437958490",
        "addr:city": "Marikina",
        "addr:housenumber": "560",
        "addr:postcode": "1807",
        "addr:quarter": "Concepcion Uno",
        "building": "commercial"
      },
      "geometry": {
        "type": "Polygon",
        "coordinates": [
          [
            [
              121.1005032,
              14.6492215
            ],
            [
              121.1005019,
              14.6490113
            ],
            [
              121.1005609,
              14.649011
            ],
            [
              121.1005622,
              14.6492212
            ],
            [
              121.1005032,
              14.6492215
            ]
          ]
        ]
      },
      "id": "way/437958490"
    },
    {
      "type": "Feature",
      "properties": {
        "@id": "way/437958491",
        "addr:city": "Marikina",
        "addr:housenumber": "564",
        "addr:postcode": "1807",
        "addr:quarter": "Concepcion Uno",
        "building": "commercial"
      },
      "geometry": {
        "type": "Polygon",
        "coordinates": [
          [
            [
              121.1007459,
              14.6491667
            ],
            [
              121.1007433,
              14.6490058
            ],
            [
              121.1008131,
              14.6490047
            ],
            [
              121.1008157,
              14.6491656
            ],
            [
              121.1007459,
              14.6491667
            ]
          ]
        ]
      },
      "id": "way/437958491"
    },
    {
      "type": "Feature",
      "properties": {
        "@id": "way/437958492",
        "addr:city": "Marikina",
        "addr:housenumber": "568",
        "addr:postcode": "1807",
        "addr:quarter": "Concepcion Uno",
        "addr:street": "J. P. Rizal Street",
        "building": "commercial"
      },
      "geometry": {
        "type": "Polygon",
        "coordinates": [
          [
            [
              121.1009458,
              14.6491693
            ],
            [
              121.1009521,
              14.6490223
            ],
            [
              121.1010262,
              14.6490253
            ],
            [
              121.1010199,
              14.6491723
            ],
            [
              121.1009458,
              14.6491693
            ]
          ]
        ]
      },
      "id": "way/437958492"
    },
    {
      "type": "Feature",
      "properties": {
        "@id": "way/437958493",
        "addr:city": "Marikina",
        "addr:housenumber": "570",
        "addr:postcode": "1807",
        "addr:quarter": "Concepcion Uno",
        "addr:street": "J. P. Rizal Street",
        "building": "commercial"
      },
      "geometry": {
        "type": "Polygon",
        "coordinates": [
          [
            [
              121.1010779,
              14.6491599
            ],
            [
              121.1010277,
              14.6491533
            ],
            [
              121.1010458,
              14.6490248
            ],
            [
              121.101096,
              14.6490314
            ],
            [
              121.1010779,
              14.6491599
            ]
          ]
        ]
      },
      "id": "way/437958493"
    },
    {
      "type": "Feature",
      "properties": {
        "@id": "way/437958494",
        "addr:city": "Marikina",
        "addr:housenumber": "572",
        "addr:postcode": "1807",
        "addr:quarter": "Concepcion Uno",
        "addr:street": "J. P. Rizal Street",
        "building": "commercial"
      },
      "geometry": {
        "type": "Polygon",
        "coordinates": [
          [
            [
              121.1010925,
              14.6491954
            ],
            [
              121.1011003,
              14.6491394
            ],
            [
              121.1011849,
              14.6491504
            ],
            [
              121.101177,
              14.6492064
            ],
            [
              121.1010925,
              14.6491954
            ]
          ]
        ]
      },
      "id": "way/437958494"
    },
    {
      "type": "Feature",
      "properties": {
        "@id": "way/437958495",
        "addr:city": "Marikina",
        "addr:housenumber": "574",
        "addr:postcode": "1807",
        "addr:quarter": "Concepcion Uno",
        "addr:street": "J. P. Rizal Street",
        "building": "commercial"
      },
      "geometry": {
        "type": "Polygon",
        "coordinates": [
          [
            [
              121.1011878,
              14.6491923
            ],
            [
              121.1011939,
              14.6491521
            ],
            [
              121.1012276,
              14.6491568
            ],
            [
              121.1012216,
              14.6491971
            ],
            [
              121.1011878,
              14.6491923
            ]
          ]
        ]
      },
      "id": "way/437958495"
    },
    {
      "type": "Feature",
      "properties": {
        "@id": "way/437958496",
        "addr:city": "Marikina",
        "addr:postcode": "1807",
        "addr:quarter": "Concepcion Uno",
        "building": "commercial"
      },
      "geometry": {
        "type": "Polygon",
        "coordinates": [
          [
            [
              121.1019045,
              14.6495001
            ],
            [
              121.1019323,
              14.6494277
            ],
            [
              121.1019949,
              14.6494502
            ],
            [
              121.1019671,
              14.6495225
            ],
            [
              121.1019045,
              14.6495001
            ]
          ]
        ]
      },
      "id": "way/437958496"
    },
    {
      "type": "Feature",
      "properties": {
        "@id": "way/437958497",
        "addr:city": "Marikina",
        "addr:housenumber": "576",
        "addr:postcode": "1807",
        "addr:quarter": "Concepcion Uno",
        "addr:street": "J. P. Rizal Street",
        "building": "commercial"
      },
      "geometry": {
        "type": "Polygon",
        "coordinates": [
          [
            [
              121.101272,
              14.6492514
            ],
            [
              121.1012918,
              14.649196
            ],
            [
              121.1013559,
              14.6492175
            ],
            [
              121.1013361,
              14.6492728
            ],
            [
              121.101272,
              14.6492514
            ]
          ]
        ]
      },
      "id": "way/437958497"
    },
    {
      "type": "Feature",
      "properties": {
        "@id": "way/437958498",
        "addr:city": "Marikina",
        "addr:housenumber": "578",
        "addr:postcode": "1807",
        "addr:quarter": "Concepcion Uno",
        "addr:street": "J. P. Rizal Street",
        "building": "commercial"
      },
      "geometry": {
        "type": "Polygon",
        "coordinates": [
          [
            [
              121.1013361,
              14.6492728
            ],
            [
              121.1013559,
              14.6492175
            ],
            [
              121.10142,
              14.6492389
            ],
            [
              121.1014001,
              14.6492943
            ],
            [
              121.1013361,
              14.6492728
            ]
          ]
        ]
      },
      "id": "way/437958498"
    },
    {
      "type": "Feature",
      "properties": {
        "@id": "way/437958499",
        "addr:city": "Marikina",
        "addr:postcode": "1807",
        "addr:quarter": "Concepcion Uno",
        "addr:street": "J. P. Rizal Street",
        "building": "commercial"
      },
      "geometry": {
        "type": "Polygon",
        "coordinates": [
          [
            [
              121.1017846,
              14.6494232
            ],
            [
              121.1017205,
              14.6494017
            ],
            [
              121.1017403,
              14.6493463
            ],
            [
              121.1018044,
              14.6493678
            ],
            [
              121.1018502,
              14.6493832
            ],
            [
              121.1018304,
              14.6494386
            ],
            [
              121.1017846,
              14.6494232
            ]
          ]
        ]
      },
      "id": "way/437958499"
    },
    {
      "type": "Feature",
      "properties": {
        "@id": "way/437958502",
        "addr:city": "Marikina",
        "addr:postcode": "1807",
        "addr:quarter": "Concepcion Uno",
        "addr:street": "J. P. Rizal Street",
        "building": "commercial"
      },
      "geometry": {
        "type": "Polygon",
        "coordinates": [
          [
            [
              121.1015924,
              14.6493588
            ],
            [
              121.1016122,
              14.6493034
            ],
            [
              121.1016763,
              14.6493249
            ],
            [
              121.1017403,
              14.6493463
            ],
            [
              121.1017205,
              14.6494017
            ],
            [
              121.1016564,
              14.6493802
            ],
            [
              121.1015924,
              14.6493588
            ]
          ]
        ]
      },
      "id": "way/437958502"
    },
    {
      "type": "Feature",
      "properties": {
        "@id": "way/437958503",
        "addr:city": "Marikina",
        "addr:postcode": "1807",
        "addr:quarter": "Concepcion Uno",
        "building": "commercial"
      },
      "geometry": {
        "type": "Polygon",
        "coordinates": [
          [
            [
              121.100236,
              14.649145
            ],
            [
              121.1002333,
              14.6490204
            ],
            [
              121.100341,
              14.6490182
            ],
            [
              121.1003437,
              14.6491428
            ],
            [
              121.100236,
              14.649145
            ]
          ]
        ]
      },
      "id": "way/437958503"
    },
    {
      "type": "Feature",
      "properties": {
        "@id": "way/437958504",
        "addr:city": "Marikina",
        "addr:postcode": "1807",
        "addr:quarter": "Concepcion Uno",
        "addr:street": "J. P. Rizal Street",
        "building": "commercial"
      },
      "geometry": {
        "type": "Polygon",
        "coordinates": [
          [
            [
              121.1018242,
              14.6494622
            ],
            [
              121.101851,
              14.6493935
            ],
            [
              121.1019237,
              14.64942
            ],
            [
              121.1018969,
              14.6494888
            ],
            [
              121.1018242,
              14.6494622
            ]
          ]
        ]
      },
      "id": "way/437958504"
    },
    {
      "type": "Feature",
      "properties": {
        "@id": "way/437958505",
        "addr:city": "Marikina",
        "addr:housenumber": "584",
        "addr:postcode": "1807",
        "addr:quarter": "Concepcion Uno",
        "addr:street": "J. P. Rizal Street",
        "building": "commercial"
      },
      "geometry": {
        "type": "Polygon",
        "coordinates": [
          [
            [
              121.1015283,
              14.6493373
            ],
            [
              121.1015481,
              14.6492819
            ],
            [
              121.1016122,
              14.6493034
            ],
            [
              121.1015924,
              14.6493588
            ],
            [
              121.1015283,
              14.6493373
            ]
          ]
        ]
      },
      "id": "way/437958505"
    },
    {
      "type": "Feature",
      "properties": {
        "@id": "way/437958506",
        "addr:city": "Marikina",
        "addr:housenumber": "582",
        "addr:postcode": "1807",
        "addr:quarter": "Concepcion Uno",
        "addr:street": "J. P. Rizal Street",
        "building": "commercial"
      },
      "geometry": {
        "type": "Polygon",
        "coordinates": [
          [
            [
              121.1014642,
              14.6493158
            ],
            [
              121.101484,
              14.6492604
            ],
            [
              121.1015481,
              14.6492819
            ],
            [
              121.1015283,
              14.6493373
            ],
            [
              121.1014642,
              14.6493158
            ]
          ]
        ]
      },
      "id": "way/437958506"
    },
    {
      "type": "Feature",
      "properties": {
        "@id": "way/437958507",
        "addr:city": "Marikina",
        "addr:housenumber": "580",
        "addr:postcode": "1807",
        "addr:quarter": "Concepcion Uno",
        "addr:street": "J. P. Rizal Street",
        "building": "commercial"
      },
      "geometry": {
        "type": "Polygon",
        "coordinates": [
          [
            [
              121.1014001,
              14.6492943
            ],
            [
              121.10142,
              14.6492389
            ],
            [
              121.101484,
              14.6492604
            ],
            [
              121.1014642,
              14.6493158
            ],
            [
              121.1014001,
              14.6492943
            ]
          ]
        ]
      },
      "id": "way/437958507"
    },
    {
      "type": "Feature",
      "properties": {
        "@id": "way/439998725",
        "addr:city": "Marikina",
        "addr:housenumber": "36",
        "addr:postcode": "1801",
        "addr:quarter": "San Roque",
        "addr:street": "Mayor Gil Fernando Avenue",
        "building": "commercial"
      },
      "geometry": {
        "type": "Polygon",
        "coordinates": [
          [
            [
              121.1021572,
              14.6222379
            ],
            [
              121.1021465,
              14.6221418
            ],
            [
              121.1023051,
              14.6221252
            ],
            [
              121.1023444,
              14.6221211
            ],
            [
              121.1023552,
              14.6222173
            ],
            [
              121.1021572,
              14.6222379
            ]
          ]
        ]
      },
      "id": "way/439998725"
    },
    {
      "type": "Feature",
      "properties": {
        "@id": "way/440279145",
        "addr:city": "Marikina",
        "addr:place": "Concepcion Uno",
        "addr:postcode": "1807",
        "addr:street": "J. Molina Street",
        "building": "commercial",
        "building:levels": "1"
      },
      "geometry": {
        "type": "Polygon",
        "coordinates": [
          [
            [
              121.103473,
              14.6489819
            ],
            [
              121.1033465,
              14.6490366
            ],
            [
              121.1033233,
              14.6490188
            ],
            [
              121.1033011,
              14.6490286
            ],
            [
              121.1032759,
              14.6490084
            ],
            [
              121.1032826,
              14.6489525
            ],
            [
              121.1034249,
              14.6488817
            ],
            [
              121.103473,
              14.6489819
            ]
          ]
        ]
      },
      "id": "way/440279145"
    },
    {
      "type": "Feature",
      "properties": {
        "@id": "way/440279148",
        "addr:city": "Marikina",
        "addr:place": "Concepcion Uno",
        "addr:postcode": "1807",
        "building": "commercial",
        "building:levels": "3"
      },
      "geometry": {
        "type": "Polygon",
        "coordinates": [
          [
            [
              121.1030419,
              14.6492036
            ],
            [
              121.1029825,
              14.6490812
            ],
            [
              121.1031391,
              14.6490005
            ],
            [
              121.1031594,
              14.6489923
            ],
            [
              121.1031817,
              14.6489826
            ],
            [
              121.1031988,
              14.6489785
            ],
            [
              121.103229,
              14.6489801
            ],
            [
              121.1032772,
              14.6490169
            ],
            [
              121.1033154,
              14.6490823
            ],
            [
              121.1030419,
              14.6492036
            ]
          ]
        ]
      },
      "id": "way/440279148"
    },
    {
      "type": "Feature",
      "properties": {
        "@id": "way/447869698",
        "building": "school"
      },
      "geometry": {
        "type": "Polygon",
        "coordinates": [
          [
            [
              121.0818533,
              14.6746533
            ],
            [
              121.0826895,
              14.6746604
            ],
            [
              121.0826885,
              14.6747666
            ],
            [
              121.0818523,
              14.6747595
            ],
            [
              121.0818533,
              14.6746533
            ]
          ]
        ]
      },
      "id": "way/447869698"
    },
    {
      "type": "Feature",
      "properties": {
        "@id": "way/447869708",
        "building": "school"
      },
      "geometry": {
        "type": "Polygon",
        "coordinates": [
          [
            [
              121.0826098,
              14.6746115
            ],
            [
              121.0825115,
              14.674606
            ],
            [
              121.0823505,
              14.6743752
            ],
            [
              121.0821642,
              14.6744969
            ],
            [
              121.0820899,
              14.6743904
            ],
            [
              121.0824373,
              14.6741636
            ],
            [
              121.0826979,
              14.6745514
            ],
            [
              121.0826098,
              14.6746115
            ]
          ]
        ]
      },
      "id": "way/447869708"
    },
    {
      "type": "Feature",
      "properties": {
        "@id": "way/447869709",
        "building": "school"
      },
      "geometry": {
        "type": "Polygon",
        "coordinates": [
          [
            [
              121.0821199,
              14.6745903
            ],
            [
              121.0820297,
              14.674649
            ],
            [
              121.0818549,
              14.6743979
            ],
            [
              121.0817272,
              14.674481
            ],
            [
              121.0818486,
              14.6746553
            ],
            [
              121.0817767,
              14.6747021
            ],
            [
              121.0815907,
              14.6744349
            ],
            [
              121.0818804,
              14.6742462
            ],
            [
              121.0821199,
              14.6745903
            ]
          ]
        ]
      },
      "id": "way/447869709"
    },
    {
      "type": "Feature",
      "properties": {
        "@id": "way/448272759",
        "addr:city": "Marikina",
        "building": "commercial"
      },
      "geometry": {
        "type": "Polygon",
        "coordinates": [
          [
            [
              121.12996,
              14.6598332
            ],
            [
              121.129973,
              14.6592606
            ],
            [
              121.1300524,
              14.6592623
            ],
            [
              121.1300394,
              14.6598349
            ],
            [
              121.12996,
              14.6598332
            ]
          ]
        ]
      },
      "id": "way/448272759"
    },
    {
      "type": "Feature",
      "properties": {
        "@id": "way/448272761",
        "addr:city": "Marikina",
        "building": "commercial"
      },
      "geometry": {
        "type": "Polygon",
        "coordinates": [
          [
            [
              121.1297825,
              14.6592401
            ],
            [
              121.129966,
              14.6592437
            ],
            [
              121.1299562,
              14.6597155
            ],
            [
              121.1297726,
              14.6597119
            ],
            [
              121.1297825,
              14.6592401
            ]
          ]
        ]
      },
      "id": "way/448272761"
    },
    {
      "type": "Feature",
      "properties": {
        "@id": "way/448615726",
        "addr:city": "Marikina",
        "addr:district": "Second District",
        "addr:place": "Concepcion Uno",
        "addr:postcode": "1807",
        "building": "commercial",
        "building:levels": "2"
      },
      "geometry": {
        "type": "Polygon",
        "coordinates": [
          [
            [
              121.104407,
              14.6502369
            ],
            [
              121.1043346,
              14.650089
            ],
            [
              121.1044657,
              14.6500289
            ],
            [
              121.1045381,
              14.6501768
            ],
            [
              121.104407,
              14.6502369
            ]
          ]
        ]
      },
      "id": "way/448615726"
    },
    {
      "type": "Feature",
      "properties": {
        "@id": "way/448615760",
        "addr:city": "Marikina",
        "addr:district": "Second District",
        "addr:place": "Concepcion Uno",
        "addr:postcode": "1807",
        "building": "commercial",
        "building:levels": "2"
      },
      "geometry": {
        "type": "Polygon",
        "coordinates": [
          [
            [
              121.1032694,
              14.6506102
            ],
            [
              121.1032211,
              14.6505843
            ],
            [
              121.1031889,
              14.6505363
            ],
            [
              121.1032426,
              14.6505077
            ],
            [
              121.1033176,
              14.6504801
            ],
            [
              121.1033726,
              14.6506176
            ],
            [
              121.103323,
              14.650618
            ],
            [
              121.1032694,
              14.6506102
            ]
          ]
        ]
      },
      "id": "way/448615760"
    },
    {
      "type": "Feature",
      "properties": {
        "@id": "way/450693239",
        "access": "private",
        "addr:city": "Marikina",
        "building": "school",
        "building:colour": "#ccbcad",
        "building:levels": "5",
        "name": "Consolacion F. Mallonga Memorial Building",
        "roof:colour": "#c4967f",
        "roof:shape": "gabled"
      },
      "geometry": {
        "type": "Polygon",
        "coordinates": [
          [
            [
              121.117544,
              14.6444902
            ],
            [
              121.1175213,
              14.6445559
            ],
            [
              121.1174726,
              14.6446966
            ],
            [
              121.1173061,
              14.6451774
            ],
            [
              121.1172052,
              14.645144
            ],
            [
              121.1171666,
              14.6451314
            ],
            [
              121.1174056,
              14.6444451
            ],
            [
              121.117544,
              14.6444902
            ]
          ]
        ]
      },
      "id": "way/450693239"
    },
    {
      "type": "Feature",
      "properties": {
        "@id": "way/451839633",
        "addr:city": "Marikina",
        "building": "school"
      },
      "geometry": {
        "type": "Polygon",
        "coordinates": [
          [
            [
              121.1168972,
              14.6530975
            ],
            [
              121.1166907,
              14.6530865
            ],
            [
              121.1166969,
              14.6529786
            ],
            [
              121.1169033,
              14.6529896
            ],
            [
              121.1168972,
              14.6530975
            ]
          ]
        ]
      },
      "id": "way/451839633"
    },
    {
      "type": "Feature",
      "properties": {
        "@id": "way/461043374",
        "building": "school"
      },
      "geometry": {
        "type": "Polygon",
        "coordinates": [
          [
            [
              121.0951273,
              14.6152427
            ],
            [
              121.0951158,
              14.615168
            ],
            [
              121.0952967,
              14.6151419
            ],
            [
              121.0953083,
              14.6152166
            ],
            [
              121.0951273,
              14.6152427
            ]
          ]
        ]
      },
      "id": "way/461043374"
    },
    {
      "type": "Feature",
      "properties": {
        "@id": "way/461043375",
        "building": "school"
      },
      "geometry": {
        "type": "Polygon",
        "coordinates": [
          [
            [
              121.0953551,
              14.6155466
            ],
            [
              121.0954547,
              14.6155326
            ],
            [
              121.095472,
              14.6155302
            ],
            [
              121.0954864,
              14.6156266
            ],
            [
              121.0952712,
              14.6156568
            ],
            [
              121.0952093,
              14.6152442
            ],
            [
              121.0953077,
              14.6152304
            ],
            [
              121.0953551,
              14.6155466
            ]
          ]
        ]
      },
      "id": "way/461043375"
    },
    {
      "type": "Feature",
      "properties": {
        "@id": "way/472440446",
        "addr:city": "Marikina",
        "addr:place": "Concepcion Uno",
        "addr:postcode": "1807",
        "building": "commercial"
      },
      "geometry": {
        "type": "Polygon",
        "coordinates": [
          [
            [
              121.1026463,
              14.6463885
            ],
            [
              121.1026143,
              14.6463191
            ],
            [
              121.1026727,
              14.6462939
            ],
            [
              121.1027047,
              14.6463634
            ],
            [
              121.1026463,
              14.6463885
            ]
          ]
        ]
      },
      "id": "way/472440446"
    },
    {
      "type": "Feature",
      "properties": {
        "@id": "way/472440447",
        "addr:city": "Marikina",
        "addr:housenumber": "88",
        "addr:neighbourhood": "Concepcion Uno",
        "addr:postcode": "1807",
        "addr:street": "E. Santos Street",
        "building": "commercial"
      },
      "geometry": {
        "type": "Polygon",
        "coordinates": [
          [
            [
              121.1025513,
              14.6464082
            ],
            [
              121.102513,
              14.646328
            ],
            [
              121.1025869,
              14.6462949
            ],
            [
              121.1026252,
              14.6463752
            ],
            [
              121.1025513,
              14.6464082
            ]
          ]
        ]
      },
      "id": "way/472440447"
    },
    {
      "type": "Feature",
      "properties": {
        "@id": "way/472440448",
        "addr:city": "Marikina",
        "addr:place": "Concepcion Uno",
        "addr:postcode": "1807",
        "building": "commercial",
        "building:levels": "1"
      },
      "geometry": {
        "type": "Polygon",
        "coordinates": [
          [
            [
              121.1028288,
              14.6462105
            ],
            [
              121.1027921,
              14.6461389
            ],
            [
              121.1028884,
              14.6460927
            ],
            [
              121.1029251,
              14.6461643
            ],
            [
              121.1028288,
              14.6462105
            ]
          ]
        ]
      },
      "id": "way/472440448"
    },
    {
      "type": "Feature",
      "properties": {
        "@id": "way/472440449",
        "addr:city": "Marikina",
        "addr:housenumber": "70",
        "addr:postcode": "1807",
        "addr:street": "Cepeda Street",
        "building": "commercial",
        "building:levels": "1"
      },
      "geometry": {
        "type": "Polygon",
        "coordinates": [
          [
            [
              121.1028722,
              14.6462944
            ],
            [
              121.1028355,
              14.6462228
            ],
            [
              121.1029318,
              14.6461766
            ],
            [
              121.1029685,
              14.6462482
            ],
            [
              121.1028722,
              14.6462944
            ]
          ]
        ]
      },
      "id": "way/472440449"
    },
    {
      "type": "Feature",
      "properties": {
        "@id": "way/476209196",
        "addr2:street": "G. Fernando Extension",
        "addr:city": "Marikina",
        "addr:housenumber": "B4 L1",
        "addr:postcode": "1800",
        "addr:quarter": "Santo Niño",
        "addr:street": "Mayor Gil Fernando Avenue",
        "building": "commercial",
        "name": "RC Buenviaje, MD Building",
        "short_name": "RCB Building"
      },
      "geometry": {
        "type": "Polygon",
        "coordinates": [
          [
            [
              121.1047082,
              14.6428933
            ],
            [
              121.1045878,
              14.6426466
            ],
            [
              121.1047691,
              14.6425638
            ],
            [
              121.1048413,
              14.6427118
            ],
            [
              121.1048864,
              14.6426911
            ],
            [
              121.1049346,
              14.6427899
            ],
            [
              121.1048675,
              14.6428206
            ],
            [
              121.1047082,
              14.6428933
            ]
          ]
        ]
      },
      "id": "way/476209196"
    },
    {
      "type": "Feature",
      "properties": {
        "@id": "way/476209201",
        "addr:city": "Marikina",
        "addr:place": "Santo Niño",
        "addr:postcode": "1800",
        "building": "commercial"
      },
      "geometry": {
        "type": "Polygon",
        "coordinates": [
          [
            [
              121.1036301,
              14.6415722
            ],
            [
              121.1036078,
              14.6415227
            ],
            [
              121.1035926,
              14.6415291
            ],
            [
              121.1035547,
              14.6414451
            ],
            [
              121.1036222,
              14.6414166
            ],
            [
              121.1036824,
              14.6415501
            ],
            [
              121.1036301,
              14.6415722
            ]
          ]
        ]
      },
      "id": "way/476209201"
    },
    {
      "type": "Feature",
      "properties": {
        "@id": "way/476209202",
        "addr:city": "Marikina",
        "addr:postcode": "1803",
        "addr:street": "General Julian Cruz Street",
        "amenity": "townhall",
        "building": "public",
        "name": "Barangka Barangay Hall",
        "townhall:type": "barangay"
      },
      "geometry": {
        "type": "Polygon",
        "coordinates": [
          [
            [
              121.0821123,
              14.6329015
            ],
            [
              121.0822463,
              14.6328957
            ],
            [
              121.0822514,
              14.6330034
            ],
            [
              121.0823225,
              14.6330003
            ],
            [
              121.0823279,
              14.6331157
            ],
            [
              121.0821227,
              14.6331246
            ],
            [
              121.0821123,
              14.6329015
            ]
          ]
        ]
      },
      "id": "way/476209202"
    },
    {
      "type": "Feature",
      "properties": {
        "@id": "way/477404422",
        "addr:city": "Marikina",
        "addr:postcode": "1809",
        "addr:street": "General B. G. Molina Street",
        "addr:street:corner": "E. Rodriguez Street",
        "amenity": "bank",
        "branch": "Parang",
        "brand": "PSBank",
        "brand:website": "https://www.psbank.com.ph/",
        "brand:wikidata": "Q7185203",
        "brand:wikipedia": "en:Philippine Savings Bank",
        "building": "commercial",
        "name": "PSBank",
        "operator": "Philippine Savings Bank"
      },
      "geometry": {
        "type": "Polygon",
        "coordinates": [
          [
            [
              121.1114504,
              14.6585909
            ],
            [
              121.1113802,
              14.6585672
            ],
            [
              121.1113882,
              14.6585449
            ],
            [
              121.111326,
              14.6585239
            ],
            [
              121.1113699,
              14.6584023
            ],
            [
              121.1115021,
              14.6584469
            ],
            [
              121.1114504,
              14.6585909
            ]
          ]
        ]
      },
      "id": "way/477404422"
    },
    {
      "type": "Feature",
      "properties": {
        "@id": "way/477404423",
        "addr:city": "Marikina",
        "addr:postcode": "1809",
        "amenity": "police",
        "building": "civic",
        "name": "Parang Local Police"
      },
      "geometry": {
        "type": "Polygon",
        "coordinates": [
          [
            [
              121.1120022,
              14.6592718
            ],
            [
              121.1120863,
              14.6593007
            ],
            [
              121.1120766,
              14.6593271
            ],
            [
              121.1120669,
              14.6593535
            ],
            [
              121.1119828,
              14.6593246
            ],
            [
              121.1120022,
              14.6592718
            ]
          ]
        ]
      },
      "id": "way/477404423"
    },
    {
      "type": "Feature",
      "properties": {
        "@id": "way/477405188",
        "addr:city": "Marikina",
        "addr:postcode": "1809",
        "building": "school"
      },
      "geometry": {
        "type": "Polygon",
        "coordinates": [
          [
            [
              121.1117465,
              14.6570881
            ],
            [
              121.1111734,
              14.6568853
            ],
            [
              121.1112183,
              14.6567668
            ],
            [
              121.1117912,
              14.6569697
            ],
            [
              121.1117465,
              14.6570881
            ]
          ]
        ]
      },
      "id": "way/477405188"
    },
    {
      "type": "Feature",
      "properties": {
        "@id": "way/477405191",
        "addr:city": "Marikina",
        "addr:postcode": "1809",
        "building": "school"
      },
      "geometry": {
        "type": "Polygon",
        "coordinates": [
          [
            [
              121.1120232,
              14.6578389
            ],
            [
              121.1120629,
              14.6577291
            ],
            [
              121.1121751,
              14.6577671
            ],
            [
              121.1122715,
              14.6575004
            ],
            [
              121.1123885,
              14.65754
            ],
            [
              121.1122525,
              14.6579164
            ],
            [
              121.1120232,
              14.6578389
            ]
          ]
        ]
      },
      "id": "way/477405191"
    },
    {
      "type": "Feature",
      "properties": {
        "@id": "way/477405408",
        "addr:city": "Marikina",
        "addr:place": "Concepcion Uno",
        "addr:postcode": "1807",
        "addr:street": "J. Molina Street",
        "building": "commercial",
        "building:levels": "1"
      },
      "geometry": {
        "type": "Polygon",
        "coordinates": [
          [
            [
              121.1034968,
              14.6489718
            ],
            [
              121.1034516,
              14.6488691
            ],
            [
              121.1035409,
              14.6488323
            ],
            [
              121.1035861,
              14.6489351
            ],
            [
              121.1034968,
              14.6489718
            ]
          ]
        ]
      },
      "id": "way/477405408"
    },
    {
      "type": "Feature",
      "properties": {
        "@id": "way/477634159",
        "addr:city": "Marikina",
        "addr:postcode": "1809",
        "addr:street": "General B. G. Molina Street",
        "amenity": "fire_station",
        "building": "public",
        "name": "Parang Fire Station",
        "network": "Fire District 4",
        "operator:type": "public",
        "previously": "node:255057444"
      },
      "geometry": {
        "type": "Polygon",
        "coordinates": [
          [
            [
              121.1082301,
              14.657572
            ],
            [
              121.1081888,
              14.6575577
            ],
            [
              121.1080857,
              14.6575221
            ],
            [
              121.1081188,
              14.6574323
            ],
            [
              121.1082251,
              14.6574691
            ],
            [
              121.1082632,
              14.6574822
            ],
            [
              121.1082301,
              14.657572
            ]
          ]
        ]
      },
      "id": "way/477634159"
    },
    {
      "type": "Feature",
      "properties": {
        "@id": "way/477634163",
        "addr:city": "Marikina",
        "addr:postcode": "1809",
        "building": "commercial"
      },
      "geometry": {
        "type": "Polygon",
        "coordinates": [
          [
            [
              121.1084047,
              14.6574382
            ],
            [
              121.1083015,
              14.6574122
            ],
            [
              121.1083152,
              14.6573264
            ],
            [
              121.1084064,
              14.6573459
            ],
            [
              121.1084047,
              14.6574382
            ]
          ]
        ]
      },
      "id": "way/477634163"
    },
    {
      "type": "Feature",
      "properties": {
        "@id": "way/477634167",
        "addr:city": "Marikina",
        "addr:postcode": "1809",
        "addr:quarter": "Parang",
        "addr:street": "General B. G. Molina Street",
        "amenity": "health_post",
        "building": "public",
        "healthcare": "community_health_worker",
        "name": "Parang Health Center",
        "operator:type": "public"
      },
      "geometry": {
        "type": "Polygon",
        "coordinates": [
          [
            [
              121.1083963,
              14.6576263
            ],
            [
              121.1082566,
              14.6575796
            ],
            [
              121.1082858,
              14.6574979
            ],
            [
              121.1084255,
              14.6575446
            ],
            [
              121.1083963,
              14.6576263
            ]
          ]
        ]
      },
      "id": "way/477634167"
    },
    {
      "type": "Feature",
      "properties": {
        "@id": "way/477645709",
        "addr:city": "Marikina",
        "addr:postcode": "1809",
        "building": "commercial"
      },
      "geometry": {
        "type": "Polygon",
        "coordinates": [
          [
            [
              121.1063353,
              14.6564578
            ],
            [
              121.1061689,
              14.6564179
            ],
            [
              121.106192,
              14.6563162
            ],
            [
              121.1062797,
              14.6563218
            ],
            [
              121.1063664,
              14.6563419
            ],
            [
              121.1063353,
              14.6564578
            ]
          ]
        ]
      },
      "id": "way/477645709"
    },
    {
      "type": "Feature",
      "properties": {
        "@id": "way/477645762",
        "addr:city": "Marikina",
        "addr:postcode": "1809",
        "amenity": "hospital",
        "building": "hospital",
        "emergency": "no",
        "healthcare": "hospital",
        "name": "De Guzman Clinic"
      },
      "geometry": {
        "type": "Polygon",
        "coordinates": [
          [
            [
              121.1066715,
              14.6570984
            ],
            [
              121.1066314,
              14.6570319
            ],
            [
              121.1067163,
              14.656984
            ],
            [
              121.1067563,
              14.6570505
            ],
            [
              121.1066715,
              14.6570984
            ]
          ]
        ]
      },
      "id": "way/477645762"
    },
    {
      "type": "Feature",
      "properties": {
        "@id": "way/499040278",
        "building": "school",
        "building:levels": "4",
        "name": "School of Statistics"
      },
      "geometry": {
        "type": "Polygon",
        "coordinates": [
          [
            [
              121.0674616,
              14.6510804
            ],
            [
              121.0674649,
              14.6509376
            ],
            [
              121.0673379,
              14.6509348
            ],
            [
              121.0673401,
              14.6508387
            ],
            [
              121.0675703,
              14.6508437
            ],
            [
              121.0675628,
              14.651174
            ],
            [
              121.0675613,
              14.6512386
            ],
            [
              121.0671416,
              14.6512296
            ],
            [
              121.0671428,
              14.6511789
            ],
            [
              121.067027,
              14.6511764
            ],
            [
              121.0670289,
              14.6510961
            ],
            [
              121.0672179,
              14.6511002
            ],
            [
              121.0672195,
              14.6510306
            ],
            [
              121.0672914,
              14.6510321
            ],
            [
              121.0672903,
              14.6510767
            ],
            [
              121.0674616,
              14.6510804
            ]
          ]
        ]
      },
      "id": "way/499040278"
    },
    {
      "type": "Feature",
      "properties": {
        "@id": "way/509640132",
        "building": "college",
        "name": "Engineering Learning Commons"
      },
      "geometry": {
        "type": "Polygon",
        "coordinates": [
          [
            [
              121.0684975,
              14.6483169
            ],
            [
              121.0684893,
              14.6484234
            ],
            [
              121.0684301,
              14.6485516
            ],
            [
              121.068379,
              14.648662
            ],
            [
              121.0682869,
              14.6487402
            ],
            [
              121.0681343,
              14.6485892
            ],
            [
              121.0681868,
              14.6484858
            ],
            [
              121.0682751,
              14.6483118
            ],
            [
              121.0684975,
              14.6483169
            ]
          ]
        ]
      },
      "id": "way/509640132"
    },
    {
      "type": "Feature",
      "properties": {
        "@id": "way/521323236",
        "building": "commercial"
      },
      "geometry": {
        "type": "Polygon",
        "coordinates": [
          [
            [
              121.0764883,
              14.6175369
            ],
            [
              121.0764013,
              14.6173888
            ],
            [
              121.0764878,
              14.6173412
            ],
            [
              121.0765748,
              14.6174892
            ],
            [
              121.0764883,
              14.6175369
            ]
          ]
        ]
      },
      "id": "way/521323236"
    },
    {
      "type": "Feature",
      "properties": {
        "@id": "way/521323250",
        "building": "school"
      },
      "geometry": {
        "type": "Polygon",
        "coordinates": [
          [
            [
              121.0816821,
              14.6332704
            ],
            [
              121.0816818,
              14.6332074
            ],
            [
              121.0817841,
              14.6332068
            ],
            [
              121.0817844,
              14.6332698
            ],
            [
              121.0816821,
              14.6332704
            ]
          ]
        ]
      },
      "id": "way/521323250"
    },
    {
      "type": "Feature",
      "properties": {
        "@id": "way/522040899",
        "addr:city": "Marikina",
        "building": "commercial"
      },
      "geometry": {
        "type": "Polygon",
        "coordinates": [
          [
            [
              121.0804164,
              14.6321397
            ],
            [
              121.0803414,
              14.6321422
            ],
            [
              121.0803299,
              14.6318159
            ],
            [
              121.0804048,
              14.6318134
            ],
            [
              121.0804164,
              14.6321397
            ]
          ]
        ]
      },
      "id": "way/522040899"
    },
    {
      "type": "Feature",
      "properties": {
        "@id": "way/525094364",
        "addr:city": "Marikina",
        "building": "commercial"
      },
      "geometry": {
        "type": "Polygon",
        "coordinates": [
          [
            [
              121.0822548,
              14.6324438
            ],
            [
              121.0822729,
              14.6323822
            ],
            [
              121.082371,
              14.6324309
            ],
            [
              121.0823589,
              14.6324724
            ],
            [
              121.0822548,
              14.6324438
            ]
          ]
        ]
      },
      "id": "way/525094364"
    },
    {
      "type": "Feature",
      "properties": {
        "@id": "way/525094365",
        "addr:city": "Marikina",
        "building": "commercial"
      },
      "geometry": {
        "type": "Polygon",
        "coordinates": [
          [
            [
              121.0822488,
              14.6325158
            ],
            [
              121.0822661,
              14.6324624
            ],
            [
              121.0823031,
              14.6324737
            ],
            [
              121.0822858,
              14.6325271
            ],
            [
              121.0822488,
              14.6325158
            ]
          ]
        ]
      },
      "id": "way/525094365"
    },
    {
      "type": "Feature",
      "properties": {
        "@id": "way/525094366",
        "addr:city": "Marikina",
        "building": "commercial"
      },
      "geometry": {
        "type": "Polygon",
        "coordinates": [
          [
            [
              121.0822012,
              14.6326436
            ],
            [
              121.082237,
              14.6325332
            ],
            [
              121.082291,
              14.6325496
            ],
            [
              121.0822552,
              14.63266
            ],
            [
              121.0822012,
              14.6326436
            ]
          ]
        ]
      },
      "id": "way/525094366"
    },
    {
      "type": "Feature",
      "properties": {
        "@id": "way/525094367",
        "addr:city": "Marikina",
        "building": "commercial"
      },
      "geometry": {
        "type": "Polygon",
        "coordinates": [
          [
            [
              121.0823084,
              14.6325366
            ],
            [
              121.0823302,
              14.6324695
            ],
            [
              121.0823802,
              14.6324847
            ],
            [
              121.0823584,
              14.6325518
            ],
            [
              121.0823084,
              14.6325366
            ]
          ]
        ]
      },
      "id": "way/525094367"
    },
    {
      "type": "Feature",
      "properties": {
        "@id": "way/525094368",
        "addr:city": "Marikina",
        "building": "commercial"
      },
      "geometry": {
        "type": "Polygon",
        "coordinates": [
          [
            [
              121.0822675,
              14.6326644
            ],
            [
              121.0823032,
              14.6325544
            ],
            [
              121.0823514,
              14.632569
            ],
            [
              121.0823157,
              14.632679
            ],
            [
              121.0822675,
              14.6326644
            ]
          ]
        ]
      },
      "id": "way/525094368"
    },
    {
      "type": "Feature",
      "properties": {
        "@id": "way/525094369",
        "addr:city": "Marikina",
        "building": "commercial"
      },
      "geometry": {
        "type": "Polygon",
        "coordinates": [
          [
            [
              121.0823708,
              14.6325574
            ],
            [
              121.0823943,
              14.632485
            ],
            [
              121.082466,
              14.6325067
            ],
            [
              121.0824425,
              14.6325791
            ],
            [
              121.0823708,
              14.6325574
            ]
          ]
        ]
      },
      "id": "way/525094369"
    },
    {
      "type": "Feature",
      "properties": {
        "@id": "way/525094370",
        "addr:city": "Marikina",
        "building": "commercial"
      },
      "geometry": {
        "type": "Polygon",
        "coordinates": [
          [
            [
              121.0823279,
              14.6326787
            ],
            [
              121.0823615,
              14.632575
            ],
            [
              121.0824338,
              14.6325969
            ],
            [
              121.0824002,
              14.6327006
            ],
            [
              121.0823279,
              14.6326787
            ]
          ]
        ]
      },
      "id": "way/525094370"
    },
    {
      "type": "Feature",
      "properties": {
        "@id": "way/525094371",
        "addr:city": "Marikina",
        "building": "commercial"
      },
      "geometry": {
        "type": "Polygon",
        "coordinates": [
          [
            [
              121.0824573,
              14.6325995
            ],
            [
              121.0824838,
              14.632518
            ],
            [
              121.0825579,
              14.6325405
            ],
            [
              121.0825314,
              14.632622
            ],
            [
              121.0824573,
              14.6325995
            ]
          ]
        ]
      },
      "id": "way/525094371"
    },
    {
      "type": "Feature",
      "properties": {
        "@id": "way/525094372",
        "addr:city": "Marikina",
        "building": "commercial"
      },
      "geometry": {
        "type": "Polygon",
        "coordinates": [
          [
            [
              121.0824151,
              14.6327196
            ],
            [
              121.0824499,
              14.6326122
            ],
            [
              121.082515,
              14.632632
            ],
            [
              121.0824801,
              14.6327393
            ],
            [
              121.0824151,
              14.6327196
            ]
          ]
        ]
      },
      "id": "way/525094372"
    },
    {
      "type": "Feature",
      "properties": {
        "@id": "way/525094373",
        "addr:city": "Marikina",
        "building": "commercial"
      },
      "geometry": {
        "type": "Polygon",
        "coordinates": [
          [
            [
              121.0825136,
              14.6327312
            ],
            [
              121.0825507,
              14.6326171
            ],
            [
              121.0826638,
              14.6326514
            ],
            [
              121.0826268,
              14.6327656
            ],
            [
              121.0825136,
              14.6327312
            ]
          ]
        ]
      },
      "id": "way/525094373"
    },
    {
      "type": "Feature",
      "properties": {
        "@id": "way/525094374",
        "addr:city": "Marikina",
        "building": "commercial"
      },
      "geometry": {
        "type": "Polygon",
        "coordinates": [
          [
            [
              121.0826424,
              14.6327781
            ],
            [
              121.0826873,
              14.6326396
            ],
            [
              121.0827175,
              14.6326488
            ],
            [
              121.0827289,
              14.6326136
            ],
            [
              121.0827923,
              14.6326328
            ],
            [
              121.0827359,
              14.6328065
            ],
            [
              121.0826424,
              14.6327781
            ]
          ]
        ]
      },
      "id": "way/525094374"
    },
    {
      "type": "Feature",
      "properties": {
        "@id": "way/531617024",
        "addr:city": "Quezon City",
        "addr:postcode": "1101",
        "addr:street": "Pardo de Tavera Street",
        "amenity": "childcare",
        "building": "school",
        "name": "PAUW-UP Child Study Center"
      },
      "geometry": {
        "type": "Polygon",
        "coordinates": [
          [
            [
              121.0655765,
              14.6501693
            ],
            [
              121.0656579,
              14.6499735
            ],
            [
              121.0661435,
              14.6501625
            ],
            [
              121.0660621,
              14.6503583
            ],
            [
              121.0655765,
              14.6501693
            ]
          ]
        ]
      },
      "id": "way/531617024"
    },
    {
      "type": "Feature",
      "properties": {
        "@id": "way/534638829",
        "amenity": "school",
        "building": "school",
        "name": "Starland International School"
      },
      "geometry": {
        "type": "Polygon",
        "coordinates": [
          [
            [
              121.0596586,
              14.6346338
            ],
            [
              121.0595099,
              14.6345909
            ],
            [
              121.0595604,
              14.6344271
            ],
            [
              121.0597091,
              14.6344701
            ],
            [
              121.0596586,
              14.6346338
            ]
          ]
        ]
      },
      "id": "way/534638829"
    },
    {
      "type": "Feature",
      "properties": {
        "@id": "way/534761210",
        "addr:city": "Quezon City",
        "addr:quarter": "Quirino 3A",
        "addr:street": "Anonas Street",
        "admin_level": "10",
        "amenity": "townhall",
        "building": "civic",
        "name": "Bahay Pamahalaan ng Barangay Quirino 3A",
        "name:en": "Quirino 3A Barangay Hall",
        "name:fil": "Bahay Pamahalaan ng Barangay Quirino 3A",
        "townhall:type": "barangay"
      },
      "geometry": {
        "type": "Polygon",
        "coordinates": [
          [
            [
              121.0622088,
              14.6292543
            ],
            [
              121.0620718,
              14.6290678
            ],
            [
              121.0621439,
              14.6290183
            ],
            [
              121.0622809,
              14.6292048
            ],
            [
              121.0622088,
              14.6292543
            ]
          ]
        ]
      },
      "id": "way/534761210"
    },
    {
      "type": "Feature",
      "properties": {
        "@id": "way/538109025",
        "addr:city": "Quezon City",
        "addr:street": "Siniguelas Street",
        "admin_level": "10",
        "amenity": "townhall",
        "building": "civic",
        "name": "Bulwagang Pambarangay ng Quirino 2-B",
        "name:en": "Quirino 2-B Barangay Hall",
        "name:tl": "Bulwagang Pambarangay ng Quirino 2-B",
        "townhall:type": "barangay"
      },
      "geometry": {
        "type": "Polygon",
        "coordinates": [
          [
            [
              121.0632866,
              14.6326507
            ],
            [
              121.0633027,
              14.6325643
            ],
            [
              121.0634146,
              14.6325837
            ],
            [
              121.0633985,
              14.6326702
            ],
            [
              121.0632866,
              14.6326507
            ]
          ]
        ]
      },
      "id": "way/538109025"
    },
    {
      "type": "Feature",
      "properties": {
        "@id": "way/538288854",
        "building": "school"
      },
      "geometry": {
        "type": "Polygon",
        "coordinates": [
          [
            [
              121.0678138,
              14.6303067
            ],
            [
              121.0680116,
              14.6303999
            ],
            [
              121.0679593,
              14.6305039
            ],
            [
              121.0677614,
              14.6304107
            ],
            [
              121.0678138,
              14.6303067
            ]
          ]
        ]
      },
      "id": "way/538288854"
    },
    {
      "type": "Feature",
      "properties": {
        "@id": "way/538293706",
        "building": "school",
        "name": "Franz Pumaren Building"
      },
      "geometry": {
        "type": "Polygon",
        "coordinates": [
          [
            [
              121.0680005,
              14.6308157
            ],
            [
              121.0679187,
              14.6307765
            ],
            [
              121.0680302,
              14.6305593
            ],
            [
              121.068112,
              14.6305986
            ],
            [
              121.0680005,
              14.6308157
            ]
          ]
        ]
      },
      "id": "way/538293706"
    },
    {
      "type": "Feature",
      "properties": {
        "@id": "way/538293708",
        "building": "school"
      },
      "geometry": {
        "type": "Polygon",
        "coordinates": [
          [
            [
              121.0677512,
              14.6303879
            ],
            [
              121.0675909,
              14.6303145
            ],
            [
              121.0676349,
              14.6302247
            ],
            [
              121.0677952,
              14.6302981
            ],
            [
              121.0677512,
              14.6303879
            ]
          ]
        ]
      },
      "id": "way/538293708"
    },
    {
      "type": "Feature",
      "properties": {
        "@id": "way/550682566",
        "building": "commercial"
      },
      "geometry": {
        "type": "Polygon",
        "coordinates": [
          [
            [
              121.0792103,
              14.6828368
            ],
            [
              121.0793644,
              14.6824786
            ],
            [
              121.0795245,
              14.6825568
            ],
            [
              121.0794033,
              14.6829145
            ],
            [
              121.0792103,
              14.6828368
            ]
          ]
        ]
      },
      "id": "way/550682566"
    },
    {
      "type": "Feature",
      "properties": {
        "@id": "way/550898667",
        "amenity": "clinic",
        "building": "commercial",
        "building:levels": "7",
        "mapillary": "1106444840150344",
        "name": "Medical Arts Building",
        "operator": "Marikina Valley Medical Center",
        "wheelchair": "yes"
      },
      "geometry": {
        "type": "Polygon",
        "coordinates": [
          [
            [
              121.1043756,
              14.6350412
            ],
            [
              121.104283,
              14.6346658
            ],
            [
              121.104337,
              14.6346534
            ],
            [
              121.104323,
              14.6345966
            ],
            [
              121.1044014,
              14.6345786
            ],
            [
              121.1044204,
              14.6345742
            ],
            [
              121.1044991,
              14.6348931
            ],
            [
              121.1044715,
              14.6348994
            ],
            [
              121.1044994,
              14.6350126
            ],
            [
              121.1043756,
              14.6350412
            ]
          ]
        ]
      },
      "id": "way/550898667"
    },
    {
      "type": "Feature",
      "properties": {
        "@id": "way/550899550",
        "brand": "Toyota",
        "brand:wikidata": "Q53268",
        "building": "commercial",
        "name": "Toyota Marikina",
        "parts": "yes",
        "repair": "yes",
        "shop": "car"
      },
      "geometry": {
        "type": "Polygon",
        "coordinates": [
          [
            [
              121.1025079,
              14.6338138
            ],
            [
              121.1026384,
              14.6345249
            ],
            [
              121.1021549,
              14.634608
            ],
            [
              121.1020243,
              14.6338969
            ],
            [
              121.1025079,
              14.6338138
            ]
          ]
        ]
      },
      "id": "way/550899550"
    },
    {
      "type": "Feature",
      "properties": {
        "@id": "way/551654206",
        "building": "school",
        "source": "DigiGlobe"
      },
      "geometry": {
        "type": "Polygon",
        "coordinates": [
          [
            [
              121.0713209,
              14.6786324
            ],
            [
              121.0713167,
              14.678288
            ],
            [
              121.0714186,
              14.6782869
            ],
            [
              121.0714226,
              14.6786313
            ],
            [
              121.0713209,
              14.6786324
            ]
          ]
        ]
      },
      "id": "way/551654206"
    },
    {
      "type": "Feature",
      "properties": {
        "@id": "way/555889135",
        "addr:city": "Quezon City",
        "addr:postcode": "1108",
        "addr:street": "Betany Street",
        "amenity": "townhall",
        "building": "civic",
        "name": "Barangay Pansol Kaingin 1 Satellite Barangay Office",
        "townhall:type": "barangay"
      },
      "geometry": {
        "type": "Polygon",
        "coordinates": [
          [
            [
              121.0827689,
              14.6556185
            ],
            [
              121.0827216,
              14.6555615
            ],
            [
              121.082773,
              14.6555215
            ],
            [
              121.0828203,
              14.6555785
            ],
            [
              121.0827689,
              14.6556185
            ]
          ]
        ]
      },
      "id": "way/555889135"
    },
    {
      "type": "Feature",
      "properties": {
        "@id": "way/561462871",
        "addr:province": "Rizal",
        "addr:street": "Jose F. Diaz Road",
        "admin_level": "10",
        "alt_name": "Ampid 1 Barangay Hall",
        "amenity": "townhall",
        "building": "civic",
        "name": "Bahay Pamahalaan ng Barangay Ampid Ⅰ",
        "name:en": "Ampid Ⅰ Barangay Hall",
        "name:tl": "Bahay Pamahalaan ng Barangay Ampid Ⅰ",
        "townhall:type": "barangay"
      },
      "geometry": {
        "type": "Polygon",
        "coordinates": [
          [
            [
              121.1192928,
              14.6811999
            ],
            [
              121.1192696,
              14.6811194
            ],
            [
              121.1194071,
              14.6810824
            ],
            [
              121.1194302,
              14.6811629
            ],
            [
              121.1192928,
              14.6811999
            ]
          ]
        ]
      },
      "id": "way/561462871"
    },
    {
      "type": "Feature",
      "properties": {
        "@id": "way/568930822",
        "building": "university",
        "building:levels": "4",
        "name": "Areté"
      },
      "geometry": {
        "type": "Polygon",
        "coordinates": [
          [
            [
              121.075399,
              14.6417105
            ],
            [
              121.0753682,
              14.6417582
            ],
            [
              121.0752234,
              14.6416867
            ],
            [
              121.0751587,
              14.6415257
            ],
            [
              121.0752819,
              14.6414899
            ],
            [
              121.0753066,
              14.6414482
            ],
            [
              121.075245,
              14.6414661
            ],
            [
              121.0751525,
              14.6414214
            ],
            [
              121.0751217,
              14.6413469
            ],
            [
              121.0751248,
              14.6412872
            ],
            [
              121.0751679,
              14.6412336
            ],
            [
              121.075208,
              14.6412246
            ],
            [
              121.0751772,
              14.6411501
            ],
            [
              121.0751803,
              14.6410547
            ],
            [
              121.0752326,
              14.6409653
            ],
            [
              121.0753343,
              14.6409146
            ],
            [
              121.0754483,
              14.6409295
            ],
            [
              121.0755315,
              14.6409951
            ],
            [
              121.0755623,
              14.6410368
            ],
            [
              121.0756578,
              14.6410666
            ],
            [
              121.0757564,
              14.6411084
            ],
            [
              121.075815,
              14.6412187
            ],
            [
              121.0758057,
              14.6412694
            ],
            [
              121.0757903,
              14.6412932
            ],
            [
              121.0761077,
              14.6414572
            ],
            [
              121.0761508,
              14.6413767
            ],
            [
              121.076234,
              14.6414184
            ],
            [
              121.0762494,
              14.6413916
            ],
            [
              121.076311,
              14.6414244
            ],
            [
              121.0762864,
              14.6414691
            ],
            [
              121.0763161,
              14.6414935
            ],
            [
              121.0760569,
              14.6419834
            ],
            [
              121.075878,
              14.641896
            ],
            [
              121.0760214,
              14.641633
            ],
            [
              121.0759505,
              14.6415973
            ],
            [
              121.0759721,
              14.6415555
            ],
            [
              121.0756825,
              14.6414214
            ],
            [
              121.0756455,
              14.641475
            ],
            [
              121.0756363,
              14.6415794
            ],
            [
              121.0756116,
              14.6416628
            ],
            [
              121.0755716,
              14.6417105
            ],
            [
              121.0754822,
              14.6417344
            ],
            [
              121.075399,
              14.6417105
            ]
          ]
        ]
      },
      "id": "way/568930822"
    },
    {
      "type": "Feature",
      "properties": {
        "@id": "way/569361652",
        "addr:city": "Cainta",
        "addr:postcode": "1900",
        "addr:street": "F. P. Felix Avenue",
        "building": "commercial",
        "building:levels": "1",
        "roof:material": "concrete",
        "wall:material": "concrete",
        "wall:material_1": "cement"
      },
      "geometry": {
        "type": "Polygon",
        "coordinates": [
          [
            [
              121.1024364,
              14.6145647
            ],
            [
              121.1024672,
              14.6144587
            ],
            [
              121.1026358,
              14.6145117
            ],
            [
              121.102624,
              14.6145594
            ],
            [
              121.1024364,
              14.6145647
            ]
          ]
        ]
      },
      "id": "way/569361652"
    },
    {
      "type": "Feature",
      "properties": {
        "@id": "way/569367968",
        "addr:city": "Cainta",
        "addr:postcode": "1900",
        "building": "commercial",
        "building:levels": "2",
        "fixme": "verify shapes and positions"
      },
      "geometry": {
        "type": "Polygon",
        "coordinates": [
          [
            [
              121.1029501,
              14.6128311
            ],
            [
              121.102977,
              14.6127496
            ],
            [
              121.1032171,
              14.6128236
            ],
            [
              121.1031902,
              14.6129051
            ],
            [
              121.1029501,
              14.6128311
            ]
          ]
        ]
      },
      "id": "way/569367968"
    },
    {
      "type": "Feature",
      "properties": {
        "@id": "way/569368253",
        "addr:city": "Cainta",
        "addr:postcode": "1900",
        "addr:street": "F.P. Felix Avenue",
        "amenity": "hospital",
        "building": "hospital",
        "building:levels": "4",
        "fixme": "verify shapes and positions",
        "healthcare": "hospital",
        "name": "Arnaiz Hospital",
        "roof:material": "concrete",
        "wall:material": "concrete;cement"
      },
      "geometry": {
        "type": "Polygon",
        "coordinates": [
          [
            [
              121.1029903,
              14.6127394
            ],
            [
              121.1030197,
              14.6126473
            ],
            [
              121.1031712,
              14.6126973
            ],
            [
              121.1032032,
              14.6127061
            ],
            [
              121.1031837,
              14.6127995
            ],
            [
              121.1029903,
              14.6127394
            ]
          ]
        ]
      },
      "id": "way/569368253"
    },
    {
      "type": "Feature",
      "properties": {
        "@id": "way/572389557",
        "building": "commercial",
        "name": "Bedrock"
      },
      "geometry": {
        "type": "Polygon",
        "coordinates": [
          [
            [
              121.0702751,
              14.6662634
            ],
            [
              121.0704469,
              14.6659334
            ],
            [
              121.0705427,
              14.6659801
            ],
            [
              121.0705398,
              14.6659857
            ],
            [
              121.070632,
              14.6660306
            ],
            [
              121.0706261,
              14.6660419
            ],
            [
              121.0707147,
              14.6660851
            ],
            [
              121.0705975,
              14.6663102
            ],
            [
              121.0705021,
              14.6662637
            ],
            [
              121.0704792,
              14.6663077
            ],
            [
              121.0703908,
              14.6662647
            ],
            [
              121.0703679,
              14.6663086
            ],
            [
              121.0702751,
              14.6662634
            ]
          ]
        ]
      },
      "id": "way/572389557"
    },
    {
      "type": "Feature",
      "properties": {
        "@id": "way/572396931",
        "building": "school"
      },
      "geometry": {
        "type": "Polygon",
        "coordinates": [
          [
            [
              121.076707,
              14.6728821
            ],
            [
              121.0762731,
              14.6728781
            ],
            [
              121.0762742,
              14.6727706
            ],
            [
              121.076708,
              14.6727746
            ],
            [
              121.076707,
              14.6728821
            ]
          ]
        ]
      },
      "id": "way/572396931"
    },
    {
      "type": "Feature",
      "properties": {
        "@id": "way/572398484",
        "building": "commercial"
      },
      "geometry": {
        "type": "Polygon",
        "coordinates": [
          [
            [
              121.0730158,
              14.6664436
            ],
            [
              121.0730186,
              14.6662218
            ],
            [
              121.0730169,
              14.6661757
            ],
            [
              121.0731937,
              14.666175
            ],
            [
              121.073223,
              14.6663706
            ],
            [
              121.0732258,
              14.666393
            ],
            [
              121.073142,
              14.6665118
            ],
            [
              121.0730158,
              14.6664436
            ]
          ]
        ]
      },
      "id": "way/572398484"
    },
    {
      "type": "Feature",
      "properties": {
        "@id": "way/572398485",
        "building": "commercial"
      },
      "geometry": {
        "type": "Polygon",
        "coordinates": [
          [
            [
              121.0726873,
              14.6662756
            ],
            [
              121.0727886,
              14.6661426
            ],
            [
              121.0729625,
              14.6662424
            ],
            [
              121.072975,
              14.6662276
            ],
            [
              121.0730125,
              14.6662244
            ],
            [
              121.0730097,
              14.6664462
            ],
            [
              121.0730052,
              14.6664865
            ],
            [
              121.0726873,
              14.6662756
            ]
          ]
        ]
      },
      "id": "way/572398485"
    },
    {
      "type": "Feature",
      "properties": {
        "@id": "way/589677417",
        "building": "commercial",
        "building:levels": "1"
      },
      "geometry": {
        "type": "Polygon",
        "coordinates": [
          [
            [
              121.111409,
              14.6777688
            ],
            [
              121.1114705,
              14.6777242
            ],
            [
              121.1115805,
              14.6778663
            ],
            [
              121.111519,
              14.6779109
            ],
            [
              121.111409,
              14.6777688
            ]
          ]
        ]
      },
      "id": "way/589677417"
    },
    {
      "type": "Feature",
      "properties": {
        "@id": "way/591700485",
        "addr:quarter": "San Isidro",
        "addr:street": "San Isidro Avenue",
        "admin_level": "10",
        "amenity": "townhall",
        "building": "civic",
        "name": "Bahay Pamahalaan ng Barangay San Isidro",
        "name:en": "San Isidro Barangay Hall",
        "name:fil": "Bahay Pamahalaan ng Barangay San Isidro",
        "townhall:type": "barangay"
      },
      "geometry": {
        "type": "Polygon",
        "coordinates": [
          [
            [
              121.1088559,
              14.6356263
            ],
            [
              121.1090034,
              14.6356114
            ],
            [
              121.1090127,
              14.6356965
            ],
            [
              121.1088651,
              14.6357116
            ],
            [
              121.1088559,
              14.6356263
            ]
          ]
        ]
      },
      "id": "way/591700485"
    },
    {
      "type": "Feature",
      "properties": {
        "@id": "way/594449974",
        "addr:housenumber": "40",
        "addr:street": "Langka Street",
        "building": "commercial",
        "building:levels": "2",
        "email": "support@srdp.com.ph",
        "name": "SRDP Consulting Inc.",
        "office": "company",
        "opening_hours": "Mo-Fr 08:00-17:00",
        "smoking": "no"
      },
      "geometry": {
        "type": "Polygon",
        "coordinates": [
          [
            [
              121.0619439,
              14.6346461
            ],
            [
              121.0618792,
              14.6345862
            ],
            [
              121.0619273,
              14.6345375
            ],
            [
              121.061992,
              14.6345973
            ],
            [
              121.0619439,
              14.6346461
            ]
          ]
        ]
      },
      "id": "way/594449974"
    },
    {
      "type": "Feature",
      "properties": {
        "@id": "way/598753550",
        "building": "commercial",
        "building:levels": "2",
        "height": "0",
        "name": "Sealand Industrial Supply",
        "roof:material": "metal sheet",
        "wall:material": "concrete"
      },
      "geometry": {
        "type": "Polygon",
        "coordinates": [
          [
            [
              121.1023157,
              14.6154642
            ],
            [
              121.102184,
              14.6154918
            ],
            [
              121.1021494,
              14.6154605
            ],
            [
              121.1022056,
              14.6152854
            ],
            [
              121.1022749,
              14.6152831
            ],
            [
              121.1023157,
              14.6154642
            ]
          ]
        ]
      },
      "id": "way/598753550"
    },
    {
      "type": "Feature",
      "properties": {
        "@id": "way/602046031",
        "building": "school"
      },
      "geometry": {
        "type": "Polygon",
        "coordinates": [
          [
            [
              121.1096614,
              14.6330701
            ],
            [
              121.1096182,
              14.6330761
            ],
            [
              121.1096105,
              14.6330418
            ],
            [
              121.1094657,
              14.6330746
            ],
            [
              121.1094703,
              14.6331014
            ],
            [
              121.1094087,
              14.6331134
            ],
            [
              121.1094149,
              14.6331357
            ],
            [
              121.1093024,
              14.6331611
            ],
            [
              121.1092793,
              14.6330686
            ],
            [
              121.1091607,
              14.633091
            ],
            [
              121.1091014,
              14.6327996
            ],
            [
              121.1093319,
              14.6327533
            ],
            [
              121.1093625,
              14.6328838
            ],
            [
              121.1094026,
              14.6328764
            ],
            [
              121.1093733,
              14.6327407
            ],
            [
              121.1095458,
              14.632702
            ],
            [
              121.1095951,
              14.63293
            ],
            [
              121.1096275,
              14.6329256
            ],
            [
              121.1096614,
              14.6330701
            ]
          ]
        ]
      },
      "id": "way/602046031"
    },
    {
      "type": "Feature",
      "properties": {
        "@id": "way/602046034",
        "building": "school"
      },
      "geometry": {
        "type": "Polygon",
        "coordinates": [
          [
            [
              121.1092614,
              14.6331139
            ],
            [
              121.109307,
              14.6333333
            ],
            [
              121.1091951,
              14.6333551
            ],
            [
              121.1091543,
              14.6331592
            ],
            [
              121.1091889,
              14.6331525
            ],
            [
              121.109184,
              14.633129
            ],
            [
              121.1092614,
              14.6331139
            ]
          ]
        ]
      },
      "id": "way/602046034"
    },
    {
      "type": "Feature",
      "properties": {
        "@id": "way/602046036",
        "building": "commercial"
      },
      "geometry": {
        "type": "Polygon",
        "coordinates": [
          [
            [
              121.1101982,
              14.6334312
            ],
            [
              121.1102164,
              14.6335293
            ],
            [
              121.1100596,
              14.6335565
            ],
            [
              121.1100414,
              14.6334584
            ],
            [
              121.1101982,
              14.6334312
            ]
          ]
        ]
      },
      "id": "way/602046036"
    },
    {
      "type": "Feature",
      "properties": {
        "@id": "way/602046040",
        "building": "school",
        "roof:shape": "gabled"
      },
      "geometry": {
        "type": "Polygon",
        "coordinates": [
          [
            [
              121.1082846,
              14.6335232
            ],
            [
              121.1081383,
              14.6335442
            ],
            [
              121.1080682,
              14.633211
            ],
            [
              121.1082169,
              14.6331899
            ],
            [
              121.1082846,
              14.6335232
            ]
          ]
        ]
      },
      "id": "way/602046040"
    },
    {
      "type": "Feature",
      "properties": {
        "@id": "way/602046042",
        "building": "school",
        "roof:shape": "gabled"
      },
      "geometry": {
        "type": "Polygon",
        "coordinates": [
          [
            [
              121.1084582,
              14.6334994
            ],
            [
              121.1083239,
              14.6335186
            ],
            [
              121.1082539,
              14.6331854
            ],
            [
              121.1083928,
              14.6331684
            ],
            [
              121.1084103,
              14.6332567
            ],
            [
              121.108447,
              14.6334424
            ],
            [
              121.1084582,
              14.6334994
            ]
          ]
        ]
      },
      "id": "way/602046042"
    },
    {
      "type": "Feature",
      "properties": {
        "@id": "way/607760230",
        "building": "school",
        "building:levels": "4",
        "roof:colour": "green",
        "roof:shape": "gabled"
      },
      "geometry": {
        "type": "Polygon",
        "coordinates": [
          [
            [
              121.0736833,
              14.6319238
            ],
            [
              121.0737505,
              14.6320099
            ],
            [
              121.0734258,
              14.6322472
            ],
            [
              121.0733586,
              14.6321611
            ],
            [
              121.0736833,
              14.6319238
            ]
          ]
        ]
      },
      "id": "way/607760230"
    },
    {
      "type": "Feature",
      "properties": {
        "@id": "way/626828972",
        "addr:street": "General A. Luna Street",
        "addr:town": "San Mateo",
        "amenity": "bank",
        "atm": "yes",
        "branch": "Ampid",
        "brand": "RCBC",
        "brand:wikidata": "Q7339070",
        "building": "commercial",
        "mapillary": "295130379437756",
        "name": "RCBC",
        "official_name": "Rizal Commercial Banking Corporation"
      },
      "geometry": {
        "type": "Polygon",
        "coordinates": [
          [
            [
              121.1146637,
              14.681092
            ],
            [
              121.1149545,
              14.6809613
            ],
            [
              121.1150035,
              14.6810632
            ],
            [
              121.1147127,
              14.681194
            ],
            [
              121.1146637,
              14.681092
            ]
          ]
        ]
      },
      "id": "way/626828972"
    },
    {
      "type": "Feature",
      "properties": {
        "@id": "way/626828973",
        "addr:street": "General A. Luna Street",
        "addr:town": "San Mateo",
        "amenity": "bank",
        "atm": "yes",
        "brand": "EastWest Unibank",
        "brand:wikidata": "Q5327595",
        "brand:wikipedia": "en:EastWest Bank",
        "building": "commercial",
        "mapillary": "647662883004764",
        "name": "EastWest Unibank"
      },
      "geometry": {
        "type": "Polygon",
        "coordinates": [
          [
            [
              121.114648,
              14.6810774
            ],
            [
              121.114616,
              14.6810064
            ],
            [
              121.1148339,
              14.6809144
            ],
            [
              121.1148659,
              14.6809854
            ],
            [
              121.114648,
              14.6810774
            ]
          ]
        ]
      },
      "id": "way/626828973"
    },
    {
      "type": "Feature",
      "properties": {
        "@id": "way/654693170",
        "building": "school"
      },
      "geometry": {
        "type": "Polygon",
        "coordinates": [
          [
            [
              121.1148464,
              14.6648849
            ],
            [
              121.1147927,
              14.6646935
            ],
            [
              121.1148977,
              14.664666
            ],
            [
              121.1149514,
              14.6648573
            ],
            [
              121.1148464,
              14.6648849
            ]
          ]
        ]
      },
      "id": "way/654693170"
    },
    {
      "type": "Feature",
      "properties": {
        "@id": "way/664409973",
        "building": "school",
        "building:levels": "4"
      },
      "geometry": {
        "type": "Polygon",
        "coordinates": [
          [
            [
              121.0894903,
              14.6223445
            ],
            [
              121.0894918,
              14.622228
            ],
            [
              121.0900144,
              14.6222347
            ],
            [
              121.0900129,
              14.6223511
            ],
            [
              121.0894903,
              14.6223445
            ]
          ]
        ]
      },
      "id": "way/664409973"
    },
    {
      "type": "Feature",
      "properties": {
        "@id": "way/666262069",
        "building": "school"
      },
      "geometry": {
        "type": "Polygon",
        "coordinates": [
          [
            [
              121.1108109,
              14.6378531
            ],
            [
              121.1112548,
              14.6376933
            ],
            [
              121.1114142,
              14.6381128
            ],
            [
              121.1112143,
              14.6381854
            ],
            [
              121.1111937,
              14.638144
            ],
            [
              121.1109551,
              14.6382249
            ],
            [
              121.1108109,
              14.6378531
            ]
          ]
        ]
      },
      "id": "way/666262069"
    },
    {
      "type": "Feature",
      "properties": {
        "@id": "way/671013762",
        "building": "school"
      },
      "geometry": {
        "type": "Polygon",
        "coordinates": [
          [
            [
              121.1081166,
              14.6271402
            ],
            [
              121.1081483,
              14.6267966
            ],
            [
              121.1082402,
              14.6267979
            ],
            [
              121.1082122,
              14.6271474
            ],
            [
              121.1081166,
              14.6271402
            ]
          ]
        ]
      },
      "id": "way/671013762"
    },
    {
      "type": "Feature",
      "properties": {
        "@id": "way/678561243",
        "building": "commercial"
      },
      "geometry": {
        "type": "Polygon",
        "coordinates": [
          [
            [
              121.1141644,
              14.6323719
            ],
            [
              121.1141463,
              14.632273
            ],
            [
              121.1144994,
              14.6322126
            ],
            [
              121.1145175,
              14.6323115
            ],
            [
              121.1141644,
              14.6323719
            ]
          ]
        ]
      },
      "id": "way/678561243"
    },
    {
      "type": "Feature",
      "properties": {
        "@id": "way/678561244",
        "building": "commercial"
      },
      "geometry": {
        "type": "Polygon",
        "coordinates": [
          [
            [
              121.1137772,
              14.6324466
            ],
            [
              121.1137595,
              14.6323372
            ],
            [
              121.1139965,
              14.6323013
            ],
            [
              121.1140142,
              14.6324107
            ],
            [
              121.1137772,
              14.6324466
            ]
          ]
        ]
      },
      "id": "way/678561244"
    },
    {
      "type": "Feature",
      "properties": {
        "@id": "way/691384094",
        "building": "commercial"
      },
      "geometry": {
        "type": "Polygon",
        "coordinates": [
          [
            [
              121.1186557,
              14.6810763
            ],
            [
              121.118631,
              14.6809973
            ],
            [
              121.1187241,
              14.6809701
            ],
            [
              121.1187488,
              14.681049
            ],
            [
              121.1186557,
              14.6810763
            ]
          ]
        ]
      },
      "id": "way/691384094"
    },
    {
      "type": "Feature",
      "properties": {
        "@id": "way/691384173",
        "building": "school"
      },
      "geometry": {
        "type": "Polygon",
        "coordinates": [
          [
            [
              121.1331449,
              14.6739592
            ],
            [
              121.1334366,
              14.6738238
            ],
            [
              121.1334885,
              14.6739286
            ],
            [
              121.1331968,
              14.6740639
            ],
            [
              121.1331449,
              14.6739592
            ]
          ]
        ]
      },
      "id": "way/691384173"
    },
    {
      "type": "Feature",
      "properties": {
        "@id": "way/691384176",
        "building": "school"
      },
      "geometry": {
        "type": "Polygon",
        "coordinates": [
          [
            [
              121.1333583,
              14.6736549
            ],
            [
              121.1332771,
              14.6736937
            ],
            [
              121.133261,
              14.6736621
            ],
            [
              121.13325,
              14.6736674
            ],
            [
              121.1332275,
              14.6736234
            ],
            [
              121.1332429,
              14.673616
            ],
            [
              121.1332277,
              14.6735862
            ],
            [
              121.1333045,
              14.6735495
            ],
            [
              121.1333583,
              14.6736549
            ]
          ]
        ]
      },
      "id": "way/691384176"
    },
    {
      "type": "Feature",
      "properties": {
        "@id": "way/692165203",
        "building": "commercial"
      },
      "geometry": {
        "type": "Polygon",
        "coordinates": [
          [
            [
              121.1126065,
              14.6786566
            ],
            [
              121.1127417,
              14.6785513
            ],
            [
              121.1128759,
              14.6787125
            ],
            [
              121.112782,
              14.6787857
            ],
            [
              121.1127059,
              14.6786942
            ],
            [
              121.1126645,
              14.6787264
            ],
            [
              121.1126065,
              14.6786566
            ]
          ]
        ]
      },
      "id": "way/692165203"
    },
    {
      "type": "Feature",
      "properties": {
        "@id": "way/692165205",
        "building": "commercial"
      },
      "geometry": {
        "type": "Polygon",
        "coordinates": [
          [
            [
              121.1126257,
              14.6784284
            ],
            [
              121.112472,
              14.6785459
            ],
            [
              121.1123502,
              14.678397
            ],
            [
              121.1125039,
              14.6782794
            ],
            [
              121.1126257,
              14.6784284
            ]
          ]
        ]
      },
      "id": "way/692165205"
    },
    {
      "type": "Feature",
      "properties": {
        "@id": "way/692165207",
        "building": "commercial"
      },
      "geometry": {
        "type": "Polygon",
        "coordinates": [
          [
            [
              121.1118605,
              14.6783221
            ],
            [
              121.1118132,
              14.6782672
            ],
            [
              121.1118683,
              14.6782229
            ],
            [
              121.1119155,
              14.6782779
            ],
            [
              121.1118605,
              14.6783221
            ]
          ]
        ]
      },
      "id": "way/692165207"
    },
    {
      "type": "Feature",
      "properties": {
        "@id": "way/692165209",
        "building": "commercial"
      },
      "geometry": {
        "type": "Polygon",
        "coordinates": [
          [
            [
              121.1112796,
              14.6777543
            ],
            [
              121.1111716,
              14.6775848
            ],
            [
              121.1113445,
              14.6774817
            ],
            [
              121.1114338,
              14.6776218
            ],
            [
              121.1113615,
              14.6776649
            ],
            [
              121.1113429,
              14.6776357
            ],
            [
              121.1112903,
              14.677667
            ],
            [
              121.1113276,
              14.6777257
            ],
            [
              121.1112796,
              14.6777543
            ]
          ]
        ]
      },
      "id": "way/692165209"
    },
    {
      "type": "Feature",
      "properties": {
        "@id": "way/694032952",
        "building": "commercial",
        "office": "yes"
      },
      "geometry": {
        "type": "Polygon",
        "coordinates": [
          [
            [
              121.0806542,
              14.6821794
            ],
            [
              121.0806939,
              14.6819894
            ],
            [
              121.0808003,
              14.6819926
            ],
            [
              121.080803,
              14.6821776
            ],
            [
              121.0806542,
              14.6821794
            ]
          ]
        ]
      },
      "id": "way/694032952"
    },
    {
      "type": "Feature",
      "properties": {
        "@id": "way/695822160",
        "building": "commercial",
        "name": "Park Place"
      },
      "geometry": {
        "type": "Polygon",
        "coordinates": [
          [
            [
              121.1156463,
              14.6240794
            ],
            [
              121.1156741,
              14.6238852
            ],
            [
              121.1160764,
              14.6239393
            ],
            [
              121.1160485,
              14.6241335
            ],
            [
              121.1156463,
              14.6240794
            ]
          ]
        ]
      },
      "id": "way/695822160"
    },
    {
      "type": "Feature",
      "properties": {
        "@id": "way/696068558",
        "building": "commercial",
        "name": "East Narra"
      },
      "geometry": {
        "type": "Polygon",
        "coordinates": [
          [
            [
              121.1181903,
              14.6540903
            ],
            [
              121.118123,
              14.6539122
            ],
            [
              121.1181583,
              14.6538997
            ],
            [
              121.1181798,
              14.6538921
            ],
            [
              121.1181081,
              14.6537024
            ],
            [
              121.1182716,
              14.6536446
            ],
            [
              121.1184068,
              14.6535968
            ],
            [
              121.1185458,
              14.6539646
            ],
            [
              121.1182233,
              14.6540786
            ],
            [
              121.1181903,
              14.6540903
            ]
          ]
        ]
      },
      "id": "way/696068558"
    },
    {
      "type": "Feature",
      "properties": {
        "@id": "way/700641704",
        "building": "school"
      },
      "geometry": {
        "type": "Polygon",
        "coordinates": [
          [
            [
              121.0941671,
              14.6505239
            ],
            [
              121.0940256,
              14.6502579
            ],
            [
              121.0941327,
              14.6502046
            ],
            [
              121.0942742,
              14.6504706
            ],
            [
              121.0941671,
              14.6505239
            ]
          ]
        ]
      },
      "id": "way/700641704"
    },
    {
      "type": "Feature",
      "properties": {
        "@id": "way/701557963",
        "building": "commercial"
      },
      "geometry": {
        "type": "Polygon",
        "coordinates": [
          [
            [
              121.1072702,
              14.648026
            ],
            [
              121.1071872,
              14.6478379
            ],
            [
              121.1073704,
              14.6477623
            ],
            [
              121.1074533,
              14.6479505
            ],
            [
              121.1072702,
              14.648026
            ]
          ]
        ]
      },
      "id": "way/701557963"
    },
    {
      "type": "Feature",
      "properties": {
        "@id": "way/704249058",
        "addr:city": "Quezon City",
        "addr:housenumber": "251",
        "addr:street": "Commonwealth Avenue",
        "amenity": "hospital",
        "building": "hospital",
        "healthcare": "hospital",
        "name": "Diliman Doctors Hospital",
        "phone": "+6328836900",
        "ref": "DOH000000000037100"
      },
      "geometry": {
        "type": "Polygon",
        "coordinates": [
          [
            [
              121.0761447,
              14.6686557
            ],
            [
              121.0761442,
              14.6683719
            ],
            [
              121.0757602,
              14.6683726
            ],
            [
              121.0757597,
              14.6681163
            ],
            [
              121.0764295,
              14.6681151
            ],
            [
              121.0764305,
              14.6686552
            ],
            [
              121.0761447,
              14.6686557
            ]
          ]
        ]
      },
      "id": "way/704249058"
    },
    {
      "type": "Feature",
      "properties": {
        "@id": "way/704741220",
        "addr:city": "Quezon City",
        "addr:street": "Doña Filomena Street",
        "admin_level": "10",
        "amenity": "townhall",
        "building": "civic",
        "name": "Bulwagang Pambarangay ng Matandang Balara",
        "name:en": "Matandang Balara Barangay Hall",
        "name:tl": "Bulwagang Pambarangay ng Matandang Balara",
        "townhall:type": "barangay"
      },
      "geometry": {
        "type": "Polygon",
        "coordinates": [
          [
            [
              121.0746905,
              14.6718408
            ],
            [
              121.0745727,
              14.6718403
            ],
            [
              121.074573,
              14.6717682
            ],
            [
              121.0745733,
              14.6716953
            ],
            [
              121.0746911,
              14.6716958
            ],
            [
              121.0746905,
              14.6718408
            ]
          ]
        ]
      },
      "id": "way/704741220"
    },
    {
      "type": "Feature",
      "properties": {
        "@id": "way/704741228",
        "building": "school"
      },
      "geometry": {
        "type": "Polygon",
        "coordinates": [
          [
            [
              121.0781109,
              14.6723297
            ],
            [
              121.07788,
              14.6723327
            ],
            [
              121.0778769,
              14.6721093
            ],
            [
              121.0781489,
              14.6721059
            ],
            [
              121.078151,
              14.6722657
            ],
            [
              121.07811,
              14.6722663
            ],
            [
              121.0781109,
              14.6723297
            ]
          ]
        ]
      },
      "id": "way/704741228"
    },
    {
      "type": "Feature",
      "properties": {
        "@id": "way/704741230",
        "building": "school"
      },
      "geometry": {
        "type": "Polygon",
        "coordinates": [
          [
            [
              121.0765345,
              14.6720743
            ],
            [
              121.0765327,
              14.6725253
            ],
            [
              121.0764269,
              14.6725249
            ],
            [
              121.0764284,
              14.6721651
            ],
            [
              121.0763764,
              14.6721649
            ],
            [
              121.0763767,
              14.6721069
            ],
            [
              121.076429,
              14.6721071
            ],
            [
              121.0764292,
              14.6720739
            ],
            [
              121.0765345,
              14.6720743
            ]
          ]
        ]
      },
      "id": "way/704741230"
    },
    {
      "type": "Feature",
      "properties": {
        "@id": "way/708779743",
        "addr:city": "Marikina",
        "addr:postcode": "1805",
        "addr:street": "J. P. Rizal Street",
        "alt_name": "Banco de Oro",
        "amenity": "bank",
        "atm": "yes",
        "brand": "BDO",
        "brand:wikidata": "Q4854129",
        "building": "commercial",
        "name": "BDO",
        "operator": "BDO Unibank"
      },
      "geometry": {
        "type": "Polygon",
        "coordinates": [
          [
            [
              121.0982796,
              14.6494285
            ],
            [
              121.0983529,
              14.6493496
            ],
            [
              121.0985239,
              14.6493736
            ],
            [
              121.0983816,
              14.649517
            ],
            [
              121.0982796,
              14.6494285
            ]
          ]
        ]
      },
      "id": "way/708779743"
    },
    {
      "type": "Feature",
      "properties": {
        "@id": "way/725253200",
        "building": "school"
      },
      "geometry": {
        "type": "Polygon",
        "coordinates": [
          [
            [
              121.0755593,
              14.6459334
            ],
            [
              121.0756444,
              14.6459282
            ],
            [
              121.075652,
              14.6460446
            ],
            [
              121.0755669,
              14.6460497
            ],
            [
              121.0755593,
              14.6459334
            ]
          ]
        ]
      },
      "id": "way/725253200"
    },
    {
      "type": "Feature",
      "properties": {
        "@id": "way/725253261",
        "building": "school"
      },
      "geometry": {
        "type": "Polygon",
        "coordinates": [
          [
            [
              121.0757787,
              14.64478
            ],
            [
              121.0757756,
              14.6445721
            ],
            [
              121.0758455,
              14.6445711
            ],
            [
              121.0758434,
              14.6444284
            ],
            [
              121.0759515,
              14.6444269
            ],
            [
              121.0759536,
              14.6445677
            ],
            [
              121.0759742,
              14.6445674
            ],
            [
              121.0759774,
              14.6447773
            ],
            [
              121.0757787,
              14.64478
            ]
          ]
        ]
      },
      "id": "way/725253261"
    },
    {
      "type": "Feature",
      "properties": {
        "@id": "way/725253262",
        "building": "school"
      },
      "geometry": {
        "type": "Polygon",
        "coordinates": [
          [
            [
              121.0757562,
              14.6445046
            ],
            [
              121.0757801,
              14.6442261
            ],
            [
              121.0758501,
              14.6442318
            ],
            [
              121.0758262,
              14.6445102
            ],
            [
              121.0757562,
              14.6445046
            ]
          ]
        ]
      },
      "id": "way/725253262"
    },
    {
      "type": "Feature",
      "properties": {
        "@id": "way/725259238",
        "building": "school"
      },
      "geometry": {
        "type": "Polygon",
        "coordinates": [
          [
            [
              121.0767119,
              14.6451672
            ],
            [
              121.0767392,
              14.6448321
            ],
            [
              121.0770945,
              14.6448592
            ],
            [
              121.0770672,
              14.6451944
            ],
            [
              121.0767119,
              14.6451672
            ]
          ]
        ]
      },
      "id": "way/725259238"
    },
    {
      "type": "Feature",
      "properties": {
        "@id": "way/725259239",
        "building": "school"
      },
      "geometry": {
        "type": "Polygon",
        "coordinates": [
          [
            [
              121.0770857,
              14.6451741
            ],
            [
              121.077108,
              14.6448206
            ],
            [
              121.0773392,
              14.6448343
            ],
            [
              121.0773253,
              14.6450544
            ],
            [
              121.077196,
              14.6450468
            ],
            [
              121.0771875,
              14.6451802
            ],
            [
              121.0770857,
              14.6451741
            ]
          ]
        ]
      },
      "id": "way/725259239"
    },
    {
      "type": "Feature",
      "properties": {
        "@id": "way/725259910",
        "building": "school"
      },
      "geometry": {
        "type": "Polygon",
        "coordinates": [
          [
            [
              121.0789069,
              14.6426104
            ],
            [
              121.0789718,
              14.6425002
            ],
            [
              121.0788772,
              14.6424481
            ],
            [
              121.0789616,
              14.6423046
            ],
            [
              121.0790235,
              14.6423386
            ],
            [
              121.0790535,
              14.6422876
            ],
            [
              121.0792468,
              14.642394
            ],
            [
              121.0790676,
              14.6426988
            ],
            [
              121.0789069,
              14.6426104
            ]
          ]
        ]
      },
      "id": "way/725259910"
    },
    {
      "type": "Feature",
      "properties": {
        "@id": "way/734721280",
        "addr:city": "Marikina",
        "addr:housenumber": "2",
        "addr:postcode": "1809",
        "addr:street": "Lakandula",
        "amenity": "police",
        "building": "public",
        "name": "Parang Police Community Precinct",
        "operator": "Eastern Police District"
      },
      "geometry": {
        "type": "Polygon",
        "coordinates": [
          [
            [
              121.1143674,
              14.6607103
            ],
            [
              121.1143936,
              14.6606389
            ],
            [
              121.1144195,
              14.660568
            ],
            [
              121.1145295,
              14.6606057
            ],
            [
              121.1144774,
              14.660748
            ],
            [
              121.1143674,
              14.6607103
            ]
          ]
        ]
      },
      "id": "way/734721280"
    },
    {
      "type": "Feature",
      "properties": {
        "@id": "way/747261063",
        "building": "school"
      },
      "geometry": {
        "type": "Polygon",
        "coordinates": [
          [
            [
              121.0968522,
              14.6227901
            ],
            [
              121.0968925,
              14.6227014
            ],
            [
              121.0972725,
              14.6228631
            ],
            [
              121.0972322,
              14.6229518
            ],
            [
              121.0968522,
              14.6227901
            ]
          ]
        ]
      },
      "id": "way/747261063"
    },
    {
      "type": "Feature",
      "properties": {
        "@id": "way/748643309",
        "addr:city": "Quezon City",
        "addr:street": "Emilio Jacinto Street",
        "building": "college",
        "building:levels": "5",
        "name": "International Center for Urban and Regional Planning"
      },
      "geometry": {
        "type": "Polygon",
        "coordinates": [
          [
            [
              121.0624441,
              14.6565545
            ],
            [
              121.0624432,
              14.6561725
            ],
            [
              121.0627967,
              14.6561717
            ],
            [
              121.0627968,
              14.6562304
            ],
            [
              121.0628497,
              14.6562843
            ],
            [
              121.0628503,
              14.6565537
            ],
            [
              121.062804,
              14.6565537
            ],
            [
              121.0627846,
              14.6565538
            ],
            [
              121.0627785,
              14.6565538
            ],
            [
              121.0624441,
              14.6565545
            ]
          ]
        ]
      },
      "id": "way/748643309"
    },
    {
      "type": "Feature",
      "properties": {
        "@id": "way/756147583",
        "building": "school"
      },
      "geometry": {
        "type": "Polygon",
        "coordinates": [
          [
            [
              121.1420399,
              14.623351
            ],
            [
              121.1420156,
              14.6232255
            ],
            [
              121.1422911,
              14.6231755
            ],
            [
              121.1423154,
              14.6233009
            ],
            [
              121.1420399,
              14.623351
            ]
          ]
        ]
      },
      "id": "way/756147583"
    },
    {
      "type": "Feature",
      "properties": {
        "@id": "way/756147584",
        "building": "school"
      },
      "geometry": {
        "type": "Polygon",
        "coordinates": [
          [
            [
              121.1420569,
              14.6232102
            ],
            [
              121.1420389,
              14.623108
            ],
            [
              121.1422796,
              14.6230684
            ],
            [
              121.1422976,
              14.6231706
            ],
            [
              121.1420569,
              14.6232102
            ]
          ]
        ]
      },
      "id": "way/756147584"
    },
    {
      "type": "Feature",
      "properties": {
        "@id": "way/756147585",
        "building": "school"
      },
      "geometry": {
        "type": "Polygon",
        "coordinates": [
          [
            [
              121.1424815,
              14.6233964
            ],
            [
              121.1424707,
              14.6232999
            ],
            [
              121.1426871,
              14.6232774
            ],
            [
              121.1426978,
              14.6233738
            ],
            [
              121.1424815,
              14.6233964
            ]
          ]
        ]
      },
      "id": "way/756147585"
    },
    {
      "type": "Feature",
      "properties": {
        "@id": "way/756147586",
        "building": "school"
      },
      "geometry": {
        "type": "Polygon",
        "coordinates": [
          [
            [
              121.142145,
              14.6234119
            ],
            [
              121.1421333,
              14.6233472
            ],
            [
              121.1423471,
              14.623311
            ],
            [
              121.1423588,
              14.6233757
            ],
            [
              121.142145,
              14.6234119
            ]
          ]
        ]
      },
      "id": "way/756147586"
    },
    {
      "type": "Feature",
      "properties": {
        "@id": "way/756147587",
        "building": "school"
      },
      "geometry": {
        "type": "Polygon",
        "coordinates": [
          [
            [
              121.141929,
              14.6234971
            ],
            [
              121.141911,
              14.6233938
            ],
            [
              121.1421224,
              14.6233594
            ],
            [
              121.1421403,
              14.6234627
            ],
            [
              121.141929,
              14.6234971
            ]
          ]
        ]
      },
      "id": "way/756147587"
    },
    {
      "type": "Feature",
      "properties": {
        "@id": "way/756147588",
        "building": "school"
      },
      "geometry": {
        "type": "Polygon",
        "coordinates": [
          [
            [
              121.1417861,
              14.6233235
            ],
            [
              121.1417584,
              14.6231567
            ],
            [
              121.1419929,
              14.6231202
            ],
            [
              121.1420094,
              14.6232197
            ],
            [
              121.1418818,
              14.6232395
            ],
            [
              121.1419011,
              14.6233553
            ],
            [
              121.1418354,
              14.6233631
            ],
            [
              121.1418258,
              14.6233159
            ],
            [
              121.1417861,
              14.6233235
            ]
          ]
        ]
      },
      "id": "way/756147588"
    },
    {
      "type": "Feature",
      "properties": {
        "@id": "way/756147589",
        "building": "school"
      },
      "geometry": {
        "type": "Polygon",
        "coordinates": [
          [
            [
              121.1423744,
              14.6233916
            ],
            [
              121.1423657,
              14.6233159
            ],
            [
              121.1424503,
              14.6233068
            ],
            [
              121.1424608,
              14.6233848
            ],
            [
              121.1423744,
              14.6233916
            ]
          ]
        ]
      },
      "id": "way/756147589"
    },
    {
      "type": "Feature",
      "properties": {
        "@id": "way/756147590",
        "building": "school"
      },
      "geometry": {
        "type": "Polygon",
        "coordinates": [
          [
            [
              121.1419929,
              14.6233282
            ],
            [
              121.1419159,
              14.6233391
            ],
            [
              121.1419039,
              14.6232596
            ],
            [
              121.1419808,
              14.6232487
            ],
            [
              121.1419929,
              14.6233282
            ]
          ]
        ]
      },
      "id": "way/756147590"
    },
    {
      "type": "Feature",
      "properties": {
        "@id": "way/770986763",
        "building": "school"
      },
      "geometry": {
        "type": "Polygon",
        "coordinates": [
          [
            [
              121.1348952,
              14.6694378
            ],
            [
              121.1346612,
              14.6695234
            ],
            [
              121.1346397,
              14.6694685
            ],
            [
              121.1348738,
              14.6693829
            ],
            [
              121.1348952,
              14.6694378
            ]
          ]
        ]
      },
      "id": "way/770986763"
    },
    {
      "type": "Feature",
      "properties": {
        "@id": "way/770986764",
        "building": "school"
      },
      "geometry": {
        "type": "Polygon",
        "coordinates": [
          [
            [
              121.1348543,
              14.6693679
            ],
            [
              121.1346562,
              14.6694384
            ],
            [
              121.1346332,
              14.6693778
            ],
            [
              121.1348313,
              14.6693073
            ],
            [
              121.1348543,
              14.6693679
            ]
          ]
        ]
      },
      "id": "way/770986764"
    },
    {
      "type": "Feature",
      "properties": {
        "@id": "way/771519613",
        "building": "school"
      },
      "geometry": {
        "type": "Polygon",
        "coordinates": [
          [
            [
              121.1403033,
              14.6288574
            ],
            [
              121.1401961,
              14.6288513
            ],
            [
              121.1402142,
              14.6285581
            ],
            [
              121.1403213,
              14.6285643
            ],
            [
              121.1403033,
              14.6288574
            ]
          ]
        ]
      },
      "id": "way/771519613"
    },
    {
      "type": "Feature",
      "properties": {
        "@id": "way/771519614",
        "building": "school"
      },
      "geometry": {
        "type": "Polygon",
        "coordinates": [
          [
            [
              121.1404737,
              14.6288749
            ],
            [
              121.1404414,
              14.62867
            ],
            [
              121.140552,
              14.6286537
            ],
            [
              121.1405843,
              14.6288586
            ],
            [
              121.1404737,
              14.6288749
            ]
          ]
        ]
      },
      "id": "way/771519614"
    },
    {
      "type": "Feature",
      "properties": {
        "@id": "way/771519615",
        "building": "school"
      },
      "geometry": {
        "type": "Polygon",
        "coordinates": [
          [
            [
              121.1404521,
              14.6288425
            ],
            [
              121.1403322,
              14.6288619
            ],
            [
              121.1403194,
              14.6287881
            ],
            [
              121.1404394,
              14.6287687
            ],
            [
              121.1404521,
              14.6288425
            ]
          ]
        ]
      },
      "id": "way/771519615"
    },
    {
      "type": "Feature",
      "properties": {
        "@id": "way/771519616",
        "building": "school"
      },
      "geometry": {
        "type": "Polygon",
        "coordinates": [
          [
            [
              121.1404775,
              14.6286518
            ],
            [
              121.140473,
              14.6285874
            ],
            [
              121.1405314,
              14.6285836
            ],
            [
              121.1405357,
              14.6286481
            ],
            [
              121.1404775,
              14.6286518
            ]
          ]
        ]
      },
      "id": "way/771519616"
    },
    {
      "type": "Feature",
      "properties": {
        "@id": "way/771519618",
        "building": "school"
      },
      "geometry": {
        "type": "Polygon",
        "coordinates": [
          [
            [
              121.1404773,
              14.6289528
            ],
            [
              121.1402794,
              14.628998
            ],
            [
              121.1402551,
              14.6288979
            ],
            [
              121.1404529,
              14.6288527
            ],
            [
              121.1404773,
              14.6289528
            ]
          ]
        ]
      },
      "id": "way/771519618"
    },
    {
      "type": "Feature",
      "properties": {
        "@id": "way/771524348",
        "building": "school"
      },
      "geometry": {
        "type": "Polygon",
        "coordinates": [
          [
            [
              121.0613433,
              14.6224815
            ],
            [
              121.0614745,
              14.62221
            ],
            [
              121.0615682,
              14.6222524
            ],
            [
              121.0614369,
              14.6225239
            ],
            [
              121.0613433,
              14.6224815
            ]
          ]
        ]
      },
      "id": "way/771524348"
    },
    {
      "type": "Feature",
      "properties": {
        "@id": "way/771525400",
        "building": "school"
      },
      "geometry": {
        "type": "Polygon",
        "coordinates": [
          [
            [
              121.1279632,
              14.6787199
            ],
            [
              121.1279694,
              14.6786468
            ],
            [
              121.1282236,
              14.6786667
            ],
            [
              121.1282174,
              14.6787399
            ],
            [
              121.1279632,
              14.6787199
            ]
          ]
        ]
      },
      "id": "way/771525400"
    },
    {
      "type": "Feature",
      "properties": {
        "@id": "way/771525401",
        "building": "school"
      },
      "geometry": {
        "type": "Polygon",
        "coordinates": [
          [
            [
              121.1280263,
              14.6786437
            ],
            [
              121.1280335,
              14.6785578
            ],
            [
              121.1282102,
              14.6785716
            ],
            [
              121.128203,
              14.6786575
            ],
            [
              121.1280263,
              14.6786437
            ]
          ]
        ]
      },
      "id": "way/771525401"
    },
    {
      "type": "Feature",
      "properties": {
        "@id": "way/771525402",
        "building": "school"
      },
      "geometry": {
        "type": "Polygon",
        "coordinates": [
          [
            [
              121.128091,
              14.6785513
            ],
            [
              121.1281097,
              14.6783703
            ],
            [
              121.1282163,
              14.6783806
            ],
            [
              121.1281976,
              14.6785616
            ],
            [
              121.128091,
              14.6785513
            ]
          ]
        ]
      },
      "id": "way/771525402"
    },
    {
      "type": "Feature",
      "properties": {
        "@id": "way/771525403",
        "building": "school"
      },
      "geometry": {
        "type": "Polygon",
        "coordinates": [
          [
            [
              121.1282964,
              14.6786616
            ],
            [
              121.1282085,
              14.6786549
            ],
            [
              121.1282343,
              14.6783393
            ],
            [
              121.1283222,
              14.678346
            ],
            [
              121.1282964,
              14.6786616
            ]
          ]
        ]
      },
      "id": "way/771525403"
    },
    {
      "type": "Feature",
      "properties": {
        "@id": "way/771525404",
        "building": "school"
      },
      "geometry": {
        "type": "Polygon",
        "coordinates": [
          [
            [
              121.1281359,
              14.6783431
            ],
            [
              121.1281435,
              14.6782442
            ],
            [
              121.128241,
              14.6782512
            ],
            [
              121.1282335,
              14.6783501
            ],
            [
              121.1281359,
              14.6783431
            ]
          ]
        ]
      },
      "id": "way/771525404"
    },
    {
      "type": "Feature",
      "properties": {
        "@id": "way/771525416",
        "building": "school"
      },
      "geometry": {
        "type": "Polygon",
        "coordinates": [
          [
            [
              121.0720007,
              14.6782702
            ],
            [
              121.0720001,
              14.6781758
            ],
            [
              121.0724785,
              14.6781732
            ],
            [
              121.0724791,
              14.6782675
            ],
            [
              121.0720007,
              14.6782702
            ]
          ]
        ]
      },
      "id": "way/771525416"
    },
    {
      "type": "Feature",
      "properties": {
        "@id": "way/771529857",
        "building": "school"
      },
      "geometry": {
        "type": "Polygon",
        "coordinates": [
          [
            [
              121.0667589,
              14.6310975
            ],
            [
              121.0668613,
              14.6309137
            ],
            [
              121.0669798,
              14.6309755
            ],
            [
              121.0668775,
              14.6311593
            ],
            [
              121.0667589,
              14.6310975
            ]
          ]
        ]
      },
      "id": "way/771529857"
    },
    {
      "type": "Feature",
      "properties": {
        "@id": "way/780157110",
        "building": "hospital",
        "building:levels": "6",
        "building:levels:underground": "1"
      },
      "geometry": {
        "type": "Polygon",
        "coordinates": [
          [
            [
              121.11779,
              14.6246736
            ],
            [
              121.1178004,
              14.6245614
            ],
            [
              121.1178061,
              14.6244997
            ],
            [
              121.1185743,
              14.6245663
            ],
            [
              121.1185678,
              14.6246355
            ],
            [
              121.1185582,
              14.6247402
            ],
            [
              121.11779,
              14.6246736
            ]
          ]
        ]
      },
      "id": "way/780157110"
    },
    {
      "type": "Feature",
      "properties": {
        "@id": "way/784129946",
        "addr:city": "Quezon City",
        "addr:postcode": "1127",
        "addr:street": "Faustino Street",
        "addr:village": "Holy Spirit",
        "amenity": "townhall",
        "building": "civic",
        "name": "Holy Spirit Barangay Hall",
        "opening_hours": "24/7",
        "operator": "Local Government",
        "operator:type": "government",
        "townhall:type": "barangay"
      },
      "geometry": {
        "type": "Polygon",
        "coordinates": [
          [
            [
              121.0760021,
              14.6840458
            ],
            [
              121.076002,
              14.6839522
            ],
            [
              121.0762287,
              14.6839518
            ],
            [
              121.0762285,
              14.6838085
            ],
            [
              121.0763175,
              14.6838084
            ],
            [
              121.0763179,
              14.6840453
            ],
            [
              121.0760021,
              14.6840458
            ]
          ]
        ]
      },
      "id": "way/784129946"
    },
    {
      "type": "Feature",
      "properties": {
        "@id": "way/787828166",
        "building": "school"
      },
      "geometry": {
        "type": "Polygon",
        "coordinates": [
          [
            [
              121.1089201,
              14.6271449
            ],
            [
              121.108895,
              14.6269387
            ],
            [
              121.1089859,
              14.6269283
            ],
            [
              121.109011,
              14.6271346
            ],
            [
              121.1089201,
              14.6271449
            ]
          ]
        ]
      },
      "id": "way/787828166"
    },
    {
      "type": "Feature",
      "properties": {
        "@id": "way/791611829",
        "addr:street": "Bayan-Bayanan Avenue",
        "alt_name": "Marikina Covid-19 Testing Center",
        "amenity": "clinic",
        "building": "civic",
        "building:levels": "2",
        "healthcare": "laboratory",
        "name": "Marikina Molecular Diagnostic Laboratory",
        "note": "This facility is temporarily hosted in the new civic building, Marikina Public Safety Center.;Building geometry is approximated. Improve with better imagery",
        "operator": "City Government of Marikina",
        "operator:type": "government",
        "proposed:name": "Marikina Public Safety Center"
      },
      "geometry": {
        "type": "Polygon",
        "coordinates": [
          [
            [
              121.1102918,
              14.6509321
            ],
            [
              121.1102889,
              14.6507928
            ],
            [
              121.1103587,
              14.6507914
            ],
            [
              121.1105855,
              14.650787
            ],
            [
              121.1105883,
              14.6509264
            ],
            [
              121.1103624,
              14.6509308
            ],
            [
              121.1102918,
              14.6509321
            ]
          ]
        ]
      },
      "id": "way/791611829"
    },
    {
      "type": "Feature",
      "properties": {
        "@id": "way/791644281",
        "building": "school"
      },
      "geometry": {
        "type": "Polygon",
        "coordinates": [
          [
            [
              121.0629302,
              14.6172524
            ],
            [
              121.06284,
              14.6172145
            ],
            [
              121.0630127,
              14.6168294
            ],
            [
              121.0631029,
              14.6168673
            ],
            [
              121.0629302,
              14.6172524
            ]
          ]
        ]
      },
      "id": "way/791644281"
    },
    {
      "type": "Feature",
      "properties": {
        "@id": "way/791645191",
        "building": "school"
      },
      "geometry": {
        "type": "Polygon",
        "coordinates": [
          [
            [
              121.0694815,
              14.6256034
            ],
            [
              121.0694837,
              14.6253932
            ],
            [
              121.069589,
              14.6253942
            ],
            [
              121.0695868,
              14.6256044
            ],
            [
              121.0694815,
              14.6256034
            ]
          ]
        ]
      },
      "id": "way/791645191"
    },
    {
      "type": "Feature",
      "properties": {
        "@id": "way/794246673",
        "building": "school"
      },
      "geometry": {
        "type": "Polygon",
        "coordinates": [
          [
            [
              121.0763499,
              14.6721016
            ],
            [
              121.0763503,
              14.6721627
            ],
            [
              121.0762594,
              14.6721632
            ],
            [
              121.076259,
              14.6721022
            ],
            [
              121.0763499,
              14.6721016
            ]
          ]
        ]
      },
      "id": "way/794246673"
    },
    {
      "type": "Feature",
      "properties": {
        "@id": "way/794246674",
        "building": "school"
      },
      "geometry": {
        "type": "Polygon",
        "coordinates": [
          [
            [
              121.0761702,
              14.6722171
            ],
            [
              121.0761695,
              14.6721034
            ],
            [
              121.076248,
              14.6721029
            ],
            [
              121.0762487,
              14.6722166
            ],
            [
              121.0761702,
              14.6722171
            ]
          ]
        ]
      },
      "id": "way/794246674"
    },
    {
      "type": "Feature",
      "properties": {
        "@id": "way/794246675",
        "building": "school"
      },
      "geometry": {
        "type": "Polygon",
        "coordinates": [
          [
            [
              121.0761622,
              14.6722793
            ],
            [
              121.0761618,
              14.6722305
            ],
            [
              121.0762426,
              14.67223
            ],
            [
              121.0762429,
              14.6722788
            ],
            [
              121.0761622,
              14.6722793
            ]
          ]
        ]
      },
      "id": "way/794246675"
    },
    {
      "type": "Feature",
      "properties": {
        "@id": "way/794246680",
        "building": "school"
      },
      "geometry": {
        "type": "Polygon",
        "coordinates": [
          [
            [
              121.0761635,
              14.6724402
            ],
            [
              121.0761626,
              14.6722968
            ],
            [
              121.0762574,
              14.6722962
            ],
            [
              121.0762583,
              14.6724396
            ],
            [
              121.0761635,
              14.6724402
            ]
          ]
        ]
      },
      "id": "way/794246680"
    },
    {
      "type": "Feature",
      "properties": {
        "@id": "way/794286955",
        "building": "commercial"
      },
      "geometry": {
        "type": "Polygon",
        "coordinates": [
          [
            [
              121.0783172,
              14.6835806
            ],
            [
              121.0783207,
              14.6834425
            ],
            [
              121.0788592,
              14.6834553
            ],
            [
              121.0788563,
              14.6835717
            ],
            [
              121.0786064,
              14.6836639
            ],
            [
              121.0783868,
              14.683654
            ],
            [
              121.0783172,
              14.6835806
            ]
          ]
        ]
      },
      "id": "way/794286955"
    },
    {
      "type": "Feature",
      "properties": {
        "@id": "way/794286994",
        "building": "commercial",
        "name": "Purple Hub"
      },
      "geometry": {
        "type": "Polygon",
        "coordinates": [
          [
            [
              121.0772249,
              14.6839244
            ],
            [
              121.0772274,
              14.6837557
            ],
            [
              121.0772824,
              14.6837561
            ],
            [
              121.0772822,
              14.6837849
            ],
            [
              121.0774581,
              14.6837903
            ],
            [
              121.0774581,
              14.6838081
            ],
            [
              121.0774919,
              14.6838083
            ],
            [
              121.0774982,
              14.6838161
            ],
            [
              121.0775003,
              14.6838265
            ],
            [
              121.0774989,
              14.683837
            ],
            [
              121.0774918,
              14.6838455
            ],
            [
              121.0774585,
              14.6838445
            ],
            [
              121.0774582,
              14.6838766
            ],
            [
              121.0773947,
              14.6839558
            ],
            [
              121.0772249,
              14.6839244
            ]
          ]
        ]
      },
      "id": "way/794286994"
    },
    {
      "type": "Feature",
      "properties": {
        "@id": "way/794478392",
        "building": "commercial",
        "name": "Vape City"
      },
      "geometry": {
        "type": "Polygon",
        "coordinates": [
          [
            [
              121.0615901,
              14.636977
            ],
            [
              121.0617403,
              14.6369766
            ],
            [
              121.0617404,
              14.6370246
            ],
            [
              121.0615902,
              14.637025
            ],
            [
              121.0615901,
              14.636977
            ]
          ]
        ]
      },
      "id": "way/794478392"
    },
    {
      "type": "Feature",
      "properties": {
        "@id": "way/794708765",
        "admin_level": "10",
        "amenity": "townhall",
        "building": "civic",
        "name": "Bulwagang Pambarangay ng Escopa Ⅲ",
        "name:en": "Escopa Ⅲ Barangay Hall",
        "name:tl": "Bulwagang Pambarangay ng Escopa Ⅲ",
        "townhall:type": "barangay"
      },
      "geometry": {
        "type": "Polygon",
        "coordinates": [
          [
            [
              121.0722377,
              14.6277435
            ],
            [
              121.0722816,
              14.6276242
            ],
            [
              121.0723906,
              14.6276618
            ],
            [
              121.0723467,
              14.6277811
            ],
            [
              121.0722377,
              14.6277435
            ]
          ]
        ]
      },
      "id": "way/794708765"
    },
    {
      "type": "Feature",
      "properties": {
        "@id": "way/795100581",
        "building": "commercial",
        "check_date": "2024-01-14",
        "name": "Philippine Public Safety College",
        "office": "educational_institution",
        "operator": "Department of Interiors and Local Government",
        "operator:type": "government"
      },
      "geometry": {
        "type": "Polygon",
        "coordinates": [
          [
            [
              121.0764348,
              14.6596867
            ],
            [
              121.0764298,
              14.6595027
            ],
            [
              121.0767911,
              14.6594937
            ],
            [
              121.0767961,
              14.6596776
            ],
            [
              121.0764348,
              14.6596867
            ]
          ]
        ]
      },
      "id": "way/795100581"
    },
    {
      "type": "Feature",
      "properties": {
        "@id": "way/795134422",
        "addr:city": "Quezon City",
        "addr:postcode": "1119",
        "addr:street": "Talisay Street",
        "building": "school"
      },
      "geometry": {
        "type": "Polygon",
        "coordinates": [
          [
            [
              121.0795189,
              14.6709145
            ],
            [
              121.0794227,
              14.670914
            ],
            [
              121.0794237,
              14.6707419
            ],
            [
              121.07952,
              14.6707425
            ],
            [
              121.0795189,
              14.6709145
            ]
          ]
        ]
      },
      "id": "way/795134422"
    },
    {
      "type": "Feature",
      "properties": {
        "@id": "way/795502686",
        "building": "school",
        "name": "Asian Institute of Computer Studies"
      },
      "geometry": {
        "type": "Polygon",
        "coordinates": [
          [
            [
              121.0826652,
              14.6789514
            ],
            [
              121.0826091,
              14.6788184
            ],
            [
              121.0829169,
              14.678697
            ],
            [
              121.082973,
              14.67883
            ],
            [
              121.0826652,
              14.6789514
            ]
          ]
        ]
      },
      "id": "way/795502686"
    },
    {
      "type": "Feature",
      "properties": {
        "@id": "way/796737870",
        "building": "commercial"
      },
      "geometry": {
        "type": "Polygon",
        "coordinates": [
          [
            [
              121.0971221,
              14.6366331
            ],
            [
              121.09712,
              14.6365048
            ],
            [
              121.0971208,
              14.6364843
            ],
            [
              121.0971972,
              14.6364928
            ],
            [
              121.0971993,
              14.6366315
            ],
            [
              121.0971221,
              14.6366331
            ]
          ]
        ]
      },
      "id": "way/796737870"
    },
    {
      "type": "Feature",
      "properties": {
        "@id": "way/796737871",
        "addr:street": "Shoe Avenue",
        "amenity": "clinic",
        "building": "hospital",
        "healthcare": "clinic",
        "mapillary": "1767949133388750",
        "name": "St. Ignatius De Loyola Health Care Services"
      },
      "geometry": {
        "type": "Polygon",
        "coordinates": [
          [
            [
              121.0971979,
              14.6363534
            ],
            [
              121.0971972,
              14.6364928
            ],
            [
              121.0971208,
              14.6364843
            ],
            [
              121.0970345,
              14.6364747
            ],
            [
              121.0970413,
              14.6363787
            ],
            [
              121.097044,
              14.6363364
            ],
            [
              121.0971979,
              14.6363534
            ]
          ]
        ]
      },
      "id": "way/796737871"
    },
    {
      "type": "Feature",
      "properties": {
        "@id": "way/797221023",
        "addr:street": "A. De Leon",
        "building": "civic",
        "healthcare": "yes",
        "name": "? Barangay Health Center",
        "operator:type": "public"
      },
      "geometry": {
        "type": "Polygon",
        "coordinates": [
          [
            [
              121.1048725,
              14.6541783
            ],
            [
              121.1049417,
              14.6541465
            ],
            [
              121.1050061,
              14.6542775
            ],
            [
              121.1049369,
              14.6543094
            ],
            [
              121.1048725,
              14.6541783
            ]
          ]
        ]
      },
      "id": "way/797221023"
    },
    {
      "type": "Feature",
      "properties": {
        "@id": "way/797770605",
        "building": "school"
      },
      "geometry": {
        "type": "Polygon",
        "coordinates": [
          [
            [
              121.0708043,
              14.678279
            ],
            [
              121.0705891,
              14.678279
            ],
            [
              121.0705891,
              14.6781778
            ],
            [
              121.0708043,
              14.6781778
            ],
            [
              121.0708043,
              14.678279
            ]
          ]
        ]
      },
      "id": "way/797770605"
    },
    {
      "type": "Feature",
      "properties": {
        "@id": "way/798255190",
        "building": "school"
      },
      "geometry": {
        "type": "Polygon",
        "coordinates": [
          [
            [
              121.0754939,
              14.6822104
            ],
            [
              121.0755032,
              14.6820084
            ],
            [
              121.075686,
              14.6820163
            ],
            [
              121.0756832,
              14.6820768
            ],
            [
              121.0756365,
              14.6820748
            ],
            [
              121.0756299,
              14.6822163
            ],
            [
              121.0754939,
              14.6822104
            ]
          ]
        ]
      },
      "id": "way/798255190"
    },
    {
      "type": "Feature",
      "properties": {
        "@id": "way/798255192",
        "building": "school"
      },
      "geometry": {
        "type": "Polygon",
        "coordinates": [
          [
            [
              121.075486,
              14.682287
            ],
            [
              121.0754865,
              14.6822224
            ],
            [
              121.0756719,
              14.6822239
            ],
            [
              121.0756714,
              14.6822884
            ],
            [
              121.075486,
              14.682287
            ]
          ]
        ]
      },
      "id": "way/798255192"
    },
    {
      "type": "Feature",
      "properties": {
        "@id": "way/799721386",
        "addr:city": "Quezon City",
        "addr:street": "Palosapis Street",
        "admin_level": "10",
        "amenity": "townhall",
        "building": "civic",
        "name": "Bulwagang Pambarangay ng Amihan",
        "name:en": "Amihan Barangay Hall",
        "name:tl": "Bulwagang Pambarangay ng Amihan",
        "townhall:type": "barangay"
      },
      "geometry": {
        "type": "Polygon",
        "coordinates": [
          [
            [
              121.0665301,
              14.6338364
            ],
            [
              121.066571,
              14.6337352
            ],
            [
              121.0666943,
              14.633786
            ],
            [
              121.0666568,
              14.6338798
            ],
            [
              121.0665301,
              14.6338364
            ]
          ]
        ]
      },
      "id": "way/799721386"
    },
    {
      "type": "Feature",
      "properties": {
        "@id": "way/800248650",
        "building": "commercial"
      },
      "geometry": {
        "type": "Polygon",
        "coordinates": [
          [
            [
              121.0859185,
              14.6830064
            ],
            [
              121.0861926,
              14.6829043
            ],
            [
              121.0862851,
              14.6831368
            ],
            [
              121.086011,
              14.6832388
            ],
            [
              121.0859185,
              14.6830064
            ]
          ]
        ]
      },
      "id": "way/800248650"
    },
    {
      "type": "Feature",
      "properties": {
        "@id": "way/803168682",
        "building": "school",
        "building:levels": "4"
      },
      "geometry": {
        "type": "Polygon",
        "coordinates": [
          [
            [
              121.0902419,
              14.622159
            ],
            [
              121.0902436,
              14.6220447
            ],
            [
              121.0904766,
              14.6220479
            ],
            [
              121.0904748,
              14.6221623
            ],
            [
              121.0902419,
              14.622159
            ]
          ]
        ]
      },
      "id": "way/803168682"
    },
    {
      "type": "Feature",
      "properties": {
        "@id": "way/807932609",
        "building": "school"
      },
      "geometry": {
        "type": "Polygon",
        "coordinates": [
          [
            [
              121.0898876,
              14.6350995
            ],
            [
              121.0898907,
              14.6350048
            ],
            [
              121.0903098,
              14.6350175
            ],
            [
              121.0903067,
              14.6351122
            ],
            [
              121.0898876,
              14.6350995
            ]
          ]
        ]
      },
      "id": "way/807932609"
    },
    {
      "type": "Feature",
      "properties": {
        "@id": "way/807932610",
        "building": "school"
      },
      "geometry": {
        "type": "Polygon",
        "coordinates": [
          [
            [
              121.0899037,
              14.6353924
            ],
            [
              121.089756,
              14.6353792
            ],
            [
              121.0897874,
              14.6350496
            ],
            [
              121.0898824,
              14.6350581
            ],
            [
              121.0898598,
              14.6352958
            ],
            [
              121.0899124,
              14.6353005
            ],
            [
              121.0899037,
              14.6353924
            ]
          ]
        ]
      },
      "id": "way/807932610"
    },
    {
      "type": "Feature",
      "properties": {
        "@id": "way/808606998",
        "building": "school",
        "building:levels": "1",
        "name": "Annex Building"
      },
      "geometry": {
        "type": "Polygon",
        "coordinates": [
          [
            [
              121.0640131,
              14.6837009
            ],
            [
              121.063817,
              14.683701
            ],
            [
              121.0638048,
              14.6836913
            ],
            [
              121.0637943,
              14.6836829
            ],
            [
              121.0637963,
              14.683622
            ],
            [
              121.0637585,
              14.6835867
            ],
            [
              121.0637582,
              14.6835588
            ],
            [
              121.0637412,
              14.6835466
            ],
            [
              121.0637419,
              14.6834898
            ],
            [
              121.06401,
              14.6834917
            ],
            [
              121.0640106,
              14.6834487
            ],
            [
              121.0640538,
              14.6834487
            ],
            [
              121.0640545,
              14.6833733
            ],
            [
              121.0639336,
              14.6833742
            ],
            [
              121.0639077,
              14.683356
            ],
            [
              121.0639081,
              14.6832517
            ],
            [
              121.0639294,
              14.6832334
            ],
            [
              121.0639726,
              14.6832367
            ],
            [
              121.064398,
              14.683244
            ],
            [
              121.0643975,
              14.6833101
            ],
            [
              121.0644274,
              14.6833354
            ],
            [
              121.0647281,
              14.6833361
            ],
            [
              121.0647244,
              14.6835371
            ],
            [
              121.0643961,
              14.6835341
            ],
            [
              121.0643925,
              14.6836615
            ],
            [
              121.06444,
              14.6836631
            ],
            [
              121.064439,
              14.683693
            ],
            [
              121.0644277,
              14.6836925
            ],
            [
              121.0644126,
              14.6836918
            ],
            [
              121.0644094,
              14.6838018
            ],
            [
              121.0641505,
              14.6838006
            ],
            [
              121.0641293,
              14.6837837
            ],
            [
              121.0640949,
              14.6837841
            ],
            [
              121.0640794,
              14.6837955
            ],
            [
              121.0640477,
              14.6837649
            ],
            [
              121.0640604,
              14.6837517
            ],
            [
              121.0640453,
              14.6837362
            ],
            [
              121.0640285,
              14.6837177
            ],
            [
              121.0640131,
              14.6837009
            ]
          ]
        ]
      },
      "id": "way/808606998"
    },
    {
      "type": "Feature",
      "properties": {
        "@id": "way/810823113",
        "building": "school"
      },
      "geometry": {
        "type": "Polygon",
        "coordinates": [
          [
            [
              121.1178955,
              14.6657432
            ],
            [
              121.1176758,
              14.6654987
            ],
            [
              121.1177818,
              14.6654095
            ],
            [
              121.1180015,
              14.6656541
            ],
            [
              121.1178955,
              14.6657432
            ]
          ]
        ]
      },
      "id": "way/810823113"
    },
    {
      "type": "Feature",
      "properties": {
        "@id": "way/810823114",
        "building": "school"
      },
      "geometry": {
        "type": "Polygon",
        "coordinates": [
          [
            [
              121.1186372,
              14.6662833
            ],
            [
              121.1186706,
              14.6662245
            ],
            [
              121.118809,
              14.6662979
            ],
            [
              121.1187756,
              14.6663567
            ],
            [
              121.1186372,
              14.6662833
            ]
          ]
        ]
      },
      "id": "way/810823114"
    },
    {
      "type": "Feature",
      "properties": {
        "@id": "way/810823115",
        "building": "school"
      },
      "geometry": {
        "type": "Polygon",
        "coordinates": [
          [
            [
              121.1185169,
              14.6662956
            ],
            [
              121.1185752,
              14.6661867
            ],
            [
              121.1186588,
              14.6662285
            ],
            [
              121.1186004,
              14.6663375
            ],
            [
              121.1185169,
              14.6662956
            ]
          ]
        ]
      },
      "id": "way/810823115"
    },
    {
      "type": "Feature",
      "properties": {
        "@id": "way/810823116",
        "building": "school"
      },
      "geometry": {
        "type": "Polygon",
        "coordinates": [
          [
            [
              121.1184091,
              14.6667535
            ],
            [
              121.1180695,
              14.6666126
            ],
            [
              121.1181123,
              14.6665161
            ],
            [
              121.1184519,
              14.6666569
            ],
            [
              121.1184091,
              14.6667535
            ]
          ]
        ]
      },
      "id": "way/810823116"
    },
    {
      "type": "Feature",
      "properties": {
        "@id": "way/810823117",
        "building": "school"
      },
      "geometry": {
        "type": "Polygon",
        "coordinates": [
          [
            [
              121.1189725,
              14.6664674
            ],
            [
              121.1189273,
              14.6665545
            ],
            [
              121.1188689,
              14.666526
            ],
            [
              121.1189141,
              14.666439
            ],
            [
              121.1189725,
              14.6664674
            ]
          ]
        ]
      },
      "id": "way/810823117"
    },
    {
      "type": "Feature",
      "properties": {
        "@id": "way/818624754",
        "addr:city": "Quezon City",
        "addr:street": "Alimudin Street",
        "admin_level": "10",
        "amenity": "townhall",
        "building": "civic",
        "name": "Bulwagang Pambarangay ng Villa Maria Clara",
        "name:en": "Villa Maria Clara Barangay Hall",
        "name:tl": "Bulwagang Pambarangay ng Villa Maria Clara",
        "townhall:type": "barangay"
      },
      "geometry": {
        "type": "Polygon",
        "coordinates": [
          [
            [
              121.0675369,
              14.615769
            ],
            [
              121.0675346,
              14.6156616
            ],
            [
              121.0676307,
              14.6156597
            ],
            [
              121.0676329,
              14.6157671
            ],
            [
              121.0675369,
              14.615769
            ]
          ]
        ]
      },
      "id": "way/818624754"
    },
    {
      "type": "Feature",
      "properties": {
        "@id": "way/822895191",
        "building": "commercial"
      },
      "geometry": {
        "type": "Polygon",
        "coordinates": [
          [
            [
              121.0982869,
              14.6388973
            ],
            [
              121.0982574,
              14.6388078
            ],
            [
              121.0984612,
              14.6387507
            ],
            [
              121.0984894,
              14.6388376
            ],
            [
              121.0982869,
              14.6388973
            ]
          ]
        ]
      },
      "id": "way/822895191"
    },
    {
      "type": "Feature",
      "properties": {
        "@id": "way/823170750",
        "addr:city": "Marikina",
        "addr:postcode": "1801",
        "addr:street": "Aquilina Street",
        "building": "commercial"
      },
      "geometry": {
        "type": "Polygon",
        "coordinates": [
          [
            [
              121.1028405,
              14.6413282
            ],
            [
              121.1027716,
              14.6411746
            ],
            [
              121.1029164,
              14.6411091
            ],
            [
              121.10299,
              14.6412582
            ],
            [
              121.1028405,
              14.6413282
            ]
          ]
        ]
      },
      "id": "way/823170750"
    },
    {
      "type": "Feature",
      "properties": {
        "@id": "way/823170789",
        "addr:city": "Marikina",
        "addr:postcode": "1801",
        "addr:street": "Aquilina Street",
        "building": "commercial"
      },
      "geometry": {
        "type": "Polygon",
        "coordinates": [
          [
            [
              121.1020461,
              14.6415285
            ],
            [
              121.1020088,
              14.6414461
            ],
            [
              121.1021967,
              14.6413625
            ],
            [
              121.1022329,
              14.6414438
            ],
            [
              121.1020461,
              14.6415285
            ]
          ]
        ]
      },
      "id": "way/823170789"
    },
    {
      "type": "Feature",
      "properties": {
        "@id": "way/823176740",
        "addr:city": "Marikina",
        "addr:postcode": "1807",
        "addr:street": "E. Santos Street",
        "building": "commercial"
      },
      "geometry": {
        "type": "Polygon",
        "coordinates": [
          [
            [
              121.1039746,
              14.6504485
            ],
            [
              121.10395,
              14.6503933
            ],
            [
              121.1042275,
              14.6502773
            ],
            [
              121.1042519,
              14.6503323
            ],
            [
              121.1041801,
              14.650363
            ],
            [
              121.1039746,
              14.6504485
            ]
          ]
        ]
      },
      "id": "way/823176740"
    },
    {
      "type": "Feature",
      "properties": {
        "@id": "way/823176742",
        "addr:city": "Marikina",
        "addr:postcode": "1807",
        "addr:street": "J. Molina Street",
        "building": "commercial",
        "building:levels": "2"
      },
      "geometry": {
        "type": "Polygon",
        "coordinates": [
          [
            [
              121.103854,
              14.6487858
            ],
            [
              121.1038123,
              14.6487012
            ],
            [
              121.1040237,
              14.6486108
            ],
            [
              121.1040613,
              14.6486953
            ],
            [
              121.103854,
              14.6487858
            ]
          ]
        ]
      },
      "id": "way/823176742"
    },
    {
      "type": "Feature",
      "properties": {
        "@id": "way/823176743",
        "addr:city": "Marikina",
        "addr:postcode": "1807",
        "addr:street": "E. Santos Street",
        "building": "commercial",
        "building:levels": "2"
      },
      "geometry": {
        "type": "Polygon",
        "coordinates": [
          [
            [
              121.1037859,
              14.6487907
            ],
            [
              121.1036721,
              14.6488379
            ],
            [
              121.1036436,
              14.6487828
            ],
            [
              121.1036507,
              14.6487464
            ],
            [
              121.1037432,
              14.6487061
            ],
            [
              121.1037859,
              14.6487907
            ]
          ]
        ]
      },
      "id": "way/823176743"
    },
    {
      "type": "Feature",
      "properties": {
        "@id": "way/823176765",
        "addr:city": "Marikina",
        "addr:postcode": "1807",
        "addr:street": "J. Molina Street",
        "building": "commercial"
      },
      "geometry": {
        "type": "Polygon",
        "coordinates": [
          [
            [
              121.1051284,
              14.6480366
            ],
            [
              121.1050839,
              14.6479497
            ],
            [
              121.1052812,
              14.6478633
            ],
            [
              121.1053228,
              14.6479523
            ],
            [
              121.1051284,
              14.6480366
            ]
          ]
        ]
      },
      "id": "way/823176765"
    },
    {
      "type": "Feature",
      "properties": {
        "@id": "way/823176766",
        "addr:city": "Marikina",
        "addr:postcode": "1807",
        "addr:street": "J. Molina Street",
        "building": "commercial",
        "building:levels": "3"
      },
      "geometry": {
        "type": "Polygon",
        "coordinates": [
          [
            [
              121.1048103,
              14.6481267
            ],
            [
              121.1047594,
              14.6480151
            ],
            [
              121.1049377,
              14.6479321
            ],
            [
              121.1049927,
              14.6480502
            ],
            [
              121.1048103,
              14.6481267
            ]
          ]
        ]
      },
      "id": "way/823176766"
    },
    {
      "type": "Feature",
      "properties": {
        "@id": "way/823183002",
        "addr:city": "Marikina",
        "addr:postcode": "1807",
        "addr:street": "A. de Guzman Street",
        "building": "commercial",
        "building:levels": "2"
      },
      "geometry": {
        "type": "Polygon",
        "coordinates": [
          [
            [
              121.1046836,
              14.6530376
            ],
            [
              121.104645,
              14.6529551
            ],
            [
              121.1047396,
              14.6529156
            ],
            [
              121.1047711,
              14.652998
            ],
            [
              121.1046836,
              14.6530376
            ]
          ]
        ]
      },
      "id": "way/823183002"
    },
    {
      "type": "Feature",
      "properties": {
        "@id": "way/823282671",
        "addr:city": "Marikina",
        "addr:postcode": "1807",
        "addr:street": "Colonel Divino Street",
        "building": "commercial"
      },
      "geometry": {
        "type": "Polygon",
        "coordinates": [
          [
            [
              121.1017119,
              14.644523
            ],
            [
              121.1016969,
              14.6444913
            ],
            [
              121.1017446,
              14.6444717
            ],
            [
              121.1017101,
              14.6444032
            ],
            [
              121.1017721,
              14.6443741
            ],
            [
              121.1018163,
              14.6444777
            ],
            [
              121.1017119,
              14.644523
            ]
          ]
        ]
      },
      "id": "way/823282671"
    },
    {
      "type": "Feature",
      "properties": {
        "@id": "way/823282672",
        "addr:city": "Marikina",
        "addr:postcode": "1807",
        "addr:street": "Colonel Divino Street",
        "building": "commercial"
      },
      "geometry": {
        "type": "Polygon",
        "coordinates": [
          [
            [
              121.1016967,
              14.6444875
            ],
            [
              121.1016658,
              14.6444248
            ],
            [
              121.1017072,
              14.6444062
            ],
            [
              121.101737,
              14.6444695
            ],
            [
              121.1016967,
              14.6444875
            ]
          ]
        ]
      },
      "id": "way/823282672"
    },
    {
      "type": "Feature",
      "properties": {
        "@id": "way/830375455",
        "building": "commercial"
      },
      "geometry": {
        "type": "Polygon",
        "coordinates": [
          [
            [
              121.1390356,
              14.6263359
            ],
            [
              121.1389853,
              14.6263507
            ],
            [
              121.1389466,
              14.6262281
            ],
            [
              121.138997,
              14.6262133
            ],
            [
              121.1390356,
              14.6263359
            ]
          ]
        ]
      },
      "id": "way/830375455"
    },
    {
      "type": "Feature",
      "properties": {
        "@id": "way/835720535",
        "building": "school"
      },
      "geometry": {
        "type": "Polygon",
        "coordinates": [
          [
            [
              121.1403482,
              14.628409
            ],
            [
              121.1402909,
              14.6284117
            ],
            [
              121.1402886,
              14.6283667
            ],
            [
              121.1403459,
              14.628364
            ],
            [
              121.1403482,
              14.628409
            ]
          ]
        ]
      },
      "id": "way/835720535"
    },
    {
      "type": "Feature",
      "properties": {
        "@id": "way/835804570",
        "addr:city": "Marikina",
        "addr:postcode": "1809",
        "addr:street": "General B. G. Molina Street",
        "alt_name": "Banco de Oro",
        "amenity": "bank",
        "atm": "yes",
        "branch": "Parang",
        "brand": "BDO",
        "brand:website": "https://www.bdo.com.ph/personal",
        "brand:wikidata": "Q4854129",
        "brand:wikipedia": "en:Banco de Oro",
        "building": "commercial",
        "name": "BDO",
        "operator": "BDO Unibank"
      },
      "geometry": {
        "type": "Polygon",
        "coordinates": [
          [
            [
              121.1137657,
              14.6597024
            ],
            [
              121.1138079,
              14.6596026
            ],
            [
              121.1138593,
              14.6596229
            ],
            [
              121.1138924,
              14.659636
            ],
            [
              121.1138502,
              14.6597359
            ],
            [
              121.1137657,
              14.6597024
            ]
          ]
        ]
      },
      "id": "way/835804570"
    },
    {
      "type": "Feature",
      "properties": {
        "@id": "way/836281435",
        "building": "school"
      },
      "geometry": {
        "type": "Polygon",
        "coordinates": [
          [
            [
              121.1364415,
              14.6318615
            ],
            [
              121.1363512,
              14.6319348
            ],
            [
              121.1361455,
              14.6317262
            ],
            [
              121.1362285,
              14.6316441
            ],
            [
              121.1364415,
              14.6318615
            ]
          ]
        ]
      },
      "id": "way/836281435"
    },
    {
      "type": "Feature",
      "properties": {
        "@id": "way/836281436",
        "building": "school"
      },
      "geometry": {
        "type": "Polygon",
        "coordinates": [
          [
            [
              121.1362746,
              14.631892
            ],
            [
              121.1362177,
              14.6319514
            ],
            [
              121.136067,
              14.6318126
            ],
            [
              121.1361284,
              14.6317489
            ],
            [
              121.1362746,
              14.631892
            ]
          ]
        ]
      },
      "id": "way/836281436"
    },
    {
      "type": "Feature",
      "properties": {
        "@id": "way/836281437",
        "building": "school"
      },
      "geometry": {
        "type": "Polygon",
        "coordinates": [
          [
            [
              121.1360093,
              14.6318292
            ],
            [
              121.1359236,
              14.6317471
            ],
            [
              121.1361437,
              14.6315463
            ],
            [
              121.1362222,
              14.6316397
            ],
            [
              121.1360093,
              14.6318292
            ]
          ]
        ]
      },
      "id": "way/836281437"
    },
    {
      "type": "Feature",
      "properties": {
        "@id": "way/836338455",
        "building": "commercial",
        "building:levels": "4",
        "building:levels:underground": "1"
      },
      "geometry": {
        "type": "Polygon",
        "coordinates": [
          [
            [
              121.1210637,
              14.6242103
            ],
            [
              121.1210932,
              14.6239543
            ],
            [
              121.1212533,
              14.6239877
            ],
            [
              121.121643,
              14.6240693
            ],
            [
              121.1216643,
              14.6240736
            ],
            [
              121.1216953,
              14.6240801
            ],
            [
              121.1217841,
              14.6240985
            ],
            [
              121.1220085,
              14.6241481
            ],
            [
              121.1221126,
              14.6241705
            ],
            [
              121.1220203,
              14.6244432
            ],
            [
              121.1217085,
              14.6243597
            ],
            [
              121.1216332,
              14.6243398
            ],
            [
              121.1212828,
              14.6242595
            ],
            [
              121.121235,
              14.6242489
            ],
            [
              121.121193,
              14.6242389
            ],
            [
              121.1210637,
              14.6242103
            ]
          ]
        ]
      },
      "id": "way/836338455"
    },
    {
      "type": "Feature",
      "properties": {
        "@id": "way/836967107",
        "addr:neighbourhood": "Ruhat",
        "addr:quarter": "Mambugan",
        "addr:street": "Siruna Road",
        "amenity": "health_post",
        "building": "civic",
        "healthcare": "community_health_worker",
        "name": "Mambugan Barangay Health Station",
        "operator:type": "public",
        "ref": "DOH000000000031354"
      },
      "geometry": {
        "type": "Polygon",
        "coordinates": [
          [
            [
              121.1408936,
              14.6197662
            ],
            [
              121.1409093,
              14.6198238
            ],
            [
              121.1407929,
              14.6198535
            ],
            [
              121.1407772,
              14.619796
            ],
            [
              121.1408936,
              14.6197662
            ]
          ]
        ]
      },
      "id": "way/836967107"
    },
    {
      "type": "Feature",
      "properties": {
        "@id": "way/837310817",
        "addr:city": "Marikina",
        "addr:postcode": "1800",
        "building": "school",
        "building:levels": "3",
        "roof:shape": "round"
      },
      "geometry": {
        "type": "Polygon",
        "coordinates": [
          [
            [
              121.0973376,
              14.6325303
            ],
            [
              121.097496,
              14.6325476
            ],
            [
              121.0974807,
              14.6326527
            ],
            [
              121.0973244,
              14.6326372
            ],
            [
              121.0973376,
              14.6325303
            ]
          ]
        ]
      },
      "id": "way/837310817"
    },
    {
      "type": "Feature",
      "properties": {
        "@id": "way/837565661",
        "addr:city": "Marikina",
        "addr:postcode": "1809",
        "addr:street": "F. Balagtas Street",
        "addr:street:corner": "Tanguile Street",
        "amenity": "bank",
        "branch": "Parang - Marikina",
        "brand": "Metrobank",
        "brand:website": "https://metrobank.com.ph/home",
        "brand:wikidata": "Q1925799",
        "brand:wikipedia": "en:Metrobank (Philippines)",
        "building": "commercial",
        "name": "Metrobank",
        "name:en": "Metrobank",
        "name:zh": "首都銀行",
        "operator": "Metropolitan Bank and Trust Company",
        "previously": "node:2611778030"
      },
      "geometry": {
        "type": "Polygon",
        "coordinates": [
          [
            [
              121.1188232,
              14.6603127
            ],
            [
              121.1188249,
              14.6602813
            ],
            [
              121.1189385,
              14.6602872
            ],
            [
              121.11893,
              14.6604422
            ],
            [
              121.1188164,
              14.6604364
            ],
            [
              121.1188232,
              14.6603127
            ]
          ]
        ]
      },
      "id": "way/837565661"
    },
    {
      "type": "Feature",
      "properties": {
        "@id": "way/848763555",
        "building": "school"
      },
      "geometry": {
        "type": "Polygon",
        "coordinates": [
          [
            [
              121.105708,
              14.6097008
            ],
            [
              121.1060393,
              14.6096897
            ],
            [
              121.1060431,
              14.609797
            ],
            [
              121.1057118,
              14.609808
            ],
            [
              121.105708,
              14.6097008
            ]
          ]
        ]
      },
      "id": "way/848763555"
    },
    {
      "type": "Feature",
      "properties": {
        "@id": "way/870695992",
        "amenity": "health_post",
        "building": "civic",
        "healthcare": "community_health_worker",
        "name": "IVC Health Center",
        "operator:type": "public"
      },
      "geometry": {
        "type": "Polygon",
        "coordinates": [
          [
            [
              121.078101,
              14.6185913
            ],
            [
              121.0780245,
              14.6184752
            ],
            [
              121.0780893,
              14.6184352
            ],
            [
              121.0781658,
              14.6185513
            ],
            [
              121.078101,
              14.6185913
            ]
          ]
        ]
      },
      "id": "way/870695992"
    },
    {
      "type": "Feature",
      "properties": {
        "@id": "way/870747683",
        "amenity": "community_centre",
        "building": "civic",
        "building:levels": "2",
        "fixme": "name",
        "mapillary": "707532773621165"
      },
      "geometry": {
        "type": "Polygon",
        "coordinates": [
          [
            [
              121.0809372,
              14.624026
            ],
            [
              121.0809445,
              14.6239751
            ],
            [
              121.081041,
              14.6239881
            ],
            [
              121.0810337,
              14.624039
            ],
            [
              121.0809372,
              14.624026
            ]
          ]
        ]
      },
      "id": "way/870747683"
    },
    {
      "type": "Feature",
      "properties": {
        "@id": "way/871040616",
        "building": "commercial"
      },
      "geometry": {
        "type": "Polygon",
        "coordinates": [
          [
            [
              121.0972139,
              14.6333626
            ],
            [
              121.0972235,
              14.6333058
            ],
            [
              121.0972453,
              14.6333077
            ],
            [
              121.097277,
              14.6333101
            ],
            [
              121.0973169,
              14.6333127
            ],
            [
              121.0973544,
              14.6333156
            ],
            [
              121.0973946,
              14.6333212
            ],
            [
              121.0973857,
              14.6333825
            ],
            [
              121.0973253,
              14.6333755
            ],
            [
              121.0972139,
              14.6333626
            ]
          ]
        ]
      },
      "id": "way/871040616"
    },
    {
      "type": "Feature",
      "properties": {
        "@id": "way/871040617",
        "building": "commercial"
      },
      "geometry": {
        "type": "Polygon",
        "coordinates": [
          [
            [
              121.0972453,
              14.6333077
            ],
            [
              121.0972452,
              14.6332502
            ],
            [
              121.0973503,
              14.633256
            ],
            [
              121.0973583,
              14.6332564
            ],
            [
              121.0973544,
              14.6333156
            ],
            [
              121.0973169,
              14.6333127
            ],
            [
              121.0973181,
              14.6333003
            ],
            [
              121.0972772,
              14.6332973
            ],
            [
              121.097277,
              14.6333101
            ],
            [
              121.0972453,
              14.6333077
            ]
          ]
        ]
      },
      "id": "way/871040617"
    },
    {
      "type": "Feature",
      "properties": {
        "@id": "way/871040618",
        "building": "commercial"
      },
      "geometry": {
        "type": "Polygon",
        "coordinates": [
          [
            [
              121.0972401,
              14.6332499
            ],
            [
              121.0972481,
              14.6331659
            ],
            [
              121.0972721,
              14.6331686
            ],
            [
              121.0973597,
              14.6331779
            ],
            [
              121.0973503,
              14.633256
            ],
            [
              121.0972452,
              14.6332502
            ],
            [
              121.0972401,
              14.6332499
            ]
          ]
        ]
      },
      "id": "way/871040618"
    },
    {
      "type": "Feature",
      "properties": {
        "@id": "way/871040621",
        "building": "commercial"
      },
      "geometry": {
        "type": "Polygon",
        "coordinates": [
          [
            [
              121.0971259,
              14.6332974
            ],
            [
              121.0971157,
              14.6333718
            ],
            [
              121.0968904,
              14.6333429
            ],
            [
              121.0969006,
              14.6332685
            ],
            [
              121.0971259,
              14.6332974
            ]
          ]
        ]
      },
      "id": "way/871040621"
    },
    {
      "type": "Feature",
      "properties": {
        "@id": "way/871040622",
        "building": "commercial"
      },
      "geometry": {
        "type": "Polygon",
        "coordinates": [
          [
            [
              121.0968851,
              14.6333876
            ],
            [
              121.0968904,
              14.6333429
            ],
            [
              121.0971157,
              14.6333718
            ],
            [
              121.0971095,
              14.633409
            ],
            [
              121.0970616,
              14.6334044
            ],
            [
              121.0969913,
              14.6333991
            ],
            [
              121.0969085,
              14.6333898
            ],
            [
              121.0968851,
              14.6333876
            ]
          ]
        ]
      },
      "id": "way/871040622"
    },
    {
      "type": "Feature",
      "properties": {
        "@id": "way/871047357",
        "building": "commercial",
        "building:levels": "2"
      },
      "geometry": {
        "type": "Polygon",
        "coordinates": [
          [
            [
              121.0969267,
              14.6352792
            ],
            [
              121.0969383,
              14.6351754
            ],
            [
              121.0970021,
              14.6351801
            ],
            [
              121.0969982,
              14.6352311
            ],
            [
              121.0971176,
              14.6352387
            ],
            [
              121.0971144,
              14.6352983
            ],
            [
              121.0969267,
              14.6352792
            ]
          ]
        ]
      },
      "id": "way/871047357"
    },
    {
      "type": "Feature",
      "properties": {
        "@id": "way/871052700",
        "building": "commercial",
        "building:levels": "1",
        "name": "Children's Clinic"
      },
      "geometry": {
        "type": "Polygon",
        "coordinates": [
          [
            [
              121.0996449,
              14.6400113
            ],
            [
              121.0996106,
              14.6399363
            ],
            [
              121.0996683,
              14.6399116
            ],
            [
              121.0997025,
              14.6399866
            ],
            [
              121.0996449,
              14.6400113
            ]
          ]
        ]
      },
      "id": "way/871052700"
    },
    {
      "type": "Feature",
      "properties": {
        "@id": "way/871510349",
        "building": "commercial",
        "name": "Elecol Engineering"
      },
      "geometry": {
        "type": "Polygon",
        "coordinates": [
          [
            [
              121.1016826,
              14.6424873
            ],
            [
              121.101668,
              14.6424526
            ],
            [
              121.1016362,
              14.6424651
            ],
            [
              121.1016086,
              14.6423995
            ],
            [
              121.1016774,
              14.6423724
            ],
            [
              121.1017196,
              14.6424727
            ],
            [
              121.1016826,
              14.6424873
            ]
          ]
        ]
      },
      "id": "way/871510349"
    },
    {
      "type": "Feature",
      "properties": {
        "@id": "way/871528539",
        "building": "school"
      },
      "geometry": {
        "type": "Polygon",
        "coordinates": [
          [
            [
              121.0982724,
              14.6309392
            ],
            [
              121.0982848,
              14.6308286
            ],
            [
              121.0987339,
              14.6308755
            ],
            [
              121.0987215,
              14.6309862
            ],
            [
              121.0982724,
              14.6309392
            ]
          ]
        ]
      },
      "id": "way/871528539"
    },
    {
      "type": "Feature",
      "properties": {
        "@id": "way/871528585",
        "addr:city": "Marikina",
        "addr:housenumber": "210",
        "addr:postcode": "1801",
        "addr:street": "Mayor Munding Avenue",
        "admin_level": "10",
        "amenity": "townhall",
        "building": "public",
        "mobile": "+63 968 403 2222",
        "name": "San Roque Barangay Hall",
        "opening_hours": "24/7",
        "townhall:type": "quarter"
      },
      "geometry": {
        "type": "Polygon",
        "coordinates": [
          [
            [
              121.0983166,
              14.6291689
            ],
            [
              121.0983269,
              14.6290687
            ],
            [
              121.0984251,
              14.6290781
            ],
            [
              121.0984148,
              14.6291784
            ],
            [
              121.0983166,
              14.6291689
            ]
          ]
        ]
      },
      "id": "way/871528585"
    },
    {
      "type": "Feature",
      "properties": {
        "@id": "way/871532632",
        "building": "school"
      },
      "geometry": {
        "type": "Polygon",
        "coordinates": [
          [
            [
              121.1180489,
              14.6529077
            ],
            [
              121.1181372,
              14.6528456
            ],
            [
              121.1182239,
              14.6529608
            ],
            [
              121.1181356,
              14.653023
            ],
            [
              121.1180489,
              14.6529077
            ]
          ]
        ]
      },
      "id": "way/871532632"
    },
    {
      "type": "Feature",
      "properties": {
        "@id": "way/871532633",
        "building": "school"
      },
      "geometry": {
        "type": "Polygon",
        "coordinates": [
          [
            [
              121.1167509,
              14.652216
            ],
            [
              121.1167362,
              14.6518738
            ],
            [
              121.1168351,
              14.6518698
            ],
            [
              121.1168351,
              14.6518373
            ],
            [
              121.1168659,
              14.6518362
            ],
            [
              121.1168671,
              14.6518685
            ],
            [
              121.1170618,
              14.6518607
            ],
            [
              121.1170603,
              14.6518144
            ],
            [
              121.1171014,
              14.6518132
            ],
            [
              121.1171035,
              14.651859
            ],
            [
              121.1172083,
              14.6518548
            ],
            [
              121.117223,
              14.652197
            ],
            [
              121.1171154,
              14.6522013
            ],
            [
              121.1171155,
              14.6522213
            ],
            [
              121.1170765,
              14.652222
            ],
            [
              121.1170762,
              14.6522029
            ],
            [
              121.1168815,
              14.6522107
            ],
            [
              121.1168824,
              14.6522449
            ],
            [
              121.1168467,
              14.6522464
            ],
            [
              121.1168451,
              14.6522122
            ],
            [
              121.1167509,
              14.652216
            ]
          ]
        ]
      },
      "id": "way/871532633"
    },
    {
      "type": "Feature",
      "properties": {
        "@id": "way/871532634",
        "building": "school"
      },
      "geometry": {
        "type": "Polygon",
        "coordinates": [
          [
            [
              121.1169473,
              14.6523805
            ],
            [
              121.117085,
              14.6523774
            ],
            [
              121.1170914,
              14.6526428
            ],
            [
              121.1170692,
              14.6526433
            ],
            [
              121.1170702,
              14.6526894
            ],
            [
              121.1169965,
              14.652691
            ],
            [
              121.1169954,
              14.6526449
            ],
            [
              121.1169537,
              14.6526458
            ],
            [
              121.1169473,
              14.6523805
            ]
          ]
        ]
      },
      "id": "way/871532634"
    },
    {
      "type": "Feature",
      "properties": {
        "@id": "way/872186022",
        "building": "school"
      },
      "geometry": {
        "type": "Polygon",
        "coordinates": [
          [
            [
              121.0945076,
              14.65058
            ],
            [
              121.0944672,
              14.6504823
            ],
            [
              121.0949371,
              14.6503008
            ],
            [
              121.0949774,
              14.6503985
            ],
            [
              121.0945076,
              14.65058
            ]
          ]
        ]
      },
      "id": "way/872186022"
    },
    {
      "type": "Feature",
      "properties": {
        "@id": "way/872186023",
        "building": "school"
      },
      "geometry": {
        "type": "Polygon",
        "coordinates": [
          [
            [
              121.0943033,
              14.6506167
            ],
            [
              121.0942791,
              14.6505048
            ],
            [
              121.0944495,
              14.6504704
            ],
            [
              121.0944736,
              14.6505823
            ],
            [
              121.0943033,
              14.6506167
            ]
          ]
        ]
      },
      "id": "way/872186023"
    },
    {
      "type": "Feature",
      "properties": {
        "@id": "way/872191732",
        "amenity": "social_facility",
        "building": "public",
        "building:levels": "3",
        "name": "Marikina City Social Welfare Center",
        "social_facility": "outreach"
      },
      "geometry": {
        "type": "Polygon",
        "coordinates": [
          [
            [
              121.103786,
              14.6484937
            ],
            [
              121.1037293,
              14.6483646
            ],
            [
              121.1038966,
              14.6482957
            ],
            [
              121.1039534,
              14.6484248
            ],
            [
              121.103786,
              14.6484937
            ]
          ]
        ]
      },
      "id": "way/872191732"
    },
    {
      "type": "Feature",
      "properties": {
        "@id": "way/872765284",
        "building": "school"
      },
      "geometry": {
        "type": "Polygon",
        "coordinates": [
          [
            [
              121.1172446,
              14.6519617
            ],
            [
              121.1172382,
              14.6517628
            ],
            [
              121.1173841,
              14.6517584
            ],
            [
              121.1173867,
              14.6518295
            ],
            [
              121.1173871,
              14.6518503
            ],
            [
              121.1173112,
              14.6518515
            ],
            [
              121.1173116,
              14.6518751
            ],
            [
              121.117294,
              14.6518753
            ],
            [
              121.1172855,
              14.6518756
            ],
            [
              121.1172873,
              14.6519608
            ],
            [
              121.1172446,
              14.6519617
            ]
          ]
        ]
      },
      "id": "way/872765284"
    },
    {
      "type": "Feature",
      "properties": {
        "@id": "way/872765285",
        "building": "school"
      },
      "geometry": {
        "type": "Polygon",
        "coordinates": [
          [
            [
              121.1172004,
              14.6515151
            ],
            [
              121.1171347,
              14.6513244
            ],
            [
              121.1172057,
              14.6513014
            ],
            [
              121.117228,
              14.6513664
            ],
            [
              121.1172881,
              14.651347
            ],
            [
              121.1173314,
              14.6514727
            ],
            [
              121.1172004,
              14.6515151
            ]
          ]
        ]
      },
      "id": "way/872765285"
    },
    {
      "type": "Feature",
      "properties": {
        "@id": "way/872765286",
        "building": "school"
      },
      "geometry": {
        "type": "Polygon",
        "coordinates": [
          [
            [
              121.1173404,
              14.6517055
            ],
            [
              121.1173006,
              14.6516225
            ],
            [
              121.1173482,
              14.6516012
            ],
            [
              121.1173211,
              14.6515446
            ],
            [
              121.1173745,
              14.6515206
            ],
            [
              121.1174414,
              14.6516603
            ],
            [
              121.1173404,
              14.6517055
            ]
          ]
        ]
      },
      "id": "way/872765286"
    },
    {
      "type": "Feature",
      "properties": {
        "@id": "way/873328038",
        "building": "commercial"
      },
      "geometry": {
        "type": "Polygon",
        "coordinates": [
          [
            [
              121.1279187,
              14.6561077
            ],
            [
              121.1280157,
              14.6559235
            ],
            [
              121.1283605,
              14.6560935
            ],
            [
              121.1282634,
              14.6562777
            ],
            [
              121.1279187,
              14.6561077
            ]
          ]
        ]
      },
      "id": "way/873328038"
    },
    {
      "type": "Feature",
      "properties": {
        "@id": "way/873328039",
        "building": "commercial"
      },
      "geometry": {
        "type": "Polygon",
        "coordinates": [
          [
            [
              121.1284332,
              14.656871
            ],
            [
              121.1285892,
              14.6566839
            ],
            [
              121.1289152,
              14.6569384
            ],
            [
              121.1287592,
              14.6571255
            ],
            [
              121.1284332,
              14.656871
            ]
          ]
        ]
      },
      "id": "way/873328039"
    },
    {
      "type": "Feature",
      "properties": {
        "@id": "way/873336718",
        "building": "commercial"
      },
      "geometry": {
        "type": "Polygon",
        "coordinates": [
          [
            [
              121.1282101,
              14.6555666
            ],
            [
              121.1285608,
              14.6557734
            ],
            [
              121.12841,
              14.6560128
            ],
            [
              121.1283519,
              14.6559785
            ],
            [
              121.1283873,
              14.6559224
            ],
            [
              121.1280947,
              14.6557498
            ],
            [
              121.1282101,
              14.6555666
            ]
          ]
        ]
      },
      "id": "way/873336718"
    },
    {
      "type": "Feature",
      "properties": {
        "@id": "way/873339898",
        "addr:street": "Panorama Street",
        "bubbleid": "152740733",
        "building": "commercial",
        "name": "Palazzo 1"
      },
      "geometry": {
        "type": "Polygon",
        "coordinates": [
          [
            [
              121.1279829,
              14.6396258
            ],
            [
              121.1279843,
              14.6395145
            ],
            [
              121.1280922,
              14.6395157
            ],
            [
              121.1280909,
              14.639627
            ],
            [
              121.1279829,
              14.6396258
            ]
          ]
        ]
      },
      "id": "way/873339898"
    },
    {
      "type": "Feature",
      "properties": {
        "@id": "way/874470851",
        "addr:city": "Marikina",
        "addr:street": "Eustaquio Street",
        "admin_level": "10",
        "amenity": "townhall",
        "building": "civic",
        "name": "Bulwagang Pambarangay ng Santo Niño",
        "name:en": "Santo Niño Barangay Hall",
        "name:tl": "Bulwagang Pambarangay ng Santo Niño",
        "townhall:type": "barangay"
      },
      "geometry": {
        "type": "Polygon",
        "coordinates": [
          [
            [
              121.0966929,
              14.6405269
            ],
            [
              121.0966392,
              14.6403892
            ],
            [
              121.0967321,
              14.6403553
            ],
            [
              121.0967407,
              14.6403773
            ],
            [
              121.0967722,
              14.6403657
            ],
            [
              121.0968174,
              14.6404815
            ],
            [
              121.0966929,
              14.6405269
            ]
          ]
        ]
      },
      "id": "way/874470851"
    },
    {
      "type": "Feature",
      "properties": {
        "@id": "way/874524026",
        "building": "school"
      },
      "geometry": {
        "type": "Polygon",
        "coordinates": [
          [
            [
              121.1334355,
              14.6738146
            ],
            [
              121.1333414,
              14.6738607
            ],
            [
              121.1332609,
              14.6737067
            ],
            [
              121.133355,
              14.6736607
            ],
            [
              121.1334355,
              14.6738146
            ]
          ]
        ]
      },
      "id": "way/874524026"
    },
    {
      "type": "Feature",
      "properties": {
        "@id": "way/874524027",
        "building": "school"
      },
      "geometry": {
        "type": "Polygon",
        "coordinates": [
          [
            [
              121.1332973,
              14.6738736
            ],
            [
              121.1331963,
              14.6739209
            ],
            [
              121.1331084,
              14.6737453
            ],
            [
              121.1332094,
              14.673698
            ],
            [
              121.1332973,
              14.6738736
            ]
          ]
        ]
      },
      "id": "way/874524027"
    },
    {
      "type": "Feature",
      "properties": {
        "@id": "way/874921775",
        "building": "civic"
      },
      "geometry": {
        "type": "Polygon",
        "coordinates": [
          [
            [
              121.1000126,
              14.6335131
            ],
            [
              121.0999762,
              14.6334039
            ],
            [
              121.1001649,
              14.6333449
            ],
            [
              121.1001978,
              14.6334562
            ],
            [
              121.1000126,
              14.6335131
            ]
          ]
        ]
      },
      "id": "way/874921775"
    },
    {
      "type": "Feature",
      "properties": {
        "@id": "way/874969338",
        "addr:street": "Road 1 Extension",
        "admin_level": "10",
        "amenity": "townhall",
        "building": "civic",
        "name": "Bahay Pamahalaan ng Barangay Tumana",
        "name:en": "Tumana Barangay Hall",
        "name:tl": "Bahay Pamahalaan ng Barangay Tumana",
        "townhall:type": "barangay"
      },
      "geometry": {
        "type": "Polygon",
        "coordinates": [
          [
            [
              121.1003105,
              14.6606809
            ],
            [
              121.1005346,
              14.6607085
            ],
            [
              121.1005186,
              14.66083
            ],
            [
              121.1002945,
              14.6608024
            ],
            [
              121.1003105,
              14.6606809
            ]
          ]
        ]
      },
      "id": "way/874969338"
    },
    {
      "type": "Feature",
      "properties": {
        "@id": "way/875154540",
        "addr:street": "E. Santos Street",
        "amenity": "health_post",
        "building": "civic",
        "healthcare": "community_health_worker",
        "name": "Santo Niño Barangay Health Center",
        "operator:type": "public"
      },
      "geometry": {
        "type": "Polygon",
        "coordinates": [
          [
            [
              121.0964423,
              14.640651
            ],
            [
              121.0964558,
              14.6405926
            ],
            [
              121.0965298,
              14.6405797
            ],
            [
              121.0966267,
              14.6406043
            ],
            [
              121.0966079,
              14.6406849
            ],
            [
              121.0964423,
              14.640651
            ]
          ]
        ]
      },
      "id": "way/875154540"
    },
    {
      "type": "Feature",
      "properties": {
        "@id": "way/875584007",
        "amenity": "townhall",
        "building": "public",
        "name": "Cupang Barangay Hall",
        "townhall:type": "village"
      },
      "geometry": {
        "type": "Polygon",
        "coordinates": [
          [
            [
              121.1239896,
              14.6360438
            ],
            [
              121.1238754,
              14.6360161
            ],
            [
              121.1238998,
              14.6359221
            ],
            [
              121.124014,
              14.6359499
            ],
            [
              121.1239896,
              14.6360438
            ]
          ]
        ]
      },
      "id": "way/875584007"
    },
    {
      "type": "Feature",
      "properties": {
        "@id": "way/875595747",
        "building": "commercial"
      },
      "geometry": {
        "type": "Polygon",
        "coordinates": [
          [
            [
              121.1192156,
              14.6301234
            ],
            [
              121.1190544,
              14.6302229
            ],
            [
              121.1190084,
              14.6302038
            ],
            [
              121.1190162,
              14.630121
            ],
            [
              121.1190175,
              14.630112
            ],
            [
              121.1190923,
              14.6300867
            ],
            [
              121.1191177,
              14.6300685
            ],
            [
              121.1192147,
              14.6300672
            ],
            [
              121.1192156,
              14.6301234
            ]
          ]
        ]
      },
      "id": "way/875595747"
    },
    {
      "type": "Feature",
      "properties": {
        "@id": "way/875595762",
        "building": "commercial"
      },
      "geometry": {
        "type": "Polygon",
        "coordinates": [
          [
            [
              121.1192669,
              14.6300572
            ],
            [
              121.1192562,
              14.6298385
            ],
            [
              121.1193081,
              14.6298361
            ],
            [
              121.1193588,
              14.6299948
            ],
            [
              121.1192669,
              14.6300572
            ]
          ]
        ]
      },
      "id": "way/875595762"
    },
    {
      "type": "Feature",
      "properties": {
        "@id": "way/875595763",
        "building": "commercial"
      },
      "geometry": {
        "type": "Polygon",
        "coordinates": [
          [
            [
              121.1196693,
              14.6298414
            ],
            [
              121.1195806,
              14.6298879
            ],
            [
              121.1195013,
              14.6297461
            ],
            [
              121.1196328,
              14.6296996
            ],
            [
              121.1196693,
              14.6298414
            ]
          ]
        ]
      },
      "id": "way/875595763"
    },
    {
      "type": "Feature",
      "properties": {
        "@id": "way/875595764",
        "building": "commercial"
      },
      "geometry": {
        "type": "Polygon",
        "coordinates": [
          [
            [
              121.1194756,
              14.6299546
            ],
            [
              121.1194311,
              14.6298751
            ],
            [
              121.1195365,
              14.62982
            ],
            [
              121.1195809,
              14.6298994
            ],
            [
              121.1194756,
              14.6299546
            ]
          ]
        ]
      },
      "id": "way/875595764"
    },
    {
      "type": "Feature",
      "properties": {
        "@id": "way/875595768",
        "building": "commercial"
      },
      "geometry": {
        "type": "Polygon",
        "coordinates": [
          [
            [
              121.1189072,
              14.6303086
            ],
            [
              121.1187469,
              14.6304046
            ],
            [
              121.1186896,
              14.6303151
            ],
            [
              121.1188985,
              14.6302953
            ],
            [
              121.1189072,
              14.6303086
            ]
          ]
        ]
      },
      "id": "way/875595768"
    },
    {
      "type": "Feature",
      "properties": {
        "@id": "way/875595769",
        "building": "commercial"
      },
      "geometry": {
        "type": "Polygon",
        "coordinates": [
          [
            [
              121.1187436,
              14.6304092
            ],
            [
              121.118683,
              14.6304454
            ],
            [
              121.1186205,
              14.6303478
            ],
            [
              121.1186811,
              14.6303115
            ],
            [
              121.1187436,
              14.6304092
            ]
          ]
        ]
      },
      "id": "way/875595769"
    },
    {
      "type": "Feature",
      "properties": {
        "@id": "way/875595827",
        "building": "commercial"
      },
      "geometry": {
        "type": "Polygon",
        "coordinates": [
          [
            [
              121.1200974,
              14.6295923
            ],
            [
              121.1200941,
              14.6293114
            ],
            [
              121.1202215,
              14.6293099
            ],
            [
              121.1202241,
              14.6295326
            ],
            [
              121.1201309,
              14.6295844
            ],
            [
              121.1200974,
              14.6295923
            ]
          ]
        ]
      },
      "id": "way/875595827"
    },
    {
      "type": "Feature",
      "properties": {
        "@id": "way/875601661",
        "building": "school"
      },
      "geometry": {
        "type": "Polygon",
        "coordinates": [
          [
            [
              121.1187141,
              14.6355087
            ],
            [
              121.1189702,
              14.6353842
            ],
            [
              121.1190176,
              14.6354754
            ],
            [
              121.1187615,
              14.6356
            ],
            [
              121.1187141,
              14.6355087
            ]
          ]
        ]
      },
      "id": "way/875601661"
    },
    {
      "type": "Feature",
      "properties": {
        "@id": "way/875601662",
        "building": "school"
      },
      "geometry": {
        "type": "Polygon",
        "coordinates": [
          [
            [
              121.1192411,
              14.635475
            ],
            [
              121.1190197,
              14.6354735
            ],
            [
              121.1190205,
              14.6353641
            ],
            [
              121.1192419,
              14.6353655
            ],
            [
              121.1192411,
              14.635475
            ]
          ]
        ]
      },
      "id": "way/875601662"
    },
    {
      "type": "Feature",
      "properties": {
        "@id": "way/875601663",
        "building": "school"
      },
      "geometry": {
        "type": "Polygon",
        "coordinates": [
          [
            [
              121.1191941,
              14.6352855
            ],
            [
              121.1191949,
              14.635173
            ],
            [
              121.1194295,
              14.6351746
            ],
            [
              121.119428,
              14.6353831
            ],
            [
              121.1193189,
              14.6353824
            ],
            [
              121.1193195,
              14.6352864
            ],
            [
              121.1191941,
              14.6352855
            ]
          ]
        ]
      },
      "id": "way/875601663"
    },
    {
      "type": "Feature",
      "properties": {
        "@id": "way/875601665",
        "building": "school"
      },
      "geometry": {
        "type": "Polygon",
        "coordinates": [
          [
            [
              121.1189193,
              14.6350916
            ],
            [
              121.1188251,
              14.6351131
            ],
            [
              121.1187711,
              14.6348917
            ],
            [
              121.1188652,
              14.6348702
            ],
            [
              121.1189193,
              14.6350916
            ]
          ]
        ]
      },
      "id": "way/875601665"
    },
    {
      "type": "Feature",
      "properties": {
        "@id": "way/875601666",
        "building": "school"
      },
      "geometry": {
        "type": "Polygon",
        "coordinates": [
          [
            [
              121.1185488,
              14.6351991
            ],
            [
              121.1184306,
              14.6352276
            ],
            [
              121.1183686,
              14.634987
            ],
            [
              121.118705,
              14.6349058
            ],
            [
              121.1187324,
              14.6350124
            ],
            [
              121.1185142,
              14.635065
            ],
            [
              121.1185488,
              14.6351991
            ]
          ]
        ]
      },
      "id": "way/875601666"
    },
    {
      "type": "Feature",
      "properties": {
        "@id": "way/875601667",
        "building": "school"
      },
      "geometry": {
        "type": "Polygon",
        "coordinates": [
          [
            [
              121.1186389,
              14.6355671
            ],
            [
              121.1185336,
              14.6355912
            ],
            [
              121.1184464,
              14.6352344
            ],
            [
              121.1185518,
              14.6352103
            ],
            [
              121.1186389,
              14.6355671
            ]
          ]
        ]
      },
      "id": "way/875601667"
    },
    {
      "type": "Feature",
      "properties": {
        "@id": "way/875604986",
        "building": "commercial"
      },
      "geometry": {
        "type": "Polygon",
        "coordinates": [
          [
            [
              121.1147514,
              14.6322793
            ],
            [
              121.1146571,
              14.6323021
            ],
            [
              121.1146236,
              14.6320247
            ],
            [
              121.1147042,
              14.6320114
            ],
            [
              121.1147514,
              14.6322793
            ]
          ]
        ]
      },
      "id": "way/875604986"
    },
    {
      "type": "Feature",
      "properties": {
        "@id": "way/875608566",
        "building": "commercial"
      },
      "geometry": {
        "type": "Polygon",
        "coordinates": [
          [
            [
              121.1155216,
              14.6321097
            ],
            [
              121.1155894,
              14.6319312
            ],
            [
              121.1156752,
              14.6319149
            ],
            [
              121.1157026,
              14.6320753
            ],
            [
              121.1155216,
              14.6321097
            ]
          ]
        ]
      },
      "id": "way/875608566"
    },
    {
      "type": "Feature",
      "properties": {
        "@id": "way/875610150",
        "building": "commercial"
      },
      "geometry": {
        "type": "Polygon",
        "coordinates": [
          [
            [
              121.1202892,
              14.6293672
            ],
            [
              121.1205487,
              14.6293133
            ],
            [
              121.1205557,
              14.6293951
            ],
            [
              121.1202674,
              14.6294762
            ],
            [
              121.1202892,
              14.6293672
            ]
          ]
        ]
      },
      "id": "way/875610150"
    },
    {
      "type": "Feature",
      "properties": {
        "@id": "way/875612293",
        "building": "school"
      },
      "geometry": {
        "type": "Polygon",
        "coordinates": [
          [
            [
              121.1093278,
              14.6323922
            ],
            [
              121.1093006,
              14.6322167
            ],
            [
              121.1092999,
              14.6322118
            ],
            [
              121.1092988,
              14.6321954
            ],
            [
              121.1096734,
              14.6321185
            ],
            [
              121.1096908,
              14.6321888
            ],
            [
              121.1095518,
              14.6322198
            ],
            [
              121.1095756,
              14.6323365
            ],
            [
              121.1093278,
              14.6323922
            ]
          ]
        ]
      },
      "id": "way/875612293"
    },
    {
      "type": "Feature",
      "properties": {
        "@id": "way/875612294",
        "building": "school"
      },
      "geometry": {
        "type": "Polygon",
        "coordinates": [
          [
            [
              121.1099339,
              14.6322414
            ],
            [
              121.1097136,
              14.6322898
            ],
            [
              121.1096908,
              14.6321888
            ],
            [
              121.1096734,
              14.6321185
            ],
            [
              121.1098171,
              14.6320869
            ],
            [
              121.1098936,
              14.6320701
            ],
            [
              121.1099339,
              14.6322414
            ]
          ]
        ]
      },
      "id": "way/875612294"
    },
    {
      "type": "Feature",
      "properties": {
        "@id": "way/875612295",
        "building": "school"
      },
      "geometry": {
        "type": "Polygon",
        "coordinates": [
          [
            [
              121.109329,
              14.6323997
            ],
            [
              121.1083881,
              14.6325104
            ],
            [
              121.1083812,
              14.6324083
            ],
            [
              121.1084122,
              14.6324034
            ],
            [
              121.1084045,
              14.6323167
            ],
            [
              121.1085023,
              14.6323054
            ],
            [
              121.108503,
              14.6323158
            ],
            [
              121.1093006,
              14.6322167
            ],
            [
              121.1093278,
              14.6323922
            ],
            [
              121.109329,
              14.6323997
            ]
          ]
        ]
      },
      "id": "way/875612295"
    },
    {
      "type": "Feature",
      "properties": {
        "@id": "way/875612298",
        "building": "school"
      },
      "geometry": {
        "type": "Polygon",
        "coordinates": [
          [
            [
              121.1090463,
              14.6327839
            ],
            [
              121.1090056,
              14.6326005
            ],
            [
              121.1099751,
              14.6323994
            ],
            [
              121.1100157,
              14.6325828
            ],
            [
              121.1090463,
              14.6327839
            ]
          ]
        ]
      },
      "id": "way/875612298"
    },
    {
      "type": "Feature",
      "properties": {
        "@id": "way/875759619",
        "building": "school"
      },
      "geometry": {
        "type": "Polygon",
        "coordinates": [
          [
            [
              121.1194942,
              14.6351771
            ],
            [
              121.1196098,
              14.6351767
            ],
            [
              121.1196107,
              14.6353852
            ],
            [
              121.119495,
              14.6353857
            ],
            [
              121.1194942,
              14.6351771
            ]
          ]
        ]
      },
      "id": "way/875759619"
    },
    {
      "type": "Feature",
      "properties": {
        "@id": "way/881264434",
        "addr:housenumber": "20",
        "addr:street": "Katipunan Street",
        "building": "commercial",
        "mapillary": "1468844034513802",
        "name": "Mach Ⅰ Building"
      },
      "geometry": {
        "type": "Polygon",
        "coordinates": [
          [
            [
              121.1132095,
              14.6462752
            ],
            [
              121.1131462,
              14.6462066
            ],
            [
              121.1132081,
              14.6461531
            ],
            [
              121.1132715,
              14.6462217
            ],
            [
              121.1132095,
              14.6462752
            ]
          ]
        ]
      },
      "id": "way/881264434"
    },
    {
      "type": "Feature",
      "properties": {
        "@id": "way/881264460",
        "building": "commercial",
        "name": "Castillo Building"
      },
      "geometry": {
        "type": "Polygon",
        "coordinates": [
          [
            [
              121.1124237,
              14.6463213
            ],
            [
              121.1124245,
              14.6462855
            ],
            [
              121.1124795,
              14.6462866
            ],
            [
              121.1124803,
              14.6462508
            ],
            [
              121.1126021,
              14.6462532
            ],
            [
              121.1126014,
              14.6462871
            ],
            [
              121.1125552,
              14.6462862
            ],
            [
              121.1125544,
              14.646324
            ],
            [
              121.1124237,
              14.6463213
            ]
          ]
        ]
      },
      "id": "way/881264460"
    },
    {
      "type": "Feature",
      "properties": {
        "@id": "way/882654146",
        "building": "school"
      },
      "geometry": {
        "type": "Polygon",
        "coordinates": [
          [
            [
              121.121768,
              14.6404876
            ],
            [
              121.1214321,
              14.6405111
            ],
            [
              121.1214237,
              14.6403983
            ],
            [
              121.1217596,
              14.6403749
            ],
            [
              121.121768,
              14.6404876
            ]
          ]
        ]
      },
      "id": "way/882654146"
    },
    {
      "type": "Feature",
      "properties": {
        "@id": "way/892520420",
        "building": "school"
      },
      "geometry": {
        "type": "Polygon",
        "coordinates": [
          [
            [
              121.121738,
              14.654852
            ],
            [
              121.1217959,
              14.6547679
            ],
            [
              121.1223024,
              14.6550943
            ],
            [
              121.1222445,
              14.6551784
            ],
            [
              121.121738,
              14.654852
            ]
          ]
        ]
      },
      "id": "way/892520420"
    },
    {
      "type": "Feature",
      "properties": {
        "@id": "way/892900827",
        "building": "school"
      },
      "geometry": {
        "type": "Polygon",
        "coordinates": [
          [
            [
              121.1171002,
              14.6526581
            ],
            [
              121.1170966,
              14.6524946
            ],
            [
              121.1171711,
              14.652493
            ],
            [
              121.1171747,
              14.6526565
            ],
            [
              121.1171002,
              14.6526581
            ]
          ]
        ]
      },
      "id": "way/892900827"
    },
    {
      "type": "Feature",
      "properties": {
        "@id": "way/892900828",
        "building": "school"
      },
      "geometry": {
        "type": "Polygon",
        "coordinates": [
          [
            [
              121.1163363,
              14.6517436
            ],
            [
              121.1163342,
              14.6516582
            ],
            [
              121.116482,
              14.6516548
            ],
            [
              121.1164833,
              14.6517072
            ],
            [
              121.1164508,
              14.6517079
            ],
            [
              121.1164516,
              14.651741
            ],
            [
              121.1163363,
              14.6517436
            ]
          ]
        ]
      },
      "id": "way/892900828"
    },
    {
      "type": "Feature",
      "properties": {
        "@id": "way/892900829",
        "building": "school"
      },
      "geometry": {
        "type": "Polygon",
        "coordinates": [
          [
            [
              121.1161935,
              14.651415
            ],
            [
              121.1161437,
              14.6514323
            ],
            [
              121.1161239,
              14.6513791
            ],
            [
              121.1161737,
              14.6513618
            ],
            [
              121.1161935,
              14.651415
            ]
          ]
        ]
      },
      "id": "way/892900829"
    },
    {
      "type": "Feature",
      "properties": {
        "@id": "way/892900830",
        "building": "school"
      },
      "geometry": {
        "type": "Polygon",
        "coordinates": [
          [
            [
              121.1162823,
              14.6514857
            ],
            [
              121.1162291,
              14.6515023
            ],
            [
              121.1161969,
              14.651406
            ],
            [
              121.1162501,
              14.6513894
            ],
            [
              121.1162823,
              14.6514857
            ]
          ]
        ]
      },
      "id": "way/892900830"
    },
    {
      "type": "Feature",
      "properties": {
        "@id": "way/892900831",
        "building": "school"
      },
      "geometry": {
        "type": "Polygon",
        "coordinates": [
          [
            [
              121.1162699,
              14.6515678
            ],
            [
              121.1162461,
              14.6515016
            ],
            [
              121.1162777,
              14.651491
            ],
            [
              121.1163015,
              14.6515571
            ],
            [
              121.1162699,
              14.6515678
            ]
          ]
        ]
      },
      "id": "way/892900831"
    },
    {
      "type": "Feature",
      "properties": {
        "@id": "way/892900832",
        "building": "school"
      },
      "geometry": {
        "type": "Polygon",
        "coordinates": [
          [
            [
              121.1162049,
              14.6516793
            ],
            [
              121.1161666,
              14.6515768
            ],
            [
              121.1162577,
              14.6515451
            ],
            [
              121.1162959,
              14.6516476
            ],
            [
              121.1162049,
              14.6516793
            ]
          ]
        ]
      },
      "id": "way/892900832"
    },
    {
      "type": "Feature",
      "properties": {
        "@id": "way/892900963",
        "building": "school"
      },
      "geometry": {
        "type": "Polygon",
        "coordinates": [
          [
            [
              121.1167185,
              14.6520725
            ],
            [
              121.1166695,
              14.6520734
            ],
            [
              121.1166661,
              14.6519067
            ],
            [
              121.1167151,
              14.6519058
            ],
            [
              121.1167185,
              14.6520725
            ]
          ]
        ]
      },
      "id": "way/892900963"
    },
    {
      "type": "Feature",
      "properties": {
        "@id": "way/892901152",
        "building": "school"
      },
      "geometry": {
        "type": "Polygon",
        "coordinates": [
          [
            [
              121.116577,
              14.6512415
            ],
            [
              121.1165542,
              14.6511649
            ],
            [
              121.1166413,
              14.6511406
            ],
            [
              121.1166641,
              14.6512172
            ],
            [
              121.116577,
              14.6512415
            ]
          ]
        ]
      },
      "id": "way/892901152"
    },
    {
      "type": "Feature",
      "properties": {
        "@id": "way/892901154",
        "building": "school"
      },
      "geometry": {
        "type": "Polygon",
        "coordinates": [
          [
            [
              121.117149,
              14.6512823
            ],
            [
              121.1171235,
              14.651209
            ],
            [
              121.1171679,
              14.6511946
            ],
            [
              121.1171934,
              14.6512679
            ],
            [
              121.117149,
              14.6512823
            ]
          ]
        ]
      },
      "id": "way/892901154"
    },
    {
      "type": "Feature",
      "properties": {
        "@id": "way/892901155",
        "building": "school"
      },
      "geometry": {
        "type": "Polygon",
        "coordinates": [
          [
            [
              121.1171175,
              14.6516858
            ],
            [
              121.1170658,
              14.6515574
            ],
            [
              121.1171416,
              14.6515289
            ],
            [
              121.1171932,
              14.6516573
            ],
            [
              121.1171175,
              14.6516858
            ]
          ]
        ]
      },
      "id": "way/892901155"
    },
    {
      "type": "Feature",
      "properties": {
        "@id": "way/892951428",
        "building": "commercial"
      },
      "geometry": {
        "type": "Polygon",
        "coordinates": [
          [
            [
              121.095293,
              14.6321999
            ],
            [
              121.095305,
              14.632115
            ],
            [
              121.0954029,
              14.6321279
            ],
            [
              121.0953909,
              14.6322128
            ],
            [
              121.095293,
              14.6321999
            ]
          ]
        ]
      },
      "id": "way/892951428"
    },
    {
      "type": "Feature",
      "properties": {
        "@id": "way/892951541",
        "addr:city": "Marikina",
        "addr:housenumber": "14",
        "addr:street": "Kapitan Antonio P. Santos Street",
        "building": "commercial"
      },
      "geometry": {
        "type": "Polygon",
        "coordinates": [
          [
            [
              121.0961151,
              14.632262
            ],
            [
              121.0961197,
              14.6322131
            ],
            [
              121.0961894,
              14.6322164
            ],
            [
              121.0961869,
              14.6322694
            ],
            [
              121.0961151,
              14.632262
            ]
          ]
        ]
      },
      "id": "way/892951541"
    },
    {
      "type": "Feature",
      "properties": {
        "@id": "way/892951600",
        "building": "commercial"
      },
      "geometry": {
        "type": "Polygon",
        "coordinates": [
          [
            [
              121.0965376,
              14.6336184
            ],
            [
              121.0965711,
              14.6334718
            ],
            [
              121.0967296,
              14.6334927
            ],
            [
              121.0967077,
              14.6336457
            ],
            [
              121.0965376,
              14.6336184
            ]
          ]
        ]
      },
      "id": "way/892951600"
    },
    {
      "type": "Feature",
      "properties": {
        "@id": "way/892951603",
        "addr:housenumber": "254",
        "addr:street": "E. Dela Paz Street",
        "building": "commercial"
      },
      "geometry": {
        "type": "Polygon",
        "coordinates": [
          [
            [
              121.0965435,
              14.6337613
            ],
            [
              121.0965506,
              14.6336941
            ],
            [
              121.0968186,
              14.6337272
            ],
            [
              121.0968134,
              14.6337642
            ],
            [
              121.09681,
              14.6337927
            ],
            [
              121.096761,
              14.6337869
            ],
            [
              121.0965435,
              14.6337613
            ]
          ]
        ]
      },
      "id": "way/892951603"
    },
    {
      "type": "Feature",
      "properties": {
        "@id": "way/892951606",
        "building": "commercial"
      },
      "geometry": {
        "type": "Polygon",
        "coordinates": [
          [
            [
              121.096513,
              14.6338092
            ],
            [
              121.0965186,
              14.6337582
            ],
            [
              121.0965435,
              14.6337613
            ],
            [
              121.096761,
              14.6337869
            ],
            [
              121.0967537,
              14.6338413
            ],
            [
              121.096513,
              14.6338092
            ]
          ]
        ]
      },
      "id": "way/892951606"
    },
    {
      "type": "Feature",
      "properties": {
        "@id": "way/900572755",
        "building": "school"
      },
      "geometry": {
        "type": "Polygon",
        "coordinates": [
          [
            [
              121.0640211,
              14.6440101
            ],
            [
              121.0640651,
              14.644022
            ],
            [
              121.0640528,
              14.6440659
            ],
            [
              121.0640971,
              14.6440774
            ],
            [
              121.0640807,
              14.6441362
            ],
            [
              121.0639924,
              14.6441131
            ],
            [
              121.0640211,
              14.6440101
            ]
          ]
        ]
      },
      "id": "way/900572755"
    },
    {
      "type": "Feature",
      "properties": {
        "@id": "way/900572756",
        "building": "school"
      },
      "geometry": {
        "type": "Polygon",
        "coordinates": [
          [
            [
              121.0637154,
              14.6438892
            ],
            [
              121.0638367,
              14.6439203
            ],
            [
              121.0638281,
              14.6439517
            ],
            [
              121.0640163,
              14.644
            ],
            [
              121.0639864,
              14.6441093
            ],
            [
              121.0636768,
              14.6440299
            ],
            [
              121.0637154,
              14.6438892
            ]
          ]
        ]
      },
      "id": "way/900572756"
    },
    {
      "type": "Feature",
      "properties": {
        "@id": "way/900572763",
        "building": "school"
      },
      "geometry": {
        "type": "Polygon",
        "coordinates": [
          [
            [
              121.0623464,
              14.6443883
            ],
            [
              121.0621372,
              14.6448797
            ],
            [
              121.0620527,
              14.6448499
            ],
            [
              121.0622512,
              14.6443487
            ],
            [
              121.0623464,
              14.6443883
            ]
          ]
        ]
      },
      "id": "way/900572763"
    },
    {
      "type": "Feature",
      "properties": {
        "@id": "way/901710306",
        "building": "school"
      },
      "geometry": {
        "type": "Polygon",
        "coordinates": [
          [
            [
              121.0960937,
              14.6387514
            ],
            [
              121.0961052,
              14.6386349
            ],
            [
              121.096525,
              14.6386739
            ],
            [
              121.0965134,
              14.6387903
            ],
            [
              121.0960937,
              14.6387514
            ]
          ]
        ]
      },
      "id": "way/901710306"
    },
    {
      "type": "Feature",
      "properties": {
        "@id": "way/901720769",
        "building": "school"
      },
      "geometry": {
        "type": "Polygon",
        "coordinates": [
          [
            [
              121.1016646,
              14.650112
            ],
            [
              121.1017059,
              14.6500164
            ],
            [
              121.1018199,
              14.6500625
            ],
            [
              121.1017786,
              14.650158
            ],
            [
              121.1016646,
              14.650112
            ]
          ]
        ]
      },
      "id": "way/901720769"
    },
    {
      "type": "Feature",
      "properties": {
        "@id": "way/901734671",
        "addr:city": "Marikina",
        "addr:street": "F. Josef Street",
        "air_conditioning": "yes",
        "building": "school",
        "building:levels": "3"
      },
      "geometry": {
        "type": "Polygon",
        "coordinates": [
          [
            [
              121.1016197,
              14.649966
            ],
            [
              121.1016641,
              14.6498451
            ],
            [
              121.1018585,
              14.6499119
            ],
            [
              121.1018141,
              14.6500328
            ],
            [
              121.1016197,
              14.649966
            ]
          ]
        ]
      },
      "id": "way/901734671"
    },
    {
      "type": "Feature",
      "properties": {
        "@id": "way/906008511",
        "building": "hospital"
      },
      "geometry": {
        "type": "Polygon",
        "coordinates": [
          [
            [
              121.0823177,
              14.6210474
            ],
            [
              121.082749,
              14.6208624
            ],
            [
              121.0827989,
              14.6209714
            ],
            [
              121.0827597,
              14.6209882
            ],
            [
              121.0827675,
              14.6210052
            ],
            [
              121.0828024,
              14.6210813
            ],
            [
              121.0828406,
              14.6211646
            ],
            [
              121.0824485,
              14.6213329
            ],
            [
              121.0823177,
              14.6210474
            ]
          ]
        ]
      },
      "id": "way/906008511"
    },
    {
      "type": "Feature",
      "properties": {
        "@id": "way/909652433",
        "building": "school"
      },
      "geometry": {
        "type": "Polygon",
        "coordinates": [
          [
            [
              121.1126576,
              14.6724882
            ],
            [
              121.1127227,
              14.6723773
            ],
            [
              121.1128151,
              14.672428
            ],
            [
              121.1127501,
              14.6725389
            ],
            [
              121.1126576,
              14.6724882
            ]
          ]
        ]
      },
      "id": "way/909652433"
    },
    {
      "type": "Feature",
      "properties": {
        "@id": "way/909652434",
        "building": "school"
      },
      "geometry": {
        "type": "Polygon",
        "coordinates": [
          [
            [
              121.1127213,
              14.6725674
            ],
            [
              121.1128018,
              14.6725339
            ],
            [
              121.1128675,
              14.6726818
            ],
            [
              121.1127871,
              14.6727153
            ],
            [
              121.1127683,
              14.6726732
            ],
            [
              121.1127183,
              14.6726939
            ],
            [
              121.1126901,
              14.6726305
            ],
            [
              121.1127401,
              14.6726097
            ],
            [
              121.1127213,
              14.6725674
            ]
          ]
        ]
      },
      "id": "way/909652434"
    },
    {
      "type": "Feature",
      "properties": {
        "@id": "way/918485960",
        "building": "commercial"
      },
      "geometry": {
        "type": "Polygon",
        "coordinates": [
          [
            [
              121.0620577,
              14.6730531
            ],
            [
              121.0620274,
              14.6728493
            ],
            [
              121.0621644,
              14.6728302
            ],
            [
              121.0621947,
              14.673034
            ],
            [
              121.0620577,
              14.6730531
            ]
          ]
        ]
      },
      "id": "way/918485960"
    },
    {
      "type": "Feature",
      "properties": {
        "@id": "way/919790800",
        "building": "commercial",
        "building:levels": "1"
      },
      "geometry": {
        "type": "Polygon",
        "coordinates": [
          [
            [
              121.1127894,
              14.6773922
            ],
            [
              121.1127074,
              14.677361
            ],
            [
              121.1127383,
              14.6772851
            ],
            [
              121.1128203,
              14.6773163
            ],
            [
              121.1127894,
              14.6773922
            ]
          ]
        ]
      },
      "id": "way/919790800"
    },
    {
      "type": "Feature",
      "properties": {
        "@id": "way/921258098",
        "building": "school"
      },
      "geometry": {
        "type": "Polygon",
        "coordinates": [
          [
            [
              121.1169653,
              14.6776323
            ],
            [
              121.1169878,
              14.6776929
            ],
            [
              121.1169532,
              14.6777049
            ],
            [
              121.1169307,
              14.6776443
            ],
            [
              121.1169653,
              14.6776323
            ]
          ]
        ]
      },
      "id": "way/921258098"
    },
    {
      "type": "Feature",
      "properties": {
        "@id": "way/921258099",
        "building": "school"
      },
      "geometry": {
        "type": "Polygon",
        "coordinates": [
          [
            [
              121.1169968,
              14.6776871
            ],
            [
              121.1169749,
              14.6776281
            ],
            [
              121.117033,
              14.6776079
            ],
            [
              121.1170549,
              14.6776669
            ],
            [
              121.1169968,
              14.6776871
            ]
          ]
        ]
      },
      "id": "way/921258099"
    },
    {
      "type": "Feature",
      "properties": {
        "@id": "way/921258100",
        "building": "school"
      },
      "geometry": {
        "type": "Polygon",
        "coordinates": [
          [
            [
              121.1170216,
              14.6776919
            ],
            [
              121.1170377,
              14.6777354
            ],
            [
              121.116976,
              14.6777568
            ],
            [
              121.1169599,
              14.6777134
            ],
            [
              121.1170216,
              14.6776919
            ]
          ]
        ]
      },
      "id": "way/921258100"
    },
    {
      "type": "Feature",
      "properties": {
        "@id": "way/921258101",
        "building": "school"
      },
      "geometry": {
        "type": "Polygon",
        "coordinates": [
          [
            [
              121.1170422,
              14.6777414
            ],
            [
              121.1170707,
              14.6778206
            ],
            [
              121.1170063,
              14.6778423
            ],
            [
              121.1169778,
              14.6777631
            ],
            [
              121.1170422,
              14.6777414
            ]
          ]
        ]
      },
      "id": "way/921258101"
    },
    {
      "type": "Feature",
      "properties": {
        "@id": "way/933377827",
        "amenity": "restaurant",
        "building": "commercial",
        "name": "J Spot"
      },
      "geometry": {
        "type": "Polygon",
        "coordinates": [
          [
            [
              121.1161988,
              14.6241397
            ],
            [
              121.1162365,
              14.6239615
            ],
            [
              121.1163474,
              14.6239835
            ],
            [
              121.1163097,
              14.6241616
            ],
            [
              121.1161988,
              14.6241397
            ]
          ]
        ]
      },
      "id": "way/933377827"
    },
    {
      "type": "Feature",
      "properties": {
        "@id": "way/933393589",
        "building": "commercial",
        "name": "New Version",
        "shop": "car_repair"
      },
      "geometry": {
        "type": "Polygon",
        "coordinates": [
          [
            [
              121.1181203,
              14.623866
            ],
            [
              121.1181305,
              14.6238308
            ],
            [
              121.1181449,
              14.623759
            ],
            [
              121.118276,
              14.623792
            ],
            [
              121.1182567,
              14.6238752
            ],
            [
              121.1182513,
              14.6238959
            ],
            [
              121.1181203,
              14.623866
            ]
          ]
        ]
      },
      "id": "way/933393589"
    },
    {
      "type": "Feature",
      "properties": {
        "@id": "way/944321348",
        "building": "school"
      },
      "geometry": {
        "type": "Polygon",
        "coordinates": [
          [
            [
              121.1286313,
              14.6131987
            ],
            [
              121.1286302,
              14.6130876
            ],
            [
              121.1290245,
              14.6130841
            ],
            [
              121.1290255,
              14.6131951
            ],
            [
              121.1286313,
              14.6131987
            ]
          ]
        ]
      },
      "id": "way/944321348"
    },
    {
      "type": "Feature",
      "properties": {
        "@id": "way/961230361",
        "building": "school"
      },
      "geometry": {
        "type": "Polygon",
        "coordinates": [
          [
            [
              121.1332752,
              14.6392072
            ],
            [
              121.1332115,
              14.6392209
            ],
            [
              121.133197,
              14.6391577
            ],
            [
              121.1332606,
              14.639144
            ],
            [
              121.1332752,
              14.6392072
            ]
          ]
        ]
      },
      "id": "way/961230361"
    },
    {
      "type": "Feature",
      "properties": {
        "@id": "way/961230362",
        "building": "school"
      },
      "geometry": {
        "type": "Polygon",
        "coordinates": [
          [
            [
              121.1332834,
              14.6392111
            ],
            [
              121.1333086,
              14.6391516
            ],
            [
              121.133388,
              14.639183
            ],
            [
              121.1333629,
              14.6392426
            ],
            [
              121.1332834,
              14.6392111
            ]
          ]
        ]
      },
      "id": "way/961230362"
    },
    {
      "type": "Feature",
      "properties": {
        "@id": "way/961230363",
        "building": "school"
      },
      "geometry": {
        "type": "Polygon",
        "coordinates": [
          [
            [
              121.133192,
              14.6391534
            ],
            [
              121.1331596,
              14.6390582
            ],
            [
              121.1332514,
              14.639029
            ],
            [
              121.1332838,
              14.6391242
            ],
            [
              121.133192,
              14.6391534
            ]
          ]
        ]
      },
      "id": "way/961230363"
    },
    {
      "type": "Feature",
      "properties": {
        "@id": "way/961230364",
        "building": "school"
      },
      "geometry": {
        "type": "Polygon",
        "coordinates": [
          [
            [
              121.1333785,
              14.6389343
            ],
            [
              121.1334517,
              14.6387625
            ],
            [
              121.1335613,
              14.6388061
            ],
            [
              121.1334881,
              14.638978
            ],
            [
              121.1333785,
              14.6389343
            ]
          ]
        ]
      },
      "id": "way/961230364"
    },
    {
      "type": "Feature",
      "properties": {
        "@id": "way/961230365",
        "building": "school"
      },
      "geometry": {
        "type": "Polygon",
        "coordinates": [
          [
            [
              121.1332882,
              14.6391321
            ],
            [
              121.1333711,
              14.638948
            ],
            [
              121.1334745,
              14.6389916
            ],
            [
              121.1333916,
              14.6391756
            ],
            [
              121.1332882,
              14.6391321
            ]
          ]
        ]
      },
      "id": "way/961230365"
    },
    {
      "type": "Feature",
      "properties": {
        "@id": "way/961230366",
        "building": "school"
      },
      "geometry": {
        "type": "Polygon",
        "coordinates": [
          [
            [
              121.1332241,
              14.6389343
            ],
            [
              121.1331689,
              14.6387026
            ],
            [
              121.13338,
              14.6387127
            ],
            [
              121.13338,
              14.6389184
            ],
            [
              121.1332241,
              14.6389343
            ]
          ]
        ]
      },
      "id": "way/961230366"
    },
    {
      "type": "Feature",
      "properties": {
        "@id": "way/961230367",
        "building": "school"
      },
      "geometry": {
        "type": "Polygon",
        "coordinates": [
          [
            [
              121.1330467,
              14.6386984
            ],
            [
              121.1331303,
              14.6386753
            ],
            [
              121.133235,
              14.6390311
            ],
            [
              121.1331514,
              14.6390541
            ],
            [
              121.1330467,
              14.6386984
            ]
          ]
        ]
      },
      "id": "way/961230367"
    },
    {
      "type": "Feature",
      "properties": {
        "@id": "way/961230368",
        "building": "school"
      },
      "geometry": {
        "type": "Polygon",
        "coordinates": [
          [
            [
              121.1333818,
              14.6387031
            ],
            [
              121.1333908,
              14.6386061
            ],
            [
              121.1336168,
              14.6386256
            ],
            [
              121.1336079,
              14.6387226
            ],
            [
              121.1333818,
              14.6387031
            ]
          ]
        ]
      },
      "id": "way/961230368"
    },
    {
      "type": "Feature",
      "properties": {
        "@id": "way/961230369",
        "building": "school"
      },
      "geometry": {
        "type": "Polygon",
        "coordinates": [
          [
            [
              121.1330405,
              14.6386657
            ],
            [
              121.1330474,
              14.6385749
            ],
            [
              121.1333436,
              14.6385958
            ],
            [
              121.1333367,
              14.6386867
            ],
            [
              121.1330405,
              14.6386657
            ]
          ]
        ]
      },
      "id": "way/961230369"
    },
    {
      "type": "Feature",
      "properties": {
        "@id": "way/961230371",
        "building": "school"
      },
      "geometry": {
        "type": "Polygon",
        "coordinates": [
          [
            [
              121.1357603,
              14.63858
            ],
            [
              121.1357623,
              14.6384412
            ],
            [
              121.1358619,
              14.6384426
            ],
            [
              121.1358599,
              14.6385814
            ],
            [
              121.1357603,
              14.63858
            ]
          ]
        ]
      },
      "id": "way/961230371"
    },
    {
      "type": "Feature",
      "properties": {
        "@id": "way/961230372",
        "building": "school"
      },
      "geometry": {
        "type": "Polygon",
        "coordinates": [
          [
            [
              121.1355597,
              14.6382568
            ],
            [
              121.1356279,
              14.6381969
            ],
            [
              121.1357776,
              14.6383565
            ],
            [
              121.1357094,
              14.6384164
            ],
            [
              121.1355597,
              14.6382568
            ]
          ]
        ]
      },
      "id": "way/961230372"
    },
    {
      "type": "Feature",
      "properties": {
        "@id": "way/961230373",
        "building": "school"
      },
      "geometry": {
        "type": "Polygon",
        "coordinates": [
          [
            [
              121.1354514,
              14.6381394
            ],
            [
              121.1355224,
              14.6380779
            ],
            [
              121.1356212,
              14.6381848
            ],
            [
              121.1355502,
              14.6382462
            ],
            [
              121.1354514,
              14.6381394
            ]
          ]
        ]
      },
      "id": "way/961230373"
    },
    {
      "type": "Feature",
      "properties": {
        "@id": "way/961230374",
        "building": "school"
      },
      "geometry": {
        "type": "Polygon",
        "coordinates": [
          [
            [
              121.1354005,
              14.6382385
            ],
            [
              121.1353366,
              14.6381696
            ],
            [
              121.135401,
              14.6381136
            ],
            [
              121.135465,
              14.6381825
            ],
            [
              121.1354005,
              14.6382385
            ]
          ]
        ]
      },
      "id": "way/961230374"
    },
    {
      "type": "Feature",
      "properties": {
        "@id": "way/961230375",
        "building": "school"
      },
      "geometry": {
        "type": "Polygon",
        "coordinates": [
          [
            [
              121.1354056,
              14.6382469
            ],
            [
              121.1354765,
              14.6381855
            ],
            [
              121.1356698,
              14.6383943
            ],
            [
              121.1355989,
              14.6384558
            ],
            [
              121.1354056,
              14.6382469
            ]
          ]
        ]
      },
      "id": "way/961230375"
    },
    {
      "type": "Feature",
      "properties": {
        "@id": "way/1004419741",
        "building": "commercial",
        "building:levels": "2"
      },
      "geometry": {
        "type": "Polygon",
        "coordinates": [
          [
            [
              121.1196848,
              14.6248735
            ],
            [
              121.1196888,
              14.6247338
            ],
            [
              121.1198807,
              14.6247811
            ],
            [
              121.1198796,
              14.6248725
            ],
            [
              121.1196848,
              14.6248735
            ]
          ]
        ]
      },
      "id": "way/1004419741"
    },
    {
      "type": "Feature",
      "properties": {
        "@id": "way/1021436687",
        "building": "commercial"
      },
      "geometry": {
        "type": "Polygon",
        "coordinates": [
          [
            [
              121.1146378,
              14.6322959
            ],
            [
              121.1145243,
              14.6323118
            ],
            [
              121.1145159,
              14.6322558
            ],
            [
              121.1145164,
              14.6322319
            ],
            [
              121.1145067,
              14.6320771
            ],
            [
              121.1146029,
              14.6320636
            ],
            [
              121.1146378,
              14.6322959
            ]
          ]
        ]
      },
      "id": "way/1021436687"
    },
    {
      "type": "Feature",
      "properties": {
        "@id": "way/1023480833",
        "building": "school"
      },
      "geometry": {
        "type": "Polygon",
        "coordinates": [
          [
            [
              121.1309967,
              14.6559397
            ],
            [
              121.1309074,
              14.6560086
            ],
            [
              121.1309602,
              14.6560702
            ],
            [
              121.1307805,
              14.6562093
            ],
            [
              121.1306799,
              14.6560884
            ],
            [
              121.1306851,
              14.6560512
            ],
            [
              121.1309335,
              14.6558629
            ],
            [
              121.1309967,
              14.6559397
            ]
          ]
        ]
      },
      "id": "way/1023480833"
    },
    {
      "type": "Feature",
      "properties": {
        "@id": "way/1034839308",
        "addr:city": "Project 3",
        "addr:housenumber": "37",
        "addr:postcode": "1102",
        "addr:street": "Molave Street",
        "building": "commercial",
        "building:levels": "1",
        "name": "Divisoria Market",
        "smoking": "no"
      },
      "geometry": {
        "type": "Polygon",
        "coordinates": [
          [
            [
              121.0649419,
              14.6290314
            ],
            [
              121.064945,
              14.628994
            ],
            [
              121.0650598,
              14.6290078
            ],
            [
              121.0650558,
              14.62905
            ],
            [
              121.0649419,
              14.6290314
            ]
          ]
        ]
      },
      "id": "way/1034839308"
    },
    {
      "type": "Feature",
      "properties": {
        "@id": "way/1083068093",
        "addr:city": "Marikina",
        "addr:place": "Concepcion Uno",
        "addr:postcode": "1807",
        "addr:quarter": "Concepcion Uno",
        "building": "school"
      },
      "geometry": {
        "type": "Polygon",
        "coordinates": [
          [
            [
              121.1037154,
              14.6469712
            ],
            [
              121.1038174,
              14.6469251
            ],
            [
              121.1040013,
              14.6473066
            ],
            [
              121.1038993,
              14.6473527
            ],
            [
              121.1037154,
              14.6469712
            ]
          ]
        ]
      },
      "id": "way/1083068093"
    },
    {
      "type": "Feature",
      "properties": {
        "@id": "way/1083068096",
        "addr:city": "Marikina",
        "addr:postcode": "1807",
        "addr:quarter": "Concepcion Uno",
        "building": "school"
      },
      "geometry": {
        "type": "Polygon",
        "coordinates": [
          [
            [
              121.1035385,
              14.6470306
            ],
            [
              121.1036413,
              14.6469841
            ],
            [
              121.1036455,
              14.6469926
            ],
            [
              121.103784,
              14.647279
            ],
            [
              121.1036812,
              14.6473255
            ],
            [
              121.1035422,
              14.6470382
            ],
            [
              121.1035385,
              14.6470306
            ]
          ]
        ]
      },
      "id": "way/1083068096"
    },
    {
      "type": "Feature",
      "properties": {
        "@id": "way/1086252974",
        "building": "school"
      },
      "geometry": {
        "type": "Polygon",
        "coordinates": [
          [
            [
              121.1485339,
              14.6403115
            ],
            [
              121.1485338,
              14.6402745
            ],
            [
              121.1486066,
              14.6402743
            ],
            [
              121.1486067,
              14.6403113
            ],
            [
              121.1485339,
              14.6403115
            ]
          ]
        ]
      },
      "id": "way/1086252974"
    },
    {
      "type": "Feature",
      "properties": {
        "@id": "way/1086252975",
        "building": "school"
      },
      "geometry": {
        "type": "Polygon",
        "coordinates": [
          [
            [
              121.1484031,
              14.6402986
            ],
            [
              121.1484095,
              14.640085
            ],
            [
              121.1485233,
              14.6400882
            ],
            [
              121.1485169,
              14.6403018
            ],
            [
              121.1484031,
              14.6402986
            ]
          ]
        ]
      },
      "id": "way/1086252975"
    },
    {
      "type": "Feature",
      "properties": {
        "@id": "way/1086252976",
        "building": "school"
      },
      "geometry": {
        "type": "Polygon",
        "coordinates": [
          [
            [
              121.1485379,
              14.6401746
            ],
            [
              121.1485412,
              14.6401031
            ],
            [
              121.1486356,
              14.6401071
            ],
            [
              121.1486323,
              14.6401786
            ],
            [
              121.1485379,
              14.6401746
            ]
          ]
        ]
      },
      "id": "way/1086252976"
    },
    {
      "type": "Feature",
      "properties": {
        "@id": "way/1086252977",
        "building": "school"
      },
      "geometry": {
        "type": "Polygon",
        "coordinates": [
          [
            [
              121.1485378,
              14.6402585
            ],
            [
              121.1485407,
              14.6401826
            ],
            [
              121.1486155,
              14.6401853
            ],
            [
              121.1486125,
              14.6402611
            ],
            [
              121.1485378,
              14.6402585
            ]
          ]
        ]
      },
      "id": "way/1086252977"
    },
    {
      "type": "Feature",
      "properties": {
        "@id": "way/1086252978",
        "building": "school"
      },
      "geometry": {
        "type": "Polygon",
        "coordinates": [
          [
            [
              121.1484057,
              14.6400092
            ],
            [
              121.1484059,
              14.639948
            ],
            [
              121.148637,
              14.6399488
            ],
            [
              121.1486365,
              14.6400971
            ],
            [
              121.1485431,
              14.6400968
            ],
            [
              121.1485434,
              14.6400096
            ],
            [
              121.1484057,
              14.6400092
            ]
          ]
        ]
      },
      "id": "way/1086252978"
    },
    {
      "type": "Feature",
      "properties": {
        "@id": "way/1086252979",
        "building": "school"
      },
      "geometry": {
        "type": "Polygon",
        "coordinates": [
          [
            [
              121.1485434,
              14.6399197
            ],
            [
              121.1485459,
              14.6398666
            ],
            [
              121.148645,
              14.639871
            ],
            [
              121.1486425,
              14.6399241
            ],
            [
              121.1485434,
              14.6399197
            ]
          ]
        ]
      },
      "id": "way/1086252979"
    },
    {
      "type": "Feature",
      "properties": {
        "@id": "way/1086252980",
        "building": "school"
      },
      "geometry": {
        "type": "Polygon",
        "coordinates": [
          [
            [
              121.148398,
              14.6399296
            ],
            [
              121.1484007,
              14.6398342
            ],
            [
              121.1485242,
              14.6398375
            ],
            [
              121.1485215,
              14.6399328
            ],
            [
              121.148398,
              14.6399296
            ]
          ]
        ]
      },
      "id": "way/1086252980"
    },
    {
      "type": "Feature",
      "properties": {
        "@id": "way/1091692128",
        "building": "school",
        "building:levels": "4",
        "name": "New Building"
      },
      "geometry": {
        "type": "Polygon",
        "coordinates": [
          [
            [
              121.0620024,
              14.6832281
            ],
            [
              121.0620335,
              14.6831957
            ],
            [
              121.0619676,
              14.6831364
            ],
            [
              121.0620194,
              14.6830824
            ],
            [
              121.0620804,
              14.6831373
            ],
            [
              121.0621404,
              14.6830748
            ],
            [
              121.0623306,
              14.6832458
            ],
            [
              121.0623503,
              14.6832252
            ],
            [
              121.0626114,
              14.6834598
            ],
            [
              121.0625893,
              14.6834829
            ],
            [
              121.0626493,
              14.6835368
            ],
            [
              121.0626187,
              14.6835686
            ],
            [
              121.0627795,
              14.683713
            ],
            [
              121.0626627,
              14.6838347
            ],
            [
              121.0626519,
              14.6838458
            ],
            [
              121.0626455,
              14.6838525
            ],
            [
              121.0625325,
              14.683751
            ],
            [
              121.0625564,
              14.6837262
            ],
            [
              121.0620024,
              14.6832281
            ]
          ]
        ]
      },
      "id": "way/1091692128"
    },
    {
      "type": "Feature",
      "properties": {
        "@id": "way/1102732507",
        "building": "school",
        "source": "DigiGlobe"
      },
      "geometry": {
        "type": "Polygon",
        "coordinates": [
          [
            [
              121.070962,
              14.6786617
            ],
            [
              121.0709609,
              14.6785682
            ],
            [
              121.071302,
              14.6785644
            ],
            [
              121.0713031,
              14.6786579
            ],
            [
              121.070962,
              14.6786617
            ]
          ]
        ]
      },
      "id": "way/1102732507"
    },
    {
      "type": "Feature",
      "properties": {
        "@id": "way/1102732509",
        "building": "school"
      },
      "geometry": {
        "type": "Polygon",
        "coordinates": [
          [
            [
              121.0709312,
              14.6782828
            ],
            [
              121.0709291,
              14.6781762
            ],
            [
              121.0713596,
              14.6781684
            ],
            [
              121.0713617,
              14.6782751
            ],
            [
              121.0709312,
              14.6782828
            ]
          ]
        ]
      },
      "id": "way/1102732509"
    },
    {
      "type": "Feature",
      "properties": {
        "@id": "way/1103969458",
        "addr:city": "Quezon City",
        "addr:street": "Commonwealth Avenue",
        "building": "commercial",
        "building:levels": "7",
        "construction:building": "commercial",
        "name": "Govenment Procurement Policy Board-Technical Support Office (GPPB-TSO)"
      },
      "geometry": {
        "type": "Polygon",
        "coordinates": [
          [
            [
              121.0590416,
              14.6569413
            ],
            [
              121.0591514,
              14.6567957
            ],
            [
              121.0595135,
              14.6570513
            ],
            [
              121.0594037,
              14.6571969
            ],
            [
              121.0590416,
              14.6569413
            ]
          ]
        ]
      },
      "id": "way/1103969458"
    },
    {
      "type": "Feature",
      "properties": {
        "@id": "way/1109911797",
        "addr:city": "Quezon City",
        "addr:street": "Pedro C. Martinez Street",
        "admin_level": "10",
        "amenity": "townhall",
        "building": "civic",
        "name": "Bulwagang Pambarangay ng Bayanihan",
        "name:en": "Bayanihan Barangay Hall",
        "name:tl": "Bulwagang Pambarangay ng Bayanihan",
        "townhall:type": "barangay"
      },
      "geometry": {
        "type": "Polygon",
        "coordinates": [
          [
            [
              121.0690759,
              14.6147948
            ],
            [
              121.0690981,
              14.614704
            ],
            [
              121.0691429,
              14.6147142
            ],
            [
              121.0691208,
              14.6148051
            ],
            [
              121.0690759,
              14.6147948
            ]
          ]
        ]
      },
      "id": "way/1109911797"
    },
    {
      "type": "Feature",
      "properties": {
        "@id": "way/1110183709",
        "addr:city": "Quezon City",
        "addr:street": "E. Rodriguez Jr. Avenue",
        "admin_level": "10",
        "amenity": "townhall",
        "building": "civic",
        "building:levels": "2",
        "government": "legislative",
        "mapillary": "525147129220420",
        "name": "Bulwagang Pambarangay ng Libis",
        "name:en": "Libis Barangay Hall",
        "name:tl": "Bulwagang Pambarangay ng Libis",
        "office": "government",
        "official_name": "Tanggapan ng Sangguniang Pambarangay ng Libis",
        "opening_hours": "Mo-Fr 08:00-17:00",
        "source": "extrapolation",
        "townhall:type": "barangay"
      },
      "geometry": {
        "type": "Polygon",
        "coordinates": [
          [
            [
              121.0748961,
              14.6155462
            ],
            [
              121.0749045,
              14.6154205
            ],
            [
              121.0750146,
              14.6154274
            ],
            [
              121.0750062,
              14.6155532
            ],
            [
              121.0748961,
              14.6155462
            ]
          ]
        ]
      },
      "id": "way/1110183709"
    },
    {
      "type": "Feature",
      "properties": {
        "@id": "way/1110673959",
        "building": "university"
      },
      "geometry": {
        "type": "Polygon",
        "coordinates": [
          [
            [
              121.0626297,
              14.62587
            ],
            [
              121.0627027,
              14.6257308
            ],
            [
              121.0626835,
              14.6257214
            ],
            [
              121.0628016,
              14.625496
            ],
            [
              121.0630318,
              14.6256089
            ],
            [
              121.0629988,
              14.6256719
            ],
            [
              121.0630162,
              14.6256805
            ],
            [
              121.0628745,
              14.6259509
            ],
            [
              121.0628571,
              14.6259424
            ],
            [
              121.0628407,
              14.6259736
            ],
            [
              121.0626297,
              14.62587
            ]
          ]
        ]
      },
      "id": "way/1110673959"
    },
    {
      "type": "Feature",
      "properties": {
        "@id": "way/1111932957",
        "building": "commercial",
        "government": "yes",
        "level": "3",
        "mapillary": "510136370600664",
        "name": "Barangay Krus na Ligtas Multipurpose Hall",
        "office": "government",
        "operator:type": "public",
        "source": "extrapolation"
      },
      "geometry": {
        "type": "Polygon",
        "coordinates": [
          [
            [
              121.0611686,
              14.6469973
            ],
            [
              121.0611679,
              14.646924
            ],
            [
              121.0612231,
              14.6469235
            ],
            [
              121.0612696,
              14.6469231
            ],
            [
              121.0612703,
              14.6469964
            ],
            [
              121.0612224,
              14.6469968
            ],
            [
              121.0611686,
              14.6469973
            ]
          ]
        ]
      },
      "id": "way/1111932957"
    },
    {
      "type": "Feature",
      "properties": {
        "@id": "way/1119778513",
        "building": "school"
      },
      "geometry": {
        "type": "Polygon",
        "coordinates": [
          [
            [
              121.1186914,
              14.635436
            ],
            [
              121.1187692,
              14.6354109
            ],
            [
              121.1187868,
              14.6354619
            ],
            [
              121.118709,
              14.635487
            ],
            [
              121.1186914,
              14.635436
            ]
          ]
        ]
      },
      "id": "way/1119778513"
    },
    {
      "type": "Feature",
      "properties": {
        "@id": "way/1120480679",
        "building": "commercial"
      },
      "geometry": {
        "type": "Polygon",
        "coordinates": [
          [
            [
              121.1070441,
              14.666419
            ],
            [
              121.1069475,
              14.666115
            ],
            [
              121.1070444,
              14.6660861
            ],
            [
              121.1071411,
              14.6663902
            ],
            [
              121.1070441,
              14.666419
            ]
          ]
        ]
      },
      "id": "way/1120480679"
    },
    {
      "type": "Feature",
      "properties": {
        "@id": "way/1120687028",
        "addr:housenumber": "8",
        "addr:quarter": "Banaba",
        "addr:street": "Rosas Street",
        "addr:town": "San Mateo",
        "admin_level": "10",
        "amenity": "townhall",
        "building": "civic",
        "name": "Bahay Pamahalaan ng Barangay Banaba",
        "name:en": "Banaba Barangay Hall",
        "name:fil": "Bahay Pamahalaan ng Barangay Banaba",
        "townhall:type": "barangay",
        "way": "1120687028"
      },
      "geometry": {
        "type": "Polygon",
        "coordinates": [
          [
            [
              121.1097085,
              14.6762279
            ],
            [
              121.1096619,
              14.6761289
            ],
            [
              121.1097289,
              14.6760994
            ],
            [
              121.1097408,
              14.6761247
            ],
            [
              121.1097552,
              14.6761183
            ],
            [
              121.1097899,
              14.676192
            ],
            [
              121.1097085,
              14.6762279
            ]
          ]
        ]
      },
      "id": "way/1120687028"
    },
    {
      "type": "Feature",
      "properties": {
        "@id": "way/1120907824",
        "building": "school"
      },
      "geometry": {
        "type": "Polygon",
        "coordinates": [
          [
            [
              121.1167493,
              14.6777691
            ],
            [
              121.1167187,
              14.6776708
            ],
            [
              121.1169098,
              14.677615
            ],
            [
              121.1169405,
              14.6777133
            ],
            [
              121.1167493,
              14.6777691
            ]
          ]
        ]
      },
      "id": "way/1120907824"
    },
    {
      "type": "Feature",
      "properties": {
        "@id": "way/1126475135",
        "building": "commercial",
        "building:levels": "2",
        "name": "The Shire"
      },
      "geometry": {
        "type": "Polygon",
        "coordinates": [
          [
            [
              121.0831087,
              14.679901
            ],
            [
              121.0830498,
              14.6797598
            ],
            [
              121.083374,
              14.6796179
            ],
            [
              121.0834426,
              14.6797634
            ],
            [
              121.0831087,
              14.679901
            ]
          ]
        ]
      },
      "id": "way/1126475135"
    },
    {
      "type": "Feature",
      "properties": {
        "@id": "way/1126480730",
        "building": "commercial",
        "name": "Paradise Covered Courts"
      },
      "geometry": {
        "type": "Polygon",
        "coordinates": [
          [
            [
              121.0909254,
              14.6500531
            ],
            [
              121.0909673,
              14.650045
            ],
            [
              121.0909906,
              14.650158
            ],
            [
              121.0909039,
              14.6501748
            ],
            [
              121.0908805,
              14.6500618
            ],
            [
              121.0909254,
              14.6500531
            ]
          ]
        ]
      },
      "id": "way/1126480730"
    },
    {
      "type": "Feature",
      "properties": {
        "@id": "way/1134293064",
        "addr:housename": "GyudFood Market",
        "addr:street": "Emilio Jacinto Street",
        "amenity": "food_court",
        "building": "commercial",
        "building:levels": "2",
        "building:material": "concrete",
        "check_date": "2023-03-24",
        "diet:halal": "yes",
        "diet:vegetarian": "yes",
        "email": "gyudfood@gmail.com",
        "internet_access": "wlan",
        "internet_access:fee": "customers",
        "name": "Gyud Food Market at UP Food Hub",
        "opening_hours": "06:00-22:00",
        "wheelchair": "yes"
      },
      "geometry": {
        "type": "Polygon",
        "coordinates": [
          [
            [
              121.0624981,
              14.652026
            ],
            [
              121.0624988,
              14.6519841
            ],
            [
              121.0624548,
              14.6519834
            ],
            [
              121.0624586,
              14.6517615
            ],
            [
              121.0625036,
              14.6517622
            ],
            [
              121.0625045,
              14.6517097
            ],
            [
              121.0627964,
              14.6517144
            ],
            [
              121.062797,
              14.6516758
            ],
            [
              121.0628894,
              14.6516773
            ],
            [
              121.0628835,
              14.652032
            ],
            [
              121.0624981,
              14.652026
            ]
          ]
        ]
      },
      "id": "way/1134293064"
    },
    {
      "type": "Feature",
      "properties": {
        "@id": "way/1137565645",
        "building": "school",
        "building:levels": "3",
        "layer": "1",
        "name": "Formation Learning Center"
      },
      "geometry": {
        "type": "Polygon",
        "coordinates": [
          [
            [
              121.0818792,
              14.6464949
            ],
            [
              121.0810319,
              14.6465157
            ],
            [
              121.0810131,
              14.6461435
            ],
            [
              121.0815375,
              14.6461508
            ],
            [
              121.0818792,
              14.6461566
            ],
            [
              121.0818792,
              14.6462045
            ],
            [
              121.0818792,
              14.6464949
            ]
          ]
        ]
      },
      "id": "way/1137565645"
    },
    {
      "type": "Feature",
      "properties": {
        "@id": "way/1147376520",
        "building": "college",
        "name": "Asian College",
        "wikidata": "Q25054271"
      },
      "geometry": {
        "type": "Polygon",
        "coordinates": [
          [
            [
              121.0689024,
              14.629319
            ],
            [
              121.069065,
              14.6293952
            ],
            [
              121.0689738,
              14.6295776
            ],
            [
              121.0688111,
              14.6295013
            ],
            [
              121.0689024,
              14.629319
            ]
          ]
        ]
      },
      "id": "way/1147376520"
    },
    {
      "type": "Feature",
      "properties": {
        "@id": "way/1162745965",
        "building": "school"
      },
      "geometry": {
        "type": "Polygon",
        "coordinates": [
          [
            [
              121.101816,
              14.6501738
            ],
            [
              121.1019298,
              14.6498376
            ],
            [
              121.1020131,
              14.649864
            ],
            [
              121.1018993,
              14.6502002
            ],
            [
              121.101816,
              14.6501738
            ]
          ]
        ]
      },
      "id": "way/1162745965"
    },
    {
      "type": "Feature",
      "properties": {
        "@id": "way/1190528015",
        "building": "commercial",
        "mapillary": "137828182105045"
      },
      "geometry": {
        "type": "Polygon",
        "coordinates": [
          [
            [
              121.1049597,
              14.6506381
            ],
            [
              121.1048732,
              14.6504616
            ],
            [
              121.1049456,
              14.6504284
            ],
            [
              121.1050321,
              14.6506049
            ],
            [
              121.1049597,
              14.6506381
            ]
          ]
        ]
      },
      "id": "way/1190528015"
    },
    {
      "type": "Feature",
      "properties": {
        "@id": "way/1191696251",
        "addr:street": "Bagong Farmers Avenue I",
        "amenity": "clinic",
        "building": "hospital",
        "building:levels": "4",
        "contact:phone": "+63 029431286",
        "healthcare": "doctor",
        "healthcare:speciality": "general;maternity",
        "mapillary": "123430730277212",
        "name": "Tumana Health Center & Lying-in Clinic",
        "operator:type": "public",
        "ref": "DOH000000000022910"
      },
      "geometry": {
        "type": "Polygon",
        "coordinates": [
          [
            [
              121.1024651,
              14.6535137
            ],
            [
              121.1024445,
              14.6534618
            ],
            [
              121.1026614,
              14.6533495
            ],
            [
              121.10272,
              14.6534485
            ],
            [
              121.1024651,
              14.6535137
            ]
          ]
        ]
      },
      "id": "way/1191696251"
    },
    {
      "type": "Feature",
      "properties": {
        "@id": "way/1219930175",
        "building": "school"
      },
      "geometry": {
        "type": "Polygon",
        "coordinates": [
          [
            [
              121.128247,
              14.6782753
            ],
            [
              121.1282597,
              14.6781165
            ],
            [
              121.1283487,
              14.6781232
            ],
            [
              121.128336,
              14.678282
            ],
            [
              121.128247,
              14.6782753
            ]
          ]
        ]
      },
      "id": "way/1219930175"
    },
    {
      "type": "Feature",
      "properties": {
        "@id": "way/1232407376",
        "building": "commercial",
        "name": "Sta. Lucia Business Center",
        "website": "https://stalucialand.com.ph/commercial/"
      },
      "geometry": {
        "type": "Polygon",
        "coordinates": [
          [
            [
              121.100713,
              14.6202537
            ],
            [
              121.1006329,
              14.6195468
            ],
            [
              121.1009765,
              14.6195132
            ],
            [
              121.101022,
              14.6198863
            ],
            [
              121.1010276,
              14.6199373
            ],
            [
              121.1010513,
              14.6201744
            ],
            [
              121.1009104,
              14.6201837
            ],
            [
              121.1009243,
              14.6202979
            ],
            [
              121.100713,
              14.6202537
            ]
          ]
        ]
      },
      "id": "way/1232407376"
    },
    {
      "type": "Feature",
      "properties": {
        "@id": "way/1236016198",
        "addr:city": "Marikina",
        "addr:housenumber": "61",
        "addr:street": "Katipunan Street",
        "amenity": "events_venue",
        "building": "commercial",
        "building:levels": "2",
        "email": "teodoreeventsplace.inquiry@gmail.com",
        "mobile": "+63 0967 472 8416",
        "name": "Teodore Events Place",
        "roof:levels": "1"
      },
      "geometry": {
        "type": "Polygon",
        "coordinates": [
          [
            [
              121.1094542,
              14.6399564
            ],
            [
              121.1093528,
              14.6396719
            ],
            [
              121.1096154,
              14.6395843
            ],
            [
              121.1097168,
              14.6398688
            ],
            [
              121.1094542,
              14.6399564
            ]
          ]
        ]
      },
      "id": "way/1236016198"
    },
    {
      "type": "Feature",
      "properties": {
        "@id": "way/1236488874",
        "addr:city": "Marikina",
        "addr:postcode": "1800",
        "addr:street": "Mayor Gil Fernando Avenue",
        "addr:street:corner": "Aquilina",
        "addr:village": "Santo Niño",
        "building": "public",
        "building:levels": "1",
        "mapillary": "https://www.mapillary.com/app/?lat=14.640305479971&lng=121.10335974428&z=17&focus=photo&pKey=4789204691201758&x=0.392979262578781&y=0.4133724524947437&zoom=2.1454112038140645",
        "name": "Steel Fabrication Section"
      },
      "geometry": {
        "type": "Polygon",
        "coordinates": [
          [
            [
              121.1026822,
              14.6405759
            ],
            [
              121.1026103,
              14.6404231
            ],
            [
              121.1030413,
              14.640233
            ],
            [
              121.1031133,
              14.6403858
            ],
            [
              121.1026822,
              14.6405759
            ]
          ]
        ]
      },
      "id": "way/1236488874"
    },
    {
      "type": "Feature",
      "properties": {
        "@id": "way/1236488875",
        "addr:city": "Marikina",
        "addr:postcode": "1800",
        "addr:street": "Mayor Gil Fernando Avenue",
        "addr:street:corner": "Aquilina Street",
        "addr:village": "Santo Niño",
        "building": "public",
        "building:levels": "1",
        "mapillary": "https://www.mapillary.com/app/?lat=14.640490421093&lng=121.10344074942&z=17&focus=photo&pKey=350856897055098&x=0.5294569884287577&y=0.3966119991829764&zoom=2.5029797377830754",
        "name": "General Services Office Central Warehouse"
      },
      "geometry": {
        "type": "Polygon",
        "coordinates": [
          [
            [
              121.1031853,
              14.6405386
            ],
            [
              121.1032573,
              14.6406913
            ],
            [
              121.1028262,
              14.6408814
            ],
            [
              121.1027542,
              14.6407286
            ],
            [
              121.1031853,
              14.6405386
            ]
          ]
        ]
      },
      "id": "way/1236488875"
    },
    {
      "type": "Feature",
      "properties": {
        "@id": "way/1237952149",
        "building": "hospital"
      },
      "geometry": {
        "type": "Polygon",
        "coordinates": [
          [
            [
              121.0732613,
              14.6224481
            ],
            [
              121.0732091,
              14.6224723
            ],
            [
              121.0728711,
              14.6226291
            ],
            [
              121.0728409,
              14.6225584
            ],
            [
              121.0728657,
              14.6225467
            ],
            [
              121.0726927,
              14.6221782
            ],
            [
              121.0731031,
              14.6220017
            ],
            [
              121.0732097,
              14.6222405
            ],
            [
              121.0732238,
              14.6222353
            ],
            [
              121.0732522,
              14.6222451
            ],
            [
              121.0732772,
              14.6222615
            ],
            [
              121.0732972,
              14.6222833
            ],
            [
              121.073311,
              14.6223093
            ],
            [
              121.0733177,
              14.6223378
            ],
            [
              121.0733163,
              14.6223701
            ],
            [
              121.0733058,
              14.6224007
            ],
            [
              121.073287,
              14.6224274
            ],
            [
              121.0732613,
              14.6224481
            ]
          ]
        ]
      },
      "id": "way/1237952149"
    },
    {
      "type": "Feature",
      "properties": {
        "@id": "way/1237952150",
        "building": "hospital",
        "source": "Bing"
      },
      "geometry": {
        "type": "Polygon",
        "coordinates": [
          [
            [
              121.0725163,
              14.6219855
            ],
            [
              121.0724455,
              14.6218366
            ],
            [
              121.0728163,
              14.6216772
            ],
            [
              121.0727057,
              14.6214539
            ],
            [
              121.0728427,
              14.6213949
            ],
            [
              121.0730639,
              14.6218725
            ],
            [
              121.0729502,
              14.6219219
            ],
            [
              121.0729038,
              14.6218148
            ],
            [
              121.0725163,
              14.6219855
            ]
          ]
        ]
      },
      "id": "way/1237952150"
    },
    {
      "type": "Feature",
      "properties": {
        "@id": "way/1239355724",
        "amenity": "restaurant",
        "building": "commercial"
      },
      "geometry": {
        "type": "Polygon",
        "coordinates": [
          [
            [
              121.1216705,
              14.6107667
            ],
            [
              121.1219002,
              14.6107608
            ],
            [
              121.1218982,
              14.6109073
            ],
            [
              121.1218138,
              14.6109073
            ],
            [
              121.1218067,
              14.6108316
            ],
            [
              121.1216685,
              14.6108336
            ],
            [
              121.1216705,
              14.6107667
            ]
          ]
        ]
      },
      "id": "way/1239355724"
    },
    {
      "type": "Feature",
      "properties": {
        "@id": "way/1239355725",
        "amenity": "restaurant",
        "building": "commercial"
      },
      "geometry": {
        "type": "Polygon",
        "coordinates": [
          [
            [
              121.1218403,
              14.6109191
            ],
            [
              121.1219612,
              14.6109172
            ],
            [
              121.1219653,
              14.610984
            ],
            [
              121.1218403,
              14.6109821
            ],
            [
              121.1218403,
              14.6109191
            ]
          ]
        ]
      },
      "id": "way/1239355725"
    },
    {
      "type": "Feature",
      "properties": {
        "@id": "way/1241359167",
        "building": "commercial",
        "name": "Laundry Cleanic"
      },
      "geometry": {
        "type": "Polygon",
        "coordinates": [
          [
            [
              121.063888,
              14.6458974
            ],
            [
              121.0638936,
              14.6458219
            ],
            [
              121.0639402,
              14.6458257
            ],
            [
              121.0639346,
              14.6459012
            ],
            [
              121.063888,
              14.6458974
            ]
          ]
        ]
      },
      "id": "way/1241359167"
    },
    {
      "type": "Feature",
      "properties": {
        "@id": "way/1241360569",
        "building": "commercial",
        "name": "JC Alberto Enterprises"
      },
      "geometry": {
        "type": "Polygon",
        "coordinates": [
          [
            [
              121.0638034,
              14.6460139
            ],
            [
              121.0638107,
              14.6459163
            ],
            [
              121.0639276,
              14.6459245
            ],
            [
              121.0639204,
              14.646022
            ],
            [
              121.0638545,
              14.6460174
            ],
            [
              121.0638034,
              14.6460139
            ]
          ]
        ]
      },
      "id": "way/1241360569"
    },
    {
      "type": "Feature",
      "properties": {
        "@id": "way/1241360646",
        "building": "commercial",
        "name": "Fatima Dental Clinic"
      },
      "geometry": {
        "type": "Polygon",
        "coordinates": [
          [
            [
              121.0639703,
              14.6459526
            ],
            [
              121.0639792,
              14.6458868
            ],
            [
              121.0640376,
              14.6458901
            ],
            [
              121.0640282,
              14.6459599
            ],
            [
              121.0639703,
              14.6459526
            ]
          ]
        ]
      },
      "id": "way/1241360646"
    },
    {
      "type": "Feature",
      "properties": {
        "@id": "way/1241361263",
        "building": "commercial",
        "name": "BigBrew"
      },
      "geometry": {
        "type": "Polygon",
        "coordinates": [
          [
            [
              121.0639446,
              14.6461898
            ],
            [
              121.0639532,
              14.64614
            ],
            [
              121.0640268,
              14.6461519
            ],
            [
              121.0640182,
              14.6462016
            ],
            [
              121.0639446,
              14.6461898
            ]
          ]
        ]
      },
      "id": "way/1241361263"
    },
    {
      "type": "Feature",
      "properties": {
        "@id": "way/1286497536",
        "building": "school",
        "description": "NCPAG Dome is the main symbol of the Public Administration in UP Diliman",
        "name": "NCPAG Dome"
      },
      "geometry": {
        "type": "Polygon",
        "coordinates": [
          [
            [
              121.0601652,
              14.6564488
            ],
            [
              121.0601755,
              14.6564439
            ],
            [
              121.0601869,
              14.6564424
            ],
            [
              121.0601983,
              14.6564445
            ],
            [
              121.0602083,
              14.6564499
            ],
            [
              121.0602166,
              14.6564589
            ],
            [
              121.0602213,
              14.6564701
            ],
            [
              121.0602218,
              14.6564821
            ],
            [
              121.060218,
              14.6564936
            ],
            [
              121.0602104,
              14.6565031
            ],
            [
              121.0602,
              14.6565097
            ],
            [
              121.0601878,
              14.6565124
            ],
            [
              121.0601755,
              14.6565109
            ],
            [
              121.0601651,
              14.656506
            ],
            [
              121.0601569,
              14.6564983
            ],
            [
              121.0601516,
              14.6564884
            ],
            [
              121.0601498,
              14.6564774
            ],
            [
              121.0601516,
              14.6564664
            ],
            [
              121.0601569,
              14.6564565
            ],
            [
              121.0601652,
              14.6564488
            ]
          ]
        ]
      },
      "id": "way/1286497536"
    },
    {
      "type": "Feature",
      "properties": {
        "@id": "way/1287338122",
        "building": "school",
        "name": "Recoletos School of Theology"
      },
      "geometry": {
        "type": "Polygon",
        "coordinates": [
          [
            [
              121.0611857,
              14.6785346
            ],
            [
              121.0611867,
              14.6786667
            ],
            [
              121.0607366,
              14.6786677
            ],
            [
              121.0607361,
              14.6785402
            ],
            [
              121.0607995,
              14.6785387
            ],
            [
              121.0607975,
              14.6784804
            ],
            [
              121.060525,
              14.6784862
            ],
            [
              121.0605215,
              14.6783776
            ],
            [
              121.0608127,
              14.6783696
            ],
            [
              121.0608109,
              14.6783106
            ],
            [
              121.0607642,
              14.6783116
            ],
            [
              121.0607611,
              14.678183
            ],
            [
              121.0612103,
              14.678173
            ],
            [
              121.0612133,
              14.6782974
            ],
            [
              121.0608655,
              14.6783074
            ],
            [
              121.0608671,
              14.6783708
            ],
            [
              121.0610323,
              14.6783676
            ],
            [
              121.0610342,
              14.6784759
            ],
            [
              121.0608418,
              14.6784783
            ],
            [
              121.0608429,
              14.6785371
            ],
            [
              121.0611857,
              14.6785346
            ]
          ]
        ]
      },
      "id": "way/1287338122"
    },
    {
      "type": "Feature",
      "properties": {
        "@id": "way/1293310152",
        "addr:street": "P. Tuazon Boulevard",
        "admin_level": "10",
        "amenity": "townhall",
        "building": "civic",
        "name": "Bahay Pamahalaan ng Barangay Marilag",
        "name:en": "Marilag Barangay Multi-purpose Hall",
        "name:tl": "Bahay Pamahalaan ng Barangay Marilag",
        "townhall:type": "barangay"
      },
      "geometry": {
        "type": "Polygon",
        "coordinates": [
          [
            [
              121.067965,
              14.6227537
            ],
            [
              121.0679638,
              14.6226933
            ],
            [
              121.0681432,
              14.62269
            ],
            [
              121.0681444,
              14.6227505
            ],
            [
              121.067965,
              14.6227537
            ]
          ]
        ]
      },
      "id": "way/1293310152"
    },
    {
      "type": "Feature",
      "properties": {
        "@id": "way/1295459006",
        "building": "school"
      },
      "geometry": {
        "type": "Polygon",
        "coordinates": [
          [
            [
              121.1020911,
              14.6507756
            ],
            [
              121.1021169,
              14.650544
            ],
            [
              121.1022378,
              14.6505567
            ],
            [
              121.102212,
              14.6507883
            ],
            [
              121.1020911,
              14.6507756
            ]
          ]
        ]
      },
      "id": "way/1295459006"
    },
    {
      "type": "Feature",
      "properties": {
        "@id": "way/1295567321",
        "building": "hospital"
      },
      "geometry": {
        "type": "Polygon",
        "coordinates": [
          [
            [
              121.0985522,
              14.6492128
            ],
            [
              121.098392,
              14.6491476
            ],
            [
              121.0984644,
              14.6490412
            ],
            [
              121.0985938,
              14.6491239
            ],
            [
              121.0985522,
              14.6492128
            ]
          ]
        ]
      },
      "id": "way/1295567321"
    },
    {
      "type": "Feature",
      "properties": {
        "@id": "way/1295567327",
        "building": "college"
      },
      "geometry": {
        "type": "Polygon",
        "coordinates": [
          [
            [
              121.098285,
              14.6488343
            ],
            [
              121.0983833,
              14.6487013
            ],
            [
              121.0984277,
              14.648732
            ],
            [
              121.0983295,
              14.648865
            ],
            [
              121.098285,
              14.6488343
            ]
          ]
        ]
      },
      "id": "way/1295567327"
    },
    {
      "type": "Feature",
      "properties": {
        "@id": "way/1295567331",
        "building": "college"
      },
      "geometry": {
        "type": "Polygon",
        "coordinates": [
          [
            [
              121.0986746,
              14.6491071
            ],
            [
              121.0989341,
              14.6487639
            ],
            [
              121.0988999,
              14.6487236
            ],
            [
              121.0989737,
              14.6486672
            ],
            [
              121.0990376,
              14.648764
            ],
            [
              121.0987562,
              14.6491641
            ],
            [
              121.0986746,
              14.6491071
            ]
          ]
        ]
      },
      "id": "way/1295567331"
    },
    {
      "type": "Feature",
      "properties": {
        "@id": "way/1295567332",
        "addr:city": "Marikina",
        "addr:postcode": "1807",
        "addr:quarter": "Concepcion Uno",
        "building": "school"
      },
      "geometry": {
        "type": "Polygon",
        "coordinates": [
          [
            [
              121.0987799,
              14.6487217
            ],
            [
              121.0985814,
              14.6484161
            ],
            [
              121.0986459,
              14.6483769
            ],
            [
              121.0988444,
              14.6486825
            ],
            [
              121.0987799,
              14.6487217
            ]
          ]
        ]
      },
      "id": "way/1295567332"
    },
    {
      "type": "Feature",
      "properties": {
        "@id": "way/1296492815",
        "building": "school"
      },
      "geometry": {
        "type": "Polygon",
        "coordinates": [
          [
            [
              121.121106,
              14.6404347
            ],
            [
              121.1213761,
              14.6404086
            ],
            [
              121.1213879,
              14.6405229
            ],
            [
              121.1211178,
              14.640549
            ],
            [
              121.121106,
              14.6404347
            ]
          ]
        ]
      },
      "id": "way/1296492815"
    },
    {
      "type": "Feature",
      "properties": {
        "@id": "way/1298046189",
        "building": "school"
      },
      "geometry": {
        "type": "Polygon",
        "coordinates": [
          [
            [
              121.1260561,
              14.6593489
            ],
            [
              121.1260591,
              14.6592487
            ],
            [
              121.1261013,
              14.6591753
            ],
            [
              121.1261548,
              14.6591295
            ],
            [
              121.1262274,
              14.6590923
            ],
            [
              121.1262823,
              14.6591611
            ],
            [
              121.1262336,
              14.6591976
            ],
            [
              121.1261786,
              14.6592611
            ],
            [
              121.126176,
              14.6593437
            ],
            [
              121.1260561,
              14.6593489
            ]
          ]
        ]
      },
      "id": "way/1298046189"
    },
    {
      "type": "Feature",
      "properties": {
        "@id": "way/1298275731",
        "building": "civic"
      },
      "geometry": {
        "type": "Polygon",
        "coordinates": [
          [
            [
              121.1119465,
              14.659253
            ],
            [
              121.1118288,
              14.6592123
            ],
            [
              121.1118807,
              14.6590716
            ],
            [
              121.1119985,
              14.6591122
            ],
            [
              121.1119465,
              14.659253
            ]
          ]
        ]
      },
      "id": "way/1298275731"
    },
    {
      "type": "Feature",
      "properties": {
        "@id": "way/1301048059",
        "access": "private",
        "building": "school"
      },
      "geometry": {
        "type": "Polygon",
        "coordinates": [
          [
            [
              121.1174947,
              14.6451582
            ],
            [
              121.1174794,
              14.6452018
            ],
            [
              121.1174283,
              14.645185
            ],
            [
              121.1174523,
              14.6451162
            ],
            [
              121.1173875,
              14.645095
            ],
            [
              121.1174248,
              14.6449883
            ],
            [
              121.117563,
              14.6450335
            ],
            [
              121.117532,
              14.6451222
            ],
            [
              121.1175436,
              14.6451259
            ],
            [
              121.1175285,
              14.6451693
            ],
            [
              121.1174947,
              14.6451582
            ]
          ]
        ]
      },
      "id": "way/1301048059"
    },
    {
      "type": "Feature",
      "properties": {
        "@id": "way/1301199226",
        "access": "private",
        "building": "school",
        "building:levels": "1",
        "level": "0",
        "private": "students"
      },
      "geometry": {
        "type": "Polygon",
        "coordinates": [
          [
            [
              121.1173106,
              14.6436282
            ],
            [
              121.1173405,
              14.6436363
            ],
            [
              121.1173702,
              14.6436444
            ],
            [
              121.1173437,
              14.643736
            ],
            [
              121.1174331,
              14.6437602
            ],
            [
              121.1174228,
              14.6437957
            ],
            [
              121.1174115,
              14.643835
            ],
            [
              121.1172624,
              14.6437947
            ],
            [
              121.1173106,
              14.6436282
            ]
          ]
        ]
      },
      "id": "way/1301199226"
    },
    {
      "type": "Feature",
      "properties": {
        "@id": "way/1301199228",
        "access": "private",
        "amenity": "canteen",
        "building": "school",
        "cuisine": "filipino;american",
        "drive_through": "no",
        "level": "0",
        "outdoor_seating": "no",
        "private": "students"
      },
      "geometry": {
        "type": "Polygon",
        "coordinates": [
          [
            [
              121.1174977,
              14.6435251
            ],
            [
              121.1175068,
              14.6434936
            ],
            [
              121.1175225,
              14.6434385
            ],
            [
              121.1176312,
              14.6434676
            ],
            [
              121.1176497,
              14.6434725
            ],
            [
              121.1177189,
              14.643491
            ],
            [
              121.1176976,
              14.6435655
            ],
            [
              121.1176941,
              14.6435777
            ],
            [
              121.1174977,
              14.6435251
            ]
          ]
        ]
      },
      "id": "way/1301199228"
    },
    {
      "type": "Feature",
      "properties": {
        "@id": "way/1301199230",
        "access": "private",
        "amenity": "kitchen",
        "building": "school",
        "building:levels": "1",
        "level": "0",
        "private": "students"
      },
      "geometry": {
        "type": "Polygon",
        "coordinates": [
          [
            [
              121.1175225,
              14.6434385
            ],
            [
              121.1175477,
              14.6433503
            ],
            [
              121.1175974,
              14.6433636
            ],
            [
              121.1176059,
              14.6433659
            ],
            [
              121.1176142,
              14.6433681
            ],
            [
              121.1176564,
              14.6433794
            ],
            [
              121.1176504,
              14.6434006
            ],
            [
              121.1176424,
              14.6434284
            ],
            [
              121.117637,
              14.6434475
            ],
            [
              121.1176312,
              14.6434676
            ],
            [
              121.1175225,
              14.6434385
            ]
          ]
        ]
      },
      "id": "way/1301199230"
    },
    {
      "type": "Feature",
      "properties": {
        "@id": "way/1301199232",
        "access": "private",
        "amenity": "clinic",
        "building": "school",
        "building:levels": "1",
        "healthcare": "clinic",
        "level": "0",
        "opening_hours": "Mo-Su 06:00-15:00",
        "private": "students"
      },
      "geometry": {
        "type": "Polygon",
        "coordinates": [
          [
            [
              121.1176564,
              14.6433794
            ],
            [
              121.1176752,
              14.6433844
            ],
            [
              121.1176838,
              14.6433867
            ],
            [
              121.117693,
              14.6433892
            ],
            [
              121.1177248,
              14.6433977
            ],
            [
              121.1177354,
              14.6434006
            ],
            [
              121.1177441,
              14.6434029
            ],
            [
              121.1177221,
              14.6434798
            ],
            [
              121.1177189,
              14.643491
            ],
            [
              121.1176497,
              14.6434725
            ],
            [
              121.1176312,
              14.6434676
            ],
            [
              121.117637,
              14.6434475
            ],
            [
              121.1176424,
              14.6434284
            ],
            [
              121.1176504,
              14.6434006
            ],
            [
              121.1176564,
              14.6433794
            ]
          ]
        ]
      },
      "id": "way/1301199232"
    },
    {
      "type": "Feature",
      "properties": {
        "@id": "way/1304217167",
        "building": "school",
        "building:levels": "1",
        "building:material": "concrete",
        "lockable": "no",
        "name": "UP Circuit Tambayan",
        "roof:levels": "1",
        "roof:shape": "gabled"
      },
      "geometry": {
        "type": "Polygon",
        "coordinates": [
          [
            [
              121.0678777,
              14.6496705
            ],
            [
              121.0678908,
              14.6496276
            ],
            [
              121.0679381,
              14.6496411
            ],
            [
              121.067925,
              14.649684
            ],
            [
              121.0678777,
              14.6496705
            ]
          ]
        ]
      },
      "id": "way/1304217167"
    },
    {
      "type": "Feature",
      "properties": {
        "@id": "way/1304973914",
        "building": "civic",
        "name": "Celestino Esteban Building"
      },
      "geometry": {
        "type": "Polygon",
        "coordinates": [
          [
            [
              121.0745087,
              14.6716925
            ],
            [
              121.0745652,
              14.6716928
            ],
            [
              121.0745649,
              14.6717479
            ],
            [
              121.0745083,
              14.6717476
            ],
            [
              121.0745087,
              14.6716925
            ]
          ]
        ]
      },
      "id": "way/1304973914"
    },
    {
      "type": "Feature",
      "properties": {
        "@id": "way/1309979584",
        "building": "school"
      },
      "geometry": {
        "type": "Polygon",
        "coordinates": [
          [
            [
              121.1180705,
              14.6453588
            ],
            [
              121.1178905,
              14.6452777
            ],
            [
              121.1179428,
              14.6451759
            ],
            [
              121.11812,
              14.6452556
            ],
            [
              121.1180705,
              14.6453588
            ]
          ]
        ]
      },
      "id": "way/1309979584"
    },
    {
      "type": "Feature",
      "properties": {
        "@id": "way/1313033627",
        "building": "school"
      },
      "geometry": {
        "type": "Polygon",
        "coordinates": [
          [
            [
              121.1171528,
              14.6509322
            ],
            [
              121.1171619,
              14.6509541
            ],
            [
              121.1171877,
              14.651017
            ],
            [
              121.1167274,
              14.6511698
            ],
            [
              121.1167052,
              14.6511071
            ],
            [
              121.1170765,
              14.6509843
            ],
            [
              121.1170682,
              14.6509627
            ],
            [
              121.1171528,
              14.6509322
            ]
          ]
        ]
      },
      "id": "way/1313033627"
    },
    {
      "type": "Feature",
      "properties": {
        "@id": "way/1313880033",
        "building": "commercial",
        "building:levels": "4",
        "fixme": "polygon is estimated, please change if aerial imagery updates"
      },
      "geometry": {
        "type": "Polygon",
        "coordinates": [
          [
            [
              121.1204017,
              14.6481945
            ],
            [
              121.1206839,
              14.6481127
            ],
            [
              121.1207312,
              14.6482468
            ],
            [
              121.1204558,
              14.64834
            ],
            [
              121.1204017,
              14.6481945
            ]
          ]
        ]
      },
      "id": "way/1313880033"
    },
    {
      "type": "Feature",
      "properties": {
        "@id": "way/1318092034",
        "building": "commercial",
        "name": "National Institute of Molecular Biology and Biotechnology"
      },
      "geometry": {
        "type": "Polygon",
        "coordinates": [
          [
            [
              121.0719135,
              14.6508155
            ],
            [
              121.0719072,
              14.6508577
            ],
            [
              121.0713751,
              14.6508723
            ],
            [
              121.0713732,
              14.6508421
            ],
            [
              121.0719135,
              14.6508155
            ]
          ]
        ]
      },
      "id": "way/1318092034"
    },
    {
      "type": "Feature",
      "properties": {
        "@id": "way/1328019245",
        "building": "commercial",
        "building:levels": "2"
      },
      "geometry": {
        "type": "Polygon",
        "coordinates": [
          [
            [
              121.1077683,
              14.6339672
            ],
            [
              121.1078904,
              14.6339397
            ],
            [
              121.1079266,
              14.634121
            ],
            [
              121.1079288,
              14.6341318
            ],
            [
              121.1078099,
              14.6341555
            ],
            [
              121.1077683,
              14.6339672
            ]
          ]
        ]
      },
      "id": "way/1328019245"
    },
    {
      "type": "Feature",
      "properties": {
        "@id": "way/1328022652",
        "building": "civic"
      },
      "geometry": {
        "type": "Polygon",
        "coordinates": [
          [
            [
              121.1090192,
              14.6356466
            ],
            [
              121.1090149,
              14.6355811
            ],
            [
              121.1090857,
              14.6355767
            ],
            [
              121.1090901,
              14.6356422
            ],
            [
              121.1090192,
              14.6356466
            ]
          ]
        ]
      },
      "id": "way/1328022652"
    },
    {
      "type": "Feature",
      "properties": {
        "@id": "way/1328022653",
        "building": "civic"
      },
      "geometry": {
        "type": "Polygon",
        "coordinates": [
          [
            [
              121.1090413,
              14.6358328
            ],
            [
              121.1090263,
              14.6356508
            ],
            [
              121.1090913,
              14.6356458
            ],
            [
              121.1091064,
              14.6358278
            ],
            [
              121.1090413,
              14.6358328
            ]
          ]
        ]
      },
      "id": "way/1328022653"
    },
    {
      "type": "Feature",
      "properties": {
        "@id": "way/1366363144",
        "addr:city": "Marikina",
        "building": "school"
      },
      "geometry": {
        "type": "Polygon",
        "coordinates": [
          [
            [
              121.1274322,
              14.659712
            ],
            [
              121.1274676,
              14.6596519
            ],
            [
              121.1275565,
              14.6597009
            ],
            [
              121.1275211,
              14.659761
            ],
            [
              121.1274322,
              14.659712
            ]
          ]
        ]
      },
      "id": "way/1366363144"
    },
    {
      "type": "Feature",
      "properties": {
        "@id": "way/1366363145",
        "addr:city": "Marikina",
        "building": "school"
      },
      "geometry": {
        "type": "Polygon",
        "coordinates": [
          [
            [
              121.1273669,
              14.6597655
            ],
            [
              121.127403,
              14.6597044
            ],
            [
              121.1274868,
              14.6597508
            ],
            [
              121.1274507,
              14.6598119
            ],
            [
              121.1273669,
              14.6597655
            ]
          ]
        ]
      },
      "id": "way/1366363145"
    },
    {
      "type": "Feature",
      "properties": {
        "@id": "way/1374908059",
        "building": "school"
      },
      "geometry": {
        "type": "Polygon",
        "coordinates": [
          [
            [
              121.1046985,
              14.6226863
            ],
            [
              121.1047089,
              14.6222548
            ],
            [
              121.1047938,
              14.6221577
            ],
            [
              121.1048031,
              14.6221499
            ],
            [
              121.1048149,
              14.6221464
            ],
            [
              121.104827,
              14.6221479
            ],
            [
              121.1048375,
              14.6221541
            ],
            [
              121.1048443,
              14.6221639
            ],
            [
              121.1048434,
              14.6223502
            ],
            [
              121.1047999,
              14.6223501
            ],
            [
              121.1047998,
              14.6223878
            ],
            [
              121.1048492,
              14.6224165
            ],
            [
              121.1048417,
              14.62269
            ],
            [
              121.1048336,
              14.622985
            ],
            [
              121.1046731,
              14.6229809
            ],
            [
              121.1046785,
              14.622785
            ],
            [
              121.1046576,
              14.6227844
            ],
            [
              121.1046603,
              14.6226854
            ],
            [
              121.1046985,
              14.6226863
            ]
          ]
        ]
      },
      "id": "way/1374908059"
    },
    {
      "type": "Feature",
      "properties": {
        "@id": "way/1375580142",
        "building": "school",
        "building:levels": "1"
      },
      "geometry": {
        "type": "Polygon",
        "coordinates": [
          [
            [
              121.1172052,
              14.645144
            ],
            [
              121.1173061,
              14.6451774
            ],
            [
              121.1173806,
              14.6452023
            ],
            [
              121.1173507,
              14.645287
            ],
            [
              121.1171756,
              14.645229
            ],
            [
              121.1172052,
              14.645144
            ]
          ]
        ]
      },
      "id": "way/1375580142"
    },
    {
      "type": "Feature",
      "properties": {
        "@id": "way/1393540563",
        "building": "commercial",
        "name": "533 DN Commonwealth"
      },
      "geometry": {
        "type": "Polygon",
        "coordinates": [
          [
            [
              121.0728267,
              14.6678435
            ],
            [
              121.072827,
              14.6676387
            ],
            [
              121.0730137,
              14.6676389
            ],
            [
              121.0730134,
              14.6678437
            ],
            [
              121.0728267,
              14.6678435
            ]
          ]
        ]
      },
      "id": "way/1393540563"
    },
    {
      "type": "Feature",
      "properties": {
        "@id": "way/1430821072",
        "building": "commercial"
      },
      "geometry": {
        "type": "Polygon",
        "coordinates": [
          [
            [
              121.0798987,
              14.6743368
            ],
            [
              121.079856,
              14.6742845
            ],
            [
              121.0797992,
              14.6743198
            ],
            [
              121.0797794,
              14.6743197
            ],
            [
              121.0797503,
              14.6742824
            ],
            [
              121.080104,
              14.6740333
            ],
            [
              121.0801424,
              14.6740898
            ],
            [
              121.0800755,
              14.6741305
            ],
            [
              121.0801181,
              14.6741946
            ],
            [
              121.0798987,
              14.6743368
            ]
          ]
        ]
      },
      "id": "way/1430821072"
    },
    {
      "type": "Feature",
      "properties": {
        "@id": "way/1430821074",
        "building": "commercial",
        "building:levels": "5",
        "name": "Diamond Square Congressional"
      },
      "geometry": {
        "type": "Polygon",
        "coordinates": [
          [
            [
              121.0626646,
              14.6728716
            ],
            [
              121.0626701,
              14.6727375
            ],
            [
              121.0628377,
              14.6727127
            ],
            [
              121.0628527,
              14.6727285
            ],
            [
              121.0628433,
              14.6728884
            ],
            [
              121.0626646,
              14.6728716
            ]
          ]
        ]
      },
      "id": "way/1430821074"
    },
    {
      "type": "Feature",
      "properties": {
        "@id": "way/1430823057",
        "building": "commercial"
      },
      "geometry": {
        "type": "Polygon",
        "coordinates": [
          [
            [
              121.0612068,
              14.673132
            ],
            [
              121.0611801,
              14.6729604
            ],
            [
              121.0614181,
              14.6729216
            ],
            [
              121.0614421,
              14.6731009
            ],
            [
              121.0612068,
              14.673132
            ]
          ]
        ]
      },
      "id": "way/1430823057"
    },
    {
      "type": "Feature",
      "properties": {
        "@id": "way/1432449019",
        "building": "commercial",
        "building:levels": "2",
        "name": "Golan Arcade"
      },
      "geometry": {
        "type": "Polygon",
        "coordinates": [
          [
            [
              121.0744186,
              14.6326073
            ],
            [
              121.0744072,
              14.632355
            ],
            [
              121.074559,
              14.6323455
            ],
            [
              121.0745605,
              14.6325012
            ],
            [
              121.0744186,
              14.6326073
            ]
          ]
        ]
      },
      "id": "way/1432449019"
    },
    {
      "type": "Feature",
      "properties": {
        "@id": "way/1455960543",
        "building": "school"
      },
      "geometry": {
        "type": "Polygon",
        "coordinates": [
          [
            [
              121.098279,
              14.6322325
            ],
            [
              121.0980163,
              14.6322032
            ],
            [
              121.0980475,
              14.6319536
            ],
            [
              121.0983084,
              14.6319839
            ],
            [
              121.098279,
              14.6322325
            ]
          ]
        ]
      },
      "id": "way/1455960543"
    },
    {
      "type": "Feature",
      "properties": {
        "@id": "way/1455960544",
        "building": "school"
      },
      "geometry": {
        "type": "Polygon",
        "coordinates": [
          [
            [
              121.098279,
              14.6322325
            ],
            [
              121.0983084,
              14.6319839
            ],
            [
              121.0984989,
              14.632005
            ],
            [
              121.0984962,
              14.6320281
            ],
            [
              121.0986219,
              14.632042
            ],
            [
              121.0985953,
              14.6322675
            ],
            [
              121.098279,
              14.6322325
            ]
          ]
        ]
      },
      "id": "way/1455960544"
    },
    {
      "type": "Feature",
      "properties": {
        "@id": "way/1455960545",
        "building": "school"
      },
      "geometry": {
        "type": "Polygon",
        "coordinates": [
          [
            [
              121.0982256,
              14.6313869
            ],
            [
              121.0982681,
              14.6309959
            ],
            [
              121.0984952,
              14.631019
            ],
            [
              121.0984595,
              14.6314141
            ],
            [
              121.098436,
              14.6314118
            ],
            [
              121.098429,
              14.6314757
            ],
            [
              121.0983141,
              14.631464
            ],
            [
              121.0983214,
              14.6313967
            ],
            [
              121.0982256,
              14.6313869
            ]
          ]
        ]
      },
      "id": "way/1455960545"
    },
    {
      "type": "Feature",
      "properties": {
        "@id": "way/1455962446",
        "addr:street": "Mayor Juan Chanyungco Street",
        "building": "commercial"
      },
      "geometry": {
        "type": "Polygon",
        "coordinates": [
          [
            [
              121.1003416,
              14.6325521
            ],
            [
              121.100353,
              14.6324389
            ],
            [
              121.1003794,
              14.6324414
            ],
            [
              121.1005771,
              14.6324637
            ],
            [
              121.1005765,
              14.6324739
            ],
            [
              121.1005745,
              14.6325097
            ],
            [
              121.1005697,
              14.6325706
            ],
            [
              121.1003416,
              14.6325521
            ]
          ]
        ]
      },
      "id": "way/1455962446"
    },
    {
      "type": "Feature",
      "properties": {
        "@id": "way/1480461787",
        "addr:city": "Quezon City",
        "amenity": "food_court",
        "building": "commercial",
        "name": "Food Park"
      },
      "geometry": {
        "type": "Polygon",
        "coordinates": [
          [
            [
              121.086263,
              14.6767804
            ],
            [
              121.0864073,
              14.6765705
            ],
            [
              121.0865671,
              14.6763281
            ],
            [
              121.0867283,
              14.6763511
            ],
            [
              121.0864265,
              14.676791
            ],
            [
              121.086263,
              14.6767804
            ]
          ]
        ]
      },
      "id": "way/1480461787"
    },
    {
      "type": "Feature",
      "properties": {
        "@id": "way/1480575093",
        "addr:city": "Marikina",
        "building": "commercial",
        "building:levels": "3",
        "previously": "way:121189966",
        "roof:shape": "flat"
      },
      "geometry": {
        "type": "Polygon",
        "coordinates": [
          [
            [
              121.1173175,
              14.644116
            ],
            [
              121.117476,
              14.6441648
            ],
            [
              121.1174592,
              14.644216
            ],
            [
              121.1174496,
              14.6442453
            ],
            [
              121.1174418,
              14.644269
            ],
            [
              121.1172832,
              14.6442202
            ],
            [
              121.117291,
              14.6441966
            ],
            [
              121.1173175,
              14.644116
            ]
          ]
        ]
      },
      "id": "way/1480575093"
    },
    {
      "type": "Feature",
      "properties": {
        "@id": "way/1481563841",
        "addr:street": "Sumulong Highway",
        "brand": "7-Eleven",
        "brand:wikidata": "Q259340",
        "building": "commercial",
        "name": "7-Eleven",
        "opening_hours": "24/7",
        "shop": "convenience"
      },
      "geometry": {
        "type": "Polygon",
        "coordinates": [
          [
            [
              121.1217752,
              14.6295166
            ],
            [
              121.1217815,
              14.629382
            ],
            [
              121.1218631,
              14.6293856
            ],
            [
              121.1218567,
              14.6295202
            ],
            [
              121.1217752,
              14.6295166
            ]
          ]
        ]
      },
      "id": "way/1481563841"
    },
    {
      "type": "Feature",
      "properties": {
        "@id": "way/1481563843",
        "building": "commercial"
      },
      "geometry": {
        "type": "Polygon",
        "coordinates": [
          [
            [
              121.1212984,
              14.6292497
            ],
            [
              121.1213366,
              14.6290466
            ],
            [
              121.1215143,
              14.6290752
            ],
            [
              121.1214841,
              14.6292296
            ],
            [
              121.1212984,
              14.6292497
            ]
          ]
        ]
      },
      "id": "way/1481563843"
    },
    {
      "type": "Feature",
      "properties": {
        "@id": "way/1481563844",
        "building": "commercial"
      },
      "geometry": {
        "type": "Polygon",
        "coordinates": [
          [
            [
              121.121509,
              14.6291758
            ],
            [
              121.121542,
              14.6290159
            ],
            [
              121.1216909,
              14.6290447
            ],
            [
              121.1216579,
              14.6292046
            ],
            [
              121.121509,
              14.6291758
            ]
          ]
        ]
      },
      "id": "way/1481563844"
    },
    {
      "type": "Feature",
      "properties": {
        "@id": "way/1481563848",
        "building": "school"
      },
      "geometry": {
        "type": "Polygon",
        "coordinates": [
          [
            [
              121.1204366,
              14.6298674
            ],
            [
              121.1204663,
              14.6296559
            ],
            [
              121.1205742,
              14.6296701
            ],
            [
              121.1205446,
              14.6298816
            ],
            [
              121.1204366,
              14.6298674
            ]
          ]
        ]
      },
      "id": "way/1481563848"
    },
    {
      "type": "Feature",
      "properties": {
        "@id": "way/1481563851",
        "building": "school"
      },
      "geometry": {
        "type": "Polygon",
        "coordinates": [
          [
            [
              121.1203259,
              14.6299765
            ],
            [
              121.1203416,
              14.6298695
            ],
            [
              121.1207044,
              14.6299192
            ],
            [
              121.1206887,
              14.6300262
            ],
            [
              121.1203259,
              14.6299765
            ]
          ]
        ]
      },
      "id": "way/1481563851"
    },
    {
      "type": "Feature",
      "properties": {
        "@id": "way/1481563852",
        "building": "school"
      },
      "geometry": {
        "type": "Polygon",
        "coordinates": [
          [
            [
              121.1202582,
              14.6301275
            ],
            [
              121.1202734,
              14.630008
            ],
            [
              121.1207889,
              14.6300692
            ],
            [
              121.1207737,
              14.6301888
            ],
            [
              121.1202582,
              14.6301275
            ]
          ]
        ]
      },
      "id": "way/1481563852"
    },
    {
      "type": "Feature",
      "properties": {
        "@id": "way/1481563853",
        "building": "school"
      },
      "geometry": {
        "type": "Polygon",
        "coordinates": [
          [
            [
              121.1207775,
              14.6302723
            ],
            [
              121.120824,
              14.6300613
            ],
            [
              121.1209264,
              14.6300824
            ],
            [
              121.1208799,
              14.6302935
            ],
            [
              121.1207775,
              14.6302723
            ]
          ]
        ]
      },
      "id": "way/1481563853"
    },
    {
      "type": "Feature",
      "properties": {
        "@id": "way/1481563854",
        "building": "school"
      },
      "geometry": {
        "type": "Polygon",
        "coordinates": [
          [
            [
              121.1212592,
              14.629802
            ],
            [
              121.1212727,
              14.6296327
            ],
            [
              121.1214678,
              14.6296472
            ],
            [
              121.1214616,
              14.6297254
            ],
            [
              121.1213475,
              14.629717
            ],
            [
              121.1213403,
              14.629808
            ],
            [
              121.1212592,
              14.629802
            ]
          ]
        ]
      },
      "id": "way/1481563854"
    },
    {
      "type": "Feature",
      "properties": {
        "@id": "way/1481563855",
        "building": "school"
      },
      "geometry": {
        "type": "Polygon",
        "coordinates": [
          [
            [
              121.1209633,
              14.6305561
            ],
            [
              121.1209726,
              14.6304662
            ],
            [
              121.1212375,
              14.6304919
            ],
            [
              121.1212282,
              14.6305818
            ],
            [
              121.1209633,
              14.6305561
            ]
          ]
        ]
      },
      "id": "way/1481563855"
    },
    {
      "type": "Feature",
      "properties": {
        "@id": "way/1481563856",
        "building": "school"
      },
      "geometry": {
        "type": "Polygon",
        "coordinates": [
          [
            [
              121.1207882,
              14.6305473
            ],
            [
              121.1207956,
              14.630453
            ],
            [
              121.1209593,
              14.630465
            ],
            [
              121.1209519,
              14.6305593
            ],
            [
              121.1207882,
              14.6305473
            ]
          ]
        ]
      },
      "id": "way/1481563856"
    },
    {
      "type": "Feature",
      "properties": {
        "@id": "way/1482257945",
        "building": "school"
      },
      "geometry": {
        "type": "Polygon",
        "coordinates": [
          [
            [
              121.1276764,
              14.6139703
            ],
            [
              121.1276756,
              14.6138875
            ],
            [
              121.1278872,
              14.6138857
            ],
            [
              121.1278879,
              14.6139684
            ],
            [
              121.1276764,
              14.6139703
            ]
          ]
        ]
      },
      "id": "way/1482257945"
    },
    {
      "type": "Feature",
      "properties": {
        "@id": "way/1482257946",
        "building": "school"
      },
      "geometry": {
        "type": "Polygon",
        "coordinates": [
          [
            [
              121.1276676,
              14.6141035
            ],
            [
              121.1276649,
              14.6140182
            ],
            [
              121.1278326,
              14.6140133
            ],
            [
              121.1278352,
              14.6140986
            ],
            [
              121.1276676,
              14.6141035
            ]
          ]
        ]
      },
      "id": "way/1482257946"
    },
    {
      "type": "Feature",
      "properties": {
        "@id": "way/1484661734",
        "addr:street": "Sumulong Highway",
        "amenity": "events_venue",
        "building": "commercial",
        "name": "Sandugo Events Place"
      },
      "geometry": {
        "type": "Polygon",
        "coordinates": [
          [
            [
              121.1077769,
              14.633597
            ],
            [
              121.1077482,
              14.6334573
            ],
            [
              121.1076976,
              14.6332111
            ],
            [
              121.1078513,
              14.6331874
            ],
            [
              121.1079349,
              14.6335665
            ],
            [
              121.1078877,
              14.6335774
            ],
            [
              121.1078274,
              14.633588
            ],
            [
              121.1077769,
              14.633597
            ]
          ]
        ]
      },
      "id": "way/1484661734"
    },
    {
      "type": "Feature",
      "properties": {
        "@id": "way/1485371825",
        "building": "commercial"
      },
      "geometry": {
        "type": "Polygon",
        "coordinates": [
          [
            [
              121.0972139,
              14.6333626
            ],
            [
              121.0973253,
              14.6333755
            ],
            [
              121.0973186,
              14.6334434
            ],
            [
              121.0972691,
              14.6334384
            ],
            [
              121.0972026,
              14.633433
            ],
            [
              121.0972139,
              14.6333626
            ]
          ]
        ]
      },
      "id": "way/1485371825"
    },
    {
      "type": "Feature",
      "properties": {
        "@id": "way/1485371826",
        "building": "commercial"
      },
      "geometry": {
        "type": "Polygon",
        "coordinates": [
          [
            [
              121.0972026,
              14.633433
            ],
            [
              121.0972691,
              14.6334384
            ],
            [
              121.0972599,
              14.633505
            ],
            [
              121.097191,
              14.6334951
            ],
            [
              121.0972026,
              14.633433
            ]
          ]
        ]
      },
      "id": "way/1485371826"
    },
    {
      "type": "Feature",
      "properties": {
        "@id": "way/1485371827",
        "building": "commercial"
      },
      "geometry": {
        "type": "Polygon",
        "coordinates": [
          [
            [
              121.0972599,
              14.633505
            ],
            [
              121.0972691,
              14.6334384
            ],
            [
              121.0973186,
              14.6334434
            ],
            [
              121.0973115,
              14.6335121
            ],
            [
              121.0972599,
              14.633505
            ]
          ]
        ]
      },
      "id": "way/1485371827"
    },
    {
      "type": "Feature",
      "properties": {
        "@id": "way/1485371828",
        "building": "commercial"
      },
      "geometry": {
        "type": "Polygon",
        "coordinates": [
          [
            [
              121.0973115,
              14.6335121
            ],
            [
              121.0973186,
              14.6334434
            ],
            [
              121.0973253,
              14.6333755
            ],
            [
              121.0973857,
              14.6333825
            ],
            [
              121.0973804,
              14.6334472
            ],
            [
              121.0973719,
              14.6335199
            ],
            [
              121.0973115,
              14.6335121
            ]
          ]
        ]
      },
      "id": "way/1485371828"
    },
    {
      "type": "Feature",
      "properties": {
        "@id": "way/1485371830",
        "building": "commercial",
        "building:levels": "2"
      },
      "geometry": {
        "type": "Polygon",
        "coordinates": [
          [
            [
              121.0971095,
              14.633409
            ],
            [
              121.0970996,
              14.6334909
            ],
            [
              121.0970568,
              14.6334833
            ],
            [
              121.0970616,
              14.6334044
            ],
            [
              121.0971095,
              14.633409
            ]
          ]
        ]
      },
      "id": "way/1485371830"
    },
    {
      "type": "Feature",
      "properties": {
        "@id": "way/1485371831",
        "building": "commercial",
        "building:levels": "2"
      },
      "geometry": {
        "type": "Polygon",
        "coordinates": [
          [
            [
              121.0970568,
              14.6334833
            ],
            [
              121.0969895,
              14.6334709
            ],
            [
              121.0969913,
              14.6333991
            ],
            [
              121.0970616,
              14.6334044
            ],
            [
              121.0970568,
              14.6334833
            ]
          ]
        ]
      },
      "id": "way/1485371831"
    },
    {
      "type": "Feature",
      "properties": {
        "@id": "way/1485371832",
        "building": "commercial",
        "building:levels": "2"
      },
      "geometry": {
        "type": "Polygon",
        "coordinates": [
          [
            [
              121.0969895,
              14.6334709
            ],
            [
              121.0969112,
              14.6334588
            ],
            [
              121.0969085,
              14.6333898
            ],
            [
              121.0969913,
              14.6333991
            ],
            [
              121.0969895,
              14.6334709
            ]
          ]
        ]
      },
      "id": "way/1485371832"
    },
    {
      "type": "Feature",
      "properties": {
        "@id": "way/1485371833",
        "building": "commercial"
      },
      "geometry": {
        "type": "Polygon",
        "coordinates": [
          [
            [
              121.0969112,
              14.6334588
            ],
            [
              121.0967142,
              14.6334304
            ],
            [
              121.0967204,
              14.6333682
            ],
            [
              121.096843,
              14.6333827
            ],
            [
              121.0968851,
              14.6333876
            ],
            [
              121.0969085,
              14.6333898
            ],
            [
              121.0969112,
              14.6334588
            ]
          ]
        ]
      },
      "id": "way/1485371833"
    },
    {
      "type": "Feature",
      "properties": {
        "@id": "way/1485371834",
        "building": "commercial",
        "building:levels": "2"
      },
      "geometry": {
        "type": "Polygon",
        "coordinates": [
          [
            [
              121.0967142,
              14.6334304
            ],
            [
              121.0965752,
              14.6334099
            ],
            [
              121.096581,
              14.6333521
            ],
            [
              121.0967204,
              14.6333682
            ],
            [
              121.0967142,
              14.6334304
            ]
          ]
        ]
      },
      "id": "way/1485371834"
    },
    {
      "type": "Feature",
      "properties": {
        "@id": "way/1485371835",
        "building": "commercial",
        "building:levels": "1"
      },
      "geometry": {
        "type": "Polygon",
        "coordinates": [
          [
            [
              121.096581,
              14.6333521
            ],
            [
              121.09659,
              14.6333043
            ],
            [
              121.0968493,
              14.6333389
            ],
            [
              121.096843,
              14.6333827
            ],
            [
              121.0967204,
              14.6333682
            ],
            [
              121.096581,
              14.6333521
            ]
          ]
        ]
      },
      "id": "way/1485371835"
    },
    {
      "type": "Feature",
      "properties": {
        "@id": "way/1485371836",
        "addr:housenumber": "242",
        "addr:street": "E. Dela Paz Street",
        "building": "commercial",
        "building:levels": "2"
      },
      "geometry": {
        "type": "Polygon",
        "coordinates": [
          [
            [
              121.0966278,
              14.6330699
            ],
            [
              121.096761,
              14.6330909
            ],
            [
              121.0967492,
              14.633154
            ],
            [
              121.0967437,
              14.6331798
            ],
            [
              121.0966141,
              14.6331587
            ],
            [
              121.0966278,
              14.6330699
            ]
          ]
        ]
      },
      "id": "way/1485371836"
    },
    {
      "type": "Feature",
      "properties": {
        "@id": "way/1485371837",
        "addr:housenumber": "244",
        "addr:street": "E. Dela Paz Street",
        "building": "commercial"
      },
      "geometry": {
        "type": "Polygon",
        "coordinates": [
          [
            [
              121.096761,
              14.6330909
            ],
            [
              121.0968929,
              14.6331117
            ],
            [
              121.0969058,
              14.6331142
            ],
            [
              121.0968893,
              14.6332219
            ],
            [
              121.0968001,
              14.6332074
            ],
            [
              121.096802,
              14.6331867
            ],
            [
              121.0967647,
              14.6331825
            ],
            [
              121.096769,
              14.6331564
            ],
            [
              121.0967492,
              14.633154
            ],
            [
              121.096761,
              14.6330909
            ]
          ]
        ]
      },
      "id": "way/1485371837"
    },
    {
      "type": "Feature",
      "properties": {
        "@id": "way/1485371840",
        "building": "commercial"
      },
      "geometry": {
        "type": "Polygon",
        "coordinates": [
          [
            [
              121.0967296,
              14.6334927
            ],
            [
              121.0968528,
              14.6335095
            ],
            [
              121.0968343,
              14.6336327
            ],
            [
              121.0968309,
              14.6336551
            ],
            [
              121.0967077,
              14.6336457
            ],
            [
              121.0967296,
              14.6334927
            ]
          ]
        ]
      },
      "id": "way/1485371840"
    },
    {
      "type": "Feature",
      "properties": {
        "@id": "way/1485371841",
        "building": "commercial"
      },
      "geometry": {
        "type": "Polygon",
        "coordinates": [
          [
            [
              121.0968528,
              14.6335095
            ],
            [
              121.096947,
              14.6335175
            ],
            [
              121.0969276,
              14.6336102
            ],
            [
              121.0969095,
              14.6336082
            ],
            [
              121.096903,
              14.6336371
            ],
            [
              121.0968343,
              14.6336327
            ],
            [
              121.0968528,
              14.6335095
            ]
          ]
        ]
      },
      "id": "way/1485371841"
    },
    {
      "type": "Feature",
      "properties": {
        "@id": "way/1485371842",
        "building": "commercial"
      },
      "geometry": {
        "type": "Polygon",
        "coordinates": [
          [
            [
              121.096947,
              14.6335175
            ],
            [
              121.096998,
              14.6335249
            ],
            [
              121.0969917,
              14.6335682
            ],
            [
              121.0969687,
              14.6335633
            ],
            [
              121.0969602,
              14.6336026
            ],
            [
              121.096952,
              14.6336407
            ],
            [
              121.0969409,
              14.6336392
            ],
            [
              121.0969234,
              14.633637
            ],
            [
              121.0969276,
              14.6336102
            ],
            [
              121.096947,
              14.6335175
            ]
          ]
        ]
      },
      "id": "way/1485371842"
    },
    {
      "type": "Feature",
      "properties": {
        "@id": "way/1485371843",
        "building": "commercial"
      },
      "geometry": {
        "type": "Polygon",
        "coordinates": [
          [
            [
              121.096998,
              14.6335249
            ],
            [
              121.0970366,
              14.6335321
            ],
            [
              121.0970192,
              14.6336131
            ],
            [
              121.0969726,
              14.6336048
            ],
            [
              121.0969602,
              14.6336026
            ],
            [
              121.0969687,
              14.6335633
            ],
            [
              121.0969917,
              14.6335682
            ],
            [
              121.096998,
              14.6335249
            ]
          ]
        ]
      },
      "id": "way/1485371843"
    },
    {
      "type": "Feature",
      "properties": {
        "@id": "way/1485371844",
        "building": "commercial"
      },
      "geometry": {
        "type": "Polygon",
        "coordinates": [
          [
            [
              121.0970366,
              14.6335321
            ],
            [
              121.0970627,
              14.6335377
            ],
            [
              121.0970469,
              14.6336182
            ],
            [
              121.0970192,
              14.6336131
            ],
            [
              121.0970366,
              14.6335321
            ]
          ]
        ]
      },
      "id": "way/1485371844"
    },
    {
      "type": "Feature",
      "properties": {
        "@id": "way/1485371845",
        "building": "commercial"
      },
      "geometry": {
        "type": "Polygon",
        "coordinates": [
          [
            [
              121.0970627,
              14.6335377
            ],
            [
              121.0970975,
              14.6335407
            ],
            [
              121.097078,
              14.6336246
            ],
            [
              121.0970469,
              14.6336182
            ],
            [
              121.0970627,
              14.6335377
            ]
          ]
        ]
      },
      "id": "way/1485371845"
    },
    {
      "type": "Feature",
      "properties": {
        "@id": "way/1485371846",
        "building": "commercial"
      },
      "geometry": {
        "type": "Polygon",
        "coordinates": [
          [
            [
              121.097078,
              14.6336246
            ],
            [
              121.0970668,
              14.6336664
            ],
            [
              121.0969656,
              14.6336492
            ],
            [
              121.0969726,
              14.6336048
            ],
            [
              121.0970192,
              14.6336131
            ],
            [
              121.0970469,
              14.6336182
            ],
            [
              121.097078,
              14.6336246
            ]
          ]
        ]
      },
      "id": "way/1485371846"
    },
    {
      "type": "Feature",
      "properties": {
        "@id": "way/1485371847",
        "building": "commercial"
      },
      "geometry": {
        "type": "Polygon",
        "coordinates": [
          [
            [
              121.0965376,
              14.6336184
            ],
            [
              121.0967077,
              14.6336457
            ],
            [
              121.0968309,
              14.6336551
            ],
            [
              121.0968186,
              14.6337272
            ],
            [
              121.0965506,
              14.6336941
            ],
            [
              121.0965275,
              14.6336905
            ],
            [
              121.0965376,
              14.6336184
            ]
          ]
        ]
      },
      "id": "way/1485371847"
    },
    {
      "type": "Feature",
      "properties": {
        "@id": "way/1485371849",
        "addr:housenumber": "19",
        "addr:street": "E. Jacinto Street",
        "building": "commercial"
      },
      "geometry": {
        "type": "Polygon",
        "coordinates": [
          [
            [
              121.0970668,
              14.6336664
            ],
            [
              121.0970486,
              14.6337458
            ],
            [
              121.0969652,
              14.6337312
            ],
            [
              121.0969214,
              14.6337235
            ],
            [
              121.0969396,
              14.6336448
            ],
            [
              121.0969656,
              14.6336492
            ],
            [
              121.0970668,
              14.6336664
            ]
          ]
        ]
      },
      "id": "way/1485371849"
    },
    {
      "type": "Feature",
      "properties": {
        "@id": "way/1485371853",
        "building": "commercial"
      },
      "geometry": {
        "type": "Polygon",
        "coordinates": [
          [
            [
              121.096513,
              14.6338092
            ],
            [
              121.0967537,
              14.6338413
            ],
            [
              121.0968049,
              14.6338474
            ],
            [
              121.0968011,
              14.6338885
            ],
            [
              121.0966961,
              14.6338738
            ],
            [
              121.096588,
              14.6338586
            ],
            [
              121.0964959,
              14.6338457
            ],
            [
              121.0965033,
              14.6338078
            ],
            [
              121.096513,
              14.6338092
            ]
          ]
        ]
      },
      "id": "way/1485371853"
    },
    {
      "type": "Feature",
      "properties": {
        "@id": "way/1485371854",
        "building": "commercial"
      },
      "geometry": {
        "type": "Polygon",
        "coordinates": [
          [
            [
              121.0964959,
              14.6338457
            ],
            [
              121.096588,
              14.6338586
            ],
            [
              121.0965848,
              14.6339196
            ],
            [
              121.0964873,
              14.6339037
            ],
            [
              121.0964959,
              14.6338457
            ]
          ]
        ]
      },
      "id": "way/1485371854"
    },
    {
      "type": "Feature",
      "properties": {
        "@id": "way/1485371857",
        "building": "commercial"
      },
      "geometry": {
        "type": "Polygon",
        "coordinates": [
          [
            [
              121.0964873,
              14.6339037
            ],
            [
              121.0965848,
              14.6339196
            ],
            [
              121.0966891,
              14.6339348
            ],
            [
              121.0967908,
              14.6339488
            ],
            [
              121.0967883,
              14.6339618
            ],
            [
              121.0967786,
              14.6340192
            ],
            [
              121.0965435,
              14.6339901
            ],
            [
              121.0964777,
              14.633982
            ],
            [
              121.0964873,
              14.6339037
            ]
          ]
        ]
      },
      "id": "way/1485371857"
    },
    {
      "type": "Feature",
      "properties": {
        "@id": "way/1485371858",
        "building": "commercial"
      },
      "geometry": {
        "type": "Polygon",
        "coordinates": [
          [
            [
              121.0964777,
              14.633982
            ],
            [
              121.0965435,
              14.6339901
            ],
            [
              121.0965325,
              14.6340607
            ],
            [
              121.0964672,
              14.6340523
            ],
            [
              121.0964777,
              14.633982
            ]
          ]
        ]
      },
      "id": "way/1485371858"
    },
    {
      "type": "Feature",
      "properties": {
        "@id": "way/1485371861",
        "building": "commercial"
      },
      "geometry": {
        "type": "Polygon",
        "coordinates": [
          [
            [
              121.0964672,
              14.6340523
            ],
            [
              121.0965325,
              14.6340607
            ],
            [
              121.096765,
              14.634095
            ],
            [
              121.0967555,
              14.6341705
            ],
            [
              121.0964556,
              14.6341234
            ],
            [
              121.0964672,
              14.6340523
            ]
          ]
        ]
      },
      "id": "way/1485371861"
    },
    {
      "type": "Feature",
      "properties": {
        "@id": "way/1485371862",
        "building": "commercial"
      },
      "geometry": {
        "type": "Polygon",
        "coordinates": [
          [
            [
              121.0967555,
              14.6341705
            ],
            [
              121.0967452,
              14.6342384
            ],
            [
              121.096632,
              14.6342231
            ],
            [
              121.0964423,
              14.6341964
            ],
            [
              121.0964556,
              14.6341234
            ],
            [
              121.0967555,
              14.6341705
            ]
          ]
        ]
      },
      "id": "way/1485371862"
    },
    {
      "type": "Feature",
      "properties": {
        "@id": "way/1485371863",
        "addr:housenumber": "14",
        "addr:street": "P. de la Paz Street",
        "building": "commercial"
      },
      "geometry": {
        "type": "Polygon",
        "coordinates": [
          [
            [
              121.0967452,
              14.6342384
            ],
            [
              121.0967356,
              14.6343109
            ],
            [
              121.0966178,
              14.6342936
            ],
            [
              121.096632,
              14.6342231
            ],
            [
              121.0967452,
              14.6342384
            ]
          ]
        ]
      },
      "id": "way/1485371863"
    },
    {
      "type": "Feature",
      "properties": {
        "@id": "way/1485371864",
        "building": "commercial"
      },
      "geometry": {
        "type": "Polygon",
        "coordinates": [
          [
            [
              121.0966178,
              14.6342936
            ],
            [
              121.0964308,
              14.6342674
            ],
            [
              121.0964423,
              14.6341964
            ],
            [
              121.096632,
              14.6342231
            ],
            [
              121.0966178,
              14.6342936
            ]
          ]
        ]
      },
      "id": "way/1485371864"
    },
    {
      "type": "Feature",
      "properties": {
        "@id": "way/1485371865",
        "addr:housenumber": "16",
        "addr:street": "P. de la Paz Street",
        "building": "commercial"
      },
      "geometry": {
        "type": "Polygon",
        "coordinates": [
          [
            [
              121.0967356,
              14.6343109
            ],
            [
              121.0967452,
              14.6342384
            ],
            [
              121.0967555,
              14.6341705
            ],
            [
              121.0968563,
              14.6341817
            ],
            [
              121.0968441,
              14.6342618
            ],
            [
              121.0968344,
              14.6343262
            ],
            [
              121.0967356,
              14.6343109
            ]
          ]
        ]
      },
      "id": "way/1485371865"
    },
    {
      "type": "Feature",
      "properties": {
        "@id": "way/1485371866",
        "building": "commercial"
      },
      "geometry": {
        "type": "Polygon",
        "coordinates": [
          [
            [
              121.0969542,
              14.6341962
            ],
            [
              121.0969403,
              14.6342752
            ],
            [
              121.0968441,
              14.6342618
            ],
            [
              121.0968563,
              14.6341817
            ],
            [
              121.0969542,
              14.6341962
            ]
          ]
        ]
      },
      "id": "way/1485371866"
    },
    {
      "type": "Feature",
      "properties": {
        "@id": "way/1485371867",
        "building": "commercial"
      },
      "geometry": {
        "type": "Polygon",
        "coordinates": [
          [
            [
              121.0969403,
              14.6342752
            ],
            [
              121.0969283,
              14.6343384
            ],
            [
              121.0968344,
              14.6343262
            ],
            [
              121.0968441,
              14.6342618
            ],
            [
              121.0969403,
              14.6342752
            ]
          ]
        ]
      },
      "id": "way/1485371867"
    },
    {
      "type": "Feature",
      "properties": {
        "@id": "way/1485371868",
        "building": "commercial"
      },
      "geometry": {
        "type": "Polygon",
        "coordinates": [
          [
            [
              121.097509,
              14.6337169
            ],
            [
              121.0975052,
              14.6337507
            ],
            [
              121.0974179,
              14.6337426
            ],
            [
              121.0974228,
              14.6337072
            ],
            [
              121.097509,
              14.6337169
            ]
          ]
        ]
      },
      "id": "way/1485371868"
    },
    {
      "type": "Feature",
      "properties": {
        "@id": "way/1485371870",
        "building": "commercial"
      },
      "geometry": {
        "type": "Polygon",
        "coordinates": [
          [
            [
              121.0970778,
              14.6340773
            ],
            [
              121.09715,
              14.6340861
            ],
            [
              121.0972075,
              14.6340933
            ],
            [
              121.0971962,
              14.6341577
            ],
            [
              121.0970645,
              14.6341403
            ],
            [
              121.0970778,
              14.6340773
            ]
          ]
        ]
      },
      "id": "way/1485371870"
    },
    {
      "type": "Feature",
      "properties": {
        "@id": "way/1485371871",
        "building": "commercial"
      },
      "geometry": {
        "type": "Polygon",
        "coordinates": [
          [
            [
              121.0971962,
              14.6341577
            ],
            [
              121.0971846,
              14.6342283
            ],
            [
              121.0970514,
              14.6342118
            ],
            [
              121.0970645,
              14.6341403
            ],
            [
              121.0971962,
              14.6341577
            ]
          ]
        ]
      },
      "id": "way/1485371871"
    },
    {
      "type": "Feature",
      "properties": {
        "@id": "way/1485371872",
        "building": "commercial",
        "building:levels": "1"
      },
      "geometry": {
        "type": "Polygon",
        "coordinates": [
          [
            [
              121.0972156,
              14.6343776
            ],
            [
              121.0970253,
              14.6343442
            ],
            [
              121.0970514,
              14.6342118
            ],
            [
              121.0971846,
              14.6342283
            ],
            [
              121.0972573,
              14.6342414
            ],
            [
              121.0972385,
              14.6342864
            ],
            [
              121.0972156,
              14.6343776
            ]
          ]
        ]
      },
      "id": "way/1485371872"
    },
    {
      "type": "Feature",
      "properties": {
        "@id": "way/1485380590",
        "building": "commercial"
      },
      "geometry": {
        "type": "Polygon",
        "coordinates": [
          [
            [
              121.0969305,
              14.6344333
            ],
            [
              121.0969137,
              14.6345434
            ],
            [
              121.0968211,
              14.6345315
            ],
            [
              121.0968347,
              14.6344181
            ],
            [
              121.0969305,
              14.6344333
            ]
          ]
        ]
      },
      "id": "way/1485380590"
    },
    {
      "type": "Feature",
      "properties": {
        "@id": "way/1485380591",
        "building": "commercial"
      },
      "geometry": {
        "type": "Polygon",
        "coordinates": [
          [
            [
              121.0968211,
              14.6345315
            ],
            [
              121.096713,
              14.6345185
            ],
            [
              121.0967184,
              14.6344685
            ],
            [
              121.0967259,
              14.6344005
            ],
            [
              121.0968347,
              14.6344181
            ],
            [
              121.0968211,
              14.6345315
            ]
          ]
        ]
      },
      "id": "way/1485380591"
    },
    {
      "type": "Feature",
      "properties": {
        "@id": "way/1485380592",
        "building": "commercial"
      },
      "geometry": {
        "type": "Polygon",
        "coordinates": [
          [
            [
              121.0967184,
              14.6344685
            ],
            [
              121.0965986,
              14.6344568
            ],
            [
              121.096609,
              14.6343831
            ],
            [
              121.0967259,
              14.6344005
            ],
            [
              121.0967184,
              14.6344685
            ]
          ]
        ]
      },
      "id": "way/1485380592"
    },
    {
      "type": "Feature",
      "properties": {
        "@id": "way/1485380593",
        "building": "commercial"
      },
      "geometry": {
        "type": "Polygon",
        "coordinates": [
          [
            [
              121.0965986,
              14.6344568
            ],
            [
              121.0964921,
              14.6344449
            ],
            [
              121.0965016,
              14.6343648
            ],
            [
              121.096609,
              14.6343831
            ],
            [
              121.0965986,
              14.6344568
            ]
          ]
        ]
      },
      "id": "way/1485380593"
    },
    {
      "type": "Feature",
      "properties": {
        "@id": "way/1485380594",
        "building": "commercial"
      },
      "geometry": {
        "type": "Polygon",
        "coordinates": [
          [
            [
              121.0964921,
              14.6344449
            ],
            [
              121.0964121,
              14.6344357
            ],
            [
              121.096422,
              14.6343533
            ],
            [
              121.0965016,
              14.6343648
            ],
            [
              121.0964921,
              14.6344449
            ]
          ]
        ]
      },
      "id": "way/1485380594"
    },
    {
      "type": "Feature",
      "properties": {
        "@id": "way/1485385329",
        "building": "commercial"
      },
      "geometry": {
        "type": "Polygon",
        "coordinates": [
          [
            [
              121.0968239,
              14.635332
            ],
            [
              121.0968207,
              14.6354513
            ],
            [
              121.0966318,
              14.6354344
            ],
            [
              121.0966424,
              14.6353038
            ],
            [
              121.0968239,
              14.635332
            ]
          ]
        ]
      },
      "id": "way/1485385329"
    },
    {
      "type": "Feature",
      "properties": {
        "@id": "way/1485385330",
        "building": "commercial"
      },
      "geometry": {
        "type": "Polygon",
        "coordinates": [
          [
            [
              121.0966318,
              14.6354344
            ],
            [
              121.0964692,
              14.6354185
            ],
            [
              121.0964814,
              14.63528
            ],
            [
              121.0966424,
              14.6353038
            ],
            [
              121.0966318,
              14.6354344
            ]
          ]
        ]
      },
      "id": "way/1485385330"
    },
    {
      "type": "Feature",
      "properties": {
        "@id": "way/1485385331",
        "building": "commercial"
      },
      "geometry": {
        "type": "Polygon",
        "coordinates": [
          [
            [
              121.0964692,
              14.6354185
            ],
            [
              121.0964046,
              14.6354112
            ],
            [
              121.096314,
              14.6354011
            ],
            [
              121.0963274,
              14.6352678
            ],
            [
              121.0964814,
              14.63528
            ],
            [
              121.0964692,
              14.6354185
            ]
          ]
        ]
      },
      "id": "way/1485385331"
    },
    {
      "type": "Feature",
      "properties": {
        "@id": "way/1485385332",
        "building": "commercial"
      },
      "geometry": {
        "type": "Polygon",
        "coordinates": [
          [
            [
              121.096314,
              14.6354011
            ],
            [
              121.0964046,
              14.6354112
            ],
            [
              121.0963961,
              14.6354634
            ],
            [
              121.0963083,
              14.635455
            ],
            [
              121.096314,
              14.6354011
            ]
          ]
        ]
      },
      "id": "way/1485385332"
    },
    {
      "type": "Feature",
      "properties": {
        "@id": "way/1485385333",
        "building": "commercial"
      },
      "geometry": {
        "type": "Polygon",
        "coordinates": [
          [
            [
              121.0963961,
              14.6354634
            ],
            [
              121.0963918,
              14.6355169
            ],
            [
              121.096376,
              14.6355152
            ],
            [
              121.0963019,
              14.6355069
            ],
            [
              121.0963083,
              14.635455
            ],
            [
              121.0963961,
              14.6354634
            ]
          ]
        ]
      },
      "id": "way/1485385333"
    },
    {
      "type": "Feature",
      "properties": {
        "@id": "way/1485385334",
        "building": "commercial"
      },
      "geometry": {
        "type": "Polygon",
        "coordinates": [
          [
            [
              121.096376,
              14.6355152
            ],
            [
              121.0963712,
              14.635581
            ],
            [
              121.0962916,
              14.6355766
            ],
            [
              121.0963019,
              14.6355069
            ],
            [
              121.096376,
              14.6355152
            ]
          ]
        ]
      },
      "id": "way/1485385334"
    },
    {
      "type": "Feature",
      "properties": {
        "@id": "way/1485385335",
        "building": "commercial"
      },
      "geometry": {
        "type": "Polygon",
        "coordinates": [
          [
            [
              121.0963712,
              14.635581
            ],
            [
              121.0963679,
              14.6356212
            ],
            [
              121.0962867,
              14.6356216
            ],
            [
              121.0962916,
              14.6355766
            ],
            [
              121.0963712,
              14.635581
            ]
          ]
        ]
      },
      "id": "way/1485385335"
    },
    {
      "type": "Feature",
      "properties": {
        "@id": "way/1485385336",
        "building": "commercial"
      },
      "geometry": {
        "type": "Polygon",
        "coordinates": [
          [
            [
              121.0963679,
              14.6356212
            ],
            [
              121.0963685,
              14.6356634
            ],
            [
              121.0962869,
              14.6356694
            ],
            [
              121.0962867,
              14.6356216
            ],
            [
              121.0963679,
              14.6356212
            ]
          ]
        ]
      },
      "id": "way/1485385336"
    },
    {
      "type": "Feature",
      "properties": {
        "@id": "way/1485385337",
        "addr:street": "Sumulong Highway",
        "air_conditioning": "yes",
        "alt_name": "Banco de Oro",
        "amenity": "bank",
        "atm": "yes",
        "brand": "BDO",
        "brand:wikidata": "Q4854129",
        "building": "commercial",
        "building:levels": "2",
        "currency:PHP": "yes",
        "drive_through": "no",
        "name": "BDO"
      },
      "geometry": {
        "type": "Polygon",
        "coordinates": [
          [
            [
              121.0963685,
              14.6356634
            ],
            [
              121.0963679,
              14.6356212
            ],
            [
              121.0963712,
              14.635581
            ],
            [
              121.096376,
              14.6355152
            ],
            [
              121.0963918,
              14.6355169
            ],
            [
              121.0965088,
              14.6355246
            ],
            [
              121.0965506,
              14.6355274
            ],
            [
              121.0966234,
              14.6355321
            ],
            [
              121.0966227,
              14.6355623
            ],
            [
              121.0966229,
              14.6356437
            ],
            [
              121.0963685,
              14.6356634
            ]
          ]
        ]
      },
      "id": "way/1485385337"
    },
    {
      "type": "Feature",
      "properties": {
        "@id": "way/1485388232",
        "addr:housenumber": "179",
        "addr:street": "E. Dela Paz Street",
        "building": "commercial"
      },
      "geometry": {
        "type": "Polygon",
        "coordinates": [
          [
            [
              121.0964741,
              14.633433
            ],
            [
              121.0964602,
              14.6335156
            ],
            [
              121.0963569,
              14.6335006
            ],
            [
              121.0963716,
              14.6334129
            ],
            [
              121.0964741,
              14.633433
            ]
          ]
        ]
      },
      "id": "way/1485388232"
    },
    {
      "type": "Feature",
      "properties": {
        "@id": "way/1485388233",
        "addr:housenumber": "13",
        "addr:street": "Kapitan Venciong Street",
        "building": "commercial"
      },
      "geometry": {
        "type": "Polygon",
        "coordinates": [
          [
            [
              121.0963569,
              14.6335006
            ],
            [
              121.0963336,
              14.6334973
            ],
            [
              121.0962677,
              14.633488
            ],
            [
              121.0962794,
              14.6333977
            ],
            [
              121.0963716,
              14.6334129
            ],
            [
              121.0963569,
              14.6335006
            ]
          ]
        ]
      },
      "id": "way/1485388233"
    },
    {
      "type": "Feature",
      "properties": {
        "@id": "way/1485388234",
        "building": "commercial"
      },
      "geometry": {
        "type": "Polygon",
        "coordinates": [
          [
            [
              121.0962677,
              14.633488
            ],
            [
              121.0960941,
              14.6334714
            ],
            [
              121.0961069,
              14.6333712
            ],
            [
              121.0962794,
              14.6333977
            ],
            [
              121.0962677,
              14.633488
            ]
          ]
        ]
      },
      "id": "way/1485388234"
    },
    {
      "type": "Feature",
      "properties": {
        "@id": "way/1485388235",
        "building": "commercial"
      },
      "geometry": {
        "type": "Polygon",
        "coordinates": [
          [
            [
              121.0960941,
              14.6334714
            ],
            [
              121.0962677,
              14.633488
            ],
            [
              121.0962587,
              14.6335668
            ],
            [
              121.0961756,
              14.6335597
            ],
            [
              121.0960472,
              14.6335489
            ],
            [
              121.0960617,
              14.6334687
            ],
            [
              121.0960941,
              14.6334714
            ]
          ]
        ]
      },
      "id": "way/1485388235"
    },
    {
      "type": "Feature",
      "properties": {
        "@id": "way/1485388236",
        "building": "commercial"
      },
      "geometry": {
        "type": "Polygon",
        "coordinates": [
          [
            [
              121.0964602,
              14.6335156
            ],
            [
              121.0964537,
              14.6335564
            ],
            [
              121.0963284,
              14.6335376
            ],
            [
              121.0963336,
              14.6334973
            ],
            [
              121.0963569,
              14.6335006
            ],
            [
              121.0964602,
              14.6335156
            ]
          ]
        ]
      },
      "id": "way/1485388236"
    },
    {
      "type": "Feature",
      "properties": {
        "@id": "way/1485388237",
        "building": "commercial"
      },
      "geometry": {
        "type": "Polygon",
        "coordinates": [
          [
            [
              121.0964537,
              14.6335564
            ],
            [
              121.0964441,
              14.6336162
            ],
            [
              121.0963885,
              14.6336092
            ],
            [
              121.0963105,
              14.6336004
            ],
            [
              121.0962544,
              14.6335928
            ],
            [
              121.0962587,
              14.6335668
            ],
            [
              121.0962677,
              14.633488
            ],
            [
              121.0963336,
              14.6334973
            ],
            [
              121.0963284,
              14.6335376
            ],
            [
              121.0964537,
              14.6335564
            ]
          ]
        ]
      },
      "id": "way/1485388237"
    },
    {
      "type": "Feature",
      "properties": {
        "@id": "way/1485388240",
        "building": "commercial"
      },
      "geometry": {
        "type": "Polygon",
        "coordinates": [
          [
            [
              121.0964441,
              14.6336162
            ],
            [
              121.0964389,
              14.6336497
            ],
            [
              121.0963835,
              14.6336423
            ],
            [
              121.0963885,
              14.6336092
            ],
            [
              121.0964441,
              14.6336162
            ]
          ]
        ]
      },
      "id": "way/1485388240"
    },
    {
      "type": "Feature",
      "properties": {
        "@id": "way/1485388241",
        "building": "commercial"
      },
      "geometry": {
        "type": "Polygon",
        "coordinates": [
          [
            [
              121.0964389,
              14.6336497
            ],
            [
              121.0964272,
              14.6337144
            ],
            [
              121.0963473,
              14.6337044
            ],
            [
              121.0963544,
              14.6336559
            ],
            [
              121.0963042,
              14.6336501
            ],
            [
              121.0963105,
              14.6336004
            ],
            [
              121.0963885,
              14.6336092
            ],
            [
              121.0963835,
              14.6336423
            ],
            [
              121.0964389,
              14.6336497
            ]
          ]
        ]
      },
      "id": "way/1485388241"
    },
    {
      "type": "Feature",
      "properties": {
        "@id": "way/1485388244",
        "building": "commercial"
      },
      "geometry": {
        "type": "Polygon",
        "coordinates": [
          [
            [
              121.0964272,
              14.6337144
            ],
            [
              121.0964169,
              14.6337657
            ],
            [
              121.0962794,
              14.6337482
            ],
            [
              121.0962866,
              14.6336961
            ],
            [
              121.0963473,
              14.6337044
            ],
            [
              121.0964272,
              14.6337144
            ]
          ]
        ]
      },
      "id": "way/1485388244"
    },
    {
      "type": "Feature",
      "properties": {
        "@id": "way/1485388248",
        "building": "commercial"
      },
      "geometry": {
        "type": "Polygon",
        "coordinates": [
          [
            [
              121.0964169,
              14.6337657
            ],
            [
              121.0964054,
              14.6338237
            ],
            [
              121.0962524,
              14.6338039
            ],
            [
              121.0962608,
              14.6337458
            ],
            [
              121.0962794,
              14.6337482
            ],
            [
              121.0964169,
              14.6337657
            ]
          ]
        ]
      },
      "id": "way/1485388248"
    },
    {
      "type": "Feature",
      "properties": {
        "@id": "way/1485388249",
        "building": "commercial"
      },
      "geometry": {
        "type": "Polygon",
        "coordinates": [
          [
            [
              121.0964054,
              14.6338237
            ],
            [
              121.0963938,
              14.6338853
            ],
            [
              121.0963803,
              14.6338831
            ],
            [
              121.0961998,
              14.6338543
            ],
            [
              121.096207,
              14.633799
            ],
            [
              121.0962524,
              14.6338039
            ],
            [
              121.0964054,
              14.6338237
            ]
          ]
        ]
      },
      "id": "way/1485388249"
    },
    {
      "type": "Feature",
      "properties": {
        "@id": "way/1485388250",
        "building": "commercial"
      },
      "geometry": {
        "type": "Polygon",
        "coordinates": [
          [
            [
              121.0963803,
              14.6338831
            ],
            [
              121.0963725,
              14.6339436
            ],
            [
              121.0961922,
              14.6339126
            ],
            [
              121.0961998,
              14.6338543
            ],
            [
              121.0963803,
              14.6338831
            ]
          ]
        ]
      },
      "id": "way/1485388250"
    },
    {
      "type": "Feature",
      "properties": {
        "@id": "way/1485388253",
        "addr:housenumber": "249",
        "addr:street": "E. Dela Paz Street",
        "building": "commercial"
      },
      "geometry": {
        "type": "Polygon",
        "coordinates": [
          [
            [
              121.0963725,
              14.6339436
            ],
            [
              121.0963643,
              14.6339985
            ],
            [
              121.0961761,
              14.6339724
            ],
            [
              121.0961833,
              14.6339115
            ],
            [
              121.0961922,
              14.6339126
            ],
            [
              121.0963725,
              14.6339436
            ]
          ]
        ]
      },
      "id": "way/1485388253"
    },
    {
      "type": "Feature",
      "properties": {
        "@id": "way/1485388254",
        "building": "commercial"
      },
      "geometry": {
        "type": "Polygon",
        "coordinates": [
          [
            [
              121.0963643,
              14.6339985
            ],
            [
              121.0963723,
              14.6340001
            ],
            [
              121.0963654,
              14.6340664
            ],
            [
              121.0963476,
              14.6340637
            ],
            [
              121.0961711,
              14.6340351
            ],
            [
              121.0961724,
              14.6340145
            ],
            [
              121.0961761,
              14.6339724
            ],
            [
              121.0963643,
              14.6339985
            ]
          ]
        ]
      },
      "id": "way/1485388254"
    },
    {
      "type": "Feature",
      "properties": {
        "@id": "way/1485388255",
        "building": "commercial"
      },
      "geometry": {
        "type": "Polygon",
        "coordinates": [
          [
            [
              121.0963476,
              14.6340637
            ],
            [
              121.0963391,
              14.6341175
            ],
            [
              121.0962656,
              14.634108
            ],
            [
              121.0962139,
              14.6340955
            ],
            [
              121.0961702,
              14.6340864
            ],
            [
              121.0961711,
              14.6340351
            ],
            [
              121.0963476,
              14.6340637
            ]
          ]
        ]
      },
      "id": "way/1485388255"
    },
    {
      "type": "Feature",
      "properties": {
        "@id": "way/1485388256",
        "building": "commercial"
      },
      "geometry": {
        "type": "Polygon",
        "coordinates": [
          [
            [
              121.0963391,
              14.6341175
            ],
            [
              121.0963333,
              14.6341677
            ],
            [
              121.0962104,
              14.6341514
            ],
            [
              121.0962139,
              14.6340955
            ],
            [
              121.0962656,
              14.634108
            ],
            [
              121.0963391,
              14.6341175
            ]
          ]
        ]
      },
      "id": "way/1485388256"
    },
    {
      "type": "Feature",
      "properties": {
        "@id": "way/1485388257",
        "building": "commercial"
      },
      "geometry": {
        "type": "Polygon",
        "coordinates": [
          [
            [
              121.0963333,
              14.6341677
            ],
            [
              121.0963483,
              14.6341709
            ],
            [
              121.0963388,
              14.6342464
            ],
            [
              121.0961568,
              14.6342226
            ],
            [
              121.0961597,
              14.6341446
            ],
            [
              121.0962104,
              14.6341514
            ],
            [
              121.0963333,
              14.6341677
            ]
          ]
        ]
      },
      "id": "way/1485388257"
    },
    {
      "type": "Feature",
      "properties": {
        "@id": "way/1485395810",
        "building": "commercial"
      },
      "geometry": {
        "type": "Polygon",
        "coordinates": [
          [
            [
              121.0959885,
              14.6333608
            ],
            [
              121.0959743,
              14.6334426
            ],
            [
              121.0958224,
              14.6334252
            ],
            [
              121.09584,
              14.6333269
            ],
            [
              121.0959885,
              14.6333608
            ]
          ]
        ]
      },
      "id": "way/1485395810"
    },
    {
      "type": "Feature",
      "properties": {
        "@id": "way/1485395812",
        "addr:housenumber": "1",
        "addr:street": "Padre Burgos Street",
        "building": "commercial"
      },
      "geometry": {
        "type": "Polygon",
        "coordinates": [
          [
            [
              121.0959743,
              14.6334426
            ],
            [
              121.0959649,
              14.6334976
            ],
            [
              121.0959647,
              14.6334985
            ],
            [
              121.0957179,
              14.6334682
            ],
            [
              121.095725,
              14.6334171
            ],
            [
              121.0958224,
              14.6334252
            ],
            [
              121.0959743,
              14.6334426
            ]
          ]
        ]
      },
      "id": "way/1485395812"
    },
    {
      "type": "Feature",
      "properties": {
        "@id": "way/1485395813",
        "building": "commercial"
      },
      "geometry": {
        "type": "Polygon",
        "coordinates": [
          [
            [
              121.0956936,
              14.6332935
            ],
            [
              121.0956617,
              14.6334295
            ],
            [
              121.0956242,
              14.6335966
            ],
            [
              121.0955673,
              14.6335872
            ],
            [
              121.095599,
              14.6334217
            ],
            [
              121.0956131,
              14.6332785
            ],
            [
              121.0956936,
              14.6332935
            ]
          ]
        ]
      },
      "id": "way/1485395813"
    },
    {
      "type": "Feature",
      "properties": {
        "@id": "way/1485395814",
        "building": "commercial"
      },
      "geometry": {
        "type": "Polygon",
        "coordinates": [
          [
            [
              121.0956131,
              14.6332785
            ],
            [
              121.095599,
              14.6334217
            ],
            [
              121.0955673,
              14.6335872
            ],
            [
              121.0954709,
              14.6335573
            ],
            [
              121.095453,
              14.6335517
            ],
            [
              121.0954717,
              14.6334709
            ],
            [
              121.0954814,
              14.6334291
            ],
            [
              121.0955116,
              14.6334322
            ],
            [
              121.0955186,
              14.6333509
            ],
            [
              121.0955341,
              14.6333516
            ],
            [
              121.0955459,
              14.6332669
            ],
            [
              121.0956131,
              14.6332785
            ]
          ]
        ]
      },
      "id": "way/1485395814"
    },
    {
      "type": "Feature",
      "properties": {
        "@id": "way/1485395815",
        "building": "commercial"
      },
      "geometry": {
        "type": "Polygon",
        "coordinates": [
          [
            [
              121.0955341,
              14.6333516
            ],
            [
              121.0955186,
              14.6333509
            ],
            [
              121.0954855,
              14.6333466
            ],
            [
              121.0954979,
              14.6332593
            ],
            [
              121.0955459,
              14.6332669
            ],
            [
              121.0955341,
              14.6333516
            ]
          ]
        ]
      },
      "id": "way/1485395815"
    },
    {
      "type": "Feature",
      "properties": {
        "@id": "way/1485395816",
        "building": "commercial",
        "shop": "hardware"
      },
      "geometry": {
        "type": "Polygon",
        "coordinates": [
          [
            [
              121.0954855,
              14.6333466
            ],
            [
              121.0955186,
              14.6333509
            ],
            [
              121.0955116,
              14.6334322
            ],
            [
              121.0954814,
              14.6334291
            ],
            [
              121.0953633,
              14.633404
            ],
            [
              121.0953902,
              14.6332412
            ],
            [
              121.0954979,
              14.6332593
            ],
            [
              121.0954855,
              14.6333466
            ]
          ]
        ]
      },
      "id": "way/1485395816"
    },
    {
      "type": "Feature",
      "properties": {
        "@id": "way/1485395823",
        "addr:housenumber": "3",
        "addr:street": "Padre Burgos Street",
        "building": "commercial"
      },
      "geometry": {
        "type": "Polygon",
        "coordinates": [
          [
            [
              121.0959649,
              14.6334976
            ],
            [
              121.0959328,
              14.6337035
            ],
            [
              121.0956947,
              14.6336564
            ],
            [
              121.0956994,
              14.6336109
            ],
            [
              121.0957179,
              14.6334682
            ],
            [
              121.0959649,
              14.6334976
            ]
          ]
        ]
      },
      "id": "way/1485395823"
    },
    {
      "type": "Feature",
      "properties": {
        "@id": "way/1489475527",
        "building": "commercial"
      },
      "geometry": {
        "type": "Polygon",
        "coordinates": [
          [
            [
              121.1131337,
              14.6324882
            ],
            [
              121.1131418,
              14.6322563
            ],
            [
              121.1133126,
              14.6322619
            ],
            [
              121.1133046,
              14.6324938
            ],
            [
              121.1131337,
              14.6324882
            ]
          ]
        ]
      },
      "id": "way/1489475527"
    },
    {
      "type": "Feature",
      "properties": {
        "@id": "way/1493459615",
        "addr:street": "Lark Street",
        "amenity": "vehicle_inspection",
        "building": "commercial",
        "building:levels": "1"
      },
      "geometry": {
        "type": "Polygon",
        "coordinates": [
          [
            [
              121.1015652,
              14.6339843
            ],
            [
              121.10159,
              14.6341059
            ],
            [
              121.1015938,
              14.6341236
            ],
            [
              121.1014555,
              14.6341498
            ],
            [
              121.1014243,
              14.6340133
            ],
            [
              121.1015652,
              14.6339843
            ]
          ]
        ]
      },
      "id": "way/1493459615"
    },
    {
      "type": "Feature",
      "properties": {
        "@id": "way/1493575667",
        "building": "commercial",
        "building:levels": "2"
      },
      "geometry": {
        "type": "Polygon",
        "coordinates": [
          [
            [
              121.1181642,
              14.6236561
            ],
            [
              121.1181449,
              14.623759
            ],
            [
              121.1181305,
              14.6238308
            ],
            [
              121.1179875,
              14.6237999
            ],
            [
              121.118023,
              14.6236325
            ],
            [
              121.1181642,
              14.6236561
            ]
          ]
        ]
      },
      "id": "way/1493575667"
    },
    {
      "type": "Feature",
      "properties": {
        "@id": "way/1494516348",
        "building": "commercial"
      },
      "geometry": {
        "type": "Polygon",
        "coordinates": [
          [
            [
              121.1084817,
              14.6303391
            ],
            [
              121.1084648,
              14.6302045
            ],
            [
              121.1085313,
              14.6301972
            ],
            [
              121.1085463,
              14.6303288
            ],
            [
              121.1084817,
              14.6303391
            ]
          ]
        ]
      },
      "id": "way/1494516348"
    },
    {
      "type": "Feature",
      "properties": {
        "@id": "way/1494516349",
        "building": "commercial"
      },
      "geometry": {
        "type": "Polygon",
        "coordinates": [
          [
            [
              121.1085248,
              14.6301407
            ],
            [
              121.1085313,
              14.6301972
            ],
            [
              121.1084648,
              14.6302045
            ],
            [
              121.1083253,
              14.6302209
            ],
            [
              121.1083229,
              14.6302045
            ],
            [
              121.108317,
              14.6301637
            ],
            [
              121.1085248,
              14.6301407
            ]
          ]
        ]
      },
      "id": "way/1494516349"
    },
    {
      "type": "Feature",
      "properties": {
        "@id": "way/1494516350",
        "building": "commercial"
      },
      "geometry": {
        "type": "Polygon",
        "coordinates": [
          [
            [
              121.1081914,
              14.6302413
            ],
            [
              121.1081875,
              14.6301798
            ],
            [
              121.108317,
              14.6301637
            ],
            [
              121.1083229,
              14.6302045
            ],
            [
              121.1083049,
              14.6302077
            ],
            [
              121.1083059,
              14.6302296
            ],
            [
              121.1081914,
              14.6302413
            ]
          ]
        ]
      },
      "id": "way/1494516350"
    },
    {
      "type": "Feature",
      "properties": {
        "@id": "way/1494516351",
        "building": "commercial"
      },
      "geometry": {
        "type": "Polygon",
        "coordinates": [
          [
            [
              121.1082073,
              14.6303809
            ],
            [
              121.108199,
              14.6303085
            ],
            [
              121.108317,
              14.6302939
            ],
            [
              121.1083291,
              14.6303629
            ],
            [
              121.1082184,
              14.6303802
            ],
            [
              121.1082073,
              14.6303809
            ]
          ]
        ]
      },
      "id": "way/1494516351"
    },
    {
      "type": "Feature",
      "properties": {
        "@id": "way/1494517958",
        "building": "commercial",
        "building:levels": "1"
      },
      "geometry": {
        "type": "Polygon",
        "coordinates": [
          [
            [
              121.1083768,
              14.6323043
            ],
            [
              121.108369,
              14.632245
            ],
            [
              121.1084417,
              14.632235
            ],
            [
              121.1084492,
              14.6322975
            ],
            [
              121.1083768,
              14.6323043
            ]
          ]
        ]
      },
      "id": "way/1494517958"
    },
    {
      "type": "Feature",
      "properties": {
        "@id": "way/1494517960",
        "building": "commercial"
      },
      "geometry": {
        "type": "Polygon",
        "coordinates": [
          [
            [
              121.108369,
              14.632245
            ],
            [
              121.1083613,
              14.6321928
            ],
            [
              121.1084385,
              14.6321785
            ],
            [
              121.1084482,
              14.6322337
            ],
            [
              121.1084417,
              14.632235
            ],
            [
              121.108369,
              14.632245
            ]
          ]
        ]
      },
      "id": "way/1494517960"
    },
    {
      "type": "Feature",
      "properties": {
        "@id": "way/1494517961",
        "building": "commercial"
      },
      "geometry": {
        "type": "Polygon",
        "coordinates": [
          [
            [
              121.1083613,
              14.6321928
            ],
            [
              121.1083578,
              14.6321723
            ],
            [
              121.1083639,
              14.6321602
            ],
            [
              121.1083778,
              14.6321486
            ],
            [
              121.1083939,
              14.6321418
            ],
            [
              121.1084333,
              14.6321356
            ],
            [
              121.1084385,
              14.6321785
            ],
            [
              121.1083613,
              14.6321928
            ]
          ]
        ]
      },
      "id": "way/1494517961"
    },
    {
      "type": "Feature",
      "properties": {
        "@id": "way/1494608240",
        "addr:city": "Marikina",
        "addr:street": "Kapitan Antonio P. Santos Street",
        "building": "commercial"
      },
      "geometry": {
        "type": "Polygon",
        "coordinates": [
          [
            [
              121.0961361,
              14.6323861
            ],
            [
              121.0960967,
              14.6323843
            ],
            [
              121.0961033,
              14.6323242
            ],
            [
              121.0961428,
              14.6323267
            ],
            [
              121.0961361,
              14.6323861
            ]
          ]
        ]
      },
      "id": "way/1494608240"
    },
    {
      "type": "Feature",
      "properties": {
        "@id": "way/1494908293",
        "building": "commercial"
      },
      "geometry": {
        "type": "Polygon",
        "coordinates": [
          [
            [
              121.0955711,
              14.6323552
            ],
            [
              121.0955933,
              14.6322808
            ],
            [
              121.0956108,
              14.6322836
            ],
            [
              121.0957175,
              14.6323042
            ],
            [
              121.0957146,
              14.6323267
            ],
            [
              121.0957519,
              14.6323335
            ],
            [
              121.0957452,
              14.6323856
            ],
            [
              121.0957032,
              14.632381
            ],
            [
              121.0956361,
              14.6323684
            ],
            [
              121.0955711,
              14.6323552
            ]
          ]
        ]
      },
      "id": "way/1494908293"
    },
    {
      "type": "Feature",
      "properties": {
        "@id": "way/1503252634",
        "building": "university"
      },
      "geometry": {
        "type": "Polygon",
        "coordinates": [
          [
            [
              121.0633357,
              14.684042
            ],
            [
              121.0633359,
              14.6840168
            ],
            [
              121.0633364,
              14.6839404
            ],
            [
              121.06318,
              14.6839393
            ],
            [
              121.0631802,
              14.6839237
            ],
            [
              121.0631325,
              14.6839234
            ],
            [
              121.0631332,
              14.6838339
            ],
            [
              121.063178,
              14.6838342
            ],
            [
              121.0631782,
              14.6837976
            ],
            [
              121.063793,
              14.683802
            ],
            [
              121.0637925,
              14.6838837
            ],
            [
              121.0638498,
              14.6838847
            ],
            [
              121.0638935,
              14.6838854
            ],
            [
              121.0639557,
              14.6838856
            ],
            [
              121.0640619,
              14.6838859
            ],
            [
              121.064116,
              14.6839377
            ],
            [
              121.0641528,
              14.6839381
            ],
            [
              121.0642169,
              14.6839387
            ],
            [
              121.0643318,
              14.6839399
            ],
            [
              121.0643902,
              14.6839178
            ],
            [
              121.0644066,
              14.6839176
            ],
            [
              121.064422,
              14.6839174
            ],
            [
              121.0644382,
              14.6839172
            ],
            [
              121.0645027,
              14.6839164
            ],
            [
              121.0645197,
              14.6838978
            ],
            [
              121.0645214,
              14.6837998
            ],
            [
              121.0646345,
              14.6837993
            ],
            [
              121.0646347,
              14.6838407
            ],
            [
              121.0646348,
              14.6838698
            ],
            [
              121.0646001,
              14.68387
            ],
            [
              121.0645986,
              14.6841327
            ],
            [
              121.0645006,
              14.6841344
            ],
            [
              121.0644131,
              14.6841354
            ],
            [
              121.0644016,
              14.6841227
            ],
            [
              121.0640194,
              14.6841231
            ],
            [
              121.0639657,
              14.6840684
            ],
            [
              121.0637914,
              14.6840678
            ],
            [
              121.0637912,
              14.6841085
            ],
            [
              121.0637852,
              14.6841152
            ],
            [
              121.0637432,
              14.6841625
            ],
            [
              121.0636788,
              14.6841601
            ],
            [
              121.0636295,
              14.6841077
            ],
            [
              121.0636312,
              14.6840459
            ],
            [
              121.0633626,
              14.6840423
            ],
            [
              121.0633357,
              14.684042
            ]
          ]
        ]
      },
      "id": "way/1503252634"
    },
    {
      "type": "Feature",
      "properties": {
        "@id": "way/1503579764",
        "building": "commercial"
      },
      "geometry": {
        "type": "Polygon",
        "coordinates": [
          [
            [
              121.0831625,
              14.6650573
            ],
            [
              121.082926,
              14.664628
            ],
            [
              121.0830154,
              14.6646134
            ],
            [
              121.0831601,
              14.6648368
            ],
            [
              121.0831753,
              14.6648181
            ],
            [
              121.0832501,
              14.6649381
            ],
            [
              121.0831625,
              14.6650573
            ]
          ]
        ]
      },
      "id": "way/1503579764"
    },
    {
      "type": "Feature",
      "properties": {
        "@id": "way/1511502618",
        "building": "commercial",
        "building:levels": "2"
      },
      "geometry": {
        "type": "Polygon",
        "coordinates": [
          [
            [
              121.0729277,
              14.6371719
            ],
            [
              121.0729227,
              14.6370299
            ],
            [
              121.0730459,
              14.6369906
            ],
            [
              121.073046,
              14.6370626
            ],
            [
              121.0730771,
              14.6370601
            ],
            [
              121.0730792,
              14.6371896
            ],
            [
              121.072929,
              14.6371968
            ],
            [
              121.0729277,
              14.6371719
            ]
          ]
        ]
      },
      "id": "way/1511502618"
    },
    {
      "type": "Feature",
      "properties": {
        "@id": "way/114653636",
        "@relations": [
          {
            "role": "",
            "rel": 11897371,
            "reltags": {
              "addr:city": "Marikina",
              "addr:postcode": "1807",
              "addr:quarter": "Concepcion Uno",
              "addr:street": "Exequiel Street",
              "addr:street:corner": "Eraño Manalo",
              "building": "commercial",
              "building:levels": "4",
              "name": "LSL Corporate Center",
              "type": "multipolygon"
            }
          }
        ]
      },
      "geometry": {
        "type": "LineString",
        "coordinates": [
          [
            121.1008309,
            14.6444788
          ],
          [
            121.1013276,
            14.6442482
          ],
          [
            121.1012128,
            14.6440166
          ],
          [
            121.1008136,
            14.6442023
          ],
          [
            121.1007162,
            14.6442476
          ],
          [
            121.1008309,
            14.6444788
          ]
        ]
      },
      "id": "way/114653636"
    },
    {
      "type": "Feature",
      "properties": {
        "@id": "way/450041010",
        "@relations": [
          {
            "role": "",
            "rel": 11897371,
            "reltags": {
              "addr:city": "Marikina",
              "addr:postcode": "1807",
              "addr:quarter": "Concepcion Uno",
              "addr:street": "Exequiel Street",
              "addr:street:corner": "Eraño Manalo",
              "building": "commercial",
              "building:levels": "4",
              "name": "LSL Corporate Center",
              "type": "multipolygon"
            }
          }
        ]
      },
      "geometry": {
        "type": "LineString",
        "coordinates": [
          [
            121.1019437,
            14.6436592
          ],
          [
            121.102038,
            14.643614
          ],
          [
            121.1020475,
            14.6436333
          ],
          [
            121.102002,
            14.6436544
          ],
          [
            121.1020247,
            14.6437003
          ],
          [
            121.1021841,
            14.6436264
          ],
          [
            121.1021613,
            14.6435805
          ],
          [
            121.1021722,
            14.6435755
          ],
          [
            121.102162,
            14.6435548
          ],
          [
            121.1021576,
            14.6435566
          ],
          [
            121.1021231,
            14.6434894
          ],
          [
            121.1019093,
            14.643592
          ],
          [
            121.1019437,
            14.6436592
          ]
        ]
      },
      "id": "way/450041010"
    }
  ]
}