{
  "type": "FeatureCollection",
  "generator": "overpass-turbo",
  "copyright": "The data included in this document is from www.openstreetmap.org. The data is made available under ODbL.",
  "timestamp": "2026-08-07T04:42:35Z",
  "features": [
    {
      "type": "Feature",
      "properties": {
        "@id": "relation/1437047",
        "natural": "water",
        "type": "multipolygon"
      },
      "geometry": {
        "type": "Polygon",
        "coordinates": [
          [
            [
              121.0859127,
              14.6356108
            ],
            [
              121.0859012,
              14.6355476
            ],
            [
              121.0859481,
              14.6353261
            ],
            [
              121.085964,
              14.6352914
            ],
            [
              121.0860234,
              14.6352434
            ],
            [
              121.0860569,
              14.6351576
            ],
            [
              121.0861233,
              14.6351234
            ],
            [
              121.0861631,
              14.6351533
            ],
            [
              121.0862007,
              14.6351994
            ],
            [
              121.086218,
              14.6352647
            ],
            [
              121.0862949,
              14.6353152
            ],
            [
              121.0862871,
              14.6353913
            ],
            [
              121.0863058,
              14.6354087
            ],
            [
              121.0863377,
              14.6354145
            ],
            [
              121.0863628,
              14.6353914
            ],
            [
              121.0864005,
              14.6353634
            ],
            [
              121.08636,
              14.6354325
            ],
            [
              121.0864545,
              14.6354823
            ],
            [
              121.0864452,
              14.6355181
            ],
            [
              121.0863466,
              14.6354847
            ],
            [
              121.0863284,
              14.6355173
            ],
            [
              121.086331,
              14.6356987
            ],
            [
              121.0864105,
              14.6357514
            ],
            [
              121.0864231,
              14.6358159
            ],
            [
              121.0864474,
              14.635925
            ],
            [
              121.0864319,
              14.6359475
            ],
            [
              121.0863965,
              14.6359753
            ],
            [
              121.0863412,
              14.6359903
            ],
            [
              121.0863124,
              14.6359893
            ],
            [
              121.0862748,
              14.6359529
            ],
            [
              121.0862549,
              14.6359079
            ],
            [
              121.0862483,
              14.6358683
            ],
            [
              121.0862582,
              14.6358373
            ],
            [
              121.0862793,
              14.6357966
            ],
            [
              121.0862881,
              14.6357538
            ],
            [
              121.0862693,
              14.6357292
            ],
            [
              121.0862361,
              14.6357099
            ],
            [
              121.0861919,
              14.6356906
            ],
            [
              121.086152,
              14.6356628
            ],
            [
              121.0861111,
              14.6356425
            ],
            [
              121.0860602,
              14.6356403
            ],
            [
              121.0859972,
              14.6356521
            ],
            [
              121.0859127,
              14.6356108
            ]
          ],
          [
            [
              121.086372,
              14.6358439
            ],
            [
              121.0863604,
              14.6358433
            ],
            [
              121.0863343,
              14.6358554
            ],
            [
              121.0863242,
              14.635872
            ],
            [
              121.0863255,
              14.6358986
            ],
            [
              121.0863414,
              14.6359174
            ],
            [
              121.086366,
              14.635924
            ],
            [
              121.0863898,
              14.6359155
            ],
            [
              121.0864025,
              14.6358998
            ],
            [
              121.0864057,
              14.6358788
            ],
            [
              121.0863964,
              14.6358578
            ],
            [
              121.086372,
              14.6358439
            ]
          ]
        ]
      },
      "id": "relation/1437047"
    },
    {
      "type": "Feature",
      "properties": {
        "@id": "relation/1723155",
        "natural": "water",
        "type": "multipolygon",
        "water": "river"
      },
      "geometry": {
        "type": "Polygon",
        "coordinates": [
          [
            [
              121.0682091,
              14.5580819
            ],
            [
              121.0682767,
              14.5580813
            ],
            [
              121.0686672,
              14.5579716
            ],
            [
              121.0688045,
              14.5579248
            ],
            [
              121.0689236,
              14.5578842
            ],
            [
              121.0692436,
              14.5578281
            ],
            [
              121.0695453,
              14.557826
            ],
            [
              121.0698276,
              14.5579029
            ],
            [
              121.0708361,
              14.5583953
            ],
            [
              121.0716744,
              14.5588787
            ],
            [
              121.0718851,
              14.5592103
            ],
            [
              121.0723431,
              14.5597396
            ],
            [
              121.0725217,
              14.5599459
            ],
            [
              121.0729325,
              14.5605476
            ],
            [
              121.0731965,
              14.5614109
            ],
            [
              121.073577,
              14.5627127
            ],
            [
              121.0736248,
              14.5633639
            ],
            [
              121.0736607,
              14.5637537
            ],
            [
              121.0737236,
              14.5642192
            ],
            [
              121.0737589,
              14.5647392
            ],
            [
              121.0737907,
              14.5650645
            ],
            [
              121.073837,
              14.56553
            ],
            [
              121.073881,
              14.5659054
            ],
            [
              121.0740072,
              14.566085
            ],
            [
              121.0740653,
              14.566491
            ],
            [
              121.0740939,
              14.5667344
            ],
            [
              121.0740328,
              14.566859
            ],
            [
              121.0740673,
              14.5671331
            ],
            [
              121.0740345,
              14.567461
            ],
            [
              121.0740777,
              14.5676672
            ],
            [
              121.0744427,
              14.5690736
            ],
            [
              121.0746371,
              14.5697155
            ],
            [
              121.0748212,
              14.5704309
            ],
            [
              121.0753348,
              14.5719583
            ],
            [
              121.0755241,
              14.5725209
            ],
            [
              121.0756593,
              14.5728316
            ],
            [
              121.075862,
              14.5732339
            ],
            [
              121.0762777,
              14.5738488
            ],
            [
              121.0765784,
              14.5742249
            ],
            [
              121.0767711,
              14.574431
            ],
            [
              121.0770245,
              14.5747057
            ],
            [
              121.0774469,
              14.5751112
            ],
            [
              121.0779674,
              14.5756542
            ],
            [
              121.0784844,
              14.5760793
            ],
            [
              121.0794408,
              14.576812
            ],
            [
              121.0805538,
              14.5778599
            ],
            [
              121.0810967,
              14.5785944
            ],
            [
              121.0811965,
              14.5787263
            ],
            [
              121.0814042,
              14.5789967
            ],
            [
              121.081761,
              14.5796229
            ],
            [
              121.0820803,
              14.5802986
            ],
            [
              121.0823276,
              14.5807948
            ],
            [
              121.0823911,
              14.5811186
            ],
            [
              121.0823996,
              14.5813741
            ],
            [
              121.0825146,
              14.581679
            ],
            [
              121.0826892,
              14.5821323
            ],
            [
              121.0828358,
              14.5825795
            ],
            [
              121.0830298,
              14.5829152
            ],
            [
              121.0832296,
              14.5831998
            ],
            [
              121.0836176,
              14.5845705
            ],
            [
              121.0837276,
              14.5856505
            ],
            [
              121.0838838,
              14.5864417
            ],
            [
              121.0838771,
              14.5868338
            ],
            [
              121.0839194,
              14.5874044
            ],
            [
              121.0838784,
              14.5879117
            ],
            [
              121.0836733,
              14.5888325
            ],
            [
              121.0834829,
              14.5895925
            ],
            [
              121.0834519,
              14.5898521
            ],
            [
              121.0834064,
              14.5899528
            ],
            [
              121.0833317,
              14.5900313
            ],
            [
              121.083203,
              14.5901559
            ],
            [
              121.0831612,
              14.5904088
            ],
            [
              121.0832234,
              14.5904929
            ],
            [
              121.0832812,
              14.5905093
            ],
            [
              121.0831815,
              14.5911475
            ],
            [
              121.0830903,
              14.5915524
            ],
            [
              121.0828776,
              14.5930681
            ],
            [
              121.0826562,
              14.5945513
            ],
            [
              121.0827486,
              14.596133
            ],
            [
              121.0828516,
              14.5981763
            ],
            [
              121.0826993,
              14.6000308
            ],
            [
              121.0825922,
              14.6013456
            ],
            [
              121.0825351,
              14.6018129
            ],
            [
              121.0825297,
              14.6021036
            ],
            [
              121.0825107,
              14.6023829
            ],
            [
              121.0826752,
              14.6026469
            ],
            [
              121.0830147,
              14.6029906
            ],
            [
              121.0832889,
              14.6031094
            ],
            [
              121.0838113,
              14.6032088
            ],
            [
              121.0843323,
              14.6031623
            ],
            [
              121.084882,
              14.6029632
            ],
            [
              121.0854446,
              14.6026473
            ],
            [
              121.0858047,
              14.6024644
            ],
            [
              121.0860495,
              14.6022753
            ],
            [
              121.0863348,
              14.6020042
            ],
            [
              121.0865736,
              14.6017331
            ],
            [
              121.0868547,
              14.6013779
            ],
            [
              121.0872488,
              14.6007925
            ],
            [
              121.0873835,
              14.6002965
            ],
            [
              121.0874338,
              14.5998572
            ],
            [
              121.0876424,
              14.599564
            ],
            [
              121.0877729,
              14.5993814
            ],
            [
              121.0880173,
              14.5991931
            ],
            [
              121.0884212,
              14.5990447
            ],
            [
              121.088843,
              14.5990283
            ],
            [
              121.0891185,
              14.5990344
            ],
            [
              121.0892902,
              14.5989967
            ],
            [
              121.0893642,
              14.5988967
            ],
            [
              121.0908441,
              14.599399
            ],
            [
              121.0908126,
              14.6002128
            ],
            [
              121.0907026,
              14.60103
            ],
            [
              121.0906849,
              14.6012688
            ],
            [
              121.0905627,
              14.601709
            ],
            [
              121.0903184,
              14.6024141
            ],
            [
              121.0901016,
              14.6028382
            ],
            [
              121.0898298,
              14.6031641
            ],
            [
              121.0894226,
              14.6039522
            ],
            [
              121.0893357,
              14.6041415
            ],
            [
              121.0890629,
              14.6045461
            ],
            [
              121.0889322,
              14.6047537
            ],
            [
              121.0888244,
              14.6049777
            ],
            [
              121.0887246,
              14.605133
            ],
            [
              121.088681,
              14.6051693
            ],
            [
              121.0886519,
              14.6052193
            ],
            [
              121.088593,
              14.605326
            ],
            [
              121.0885575,
              14.6054026
            ],
            [
              121.0885337,
              14.6054919
            ],
            [
              121.088558,
              14.6055143
            ],
            [
              121.0883461,
              14.6056974
            ],
            [
              121.088044,
              14.6064236
            ],
            [
              121.088121,
              14.6065373
            ],
            [
              121.0874144,
              14.6073266
            ],
            [
              121.0868682,
              14.6077659
            ],
            [
              121.0849906,
              14.6092014
            ],
            [
              121.0828705,
              14.6108872
            ],
            [
              121.0804546,
              14.6127088
            ],
            [
              121.0799736,
              14.6131716
            ],
            [
              121.0796563,
              14.6135912
            ],
            [
              121.0793897,
              14.6139871
            ],
            [
              121.079261,
              14.6142485
            ],
            [
              121.0791121,
              14.6146256
            ],
            [
              121.0788283,
              14.6157941
            ],
            [
              121.0791255,
              14.6172798
            ],
            [
              121.0793345,
              14.6177609
            ],
            [
              121.0795584,
              14.6181141
            ],
            [
              121.0800714,
              14.6186943
            ],
            [
              121.0808923,
              14.6193709
            ],
            [
              121.0813171,
              14.6197502
            ],
            [
              121.0814574,
              14.6202371
            ],
            [
              121.0818172,
              14.6211725
            ],
            [
              121.0820533,
              14.6219149
            ],
            [
              121.0820906,
              14.6224207
            ],
            [
              121.0822567,
              14.6237539
            ],
            [
              121.0822424,
              14.6239169
            ],
            [
              121.0822277,
              14.6240933
            ],
            [
              121.0822168,
              14.6242372
            ],
            [
              121.0822044,
              14.6243718
            ],
            [
              121.0821997,
              14.6245063
            ],
            [
              121.0822117,
              14.6247668
            ],
            [
              121.0822474,
              14.6250144
            ],
            [
              121.0822387,
              14.6252054
            ],
            [
              121.0822597,
              14.6254515
            ],
            [
              121.0823204,
              14.6257287
            ],
            [
              121.0823917,
              14.6260063
            ],
            [
              121.0824186,
              14.6261576
            ],
            [
              121.0825094,
              14.6265897
            ],
            [
              121.0825847,
              14.6267061
            ],
            [
              121.0826181,
              14.626754
            ],
            [
              121.0826803,
              14.6269353
            ],
            [
              121.0828778,
              14.6275901
            ],
            [
              121.0830372,
              14.6280541
            ],
            [
              121.0831957,
              14.628434
            ],
            [
              121.0833431,
              14.628847
            ],
            [
              121.0834921,
              14.6293044
            ],
            [
              121.0835905,
              14.629518
            ],
            [
              121.0837506,
              14.6297973
            ],
            [
              121.0838872,
              14.6299502
            ],
            [
              121.0839838,
              14.6299866
            ],
            [
              121.0841206,
              14.6299995
            ],
            [
              121.0842051,
              14.6299879
            ],
            [
              121.0843311,
              14.629958
            ],
            [
              121.0847467,
              14.6297994
            ],
            [
              121.0850135,
              14.6296692
            ],
            [
              121.0852106,
              14.6295382
            ],
            [
              121.0854815,
              14.629362
            ],
            [
              121.0857573,
              14.6290628
            ],
            [
              121.0860051,
              14.6287338
            ],
            [
              121.0863233,
              14.628159
            ],
            [
              121.0865365,
              14.627815
            ],
            [
              121.0868011,
              14.6275
            ],
            [
              121.0871782,
              14.6270866
            ],
            [
              121.0872989,
              14.6269569
            ],
            [
              121.0876763,
              14.6265385
            ],
            [
              121.0881235,
              14.6260893
            ],
            [
              121.0885566,
              14.6256442
            ],
            [
              121.0887149,
              14.6254762
            ],
            [
              121.089022,
              14.6251875
            ],
            [
              121.089423,
              14.6248488
            ],
            [
              121.0897516,
              14.6246022
            ],
            [
              121.0900614,
              14.6243959
            ],
            [
              121.0903765,
              14.6242233
            ],
            [
              121.090573,
              14.6241331
            ],
            [
              121.0908446,
              14.6240326
            ],
            [
              121.0911547,
              14.6239597
            ],
            [
              121.0924262,
              14.6239839
            ],
            [
              121.0927025,
              14.6240945
            ],
            [
              121.0929647,
              14.6242857
            ],
            [
              121.0932298,
              14.6245541
            ],
            [
              121.0933497,
              14.6247018
            ],
            [
              121.0935641,
              14.6250277
            ],
            [
              121.0937357,
              14.6253984
            ],
            [
              121.0939244,
              14.6258339
            ],
            [
              121.0939655,
              14.6259494
            ],
            [
              121.0940403,
              14.6261722
            ],
            [
              121.0941101,
              14.6264223
            ],
            [
              121.0942003,
              14.6268609
            ],
            [
              121.0942501,
              14.6272166
            ],
            [
              121.0943149,
              14.6276685
            ],
            [
              121.0943687,
              14.6281359
            ],
            [
              121.0943811,
              14.628368
            ],
            [
              121.0944191,
              14.6286538
            ],
            [
              121.0944206,
              14.6287328
            ],
            [
              121.0944253,
              14.6287901
            ],
            [
              121.0944244,
              14.6289044
            ],
            [
              121.0944221,
              14.6291331
            ],
            [
              121.0944137,
              14.6293127
            ],
            [
              121.0943956,
              14.6295
            ],
            [
              121.0943731,
              14.6296668
            ],
            [
              121.0943325,
              14.6299131
            ],
            [
              121.0942546,
              14.6303322
            ],
            [
              121.0942445,
              14.6303868
            ],
            [
              121.0941829,
              14.6307049
            ],
            [
              121.0941728,
              14.6307592
            ],
            [
              121.0941364,
              14.6309785
            ],
            [
              121.0941271,
              14.6310335
            ],
            [
              121.0940994,
              14.6312229
            ],
            [
              121.0940905,
              14.6312735
            ],
            [
              121.0940201,
              14.6317346
            ],
            [
              121.0940123,
              14.6317912
            ],
            [
              121.0939599,
              14.6321246
            ],
            [
              121.093951,
              14.6321788
            ],
            [
              121.0939356,
              14.6323148
            ],
            [
              121.093931,
              14.6323695
            ],
            [
              121.0939188,
              14.6325485
            ],
            [
              121.0939147,
              14.6326796
            ],
            [
              121.0939003,
              14.6329444
            ],
            [
              121.0938779,
              14.6331662
            ],
            [
              121.0938716,
              14.6332194
            ],
            [
              121.0938391,
              14.6334729
            ],
            [
              121.0938287,
              14.6335361
            ],
            [
              121.0938131,
              14.6336437
            ],
            [
              121.0937803,
              14.633831
            ],
            [
              121.0937337,
              14.6341425
            ],
            [
              121.093713,
              14.6342551
            ],
            [
              121.0936716,
              14.63446
            ],
            [
              121.0936418,
              14.6346147
            ],
            [
              121.0936111,
              14.6347455
            ],
            [
              121.0935573,
              14.6350764
            ],
            [
              121.0934697,
              14.6354964
            ],
            [
              121.0934463,
              14.635613
            ],
            [
              121.0934098,
              14.6357216
            ],
            [
              121.0933294,
              14.6362165
            ],
            [
              121.0932936,
              14.6364178
            ],
            [
              121.0932112,
              14.6368134
            ],
            [
              121.0930863,
              14.6373242
            ],
            [
              121.0928969,
              14.6379823
            ],
            [
              121.0927203,
              14.6385961
            ],
            [
              121.0923779,
              14.6396221
            ],
            [
              121.0921839,
              14.6402259
            ],
            [
              121.0913598,
              14.6430422
            ],
            [
              121.0903108,
              14.6449602
            ],
            [
              121.090174,
              14.6452975
            ],
            [
              121.0900587,
              14.645583
            ],
            [
              121.0899836,
              14.6458607
            ],
            [
              121.0899299,
              14.6460709
            ],
            [
              121.0898763,
              14.646333
            ],
            [
              121.089828,
              14.6466288
            ],
            [
              121.0897556,
              14.6469428
            ],
            [
              121.0896456,
              14.6473424
            ],
            [
              121.0895652,
              14.647698
            ],
            [
              121.0895196,
              14.6479445
            ],
            [
              121.0894874,
              14.6481235
            ],
            [
              121.0894713,
              14.6482922
            ],
            [
              121.0894605,
              14.6484583
            ],
            [
              121.089423,
              14.6486374
            ],
            [
              121.0893667,
              14.6487879
            ],
            [
              121.0892969,
              14.6490577
            ],
            [
              121.0892647,
              14.6492991
            ],
            [
              121.0892567,
              14.6494859
            ],
            [
              121.0892782,
              14.649748
            ],
            [
              121.0893238,
              14.6500309
            ],
            [
              121.0893935,
              14.6503034
            ],
            [
              121.089533,
              14.65069
            ],
            [
              121.0896912,
              14.6509339
            ],
            [
              121.0898951,
              14.6511415
            ],
            [
              121.090166,
              14.6513984
            ],
            [
              121.09073,
              14.651706
            ],
            [
              121.0911067,
              14.6519733
            ],
            [
              121.0913441,
              14.6521166
            ],
            [
              121.0922889,
              14.6524909
            ],
            [
              121.0929417,
              14.6526891
            ],
            [
              121.0950606,
              14.6535496
            ],
            [
              121.0955034,
              14.6539003
            ],
            [
              121.0956528,
              14.6540741
            ],
            [
              121.0957843,
              14.6541936
            ],
            [
              121.0961063,
              14.6548188
            ],
            [
              121.0963087,
              14.6552396
            ],
            [
              121.0964271,
              14.6556692
            ],
            [
              121.0965172,
              14.6561949
            ],
            [
              121.0965369,
              14.6569029
            ],
            [
              121.0964424,
              14.6584234
            ],
            [
              121.0963066,
              14.6590126
            ],
            [
              121.0961206,
              14.6601568
            ],
            [
              121.0960771,
              14.6604527
            ],
            [
              121.0961036,
              14.6607048
            ],
            [
              121.096187,
              14.6609397
            ],
            [
              121.0962633,
              14.6611274
            ],
            [
              121.0962759,
              14.6613377
            ],
            [
              121.096311,
              14.6614766
            ],
            [
              121.0963337,
              14.6615098
            ],
            [
              121.0965247,
              14.6620404
            ],
            [
              121.0969453,
              14.6624396
            ],
            [
              121.097367,
              14.6629585
            ],
            [
              121.0979446,
              14.6635094
            ],
            [
              121.0980552,
              14.6637693
            ],
            [
              121.0981689,
              14.6641071
            ],
            [
              121.0985777,
              14.6646732
            ],
            [
              121.0987669,
              14.6652224
            ],
            [
              121.0988122,
              14.6653487
            ],
            [
              121.0988316,
              14.6654217
            ],
            [
              121.0988485,
              14.6654984
            ],
            [
              121.0988726,
              14.6656557
            ],
            [
              121.0988664,
              14.6657229
            ],
            [
              121.0988469,
              14.6658625
            ],
            [
              121.0991057,
              14.6670181
            ],
            [
              121.0991151,
              14.66734
            ],
            [
              121.0991672,
              14.6676383
            ],
            [
              121.0991117,
              14.6679401
            ],
            [
              121.0992046,
              14.6682272
            ],
            [
              121.0995291,
              14.6691969
            ],
            [
              121.0998303,
              14.6695673
            ],
            [
              121.1002366,
              14.6699559
            ],
            [
              121.1007666,
              14.6703263
            ],
            [
              121.1011711,
              14.6706967
            ],
            [
              121.1016594,
              14.6709362
            ],
            [
              121.1024618,
              14.6714664
            ],
            [
              121.1032557,
              14.6720521
            ],
            [
              121.1036807,
              14.6725603
            ],
            [
              121.104038,
              14.6729353
            ],
            [
              121.1052195,
              14.6746001
            ],
            [
              121.1056001,
              14.6748508
            ],
            [
              121.1060188,
              14.6750958
            ],
            [
              121.106329,
              14.6753842
            ],
            [
              121.1064467,
              14.6754494
            ],
            [
              121.1065214,
              14.6754567
            ],
            [
              121.1066236,
              14.6754369
            ],
            [
              121.1067149,
              14.6755962
            ],
            [
              121.1068033,
              14.6757183
            ],
            [
              121.1074978,
              14.6763225
            ],
            [
              121.1078946,
              14.6767754
            ],
            [
              121.1081508,
              14.6771232
            ],
            [
              121.1083806,
              14.6775159
            ],
            [
              121.1089343,
              14.678488
            ],
            [
              121.1095007,
              14.679407
            ],
            [
              121.1099387,
              14.6798418
            ],
            [
              121.1103346,
              14.6803835
            ],
            [
              121.1112786,
              14.6822185
            ],
            [
              121.111561,
              14.6828577
            ],
            [
              121.1116685,
              14.683118
            ],
            [
              121.1118275,
              14.6833522
            ],
            [
              121.1119002,
              14.6834593
            ],
            [
              121.112127,
              14.6837433
            ],
            [
              121.1121874,
              14.6838475
            ],
            [
              121.1122174,
              14.6839609
            ],
            [
              121.1122915,
              14.6842416
            ],
            [
              121.1123583,
              14.6845641
            ],
            [
              121.1123165,
              14.6845918
            ],
            [
              121.1123803,
              14.6846533
            ],
            [
              121.1123663,
              14.6847297
            ],
            [
              121.1123957,
              14.6853751
            ],
            [
              121.1121846,
              14.6860717
            ],
            [
              121.1119084,
              14.6876383
            ],
            [
              121.1116868,
              14.6884006
            ],
            [
              121.1114892,
              14.6891456
            ],
            [
              121.111517,
              14.6909979
            ],
            [
              121.1115927,
              14.6920334
            ],
            [
              121.1116975,
              14.6930459
            ],
            [
              121.1116592,
              14.6940898
            ],
            [
              121.1116146,
              14.6951529
            ],
            [
              121.1115235,
              14.695388
            ],
            [
              121.1115616,
              14.6956675
            ],
            [
              121.1118372,
              14.6959471
            ],
            [
              121.1120743,
              14.6960796
            ],
            [
              121.112283,
              14.696337
            ],
            [
              121.1122003,
              14.6967179
            ],
            [
              121.1124739,
              14.6972134
            ],
            [
              121.112549,
              14.6975455
            ],
            [
              121.1130331,
              14.6976883
            ],
            [
              121.1132839,
              14.6978542
            ],
            [
              121.1135017,
              14.6979487
            ],
            [
              121.1137811,
              14.6980129
            ],
            [
              121.1139089,
              14.6978698
            ],
            [
              121.1143032,
              14.697766
            ],
            [
              121.1146961,
              14.6976773
            ],
            [
              121.1149397,
              14.6976315
            ],
            [
              121.1152484,
              14.6976234
            ],
            [
              121.1163281,
              14.6976442
            ],
            [
              121.116917,
              14.6976804
            ],
            [
              121.1172108,
              14.6976585
            ],
            [
              121.117275,
              14.6976402
            ],
            [
              121.1173475,
              14.6976259
            ],
            [
              121.117326,
              14.6974495
            ],
            [
              121.1174682,
              14.6974132
            ],
            [
              121.1176077,
              14.697382
            ],
            [
              121.1177605,
              14.6973652
            ],
            [
              121.1179684,
              14.6973574
            ],
            [
              121.1181226,
              14.6973548
            ],
            [
              121.1182782,
              14.6973587
            ],
            [
              121.1183969,
              14.6973691
            ],
            [
              121.1184881,
              14.6973859
            ],
            [
              121.1185759,
              14.6974119
            ],
            [
              121.1186819,
              14.6974547
            ],
            [
              121.1187291,
              14.6974775
            ],
            [
              121.1188187,
              14.6975208
            ],
            [
              121.1189206,
              14.6975688
            ],
            [
              121.1189809,
              14.6976065
            ],
            [
              121.11904,
              14.6976674
            ],
            [
              121.1190869,
              14.6977025
            ],
            [
              121.1191526,
              14.697718
            ],
            [
              121.1192371,
              14.6977206
            ],
            [
              121.1192787,
              14.6977336
            ],
            [
              121.1193296,
              14.6977673
            ],
            [
              121.1194155,
              14.6978348
            ],
            [
              121.1195375,
              14.6979152
            ],
            [
              121.1196864,
              14.6980073
            ],
            [
              121.119862,
              14.6980955
            ],
            [
              121.1199868,
              14.6981617
            ],
            [
              121.1200686,
              14.6982187
            ],
            [
              121.1201517,
              14.6982992
            ],
            [
              121.1202241,
              14.6983926
            ],
            [
              121.1202966,
              14.6985288
            ],
            [
              121.1203891,
              14.6988181
            ],
            [
              121.1204562,
              14.6989776
            ],
            [
              121.1205339,
              14.6990996
            ],
            [
              121.1206225,
              14.6992838
            ],
            [
              121.1207619,
              14.6994732
            ],
            [
              121.1207696,
              14.6996883
            ],
            [
              121.1208075,
              14.6997819
            ],
            [
              121.1209041,
              14.7000154
            ],
            [
              121.120936,
              14.7002615
            ],
            [
              121.1209282,
              14.7005524
            ],
            [
              121.120837,
              14.7007212
            ],
            [
              121.1206503,
              14.7013338
            ],
            [
              121.1204189,
              14.7015839
            ],
            [
              121.1202251,
              14.701742
            ],
            [
              121.1198175,
              14.7020019
            ],
            [
              121.1194148,
              14.7023008
            ],
            [
              121.1192879,
              14.702514
            ],
            [
              121.1192791,
              14.7027412
            ],
            [
              121.1193417,
              14.7030004
            ],
            [
              121.1194868,
              14.7035015
            ],
            [
              121.1197016,
              14.7039468
            ],
            [
              121.1198466,
              14.7041827
            ],
            [
              121.1199836,
              14.7043449
            ],
            [
              121.1200906,
              14.7045808
            ],
            [
              121.1202886,
              14.7048093
            ],
            [
              121.1202218,
              14.7050041
            ],
            [
              121.1202061,
              14.7051857
            ],
            [
              121.1202195,
              14.7055119
            ],
            [
              121.1202683,
              14.7057556
            ],
            [
              121.1202495,
              14.705834
            ],
            [
              121.1202456,
              14.706031
            ],
            [
              121.1204096,
              14.7062986
            ],
            [
              121.1204729,
              14.7064208
            ],
            [
              121.1204891,
              14.7068804
            ],
            [
              121.1205952,
              14.7071417
            ],
            [
              121.1206372,
              14.7073613
            ],
            [
              121.120263,
              14.7075391
            ],
            [
              121.1201477,
              14.7076143
            ],
            [
              121.1201128,
              14.7077077
            ],
            [
              121.1201128,
              14.7078633
            ],
            [
              121.1202255,
              14.707949
            ],
            [
              121.1204213,
              14.7079438
            ],
            [
              121.1206037,
              14.7078867
            ],
            [
              121.1208656,
              14.7077385
            ],
            [
              121.1209455,
              14.7075874
            ],
            [
              121.1210091,
              14.7075147
            ],
            [
              121.1210881,
              14.7074024
            ],
            [
              121.1212315,
              14.7072072
            ],
            [
              121.1215056,
              14.7069555
            ],
            [
              121.121937,
              14.7065994
            ],
            [
              121.1222425,
              14.7063398
            ],
            [
              121.1225507,
              14.7063998
            ],
            [
              121.1227432,
              14.7064208
            ],
            [
              121.1234804,
              14.7066865
            ],
            [
              121.1236513,
              14.7067075
            ],
            [
              121.1239414,
              14.7068562
            ],
            [
              121.1242099,
              14.7070975
            ],
            [
              121.1245192,
              14.7075002
            ],
            [
              121.1246705,
              14.7078377
            ],
            [
              121.1248195,
              14.7083825
            ],
            [
              121.1248517,
              14.708815
            ],
            [
              121.1249644,
              14.7091669
            ],
            [
              121.12495,
              14.7093623
            ],
            [
              121.1250376,
              14.7097063
            ],
            [
              121.1250831,
              14.7101927
            ],
            [
              121.1250508,
              14.7105739
            ],
            [
              121.1250683,
              14.710988
            ],
            [
              121.1250419,
              14.7117347
            ],
            [
              121.1250311,
              14.7127561
            ],
            [
              121.1250705,
              14.7130979
            ],
            [
              121.1250617,
              14.7133849
            ],
            [
              121.1249627,
              14.7136344
            ],
            [
              121.1244862,
              14.7145587
            ],
            [
              121.124184,
              14.7150976
            ],
            [
              121.1242266,
              14.7154398
            ],
            [
              121.1244264,
              14.7157313
            ],
            [
              121.1246927,
              14.7158163
            ],
            [
              121.1251204,
              14.7160667
            ],
            [
              121.1254716,
              14.7163544
            ],
            [
              121.125572,
              14.7164838
            ],
            [
              121.1258315,
              14.7167914
            ],
            [
              121.1259397,
              14.7170811
            ],
            [
              121.1260124,
              14.7174362
            ],
            [
              121.1259188,
              14.7176745
            ],
            [
              121.1256349,
              14.7182776
            ],
            [
              121.1255065,
              14.7188995
            ],
            [
              121.1252736,
              14.7195256
            ],
            [
              121.125226,
              14.7197419
            ],
            [
              121.1251926,
              14.7199388
            ],
            [
              121.1252356,
              14.7201389
            ],
            [
              121.1253103,
              14.7203181
            ],
            [
              121.1254896,
              14.7206865
            ],
            [
              121.1256994,
              14.7208374
            ],
            [
              121.1258219,
              14.7210158
            ],
            [
              121.1258751,
              14.7210792
            ],
            [
              121.1259321,
              14.7211391
            ],
            [
              121.1260311,
              14.7212253
            ],
            [
              121.1262068,
              14.7213582
            ],
            [
              121.1263975,
              14.7215006
            ],
            [
              121.1266809,
              14.7217005
            ],
            [
              121.1268629,
              14.7217688
            ],
            [
              121.1270634,
              14.7218346
            ],
            [
              121.1271537,
              14.7218657
            ],
            [
              121.1272886,
              14.7219735
            ],
            [
              121.1274805,
              14.7221351
            ],
            [
              121.1275362,
              14.7221818
            ],
            [
              121.1275207,
              14.7221967
            ],
            [
              121.1275226,
              14.7222165
            ],
            [
              121.1275449,
              14.7222416
            ],
            [
              121.1274817,
              14.7222895
            ],
            [
              121.1273283,
              14.7223817
            ],
            [
              121.1272862,
              14.7224583
            ],
            [
              121.1272763,
              14.7225242
            ],
            [
              121.1272763,
              14.7225637
            ],
            [
              121.1272936,
              14.7225876
            ],
            [
              121.1272961,
              14.7226319
            ],
            [
              121.1273233,
              14.7226894
            ],
            [
              121.127394,
              14.7228193
            ],
            [
              121.127419,
              14.7228721
            ],
            [
              121.1274611,
              14.7228766
            ],
            [
              121.127536,
              14.7229686
            ],
            [
              121.1276061,
              14.7230335
            ],
            [
              121.1277008,
              14.7231179
            ],
            [
              121.1278228,
              14.723201
            ],
            [
              121.1278582,
              14.7232162
            ],
            [
              121.1278857,
              14.7231972
            ],
            [
              121.1279152,
              14.7231972
            ],
            [
              121.1279702,
              14.7232181
            ],
            [
              121.1280684,
              14.7232732
            ],
            [
              121.1281608,
              14.7233721
            ],
            [
              121.1282276,
              14.7233949
            ],
            [
              121.1283985,
              14.7236077
            ],
            [
              121.1285243,
              14.7236761
            ],
            [
              121.1286932,
              14.7237483
            ],
            [
              121.128874,
              14.7238015
            ],
            [
              121.1291294,
              14.7238376
            ],
            [
              121.1293161,
              14.723868
            ],
            [
              121.129432,
              14.7238984
            ],
            [
              121.1296108,
              14.7240011
            ],
            [
              121.1296132,
              14.7240712
            ],
            [
              121.1296319,
              14.7241074
            ],
            [
              121.1296943,
              14.7241692
            ],
            [
              121.1297832,
              14.724219
            ],
            [
              121.1299173,
              14.7242702
            ],
            [
              121.1300545,
              14.7243517
            ],
            [
              121.130053,
              14.7244075
            ],
            [
              121.1301044,
              14.7244633
            ],
            [
              121.1301826,
              14.7245255
            ],
            [
              121.1302229,
              14.7245779
            ],
            [
              121.1302136,
              14.7246126
            ],
            [
              121.1301637,
              14.7246036
            ],
            [
              121.1301185,
              14.7245493
            ],
            [
              121.130053,
              14.7245267
            ],
            [
              121.1300202,
              14.7245478
            ],
            [
              121.1299516,
              14.7246096
            ],
            [
              121.1299142,
              14.7246473
            ],
            [
              121.1299422,
              14.7247001
            ],
            [
              121.1299469,
              14.7247755
            ],
            [
              121.129989,
              14.7249067
            ],
            [
              121.1300296,
              14.7250726
            ],
            [
              121.1301294,
              14.7252355
            ],
            [
              121.1302023,
              14.7253445
            ],
            [
              121.1301862,
              14.7253673
            ],
            [
              121.1301714,
              14.7253996
            ],
            [
              121.1301466,
              14.7254738
            ],
            [
              121.1301652,
              14.7255002
            ],
            [
              121.1301294,
              14.7255357
            ],
            [
              121.1301669,
              14.7256372
            ],
            [
              121.1301342,
              14.7256534
            ],
            [
              121.130112,
              14.7256737
            ],
            [
              121.1301,
              14.7257189
            ],
            [
              121.1301217,
              14.7257569
            ],
            [
              121.1301583,
              14.725791
            ],
            [
              121.1302042,
              14.7258102
            ],
            [
              121.1302339,
              14.7258173
            ],
            [
              121.1302307,
              14.725832
            ],
            [
              121.1302038,
              14.725846
            ],
            [
              121.1302093,
              14.7258679
            ],
            [
              121.1302292,
              14.7259361
            ],
            [
              121.1302617,
              14.7260065
            ],
            [
              121.1302939,
              14.7260437
            ],
            [
              121.1303088,
              14.7260885
            ],
            [
              121.1302908,
              14.7261454
            ],
            [
              121.1303119,
              14.726216
            ],
            [
              121.1303335,
              14.7262855
            ],
            [
              121.1303707,
              14.7263393
            ],
            [
              121.1304313,
              14.7264423
            ],
            [
              121.1304573,
              14.7265021
            ],
            [
              121.1304152,
              14.7265524
            ],
            [
              121.1303905,
              14.7266386
            ],
            [
              121.1303843,
              14.7267104
            ],
            [
              121.1304016,
              14.7267691
            ],
            [
              121.1304239,
              14.7267811
            ],
            [
              121.1304449,
              14.7268194
            ],
            [
              121.1304783,
              14.7268242
            ],
            [
              121.1305068,
              14.7267978
            ],
            [
              121.1305241,
              14.7268062
            ],
            [
              121.130518,
              14.7268661
            ],
            [
              121.1304301,
              14.7270133
            ],
            [
              121.130409,
              14.7271007
            ],
            [
              121.1304016,
              14.7271761
            ],
            [
              121.1303583,
              14.7272192
            ],
            [
              121.1303484,
              14.727309
            ],
            [
              121.1303137,
              14.7274586
            ],
            [
              121.1302518,
              14.727546
            ],
            [
              121.1301961,
              14.7276226
            ],
            [
              121.1301751,
              14.727728
            ],
            [
              121.1301058,
              14.7278824
            ],
            [
              121.1300513,
              14.7279853
            ],
            [
              121.1300142,
              14.7281601
            ],
            [
              121.1299672,
              14.7283193
            ],
            [
              121.1299325,
              14.7284702
            ],
            [
              121.1299251,
              14.7285971
            ],
            [
              121.129904,
              14.7286425
            ],
            [
              121.1299176,
              14.728712
            ],
            [
              121.1299473,
              14.7287886
            ],
            [
              121.1299461,
              14.7288604
            ],
            [
              121.1299399,
              14.7289454
            ],
            [
              121.129956,
              14.7291202
            ],
            [
              121.1299436,
              14.7292351
            ],
            [
              121.1299201,
              14.7292602
            ],
            [
              121.1299201,
              14.7292973
            ],
            [
              121.1299449,
              14.7293189
            ],
            [
              121.1299424,
              14.7293847
            ],
            [
              121.1299498,
              14.729538
            ],
            [
              121.1299795,
              14.7296337
            ],
            [
              121.1299931,
              14.7297307
            ],
            [
              121.1299647,
              14.7297726
            ],
            [
              121.1299436,
              14.7298241
            ],
            [
              121.1299672,
              14.7298803
            ],
            [
              121.129987,
              14.7299809
            ],
            [
              121.1300278,
              14.7302837
            ],
            [
              121.1300699,
              14.7307302
            ],
            [
              121.1301194,
              14.7309541
            ],
            [
              121.1301528,
              14.7312773
            ],
            [
              121.1301739,
              14.7314676
            ],
            [
              121.1301553,
              14.7315419
            ],
            [
              121.1301875,
              14.7316161
            ],
            [
              121.13018,
              14.7316831
            ],
            [
              121.1303662,
              14.7319807
            ],
            [
              121.1304235,
              14.7322499
            ],
            [
              121.1304806,
              14.7326198
            ],
            [
              121.130616,
              14.7329853
            ],
            [
              121.1307389,
              14.7335278
            ],
            [
              121.1310257,
              14.7342273
            ],
            [
              121.1313719,
              14.7346237
            ],
            [
              121.1318326,
              14.7351046
            ],
            [
              121.132433,
              14.7355669
            ],
            [
              121.132898,
              14.7358746
            ],
            [
              121.1335143,
              14.7361485
            ],
            [
              121.1336606,
              14.7362509
            ],
            [
              121.1338234,
              14.7363649
            ],
            [
              121.1342024,
              14.7364011
            ],
            [
              121.1347416,
              14.7364728
            ],
            [
              121.1352856,
              14.7364751
            ],
            [
              121.1358546,
              14.7364266
            ],
            [
              121.1361663,
              14.7364073
            ],
            [
              121.1365275,
              14.7362966
            ],
            [
              121.1368066,
              14.7361706
            ],
            [
              121.1372506,
              14.7360978
            ],
            [
              121.137738,
              14.7360435
            ],
            [
              121.1380601,
              14.7360338
            ],
            [
              121.1383696,
              14.7360232
            ],
            [
              121.1387276,
              14.7360821
            ],
            [
              121.1391316,
              14.7360821
            ],
            [
              121.1396986,
              14.7360249
            ],
            [
              121.1402826,
              14.7359863
            ],
            [
              121.1408776,
              14.7360379
            ],
            [
              121.1414716,
              14.7361706
            ],
            [
              121.1419327,
              14.7362681
            ],
            [
              121.142456,
              14.7365165
            ],
            [
              121.1429155,
              14.7366578
            ],
            [
              121.1432502,
              14.7366917
            ],
            [
              121.1435206,
              14.7366703
            ],
            [
              121.1438645,
              14.7365768
            ],
            [
              121.1444231,
              14.736491
            ],
            [
              121.1448636,
              14.736338
            ],
            [
              121.1455372,
              14.7363904
            ],
            [
              121.1459277,
              14.736384
            ],
            [
              121.1462584,
              14.736391
            ],
            [
              121.1465862,
              14.7364145
            ],
            [
              121.1470214,
              14.7364001
            ],
            [
              121.1473097,
              14.7364101
            ],
            [
              121.1473309,
              14.7369882
            ],
            [
              121.1465262,
              14.7369781
            ],
            [
              121.146021,
              14.7369767
            ],
            [
              121.1455063,
              14.7369668
            ],
            [
              121.1449137,
              14.7370017
            ],
            [
              121.1441971,
              14.7370451
            ],
            [
              121.1437376,
              14.7370199
            ],
            [
              121.1434085,
              14.7372209
            ],
            [
              121.1430544,
              14.7373242
            ],
            [
              121.1427938,
              14.7373021
            ],
            [
              121.1425292,
              14.73718
            ],
            [
              121.1422576,
              14.7368457
            ],
            [
              121.1419976,
              14.7366276
            ],
            [
              121.1415856,
              14.7364802
            ],
            [
              121.1411381,
              14.7362896
            ],
            [
              121.1405753,
              14.7361903
            ],
            [
              121.1400846,
              14.7362664
            ],
            [
              121.1396194,
              14.7362575
            ],
            [
              121.1389866,
              14.7363917
            ],
            [
              121.1385596,
              14.7364286
            ],
            [
              121.1379956,
              14.7364433
            ],
            [
              121.1373476,
              14.7365023
            ],
            [
              121.1369436,
              14.7366129
            ],
            [
              121.1365786,
              14.7367529
            ],
            [
              121.1362656,
              14.7367824
            ],
            [
              121.1359296,
              14.736865
            ],
            [
              121.1354656,
              14.7368635
            ],
            [
              121.1348846,
              14.7368857
            ],
            [
              121.1343986,
              14.7369151
            ],
            [
              121.1339716,
              14.736834
            ],
            [
              121.1333686,
              14.7366436
            ],
            [
              121.1328056,
              14.7364212
            ],
            [
              121.1322486,
              14.7361264
            ],
            [
              121.1317156,
              14.7356776
            ],
            [
              121.1313116,
              14.7353524
            ],
            [
              121.1309226,
              14.7349101
            ],
            [
              121.1305818,
              14.7344628
            ],
            [
              121.1303391,
              14.7339065
            ],
            [
              121.1301625,
              14.7335607
            ],
            [
              121.1300624,
              14.7331506
            ],
            [
              121.1299188,
              14.7323182
            ],
            [
              121.1298799,
              14.732098
            ],
            [
              121.1297878,
              14.731724
            ],
            [
              121.1297364,
              14.7311946
            ],
            [
              121.1297723,
              14.7311508
            ],
            [
              121.1297426,
              14.7310196
            ],
            [
              121.1297005,
              14.7307602
            ],
            [
              121.1296756,
              14.7307074
            ],
            [
              121.1296553,
              14.7305943
            ],
            [
              121.1296366,
              14.7303741
            ],
            [
              121.1296101,
              14.7301252
            ],
            [
              121.1295602,
              14.7300483
            ],
            [
              121.1295508,
              14.7297949
            ],
            [
              121.1295196,
              14.7296109
            ],
            [
              121.1295383,
              14.72935
            ],
            [
              121.1296007,
              14.7284315
            ],
            [
              121.1297348,
              14.7278961
            ],
            [
              121.1297629,
              14.7277905
            ],
            [
              121.1298268,
              14.7277362
            ],
            [
              121.1299142,
              14.7275793
            ],
            [
              121.1299765,
              14.7274617
            ],
            [
              121.1300264,
              14.7273591
            ],
            [
              121.1300857,
              14.7272279
            ],
            [
              121.1301621,
              14.727157
            ],
            [
              121.1302666,
              14.7269383
            ],
            [
              121.1302838,
              14.7268916
            ],
            [
              121.1302542,
              14.7268218
            ],
            [
              121.1302023,
              14.7268014
            ],
            [
              121.1301875,
              14.7267571
            ],
            [
              121.1301615,
              14.7267452
            ],
            [
              121.1301701,
              14.7266997
            ],
            [
              121.1302036,
              14.7266733
            ],
            [
              121.1301763,
              14.7266099
            ],
            [
              121.1301974,
              14.7265404
            ],
            [
              121.1301813,
              14.7265153
            ],
            [
              121.1301528,
              14.7265021
            ],
            [
              121.1300946,
              14.726465
            ],
            [
              121.1300439,
              14.7264531
            ],
            [
              121.1299956,
              14.7264315
            ],
            [
              121.1299832,
              14.7262555
            ],
            [
              121.129987,
              14.7261729
            ],
            [
              121.1299449,
              14.7260772
            ],
            [
              121.1299201,
              14.7260329
            ],
            [
              121.1299251,
              14.725973
            ],
            [
              121.1298048,
              14.7257529
            ],
            [
              121.129683,
              14.7256149
            ],
            [
              121.1295819,
              14.7253867
            ],
            [
              121.1295162,
              14.7251357
            ],
            [
              121.1294335,
              14.7248367
            ],
            [
              121.1293074,
              14.7245288
            ],
            [
              121.1292249,
              14.7243788
            ],
            [
              121.1291422,
              14.7243276
            ],
            [
              121.1291064,
              14.7242657
            ],
            [
              121.129128,
              14.7241522
            ],
            [
              121.1290846,
              14.7241391
            ],
            [
              121.1290308,
              14.7240876
            ],
            [
              121.1290073,
              14.7240439
            ],
            [
              121.1289856,
              14.7240367
            ],
            [
              121.1289598,
              14.7240289
            ],
            [
              121.1289237,
              14.7240325
            ],
            [
              121.1289014,
              14.7240493
            ],
            [
              121.1288903,
              14.7240654
            ],
            [
              121.1288668,
              14.7240499
            ],
            [
              121.1288367,
              14.7240565
            ],
            [
              121.1287727,
              14.724078
            ],
            [
              121.1285518,
              14.7240289
            ],
            [
              121.1283494,
              14.7239655
            ],
            [
              121.1282987,
              14.7239379
            ],
            [
              121.1282609,
              14.7238757
            ],
            [
              121.1281854,
              14.7238709
            ],
            [
              121.1281377,
              14.7238553
            ],
            [
              121.1281217,
              14.7238338
            ],
            [
              121.1281235,
              14.7238034
            ],
            [
              121.1280685,
              14.7237763
            ],
            [
              121.128021,
              14.7237763
            ],
            [
              121.1280061,
              14.7237635
            ],
            [
              121.1279742,
              14.723685
            ],
            [
              121.1279562,
              14.7236134
            ],
            [
              121.1279324,
              14.7235939
            ],
            [
              121.1279073,
              14.7235963
            ],
            [
              121.1278896,
              14.7235678
            ],
            [
              121.1278705,
              14.7235455
            ],
            [
              121.12789,
              14.7235335
            ],
            [
              121.1279235,
              14.7235387
            ],
            [
              121.1279321,
              14.7235176
            ],
            [
              121.1279289,
              14.7234899
            ],
            [
              121.1279132,
              14.7234082
            ],
            [
              121.1278425,
              14.7234063
            ],
            [
              121.1277639,
              14.7233892
            ],
            [
              121.1276499,
              14.7233017
            ],
            [
              121.127609,
              14.7233121
            ],
            [
              121.1274267,
              14.723135
            ],
            [
              121.1272647,
              14.7229848
            ],
            [
              121.1271355,
              14.7228644
            ],
            [
              121.1271024,
              14.7227937
            ],
            [
              121.1270619,
              14.7227273
            ],
            [
              121.1270198,
              14.7226066
            ],
            [
              121.1270073,
              14.7224679
            ],
            [
              121.126987,
              14.7223819
            ],
            [
              121.1270011,
              14.7223125
            ],
            [
              121.1270323,
              14.7222446
            ],
            [
              121.1270135,
              14.722213
            ],
            [
              121.1268966,
              14.7221406
            ],
            [
              121.1267484,
              14.7220772
            ],
            [
              121.1266237,
              14.7220636
            ],
            [
              121.1264942,
              14.7219505
            ],
            [
              121.1262525,
              14.7218042
            ],
            [
              121.1260311,
              14.7216293
            ],
            [
              121.1259346,
              14.7215573
            ],
            [
              121.1258914,
              14.7215155
            ],
            [
              121.1258688,
              14.7215021
            ],
            [
              121.125682,
              14.7213713
            ],
            [
              121.1255607,
              14.7212277
            ],
            [
              121.125411,
              14.7210493
            ],
            [
              121.1251721,
              14.720768
            ],
            [
              121.125078,
              14.7206519
            ],
            [
              121.1250335,
              14.7206303
            ],
            [
              121.1249691,
              14.7205549
            ],
            [
              121.1246707,
              14.7200703
            ],
            [
              121.1246861,
              14.7196968
            ],
            [
              121.1249313,
              14.719313
            ],
            [
              121.1251121,
              14.7188579
            ],
            [
              121.1253017,
              14.7184052
            ],
            [
              121.1253926,
              14.7181656
            ],
            [
              121.1255275,
              14.7179457
            ],
            [
              121.1257496,
              14.7175133
            ],
            [
              121.125788,
              14.7172152
            ],
            [
              121.1255801,
              14.716897
            ],
            [
              121.125132,
              14.7164022
            ],
            [
              121.1245954,
              14.7161233
            ],
            [
              121.1239177,
              14.7156282
            ],
            [
              121.1238751,
              14.7150794
            ],
            [
              121.1242095,
              14.7143756
            ],
            [
              121.1247425,
              14.7133563
            ],
            [
              121.1246816,
              14.7130025
            ],
            [
              121.1246306,
              14.7118519
            ],
            [
              121.1246306,
              14.7102319
            ],
            [
              121.124663,
              14.7098881
            ],
            [
              121.1246275,
              14.7095241
            ],
            [
              121.1246528,
              14.7089891
            ],
            [
              121.1245811,
              14.7083803
            ],
            [
              121.1242871,
              14.7078211
            ],
            [
              121.1238955,
              14.707344
            ],
            [
              121.123603,
              14.7072095
            ],
            [
              121.1233271,
              14.7071375
            ],
            [
              121.1229896,
              14.7071741
            ],
            [
              121.1226791,
              14.7072694
            ],
            [
              121.1222778,
              14.7074464
            ],
            [
              121.1220369,
              14.707658
            ],
            [
              121.1221407,
              14.7079027
            ],
            [
              121.122332,
              14.7081055
            ],
            [
              121.1224934,
              14.7083349
            ],
            [
              121.1227168,
              14.7085974
            ],
            [
              121.1228752,
              14.708998
            ],
            [
              121.1228751,
              14.7093705
            ],
            [
              121.1227117,
              14.7097324
            ],
            [
              121.1225011,
              14.7100262
            ],
            [
              121.122429,
              14.7101726
            ],
            [
              121.1222282,
              14.7102409
            ],
            [
              121.1219537,
              14.7102834
            ],
            [
              121.1217256,
              14.710247
            ],
            [
              121.1215515,
              14.7101086
            ],
            [
              121.121385,
              14.7097832
            ],
            [
              121.1212591,
              14.7094559
            ],
            [
              121.1210736,
              14.7089157
            ],
            [
              121.120755,
              14.7086041
            ],
            [
              121.1204533,
              14.7083439
            ],
            [
              121.1202469,
              14.7083796
            ],
            [
              121.1199847,
              14.7082569
            ],
            [
              121.1198494,
              14.707776
            ],
            [
              121.1198211,
              14.7076384
            ],
            [
              121.1200605,
              14.7069123
            ],
            [
              121.1199406,
              14.706464
            ],
            [
              121.1199307,
              14.7061108
            ],
            [
              121.1199366,
              14.7059406
            ],
            [
              121.1198917,
              14.7058101
            ],
            [
              121.1199002,
              14.7056855
            ],
            [
              121.1199128,
              14.7054777
            ],
            [
              121.1198668,
              14.7052028
            ],
            [
              121.1198721,
              14.7049047
            ],
            [
              121.119727,
              14.7045921
            ],
            [
              121.1195087,
              14.7042478
            ],
            [
              121.1193656,
              14.7041532
            ],
            [
              121.1192151,
              14.703902
            ],
            [
              121.1190643,
              14.7034977
            ],
            [
              121.1189168,
              14.7028859
            ],
            [
              121.1190116,
              14.7024472
            ],
            [
              121.1192118,
              14.7021431
            ],
            [
              121.1194607,
              14.7018955
            ],
            [
              121.1196899,
              14.7016781
            ],
            [
              121.1199699,
              14.7014821
            ],
            [
              121.120262,
              14.7011138
            ],
            [
              121.1204638,
              14.7009221
            ],
            [
              121.1205742,
              14.7007153
            ],
            [
              121.1206681,
              14.7003812
            ],
            [
              121.1206412,
              14.700197
            ],
            [
              121.1205889,
              14.6999875
            ],
            [
              121.1204435,
              14.6997231
            ],
            [
              121.1203086,
              14.6995199
            ],
            [
              121.1201654,
              14.6992481
            ],
            [
              121.1200806,
              14.6990633
            ],
            [
              121.1199747,
              14.6987804
            ],
            [
              121.1199009,
              14.6985794
            ],
            [
              121.119854,
              14.6984808
            ],
            [
              121.1197869,
              14.6983809
            ],
            [
              121.1197172,
              14.6983225
            ],
            [
              121.1195831,
              14.6982447
            ],
            [
              121.1193712,
              14.6981305
            ],
            [
              121.1191969,
              14.6980125
            ],
            [
              121.1188897,
              14.6978127
            ],
            [
              121.118698,
              14.6977063
            ],
            [
              121.1185303,
              14.6976324
            ],
            [
              121.1183748,
              14.6975896
            ],
            [
              121.1182125,
              14.6975753
            ],
            [
              121.1180462,
              14.6975779
            ],
            [
              121.1178088,
              14.6976052
            ],
            [
              121.1175339,
              14.6976609
            ],
            [
              121.1173341,
              14.6977972
            ],
            [
              121.1171785,
              14.6978205
            ],
            [
              121.1168532,
              14.6978147
            ],
            [
              121.1167266,
              14.6978125
            ],
            [
              121.1160292,
              14.6977757
            ],
            [
              121.1154809,
              14.6977551
            ],
            [
              121.1151038,
              14.6978167
            ],
            [
              121.1149549,
              14.6978542
            ],
            [
              121.1146089,
              14.6978983
            ],
            [
              121.1143139,
              14.6979762
            ],
            [
              121.1141233,
              14.6981242
            ],
            [
              121.1137269,
              14.6981987
            ],
            [
              121.1134663,
              14.6981759
            ],
            [
              121.1134395,
              14.6981059
            ],
            [
              121.1133215,
              14.6979969
            ],
            [
              121.1130895,
              14.6979398
            ],
            [
              121.1127837,
              14.6979165
            ],
            [
              121.1125061,
              14.6977907
            ],
            [
              121.1121788,
              14.6971297
            ],
            [
              121.1120823,
              14.6969851
            ],
            [
              121.112039,
              14.696822
            ],
            [
              121.1119911,
              14.6965298
            ],
            [
              121.1119182,
              14.6962363
            ],
            [
              121.1116805,
              14.6960227
            ],
            [
              121.1114119,
              14.6959112
            ],
            [
              121.1112844,
              14.6956847
            ],
            [
              121.1112567,
              14.6954096
            ],
            [
              121.1113216,
              14.6947968
            ],
            [
              121.1112881,
              14.6944904
            ],
            [
              121.1112383,
              14.6942227
            ],
            [
              121.1112186,
              14.6936695
            ],
            [
              121.1111663,
              14.6923528
            ],
            [
              121.1110408,
              14.6916845
            ],
            [
              121.1109484,
              14.691035
            ],
            [
              121.1109448,
              14.6903869
            ],
            [
              121.1109594,
              14.6897725
            ],
            [
              121.1110002,
              14.6894177
            ],
            [
              121.1110366,
              14.6890719
            ],
            [
              121.1114086,
              14.6880756
            ],
            [
              121.1114561,
              14.6876383
            ],
            [
              121.1115779,
              14.6872432
            ],
            [
              121.1117244,
              14.6865046
            ],
            [
              121.1118995,
              14.6851932
            ],
            [
              121.1119193,
              14.6845999
            ],
            [
              121.1116476,
              14.6840202
            ],
            [
              121.1112021,
              14.6832652
            ],
            [
              121.1108926,
              14.6825672
            ],
            [
              121.1099136,
              14.6810893
            ],
            [
              121.1097941,
              14.6808499
            ],
            [
              121.1097515,
              14.6805901
            ],
            [
              121.1096482,
              14.6803268
            ],
            [
              121.1094001,
              14.6799804
            ],
            [
              121.1093223,
              14.679804
            ],
            [
              121.1092981,
              14.6797262
            ],
            [
              121.1092954,
              14.6796158
            ],
            [
              121.1092151,
              14.6794874
            ],
            [
              121.109089,
              14.6793422
            ],
            [
              121.1085562,
              14.6786233
            ],
            [
              121.108106,
              14.6778706
            ],
            [
              121.107854,
              14.6774322
            ],
            [
              121.107626,
              14.677017
            ],
            [
              121.107308,
              14.6766399
            ],
            [
              121.1064944,
              14.6759057
            ],
            [
              121.1059013,
              14.675481
            ],
            [
              121.1050817,
              14.6750541
            ],
            [
              121.1049136,
              14.6749254
            ],
            [
              121.1047758,
              14.6747763
            ],
            [
              121.1043613,
              14.6741979
            ],
            [
              121.1037256,
              14.6732263
            ],
            [
              121.0995314,
              14.6698474
            ],
            [
              121.0992559,
              14.6695267
            ],
            [
              121.0990163,
              14.6691406
            ],
            [
              121.098621,
              14.6679031
            ],
            [
              121.0985334,
              14.6677601
            ],
            [
              121.0985836,
              14.6675137
            ],
            [
              121.0985896,
              14.6665031
            ],
            [
              121.0984497,
              14.666135
            ],
            [
              121.0983325,
              14.665764
            ],
            [
              121.0982934,
              14.6656273
            ],
            [
              121.0980463,
              14.6651735
            ],
            [
              121.0979774,
              14.6649191
            ],
            [
              121.0977626,
              14.6644401
            ],
            [
              121.097105,
              14.6633145
            ],
            [
              121.0967451,
              14.662773
            ],
            [
              121.0964678,
              14.6624244
            ],
            [
              121.0961354,
              14.6618346
            ],
            [
              121.0959642,
              14.6614501
            ],
            [
              121.0958097,
              14.6610344
            ],
            [
              121.0957403,
              14.6604722
            ],
            [
              121.0957422,
              14.6600384
            ],
            [
              121.0957262,
              14.6596153
            ],
            [
              121.0957785,
              14.6593481
            ],
            [
              121.0957923,
              14.6590211
            ],
            [
              121.0958222,
              14.658772
            ],
            [
              121.0958703,
              14.6583723
            ],
            [
              121.0959111,
              14.657495
            ],
            [
              121.0959253,
              14.6568221
            ],
            [
              121.0958966,
              14.656544
            ],
            [
              121.0958553,
              14.6563152
            ],
            [
              121.0957792,
              14.655759
            ],
            [
              121.0956705,
              14.6550482
            ],
            [
              121.0952739,
              14.6543698
            ],
            [
              121.0947972,
              14.6539215
            ],
            [
              121.0942765,
              14.653637
            ],
            [
              121.0923081,
              14.6529972
            ],
            [
              121.091089,
              14.6525705
            ],
            [
              121.0907122,
              14.652199
            ],
            [
              121.0900202,
              14.651669
            ],
            [
              121.0893735,
              14.6510402
            ],
            [
              121.0890636,
              14.6499796
            ],
            [
              121.0890238,
              14.6495523
            ],
            [
              121.08903,
              14.6490905
            ],
            [
              121.0890488,
              14.6488934
            ],
            [
              121.0891578,
              14.6483923
            ],
            [
              121.089226,
              14.6477598
            ],
            [
              121.0896146,
              14.6457163
            ],
            [
              121.0896721,
              14.6454675
            ],
            [
              121.0899222,
              14.6448389
            ],
            [
              121.0901076,
              14.6443835
            ],
            [
              121.09026,
              14.6440608
            ],
            [
              121.0904436,
              14.6436922
            ],
            [
              121.0905369,
              14.6436284
            ],
            [
              121.0912886,
              14.6409247
            ],
            [
              121.0915716,
              14.6400594
            ],
            [
              121.0921976,
              14.6381474
            ],
            [
              121.0927906,
              14.6358554
            ],
            [
              121.0929106,
              14.6352658
            ],
            [
              121.0932796,
              14.6337626
            ],
            [
              121.0934088,
              14.6326177
            ],
            [
              121.09346,
              14.6320467
            ],
            [
              121.0934574,
              14.6319262
            ],
            [
              121.0934786,
              14.6317433
            ],
            [
              121.0935255,
              14.6315166
            ],
            [
              121.0935706,
              14.6310968
            ],
            [
              121.0936614,
              14.6304633
            ],
            [
              121.0937006,
              14.6301846
            ],
            [
              121.0938626,
              14.6290456
            ],
            [
              121.0936976,
              14.6271126
            ],
            [
              121.0935417,
              14.6263788
            ],
            [
              121.0931732,
              14.6253737
            ],
            [
              121.0926111,
              14.6246796
            ],
            [
              121.0924288,
              14.6245524
            ],
            [
              121.0920828,
              14.6244487
            ],
            [
              121.0916534,
              14.6244511
            ],
            [
              121.0912053,
              14.6244781
            ],
            [
              121.0906873,
              14.6246372
            ],
            [
              121.0901603,
              14.6249254
            ],
            [
              121.0891236,
              14.6257994
            ],
            [
              121.0890963,
              14.6260419
            ],
            [
              121.0884403,
              14.6268249
            ],
            [
              121.0881648,
              14.6271008
            ],
            [
              121.0877543,
              14.6275442
            ],
            [
              121.0873033,
              14.6280386
            ],
            [
              121.0871715,
              14.6281987
            ],
            [
              121.0870265,
              14.6283905
            ],
            [
              121.0867844,
              14.6287192
            ],
            [
              121.0865611,
              14.629024
            ],
            [
              121.0863997,
              14.6292393
            ],
            [
              121.0863115,
              14.6293559
            ],
            [
              121.0862221,
              14.6294734
            ],
            [
              121.0861214,
              14.6295898
            ],
            [
              121.0854015,
              14.6300885
            ],
            [
              121.0846167,
              14.6304742
            ],
            [
              121.0844221,
              14.6305467
            ],
            [
              121.0842056,
              14.6305806
            ],
            [
              121.0840676,
              14.6305651
            ],
            [
              121.0838892,
              14.6305231
            ],
            [
              121.0836686,
              14.6304391
            ],
            [
              121.0835276,
              14.6303514
            ],
            [
              121.0834074,
              14.6302566
            ],
            [
              121.0833294,
              14.6301887
            ],
            [
              121.0832456,
              14.6300982
            ],
            [
              121.0831568,
              14.6299686
            ],
            [
              121.0830696,
              14.6298075
            ],
            [
              121.0829335,
              14.6295338
            ],
            [
              121.0828676,
              14.6293777
            ],
            [
              121.0827712,
              14.6291252
            ],
            [
              121.0826635,
              14.6288059
            ],
            [
              121.0824568,
              14.6281979
            ],
            [
              121.0821624,
              14.6273011
            ],
            [
              121.0820956,
              14.6269871
            ],
            [
              121.0816576,
              14.625434
            ],
            [
              121.0815674,
              14.6253184
            ],
            [
              121.0815027,
              14.6250644
            ],
            [
              121.0814714,
              14.624878
            ],
            [
              121.0814586,
              14.6247646
            ],
            [
              121.0814534,
              14.6244938
            ],
            [
              121.0814661,
              14.6241656
            ],
            [
              121.081473,
              14.6239762
            ],
            [
              121.0814853,
              14.6236455
            ],
            [
              121.0814959,
              14.6232547
            ],
            [
              121.0815032,
              14.6229803
            ],
            [
              121.0814834,
              14.6228258
            ],
            [
              121.0812973,
              14.621466
            ],
            [
              121.0809835,
              14.6206823
            ],
            [
              121.0807315,
              14.6203344
            ],
            [
              121.0805564,
              14.6201013
            ],
            [
              121.0799521,
              14.6196516
            ],
            [
              121.0794926,
              14.6192703
            ],
            [
              121.0792661,
              14.6190477
            ],
            [
              121.0789915,
              14.6187258
            ],
            [
              121.0787773,
              14.6184303
            ],
            [
              121.0785009,
              14.6179255
            ],
            [
              121.0783569,
              14.6175738
            ],
            [
              121.0782179,
              14.6171156
            ],
            [
              121.0781394,
              14.6167243
            ],
            [
              121.0780631,
              14.6163364
            ],
            [
              121.0780183,
              14.6160099
            ],
            [
              121.0780171,
              14.6156178
            ],
            [
              121.0781252,
              14.6151038
            ],
            [
              121.0781263,
              14.6150309
            ],
            [
              121.078151,
              14.6149909
            ],
            [
              121.0782378,
              14.614556
            ],
            [
              121.0786523,
              14.6136246
            ],
            [
              121.0791451,
              14.6128671
            ],
            [
              121.07934,
              14.6126213
            ],
            [
              121.0796199,
              14.6122753
            ],
            [
              121.0797937,
              14.6121645
            ],
            [
              121.0803037,
              14.6117851
            ],
            [
              121.0808703,
              14.611378
            ],
            [
              121.0809304,
              14.6114466
            ],
            [
              121.082222,
              14.6104436
            ],
            [
              121.0821335,
              14.6103541
            ],
            [
              121.0852698,
              14.6082319
            ],
            [
              121.0854113,
              14.6081256
            ],
            [
              121.0863069,
              14.6074875
            ],
            [
              121.0868186,
              14.6069827
            ],
            [
              121.0876623,
              14.6061868
            ],
            [
              121.0879475,
              14.6056179
            ],
            [
              121.0882364,
              14.6049182
            ],
            [
              121.0885436,
              14.6043415
            ],
            [
              121.0888896,
              14.6035608
            ],
            [
              121.089072,
              14.6031852
            ],
            [
              121.0892834,
              14.6028074
            ],
            [
              121.0894566,
              14.6025846
            ],
            [
              121.0895752,
              14.6024055
            ],
            [
              121.0899058,
              14.6018241
            ],
            [
              121.0900291,
              14.600975
            ],
            [
              121.089993,
              14.6003425
            ],
            [
              121.0899627,
              14.6000015
            ],
            [
              121.089838,
              14.5997647
            ],
            [
              121.089662,
              14.5997029
            ],
            [
              121.0885274,
              14.5994849
            ],
            [
              121.0883986,
              14.599516
            ],
            [
              121.0880349,
              14.5997852
            ],
            [
              121.0879713,
              14.5998734
            ],
            [
              121.0879371,
              14.5999805
            ],
            [
              121.08798,
              14.6003089
            ],
            [
              121.0875857,
              14.6010447
            ],
            [
              121.0872375,
              14.6018523
            ],
            [
              121.0868721,
              14.6021046
            ],
            [
              121.0867164,
              14.6022408
            ],
            [
              121.0862849,
              14.6026471
            ],
            [
              121.0856098,
              14.6031189
            ],
            [
              121.0852914,
              14.603227
            ],
            [
              121.0850303,
              14.6033305
            ],
            [
              121.0847848,
              14.6034346
            ],
            [
              121.0845892,
              14.6034718
            ],
            [
              121.0844574,
              14.6035073
            ],
            [
              121.08433,
              14.6035433
            ],
            [
              121.0842686,
              14.6035571
            ],
            [
              121.0842169,
              14.6035643
            ],
            [
              121.0841524,
              14.6035529
            ],
            [
              121.0839864,
              14.6035615
            ],
            [
              121.0838657,
              14.6035519
            ],
            [
              121.0837825,
              14.6035517
            ],
            [
              121.0837242,
              14.6035661
            ],
            [
              121.0836552,
              14.6035677
            ],
            [
              121.0835896,
              14.6035527
            ],
            [
              121.0833626,
              14.6034889
            ],
            [
              121.0831764,
              14.6034196
            ],
            [
              121.083126,
              14.6034125
            ],
            [
              121.0829933,
              14.6033631
            ],
            [
              121.0829346,
              14.6033184
            ],
            [
              121.0827215,
              14.603192
            ],
            [
              121.0826291,
              14.6031085
            ],
            [
              121.0825295,
              14.6029607
            ],
            [
              121.0824063,
              14.6028712
            ],
            [
              121.0822956,
              14.6027182
            ],
            [
              121.0822338,
              14.6026302
            ],
            [
              121.0821802,
              14.6025022
            ],
            [
              121.0821615,
              14.6022055
            ],
            [
              121.0821547,
              14.6021358
            ],
            [
              121.0821285,
              14.6019335
            ],
            [
              121.0821252,
              14.6018883
            ],
            [
              121.0821273,
              14.6017478
            ],
            [
              121.0821381,
              14.6013889
            ],
            [
              121.0821427,
              14.601018
            ],
            [
              121.0821566,
              14.6007307
            ],
            [
              121.0821783,
              14.6004114
            ],
            [
              121.0822581,
              14.6003191
            ],
            [
              121.0823098,
              14.6002132
            ],
            [
              121.0823004,
              14.6001629
            ],
            [
              121.0822697,
              14.6001239
            ],
            [
              121.082269,
              14.5999612
            ],
            [
              121.0823245,
              14.5991002
            ],
            [
              121.0820931,
              14.5972498
            ],
            [
              121.0819766,
              14.5952617
            ],
            [
              121.0820557,
              14.5947747
            ],
            [
              121.0820638,
              14.5941067
            ],
            [
              121.0820764,
              14.5938816
            ],
            [
              121.082069,
              14.5935967
            ],
            [
              121.0820884,
              14.593386
            ],
            [
              121.0822062,
              14.5927265
            ],
            [
              121.0823154,
              14.5921778
            ],
            [
              121.0824385,
              14.5917572
            ],
            [
              121.0825129,
              14.5915706
            ],
            [
              121.0825826,
              14.5911433
            ],
            [
              121.0826503,
              14.5905369
            ],
            [
              121.0826826,
              14.5903105
            ],
            [
              121.0827084,
              14.5900778
            ],
            [
              121.082924,
              14.5890709
            ],
            [
              121.083098,
              14.5882549
            ],
            [
              121.0832514,
              14.5876087
            ],
            [
              121.0832173,
              14.5872648
            ],
            [
              121.0830734,
              14.5861898
            ],
            [
              121.0829423,
              14.5852164
            ],
            [
              121.0827607,
              14.5847132
            ],
            [
              121.0826591,
              14.584252
            ],
            [
              121.082547,
              14.5837003
            ],
            [
              121.0824153,
              14.5832855
            ],
            [
              121.0822243,
              14.5827697
            ],
            [
              121.0820523,
              14.5822785
            ],
            [
              121.0819793,
              14.58206
            ],
            [
              121.0820093,
              14.5819082
            ],
            [
              121.0818767,
              14.5816373
            ],
            [
              121.0816246,
              14.5810905
            ],
            [
              121.0811456,
              14.5799428
            ],
            [
              121.0805616,
              14.5789045
            ],
            [
              121.0795526,
              14.5776774
            ],
            [
              121.0783461,
              14.5766534
            ],
            [
              121.0772185,
              14.5758613
            ],
            [
              121.0762205,
              14.5750093
            ],
            [
              121.0761757,
              14.5749691
            ],
            [
              121.0761343,
              14.5749278
            ],
            [
              121.0757051,
              14.5743904
            ],
            [
              121.0754345,
              14.5739879
            ],
            [
              121.0750356,
              14.5732143
            ],
            [
              121.0747988,
              14.5729525
            ],
            [
              121.0745101,
              14.5718151
            ],
            [
              121.0743253,
              14.5711865
            ],
            [
              121.0742254,
              14.570848
            ],
            [
              121.0741083,
              14.5704422
            ],
            [
              121.0740126,
              14.570041
            ],
            [
              121.0737036,
              14.5691688
            ],
            [
              121.0734896,
              14.5684627
            ],
            [
              121.0733592,
              14.5674305
            ],
            [
              121.0731804,
              14.56665
            ],
            [
              121.0729781,
              14.5649606
            ],
            [
              121.0728777,
              14.5636729
            ],
            [
              121.0727376,
              14.5628295
            ],
            [
              121.0724801,
              14.5617176
            ],
            [
              121.0722733,
              14.5612966
            ],
            [
              121.0717743,
              14.5603952
            ],
            [
              121.0717249,
              14.5603006
            ],
            [
              121.0711496,
              14.5596311
            ],
            [
              121.0704643,
              14.559195
            ],
            [
              121.0699207,
              14.5589567
            ],
            [
              121.0696954,
              14.5588582
            ],
            [
              121.069455,
              14.5587886
            ],
            [
              121.0691285,
              14.5587333
            ],
            [
              121.0688783,
              14.5587146
            ],
            [
              121.0686226,
              14.5587231
            ],
            [
              121.0683763,
              14.5587442
            ],
            [
              121.0682091,
              14.5580819
            ]
          ],
          [
            [
              121.1213248,
              14.7085956
            ],
            [
              121.1214166,
              14.709019
            ],
            [
              121.1215766,
              14.7093581
            ],
            [
              121.1216254,
              14.7095034
            ],
            [
              121.1217082,
              14.7096009
            ],
            [
              121.1218303,
              14.7096861
            ],
            [
              121.1219883,
              14.7097427
            ],
            [
              121.1222198,
              14.7096972
            ],
            [
              121.1224027,
              14.7096292
            ],
            [
              121.1225176,
              14.7094113
            ],
            [
              121.1226477,
              14.7088955
            ],
            [
              121.1225254,
              14.7086376
            ],
            [
              121.1223836,
              14.7084651
            ],
            [
              121.1222524,
              14.7083315
            ],
            [
              121.1221707,
              14.7082261
            ],
            [
              121.1221286,
              14.7081662
            ],
            [
              121.1219206,
              14.7082598
            ],
            [
              121.1217331,
              14.7083904
            ],
            [
              121.1215984,
              14.7084848
            ],
            [
              121.1213248,
              14.7085956
            ]
          ]
        ]
      },
      "id": "relation/1723155"
    },
    {
      "type": "Feature",
      "properties": {
        "@id": "relation/14986353",
        "description": "riverbanks along the nangka river",
        "fishing": "private",
        "natural": "water",
        "type": "multipolygon",
        "water": "river"
      },
      "geometry": {
        "type": "Polygon",
        "coordinates": [
          [
            [
              121.1192854,
              14.6723813
            ],
            [
              121.1192457,
              14.6723982
            ],
            [
              121.1192259,
              14.6723994
            ],
            [
              121.1192177,
              14.6724061
            ],
            [
              121.1191734,
              14.6724299
            ],
            [
              121.1190683,
              14.6724694
            ],
            [
              121.1190029,
              14.6724852
            ],
            [
              121.118906,
              14.6724999
            ],
            [
              121.1187916,
              14.6724931
            ],
            [
              121.1187624,
              14.6724762
            ],
            [
              121.1186748,
              14.6724717
            ],
            [
              121.1186667,
              14.6724604
            ],
            [
              121.1186258,
              14.6724637
            ],
            [
              121.1185978,
              14.672466
            ],
            [
              121.1185522,
              14.672457
            ],
            [
              121.1185107,
              14.6724365
            ],
            [
              121.1184857,
              14.6724242
            ],
            [
              121.1184659,
              14.6724242
            ],
            [
              121.1184507,
              14.6724299
            ],
            [
              121.1184413,
              14.6724163
            ],
            [
              121.1184157,
              14.6724028
            ],
            [
              121.1183421,
              14.6723757
            ],
            [
              121.1183199,
              14.6723836
            ],
            [
              121.1183024,
              14.6723757
            ],
            [
              121.1182732,
              14.6723621
            ],
            [
              121.118258,
              14.6723677
            ],
            [
              121.1181786,
              14.6723395
            ],
            [
              121.1179276,
              14.6722424
            ],
            [
              121.1178914,
              14.6722277
            ],
            [
              121.1178704,
              14.6722096
            ],
            [
              121.1178529,
              14.6722153
            ],
            [
              121.1178027,
              14.6722006
            ],
            [
              121.1177677,
              14.6721724
            ],
            [
              121.117728,
              14.6721588
            ],
            [
              121.1177152,
              14.6721588
            ],
            [
              121.1175984,
              14.6721057
            ],
            [
              121.117554,
              14.672082
            ],
            [
              121.1175027,
              14.6720617
            ],
            [
              121.1174361,
              14.6720357
            ],
            [
              121.1173906,
              14.6720108
            ],
            [
              121.1173497,
              14.6719894
            ],
            [
              121.1173089,
              14.6719736
            ],
            [
              121.1172528,
              14.6719679
            ],
            [
              121.1172213,
              14.6719713
            ],
            [
              121.1171956,
              14.6719815
            ],
            [
              121.1171583,
              14.6720154
            ],
            [
              121.1171151,
              14.6720752
            ],
            [
              121.117094,
              14.6721159
            ],
            [
              121.1170637,
              14.6721565
            ],
            [
              121.1170287,
              14.672187
            ],
            [
              121.1169761,
              14.6722401
            ],
            [
              121.1169458,
              14.6722876
            ],
            [
              121.1169364,
              14.6723135
            ],
            [
              121.1169283,
              14.6723689
            ],
            [
              121.1169166,
              14.6724717
            ],
            [
              121.1168979,
              14.672588
            ],
            [
              121.1168769,
              14.6727427
            ],
            [
              121.1168804,
              14.6728579
            ],
            [
              121.1168699,
              14.6729618
            ],
            [
              121.1168327,
              14.6730941
            ],
            [
              121.1167099,
              14.6734647
            ],
            [
              121.1164609,
              14.6737721
            ],
            [
              121.1163997,
              14.6738474
            ],
            [
              121.1162603,
              14.6739757
            ],
            [
              121.1160916,
              14.67408
            ],
            [
              121.1158577,
              14.6741138
            ],
            [
              121.1155873,
              14.6740887
            ],
            [
              121.1148155,
              14.6738702
            ],
            [
              121.1145099,
              14.6736784
            ],
            [
              121.1144574,
              14.6735909
            ],
            [
              121.1145021,
              14.6734722
            ],
            [
              121.1146467,
              14.6731402
            ],
            [
              121.1150946,
              14.6726478
            ],
            [
              121.1151437,
              14.6724802
            ],
            [
              121.1150971,
              14.6723442
            ],
            [
              121.1149359,
              14.6721728
            ],
            [
              121.1146755,
              14.6720519
            ],
            [
              121.1145744,
              14.6720049
            ],
            [
              121.1137682,
              14.6718371
            ],
            [
              121.113403,
              14.6718217
            ],
            [
              121.1132246,
              14.6718656
            ],
            [
              121.1131652,
              14.6718802
            ],
            [
              121.1130015,
              14.6720041
            ],
            [
              121.1127165,
              14.6723551
            ],
            [
              121.1124033,
              14.6728994
            ],
            [
              121.1122607,
              14.6729803
            ],
            [
              121.1120621,
              14.6729921
            ],
            [
              121.1118179,
              14.6729601
            ],
            [
              121.1115641,
              14.6728146
            ],
            [
              121.1113764,
              14.6726371
            ],
            [
              121.1112612,
              14.6724005
            ],
            [
              121.111294,
              14.6721474
            ],
            [
              121.1114658,
              14.6717054
            ],
            [
              121.1116165,
              14.6714152
            ],
            [
              121.1117058,
              14.6711089
            ],
            [
              121.1116973,
              14.6707594
            ],
            [
              121.1114802,
              14.6704171
            ],
            [
              121.1112198,
              14.6702018
            ],
            [
              121.1109996,
              14.6701118
            ],
            [
              121.1107727,
              14.670049
            ],
            [
              121.1105959,
              14.6700244
            ],
            [
              121.110415,
              14.6700784
            ],
            [
              121.1101489,
              14.6702421
            ],
            [
              121.1099467,
              14.670408
            ],
            [
              121.1098734,
              14.6705875
            ],
            [
              121.1098668,
              14.670745
            ],
            [
              121.1098971,
              14.6708961
            ],
            [
              121.1099282,
              14.6710851
            ],
            [
              121.11002,
              14.6714199
            ],
            [
              121.1101229,
              14.6715693
            ],
            [
              121.1102246,
              14.6717218
            ],
            [
              121.1104418,
              14.6721235
            ],
            [
              121.1106198,
              14.6725823
            ],
            [
              121.1107061,
              14.6728778
            ],
            [
              121.1106925,
              14.6729778
            ],
            [
              121.1105304,
              14.6732221
            ],
            [
              121.1100756,
              14.6734998
            ],
            [
              121.1100432,
              14.6735196
            ],
            [
              121.109942,
              14.6735282
            ],
            [
              121.1096262,
              14.6737001
            ],
            [
              121.1094473,
              14.6738866
            ],
            [
              121.1092492,
              14.6738899
            ],
            [
              121.1091833,
              14.6740434
            ],
            [
              121.1091133,
              14.6741065
            ],
            [
              121.1082857,
              14.674852
            ],
            [
              121.1071424,
              14.6754078
            ],
            [
              121.1068033,
              14.6757183
            ],
            [
              121.1067149,
              14.6755962
            ],
            [
              121.1066236,
              14.6754369
            ],
            [
              121.107709,
              14.6748922
            ],
            [
              121.1084964,
              14.6743759
            ],
            [
              121.1091185,
              14.6739029
            ],
            [
              121.1093694,
              14.6736247
            ],
            [
              121.1098859,
              14.6733593
            ],
            [
              121.1101487,
              14.6732266
            ],
            [
              121.1102705,
              14.6731252
            ],
            [
              121.1103699,
              14.6730136
            ],
            [
              121.1104554,
              14.6728634
            ],
            [
              121.1104389,
              14.6726481
            ],
            [
              121.1101858,
              14.6721296
            ],
            [
              121.1099962,
              14.6717573
            ],
            [
              121.1097679,
              14.671378
            ],
            [
              121.1096357,
              14.6710529
            ],
            [
              121.1096449,
              14.6709389
            ],
            [
              121.109628,
              14.6708074
            ],
            [
              121.1096478,
              14.6706194
            ],
            [
              121.109686,
              14.670496
            ],
            [
              121.109825,
              14.6702511
            ],
            [
              121.1099889,
              14.6700895
            ],
            [
              121.1102646,
              14.669939
            ],
            [
              121.1106081,
              14.6698447
            ],
            [
              121.1108409,
              14.6698566
            ],
            [
              121.1111974,
              14.6699534
            ],
            [
              121.1115473,
              14.6700999
            ],
            [
              121.1117886,
              14.670506
            ],
            [
              121.1119094,
              14.6708085
            ],
            [
              121.1119403,
              14.6709821
            ],
            [
              121.111861,
              14.6713128
            ],
            [
              121.1116599,
              14.671785
            ],
            [
              121.1114944,
              14.6721667
            ],
            [
              121.1114994,
              14.6724072
            ],
            [
              121.1116129,
              14.6725993
            ],
            [
              121.1117673,
              14.6727229
            ],
            [
              121.1120193,
              14.6727771
            ],
            [
              121.1122284,
              14.672648
            ],
            [
              121.1125644,
              14.672289
            ],
            [
              121.1127276,
              14.6721097
            ],
            [
              121.1130503,
              14.6717763
            ],
            [
              121.1131756,
              14.6716897
            ],
            [
              121.1132571,
              14.671663
            ],
            [
              121.1133783,
              14.6716248
            ],
            [
              121.1137952,
              14.6716374
            ],
            [
              121.113972,
              14.6716796
            ],
            [
              121.1142963,
              14.6717496
            ],
            [
              121.1143933,
              14.6717749
            ],
            [
              121.1146647,
              14.6718649
            ],
            [
              121.1150661,
              14.6720401
            ],
            [
              121.1151179,
              14.6720665
            ],
            [
              121.1153776,
              14.6723693
            ],
            [
              121.1154151,
              14.6726659
            ],
            [
              121.1152971,
              14.6728897
            ],
            [
              121.1148364,
              14.6731865
            ],
            [
              121.1147147,
              14.6733929
            ],
            [
              121.1147711,
              14.6735867
            ],
            [
              121.1151098,
              14.673819
            ],
            [
              121.1157254,
              14.6739199
            ],
            [
              121.1158968,
              14.6739194
            ],
            [
              121.1162235,
              14.6737725
            ],
            [
              121.1165877,
              14.6734016
            ],
            [
              121.1167158,
              14.6730689
            ],
            [
              121.1167212,
              14.6729719
            ],
            [
              121.1167132,
              14.6728967
            ],
            [
              121.1166893,
              14.6728148
            ],
            [
              121.1168011,
              14.6724412
            ],
            [
              121.1168621,
              14.6722524
            ],
            [
              121.1168905,
              14.6721678
            ],
            [
              121.1169149,
              14.6721206
            ],
            [
              121.1169535,
              14.6721364
            ],
            [
              121.1169861,
              14.672099
            ],
            [
              121.117106,
              14.6719554
            ],
            [
              121.117108,
              14.6719319
            ],
            [
              121.1171304,
              14.6719338
            ],
            [
              121.1171548,
              14.6719161
            ],
            [
              121.1171934,
              14.6718945
            ],
            [
              121.1172401,
              14.6718807
            ],
            [
              121.1172869,
              14.6718768
            ],
            [
              121.1173296,
              14.6718729
            ],
            [
              121.1173824,
              14.6718827
            ],
            [
              121.117419,
              14.6719181
            ],
            [
              121.1174658,
              14.6719574
            ],
            [
              121.1175633,
              14.6719908
            ],
            [
              121.1176162,
              14.6720203
            ],
            [
              121.1177036,
              14.672042
            ],
            [
              121.1177422,
              14.6720479
            ],
            [
              121.1178805,
              14.6721167
            ],
            [
              121.1180085,
              14.6721501
            ],
            [
              121.1180858,
              14.6721836
            ],
            [
              121.1182281,
              14.6722131
            ],
            [
              121.1183317,
              14.6722504
            ],
            [
              121.1184151,
              14.6722937
            ],
            [
              121.1184903,
              14.6723291
            ],
            [
              121.1186135,
              14.6723616
            ],
            [
              121.11888,
              14.6723765
            ],
            [
              121.1190587,
              14.6723929
            ],
            [
              121.1190926,
              14.6723899
            ],
            [
              121.1191527,
              14.6723631
            ],
            [
              121.1192266,
              14.6723199
            ],
            [
              121.1192621,
              14.6722901
            ],
            [
              121.1192805,
              14.6722513
            ],
            [
              121.1193283,
              14.67215
            ],
            [
              121.1193776,
              14.6720427
            ],
            [
              121.1194346,
              14.6719578
            ],
            [
              121.1194469,
              14.6719309
            ],
            [
              121.1194546,
              14.6718877
            ],
            [
              121.1194901,
              14.6717998
            ],
            [
              121.1195532,
              14.671688
            ],
            [
              121.1196395,
              14.6715822
            ],
            [
              121.1197057,
              14.6714391
            ],
            [
              121.1197689,
              14.6713512
            ],
            [
              121.1198752,
              14.6712186
            ],
            [
              121.1199461,
              14.6711068
            ],
            [
              121.1200061,
              14.6709935
            ],
            [
              121.1201417,
              14.6708058
            ],
            [
              121.1201987,
              14.6707417
            ],
            [
              121.1202803,
              14.6706523
            ],
            [
              121.1203235,
              14.6706016
            ],
            [
              121.1203558,
              14.6705494
            ],
            [
              121.1203728,
              14.6705032
            ],
            [
              121.1203759,
              14.6704257
            ],
            [
              121.120382,
              14.6703661
            ],
            [
              121.1203789,
              14.6702886
            ],
            [
              121.1203682,
              14.6702067
            ],
            [
              121.1203327,
              14.6700919
            ],
            [
              121.120285,
              14.6700144
            ],
            [
              121.1202649,
              14.6699444
            ],
            [
              121.1202542,
              14.6698967
            ],
            [
              121.1202418,
              14.6698207
            ],
            [
              121.1201802,
              14.6697178
            ],
            [
              121.1201509,
              14.6696716
            ],
            [
              121.1201509,
              14.6696493
            ],
            [
              121.1201371,
              14.6695792
            ],
            [
              121.1200955,
              14.6694839
            ],
            [
              121.1200416,
              14.6692395
            ],
            [
              121.1200385,
              14.6691709
            ],
            [
              121.1200446,
              14.6690889
            ],
            [
              121.1200601,
              14.6690174
            ],
            [
              121.1200847,
              14.6689488
            ],
            [
              121.1201016,
              14.6689429
            ],
            [
              121.1201217,
              14.6689056
            ],
            [
              121.1201648,
              14.6688266
            ],
            [
              121.1201663,
              14.6687953
            ],
            [
              121.1201818,
              14.668776
            ],
            [
              121.1202619,
              14.6686612
            ],
            [
              121.1202803,
              14.6686269
            ],
            [
              121.1203558,
              14.668545
            ],
            [
              121.1204467,
              14.6683944
            ],
            [
              121.1204991,
              14.6683393
            ],
            [
              121.1205484,
              14.6682961
            ],
            [
              121.1206162,
              14.6682067
            ],
            [
              121.1206377,
              14.6681843
            ],
            [
              121.1207009,
              14.6680994
            ],
            [
              121.1207333,
              14.6680308
            ],
            [
              121.1207502,
              14.6680219
            ],
            [
              121.1207687,
              14.6680114
            ],
            [
              121.1208488,
              14.667852
            ],
            [
              121.1208611,
              14.6678415
            ],
            [
              121.1208765,
              14.6678296
            ],
            [
              121.1209289,
              14.6677313
            ],
            [
              121.120972,
              14.6676687
            ],
            [
              121.1209998,
              14.667612
            ],
            [
              121.121009,
              14.6675763
            ],
            [
              121.1210475,
              14.6675107
            ],
            [
              121.1210367,
              14.6675017
            ],
            [
              121.1210229,
              14.6674988
            ],
            [
              121.1210183,
              14.6674839
            ],
            [
              121.1210352,
              14.6674436
            ],
            [
              121.1210845,
              14.6673602
            ],
            [
              121.1211184,
              14.6672946
            ],
            [
              121.1211769,
              14.6671411
            ],
            [
              121.1211923,
              14.667147
            ],
            [
              121.1212047,
              14.6671336
            ],
            [
              121.1212108,
              14.6671187
            ],
            [
              121.1211985,
              14.6671083
            ],
            [
              121.1211954,
              14.66708
            ],
            [
              121.1211923,
              14.6670606
            ],
            [
              121.121217,
              14.6670159
            ],
            [
              121.121237,
              14.666998
            ],
            [
              121.1212509,
              14.6670025
            ],
            [
              121.1212786,
              14.6669652
            ],
            [
              121.1212694,
              14.6669429
            ],
            [
              121.1212617,
              14.666916
            ],
            [
              121.1212724,
              14.6668803
            ],
            [
              121.1213448,
              14.6667327
            ],
            [
              121.1214203,
              14.6666165
            ],
            [
              121.1214434,
              14.6665599
            ],
            [
              121.1214465,
              14.6665062
            ],
            [
              121.1214943,
              14.6665047
            ],
            [
              121.1214927,
              14.6665435
            ],
            [
              121.1215004,
              14.6665643
            ],
            [
              121.1215158,
              14.6665539
            ],
            [
              121.1215405,
              14.6665658
            ],
            [
              121.1215651,
              14.6665614
            ],
            [
              121.1215775,
              14.6665703
            ],
            [
              121.1215898,
              14.6665614
            ],
            [
              121.1216021,
              14.6665718
            ],
            [
              121.1216822,
              14.6665852
            ],
            [
              121.1217331,
              14.6665763
            ],
            [
              121.1218471,
              14.6665271
            ],
            [
              121.1220828,
              14.6664436
            ],
            [
              121.1222738,
              14.6664049
            ],
            [
              121.1224032,
              14.6663766
            ],
            [
              121.1224648,
              14.6663572
            ],
            [
              121.1225295,
              14.666378
            ],
            [
              121.122605,
              14.666384
            ],
            [
              121.1226266,
              14.6664168
            ],
            [
              121.1226959,
              14.6664496
            ],
            [
              121.1228623,
              14.666466
            ],
            [
              121.1230055,
              14.6664481
            ],
            [
              121.1231319,
              14.6664362
            ],
            [
              121.1233968,
              14.6664526
            ],
            [
              121.1236341,
              14.666466
            ],
            [
              121.1236911,
              14.6664898
            ],
            [
              121.1238451,
              14.6664988
            ],
            [
              121.1238651,
              14.6664898
            ],
            [
              121.1238713,
              14.666463
            ],
            [
              121.1238883,
              14.666454
            ],
            [
              121.1239453,
              14.6664481
            ],
            [
              121.12401,
              14.6664809
            ],
            [
              121.1240485,
              14.6664809
            ],
            [
              121.124127,
              14.666469
            ],
            [
              121.1242006,
              14.6664992
            ],
            [
              121.1243407,
              14.666524
            ],
            [
              121.1244399,
              14.6665523
            ],
            [
              121.1246256,
              14.6666223
            ],
            [
              121.1247158,
              14.6666632
            ],
            [
              121.1248072,
              14.6666996
            ],
            [
              121.1249007,
              14.6667487
            ],
            [
              121.1250115,
              14.6668146
            ],
            [
              121.1250593,
              14.6668323
            ],
            [
              121.1250857,
              14.6668353
            ],
            [
              121.1251081,
              14.6668559
            ],
            [
              121.1251193,
              14.6668933
            ],
            [
              121.1251396,
              14.6669464
            ],
            [
              121.1251873,
              14.6670014
            ],
            [
              121.1252006,
              14.6670319
            ],
            [
              121.1252077,
              14.6670742
            ],
            [
              121.1252056,
              14.667141
            ],
            [
              121.1251914,
              14.6672079
            ],
            [
              121.125166,
              14.6672561
            ],
            [
              121.1251386,
              14.6672866
            ],
            [
              121.1250837,
              14.6673131
            ],
            [
              121.1250115,
              14.6673426
            ],
            [
              121.1249739,
              14.6673711
            ],
            [
              121.1249251,
              14.6674105
            ],
            [
              121.1249211,
              14.6674242
            ],
            [
              121.124918,
              14.667438
            ],
            [
              121.1249099,
              14.6674468
            ],
            [
              121.1248977,
              14.6674547
            ],
            [
              121.1248906,
              14.6674665
            ],
            [
              121.1248906,
              14.6674911
            ],
            [
              121.1248845,
              14.6675127
            ],
            [
              121.1248652,
              14.6675442
            ],
            [
              121.1248357,
              14.6675697
            ],
            [
              121.1248133,
              14.6675953
            ],
            [
              121.124796,
              14.6676071
            ],
            [
              121.1247696,
              14.667615
            ],
            [
              121.1247554,
              14.667612
            ],
            [
              121.1247412,
              14.6676081
            ],
            [
              121.1247188,
              14.667614
            ],
            [
              121.124666,
              14.6676327
            ],
            [
              121.1246385,
              14.6676494
            ],
            [
              121.1246172,
              14.667671
            ],
            [
              121.1245999,
              14.6676976
            ],
            [
              121.1245796,
              14.667732
            ],
            [
              121.1245704,
              14.6677654
            ],
            [
              121.1245653,
              14.6678205
            ],
            [
              121.1245613,
              14.667851
            ],
            [
              121.1245572,
              14.6678972
            ],
            [
              121.1245633,
              14.6679424
            ],
            [
              121.1245745,
              14.6679847
            ],
            [
              121.1245928,
              14.6680191
            ],
            [
              121.124607,
              14.6680329
            ],
            [
              121.1246416,
              14.6680486
            ],
            [
              121.1246761,
              14.6680673
            ],
            [
              121.1246944,
              14.668084
            ],
            [
              121.1247066,
              14.6681036
            ],
            [
              121.1247391,
              14.668198
            ],
            [
              121.1247788,
              14.6682924
            ],
            [
              121.1248215,
              14.6683937
            ],
            [
              121.1248753,
              14.6685068
            ],
            [
              121.1249211,
              14.6686012
            ],
            [
              121.1249282,
              14.6686464
            ],
            [
              121.1249312,
              14.6686975
            ],
            [
              121.1249465,
              14.668728
            ],
            [
              121.1249912,
              14.6688106
            ],
            [
              121.1250105,
              14.6688637
            ],
            [
              121.1250339,
              14.668902
            ],
            [
              121.1250593,
              14.6689414
            ],
            [
              121.1251162,
              14.6690151
            ],
            [
              121.1251487,
              14.669081
            ],
            [
              121.125163,
              14.6691154
            ],
            [
              121.1251701,
              14.6691321
            ],
            [
              121.1251853,
              14.669139
            ],
            [
              121.1252056,
              14.6691469
            ],
            [
              121.1252239,
              14.6691744
            ],
            [
              121.1252432,
              14.6692029
            ],
            [
              121.1252656,
              14.6692422
            ],
            [
              121.1252646,
              14.6692983
            ],
            [
              121.1252585,
              14.6693543
            ],
            [
              121.1252554,
              14.6693828
            ],
            [
              121.1252646,
              14.6694222
            ],
            [
              121.1252676,
              14.6694674
            ],
            [
              121.1252707,
              14.6695549
            ],
            [
              121.1252737,
              14.6696375
            ],
            [
              121.125287,
              14.6697024
            ],
            [
              121.125291,
              14.669728
            ],
            [
              121.1253032,
              14.6697545
            ],
            [
              121.1253205,
              14.6697811
            ],
            [
              121.1253561,
              14.6698253
            ],
            [
              121.1253977,
              14.6698597
            ],
            [
              121.125417,
              14.6698892
            ],
            [
              121.1254292,
              14.6699167
            ],
            [
              121.1254486,
              14.6699354
            ],
            [
              121.1254699,
              14.6699698
            ],
            [
              121.1254963,
              14.6699983
            ],
            [
              121.1255116,
              14.6700131
            ],
            [
              121.1255238,
              14.6700219
            ],
            [
              121.1255349,
              14.6700249
            ],
            [
              121.1255512,
              14.670021
            ],
            [
              121.1255776,
              14.6700072
            ],
            [
              121.1256132,
              14.6699895
            ],
            [
              121.1256539,
              14.669961
            ],
            [
              121.1256549,
              14.6699502
            ],
            [
              121.1256722,
              14.6699374
            ],
            [
              121.1256955,
              14.6699364
            ],
            [
              121.1257281,
              14.6699236
            ],
            [
              121.1257636,
              14.6699148
            ],
            [
              121.1258134,
              14.6698922
            ],
            [
              121.1258754,
              14.6698538
            ],
            [
              121.1259527,
              14.6698273
            ],
            [
              121.1260065,
              14.6698076
            ],
            [
              121.1260523,
              14.6697879
            ],
            [
              121.1261061,
              14.6697643
            ],
            [
              121.126157,
              14.6697565
            ],
            [
              121.1262057,
              14.6697398
            ],
            [
              121.1262576,
              14.6697162
            ],
            [
              121.1262982,
              14.6696994
            ],
            [
              121.1263104,
              14.6696886
            ],
            [
              121.1263165,
              14.6696729
            ],
            [
              121.1263358,
              14.669665
            ],
            [
              121.1263765,
              14.6696444
            ],
            [
              121.1264525,
              14.6695938
            ],
            [
              121.1265043,
              14.6695584
            ],
            [
              121.1265206,
              14.6695417
            ],
            [
              121.1265297,
              14.669527
            ],
            [
              121.126548,
              14.6695142
            ],
            [
              121.1265673,
              14.6695181
            ],
            [
              121.1265836,
              14.6695093
            ],
            [
              121.1265988,
              14.6694817
            ],
            [
              121.126608,
              14.669464
            ],
            [
              121.1266232,
              14.6694522
            ],
            [
              121.1266649,
              14.6694424
            ],
            [
              121.1267574,
              14.669408
            ],
            [
              121.1268489,
              14.6693578
            ],
            [
              121.1269119,
              14.6693284
            ],
            [
              121.1269647,
              14.6692487
            ],
            [
              121.1270064,
              14.6692074
            ],
            [
              121.1270633,
              14.6691642
            ],
            [
              121.1271273,
              14.6691307
            ],
            [
              121.12723,
              14.6690973
            ],
            [
              121.1272534,
              14.6690943
            ],
            [
              121.127232,
              14.6691337
            ],
            [
              121.1271436,
              14.6691956
            ],
            [
              121.127107,
              14.66923
            ],
            [
              121.1270887,
              14.6692526
            ],
            [
              121.1270979,
              14.6692556
            ],
            [
              121.1271223,
              14.6692477
            ],
            [
              121.1271568,
              14.669231
            ],
            [
              121.1271782,
              14.6692261
            ],
            [
              121.1272381,
              14.6692025
            ],
            [
              121.1272564,
              14.6691828
            ],
            [
              121.1272747,
              14.669174
            ],
            [
              121.1272849,
              14.6691809
            ],
            [
              121.1273103,
              14.6691671
            ],
            [
              121.1273123,
              14.6691563
            ],
            [
              121.1273459,
              14.6691386
            ],
            [
              121.1273763,
              14.6691347
            ],
            [
              121.1274038,
              14.6691455
            ],
            [
              121.1274536,
              14.6691297
            ],
            [
              121.1274831,
              14.6691347
            ],
            [
              121.1275156,
              14.6691278
            ],
            [
              121.1275481,
              14.6691111
            ],
            [
              121.1275878,
              14.6691042
            ],
            [
              121.1276264,
              14.6691199
            ],
            [
              121.127665,
              14.6691248
            ],
            [
              121.1277483,
              14.6691052
            ],
            [
              121.1278886,
              14.6690629
            ],
            [
              121.1279486,
              14.6690442
            ],
            [
              121.1279791,
              14.6690442
            ],
            [
              121.1280248,
              14.6690344
            ],
            [
              121.1281498,
              14.668998
            ],
            [
              121.1281722,
              14.6689852
            ],
            [
              121.1281986,
              14.6689675
            ],
            [
              121.1282382,
              14.6689547
            ],
            [
              121.128347,
              14.6689095
            ],
            [
              121.1284496,
              14.6688652
            ],
            [
              121.1285279,
              14.6688348
            ],
            [
              121.1285624,
              14.6688102
            ],
            [
              121.1285767,
              14.6687915
            ],
            [
              121.1285757,
              14.668764
            ],
            [
              121.1285757,
              14.6687345
            ],
            [
              121.1285858,
              14.6687286
            ],
            [
              121.1286011,
              14.6687394
            ],
            [
              121.1286255,
              14.6687453
            ],
            [
              121.1286468,
              14.6687364
            ],
            [
              121.1286905,
              14.6687187
            ],
            [
              121.1287464,
              14.6687069
            ],
            [
              121.1287606,
              14.6686942
            ],
            [
              121.128781,
              14.6686912
            ],
            [
              121.1288115,
              14.6686922
            ],
            [
              121.1288115,
              14.6686804
            ],
            [
              121.1288023,
              14.6686725
            ],
            [
              121.1288054,
              14.6686597
            ],
            [
              121.1288155,
              14.6686578
            ],
            [
              121.128843,
              14.6686676
            ],
            [
              121.1288877,
              14.6686735
            ],
            [
              121.1289558,
              14.6686676
            ],
            [
              121.1290412,
              14.6686499
            ],
            [
              121.1290676,
              14.6686342
            ],
            [
              121.1291001,
              14.6686244
            ],
            [
              121.1291469,
              14.6686194
            ],
            [
              121.1292515,
              14.6686273
            ],
            [
              121.1292993,
              14.6686135
            ],
            [
              121.1293847,
              14.668589
            ],
            [
              121.1294304,
              14.6685791
            ],
            [
              121.1294558,
              14.6685654
            ],
            [
              121.1294751,
              14.6685437
            ],
            [
              121.1295554,
              14.6685083
            ],
            [
              121.1295676,
              14.6685123
            ],
            [
              121.1295839,
              14.668527
            ],
            [
              121.1296225,
              14.668529
            ],
            [
              121.1296439,
              14.6685329
            ],
            [
              121.129654,
              14.6685447
            ],
            [
              121.129655,
              14.6685713
            ],
            [
              121.1296683,
              14.668588
            ],
            [
              121.1296845,
              14.6685988
            ],
            [
              121.1297059,
              14.6686017
            ],
            [
              121.1297414,
              14.6685958
            ],
            [
              121.1298014,
              14.6685693
            ],
            [
              121.1298248,
              14.6685457
            ],
            [
              121.129836,
              14.6685221
            ],
            [
              121.129838,
              14.6684877
            ],
            [
              121.129841,
              14.6683844
            ],
            [
              121.1298339,
              14.6683569
            ],
            [
              121.1298421,
              14.6683412
            ],
            [
              121.1298522,
              14.6683382
            ],
            [
              121.1298644,
              14.6683471
            ],
            [
              121.1298908,
              14.6683254
            ],
            [
              121.1299213,
              14.6683058
            ],
            [
              121.1300199,
              14.6682684
            ],
            [
              121.1300341,
              14.6682478
            ],
            [
              121.1300738,
              14.668234
            ],
            [
              121.1301043,
              14.6682134
            ],
            [
              121.1302712,
              14.6681532
            ],
            [
              121.1306389,
              14.6679799
            ],
            [
              121.1306714,
              14.6679449
            ],
            [
              121.130708,
              14.6679528
            ],
            [
              121.1307558,
              14.6679705
            ],
            [
              121.1307791,
              14.6679744
            ],
            [
              121.13083,
              14.6679656
            ],
            [
              121.1308706,
              14.6679489
            ],
            [
              121.1308889,
              14.6679331
            ],
            [
              121.1309092,
              14.6679204
            ],
            [
              121.1309387,
              14.6679154
            ],
            [
              121.1309845,
              14.6679036
            ],
            [
              121.1310343,
              14.667883
            ],
            [
              121.1310698,
              14.6678535
            ],
            [
              121.1310922,
              14.6678387
            ],
            [
              121.1311084,
              14.6678151
            ],
            [
              121.1311278,
              14.6677434
            ],
            [
              121.1311196,
              14.6676755
            ],
            [
              121.1311034,
              14.6676254
            ],
            [
              121.1311034,
              14.6675919
            ],
            [
              121.1311013,
              14.6674995
            ],
            [
              121.1310912,
              14.6674081
            ],
            [
              121.1310566,
              14.6672006
            ],
            [
              121.1310454,
              14.6671849
            ],
            [
              121.1310414,
              14.6671721
            ],
            [
              121.1310434,
              14.6671534
            ],
            [
              121.1310149,
              14.6669499
            ],
            [
              121.1310078,
              14.6669391
            ],
            [
              121.1309916,
              14.6669283
            ],
            [
              121.1309865,
              14.6669204
            ],
            [
              121.1309865,
              14.6669096
            ],
            [
              121.1309977,
              14.6668978
            ],
            [
              121.1309966,
              14.666882
            ],
            [
              121.1309814,
              14.6668634
            ],
            [
              121.1309529,
              14.6668427
            ],
            [
              121.1309468,
              14.666828
            ],
            [
              121.1309479,
              14.6668053
            ],
            [
              121.130955,
              14.6667945
            ],
            [
              121.1309529,
              14.6667857
            ],
            [
              121.1309347,
              14.6667867
            ],
            [
              121.1309286,
              14.6667778
            ],
            [
              121.1309336,
              14.666765
            ],
            [
              121.1309428,
              14.6667503
            ],
            [
              121.1309438,
              14.6667336
            ],
            [
              121.1309245,
              14.666709
            ],
            [
              121.1308706,
              14.6666657
            ],
            [
              121.1308462,
              14.6666529
            ],
            [
              121.130831,
              14.6666274
            ],
            [
              121.1307944,
              14.6666293
            ],
            [
              121.1307558,
              14.6666225
            ],
            [
              121.1307334,
              14.6666087
            ],
            [
              121.1307212,
              14.666593
            ],
            [
              121.1307141,
              14.6665654
            ],
            [
              121.130705,
              14.6665241
            ],
            [
              121.1306938,
              14.6665123
            ],
            [
              121.1306836,
              14.6665015
            ],
            [
              121.1306724,
              14.6664799
            ],
            [
              121.1306325,
              14.6664335
            ],
            [
              121.1305999,
              14.6663844
            ],
            [
              121.1305878,
              14.6663539
            ],
            [
              121.1305552,
              14.6662939
            ],
            [
              121.13054,
              14.6662477
            ],
            [
              121.1305105,
              14.6661474
            ],
            [
              121.1305237,
              14.6661219
            ],
            [
              121.1305268,
              14.6660766
            ],
            [
              121.1305024,
              14.6660363
            ],
            [
              121.1304902,
              14.6660058
            ],
            [
              121.1304881,
              14.6659675
            ],
            [
              121.1304953,
              14.6657512
            ],
            [
              121.1305054,
              14.665586
            ],
            [
              121.1305258,
              14.6654631
            ],
            [
              121.1305756,
              14.6652615
            ],
            [
              121.1305837,
              14.6651917
            ],
            [
              121.130605,
              14.665115
            ],
            [
              121.1306416,
              14.6650344
            ],
            [
              121.1306548,
              14.6649862
            ],
            [
              121.130668,
              14.664939
            ],
            [
              121.1306863,
              14.6649095
            ],
            [
              121.1307117,
              14.6648898
            ],
            [
              121.1307392,
              14.6648761
            ],
            [
              121.1307707,
              14.6648535
            ],
            [
              121.1308164,
              14.6648082
            ],
            [
              121.1308479,
              14.6647522
            ],
            [
              121.1308449,
              14.6647197
            ],
            [
              121.1308327,
              14.6647069
            ],
            [
              121.1308185,
              14.664704
            ],
            [
              121.1307054,
              14.6646424
            ],
            [
              121.1307553,
              14.6645696
            ],
            [
              121.1308552,
              14.6644989
            ],
            [
              121.1310135,
              14.6643687
            ],
            [
              121.1311458,
              14.664223
            ],
            [
              121.1312202,
              14.6641509
            ],
            [
              121.1312574,
              14.6640531
            ],
            [
              121.1313643,
              14.6640708
            ],
            [
              121.1313998,
              14.6640403
            ],
            [
              121.131411,
              14.6640069
            ],
            [
              121.1314141,
              14.663997
            ],
            [
              121.1314324,
              14.6639951
            ],
            [
              121.1314588,
              14.6639843
            ],
            [
              121.1314944,
              14.6639567
            ],
            [
              121.131535,
              14.6639036
            ],
            [
              121.1315777,
              14.6638446
            ],
            [
              121.1316041,
              14.6638122
            ],
            [
              121.1316356,
              14.6637817
            ],
            [
              121.131723,
              14.6637011
            ],
            [
              121.1317596,
              14.6636549
            ],
            [
              121.1317698,
              14.6636136
            ],
            [
              121.1317871,
              14.6635919
            ],
            [
              121.1318247,
              14.6635447
            ],
            [
              121.131847,
              14.6634995
            ],
            [
              121.1318918,
              14.6633933
            ],
            [
              121.1318877,
              14.6633805
            ],
            [
              121.1318978,
              14.663353
            ],
            [
              121.1319131,
              14.6633422
            ],
            [
              121.1319446,
              14.663295
            ],
            [
              121.1319619,
              14.6632439
            ],
            [
              121.1319527,
              14.6632311
            ],
            [
              121.1319477,
              14.6632183
            ],
            [
              121.1319466,
              14.6632006
            ],
            [
              121.1319985,
              14.663115
            ],
            [
              121.1320025,
              14.6631013
            ],
            [
              121.1320767,
              14.6629695
            ],
            [
              121.132096,
              14.6629587
            ],
            [
              121.1321895,
              14.6628034
            ],
            [
              121.1322058,
              14.6627621
            ],
            [
              121.132218,
              14.662765
            ],
            [
              121.1322536,
              14.6626804
            ],
            [
              121.1322495,
              14.6626647
            ],
            [
              121.1322668,
              14.6626372
            ],
            [
              121.132279,
              14.6626509
            ],
            [
              121.1322922,
              14.662646
            ],
            [
              121.1322963,
              14.6626352
            ],
            [
              121.1322841,
              14.6626165
            ],
            [
              121.1322841,
              14.6626057
            ],
            [
              121.1323146,
              14.6625526
            ],
            [
              121.1323339,
              14.6625497
            ],
            [
              121.1323542,
              14.6625251
            ],
            [
              121.1323532,
              14.6625133
            ],
            [
              121.1323684,
              14.6624985
            ],
            [
              121.1323847,
              14.6624474
            ],
            [
              121.132406,
              14.662415
            ],
            [
              121.1324386,
              14.6623628
            ],
            [
              121.1324772,
              14.6622665
            ],
            [
              121.1324823,
              14.6622449
            ],
            [
              121.1324945,
              14.6622449
            ],
            [
              121.1325067,
              14.662238
            ],
            [
              121.1325117,
              14.6622301
            ],
            [
              121.1325107,
              14.6622124
            ],
            [
              121.1325107,
              14.6621996
            ],
            [
              121.1325249,
              14.6621809
            ],
            [
              121.1325524,
              14.6621534
            ],
            [
              121.1325849,
              14.6620856
            ],
            [
              121.1326286,
              14.6620138
            ],
            [
              121.1326642,
              14.6619273
            ],
            [
              121.1327048,
              14.6618496
            ],
            [
              121.1327435,
              14.6618112
            ],
            [
              121.1327546,
              14.6617906
            ],
            [
              121.1327546,
              14.6617562
            ],
            [
              121.132774,
              14.6617218
            ],
            [
              121.1328319,
              14.6616077
            ],
            [
              121.1328654,
              14.6615566
            ],
            [
              121.1328675,
              14.6615202
            ],
            [
              121.1328807,
              14.6615113
            ],
            [
              121.1329,
              14.6615045
            ],
            [
              121.1329132,
              14.6614927
            ],
            [
              121.1329091,
              14.6614779
            ],
            [
              121.132902,
              14.6614651
            ],
            [
              121.1329051,
              14.6614356
            ],
            [
              121.1329386,
              14.6613668
            ],
            [
              121.1329904,
              14.6612754
            ],
            [
              121.1330159,
              14.6612223
            ],
            [
              121.1330301,
              14.6612124
            ],
            [
              121.1330758,
              14.6611564
            ],
            [
              121.13309,
              14.6611298
            ],
            [
              121.1331063,
              14.6611229
            ],
            [
              121.1331165,
              14.6611239
            ],
            [
              121.1331144,
              14.6611357
            ],
            [
              121.1331236,
              14.6611456
            ],
            [
              121.1331409,
              14.6611298
            ],
            [
              121.1331592,
              14.6611239
            ],
            [
              121.1331856,
              14.6610954
            ],
            [
              121.1332273,
              14.6610354
            ],
            [
              121.1332598,
              14.6609912
            ],
            [
              121.1333716,
              14.6608742
            ],
            [
              121.133396,
              14.6608348
            ],
            [
              121.1334112,
              14.6608162
            ],
            [
              121.1334387,
              14.6607975
            ],
            [
              121.133457,
              14.6607808
            ],
            [
              121.1334813,
              14.6607463
            ],
            [
              121.1334895,
              14.660708
            ],
            [
              121.1335159,
              14.6606726
            ],
            [
              121.1335515,
              14.6606421
            ],
            [
              121.1335576,
              14.6606323
            ],
            [
              121.1335444,
              14.6606205
            ],
            [
              121.1335454,
              14.6606057
            ],
            [
              121.1335606,
              14.6605792
            ],
            [
              121.1335931,
              14.6605635
            ],
            [
              121.1336145,
              14.6605694
            ],
            [
              121.1336348,
              14.6605743
            ],
            [
              121.133648,
              14.6605694
            ],
            [
              121.1336551,
              14.6605625
            ],
            [
              121.133649,
              14.6605458
            ],
            [
              121.133643,
              14.6605153
            ],
            [
              121.1336562,
              14.6605015
            ],
            [
              121.1336806,
              14.6604877
            ],
            [
              121.1336826,
              14.660475
            ],
            [
              121.1337009,
              14.6604405
            ],
            [
              121.1337619,
              14.6603835
            ],
            [
              121.1338168,
              14.6603226
            ],
            [
              121.1338676,
              14.6602419
            ],
            [
              121.1338828,
              14.6601918
            ],
            [
              121.1339082,
              14.6601515
            ],
            [
              121.1339468,
              14.6601062
            ],
            [
              121.1339794,
              14.6600551
            ],
            [
              121.1340383,
              14.660002
            ],
            [
              121.1340607,
              14.6599617
            ],
            [
              121.1340993,
              14.6598948
            ],
            [
              121.134143,
              14.6598044
            ],
            [
              121.1341948,
              14.6597001
            ],
            [
              121.1342284,
              14.6596303
            ],
            [
              121.1342538,
              14.6595703
            ],
            [
              121.1342802,
              14.6595182
            ],
            [
              121.1343026,
              14.6594504
            ],
            [
              121.1343097,
              14.659412
            ],
            [
              121.134329,
              14.6593934
            ],
            [
              121.1343938,
              14.6593305
            ],
            [
              121.1344115,
              14.6592843
            ],
            [
              121.1344345,
              14.6592398
            ],
            [
              121.1344398,
              14.6592004
            ],
            [
              121.1344628,
              14.6591542
            ],
            [
              121.1344823,
              14.6591182
            ],
            [
              121.1344929,
              14.6590737
            ],
            [
              121.1345106,
              14.6590104
            ],
            [
              121.1345336,
              14.658995
            ],
            [
              121.1345619,
              14.6589556
            ],
            [
              121.1345495,
              14.6589316
            ],
            [
              121.1345601,
              14.6589111
            ],
            [
              121.1345707,
              14.6588631
            ],
            [
              121.1345849,
              14.6588323
            ],
            [
              121.1346079,
              14.6588272
            ],
            [
              121.134615,
              14.6588118
            ],
            [
              121.1346061,
              14.6587724
            ],
            [
              121.1346168,
              14.6587536
            ],
            [
              121.1346362,
              14.6587536
            ],
            [
              121.1346468,
              14.6587724
            ],
            [
              121.1346592,
              14.6587604
            ],
            [
              121.1346805,
              14.6587125
            ],
            [
              121.1346999,
              14.6586354
            ],
            [
              121.1346999,
              14.6585721
            ],
            [
              121.1347176,
              14.6585002
            ],
            [
              121.1347212,
              14.6584728
            ],
            [
              121.1347105,
              14.6584557
            ],
            [
              121.1347176,
              14.6584249
            ],
            [
              121.1347335,
              14.6583855
            ],
            [
              121.1347495,
              14.6583632
            ],
            [
              121.1347636,
              14.6583222
            ],
            [
              121.1347849,
              14.6582965
            ],
            [
              121.1347902,
              14.6582776
            ],
            [
              121.1348079,
              14.6582554
            ],
            [
              121.134822,
              14.6581698
            ],
            [
              121.1348344,
              14.6581561
            ],
            [
              121.1348521,
              14.658139
            ],
            [
              121.1348486,
              14.6581218
            ],
            [
              121.1348309,
              14.6581064
            ],
            [
              121.1348185,
              14.6580945
            ],
            [
              121.1348238,
              14.6580773
            ],
            [
              121.134845,
              14.6580499
            ],
            [
              121.1348486,
              14.658026
            ],
            [
              121.1348415,
              14.6580089
            ],
            [
              121.1348521,
              14.6579969
            ],
            [
              121.134884,
              14.6579712
            ],
            [
              121.1349034,
              14.6579335
            ],
            [
              121.1349123,
              14.6578702
            ],
            [
              121.1349247,
              14.6577846
            ],
            [
              121.1349494,
              14.6576579
            ],
            [
              121.1349547,
              14.6575449
            ],
            [
              121.1349565,
              14.6574764
            ],
            [
              121.1349494,
              14.6574473
            ],
            [
              121.1349353,
              14.6574336
            ],
            [
              121.1349512,
              14.6574199
            ],
            [
              121.1349724,
              14.6574045
            ],
            [
              121.1349831,
              14.6573754
            ],
            [
              121.1349636,
              14.6573189
            ],
            [
              121.1349512,
              14.6572573
            ],
            [
              121.1349353,
              14.6572367
            ],
            [
              121.1349317,
              14.6571991
            ],
            [
              121.1349335,
              14.6570861
            ],
            [
              121.1349229,
              14.6570416
            ],
            [
              121.1349247,
              14.6570176
            ],
            [
              121.1349317,
              14.6569988
            ],
            [
              121.1349247,
              14.6569645
            ],
            [
              121.134907,
              14.6569525
            ],
            [
              121.134884,
              14.65692
            ],
            [
              121.134861,
              14.6568669
            ],
            [
              121.1348433,
              14.6568139
            ],
            [
              121.1348256,
              14.6567899
            ],
            [
              121.1347813,
              14.6567694
            ],
            [
              121.1347672,
              14.656742
            ],
            [
              121.134753,
              14.6566889
            ],
            [
              121.13473,
              14.6565776
            ],
            [
              121.1347141,
              14.6565622
            ],
            [
              121.1347282,
              14.6565502
            ],
            [
              121.1347389,
              14.6565365
            ],
            [
              121.13473,
              14.6565177
            ],
            [
              121.1347158,
              14.6565023
            ],
            [
              121.1347212,
              14.6564852
            ],
            [
              121.1347123,
              14.6564646
            ],
            [
              121.1347123,
              14.6564389
            ],
            [
              121.1346999,
              14.656415
            ],
            [
              121.1346822,
              14.6563328
            ],
            [
              121.1346734,
              14.6563037
            ],
            [
              121.1346433,
              14.6562164
            ],
            [
              121.1346221,
              14.6561342
            ],
            [
              121.1345955,
              14.6560007
            ],
            [
              121.1345831,
              14.6558432
            ],
            [
              121.1345831,
              14.6557524
            ],
            [
              121.1345902,
              14.655725
            ],
            [
              121.1345884,
              14.6556377
            ],
            [
              121.1345796,
              14.655535
            ],
            [
              121.1345654,
              14.6554186
            ],
            [
              121.1345672,
              14.6553535
            ],
            [
              121.1345796,
              14.6552919
            ],
            [
              121.1345991,
              14.6552388
            ],
            [
              121.1346132,
              14.6551635
            ],
            [
              121.1346256,
              14.6550265
            ],
            [
              121.1346238,
              14.6549341
            ],
            [
              121.1346168,
              14.6548724
            ],
            [
              121.1346044,
              14.6548194
            ],
            [
              121.1345831,
              14.654768
            ],
            [
              121.1345424,
              14.6547047
            ],
            [
              121.1344539,
              14.6546208
            ],
            [
              121.1344186,
              14.6546054
            ],
            [
              121.1343956,
              14.6545745
            ],
            [
              121.1343885,
              14.6545557
            ],
            [
              121.1343035,
              14.6544958
            ],
            [
              121.1342611,
              14.654453
            ],
            [
              121.134192,
              14.6544085
            ],
            [
              121.1341425,
              14.6543931
            ],
            [
              121.1340841,
              14.6543588
            ],
            [
              121.1340611,
              14.6543383
            ],
            [
              121.1340204,
              14.6543212
            ],
            [
              121.1339655,
              14.6542852
            ],
            [
              121.1339213,
              14.6542475
            ],
            [
              121.1338948,
              14.6542441
            ],
            [
              121.1338788,
              14.6542304
            ],
            [
              121.1338682,
              14.6542047
            ],
            [
              121.1337939,
              14.65415
            ],
            [
              121.1336594,
              14.6540781
            ],
            [
              121.1336258,
              14.6540746
            ],
            [
              121.1335992,
              14.6540592
            ],
            [
              121.1335691,
              14.6540301
            ],
            [
              121.1335196,
              14.6539993
            ],
            [
              121.1334966,
              14.6539685
            ],
            [
              121.1334382,
              14.6539257
            ],
            [
              121.1333515,
              14.6538726
            ],
            [
              121.1333179,
              14.6538367
            ],
            [
              121.1332913,
              14.6538058
            ],
            [
              121.1332648,
              14.6537767
            ],
            [
              121.1332559,
              14.6537511
            ],
            [
              121.1332489,
              14.6537202
            ],
            [
              121.1332418,
              14.6536483
            ],
            [
              121.1332391,
              14.6536146
            ],
            [
              121.1332489,
              14.6535062
            ],
            [
              121.1332612,
              14.6534241
            ],
            [
              121.1332896,
              14.6533504
            ],
            [
              121.1333462,
              14.6532648
            ],
            [
              121.1334063,
              14.6531946
            ],
            [
              121.1334612,
              14.6531193
            ],
            [
              121.1335196,
              14.6530508
            ],
            [
              121.1335727,
              14.6529978
            ],
            [
              121.1336187,
              14.6529378
            ],
            [
              121.1336877,
              14.6528385
            ],
            [
              121.1337284,
              14.6527735
            ],
            [
              121.1337744,
              14.652717
            ],
            [
              121.1338523,
              14.6526554
            ],
            [
              121.1338753,
              14.6526485
            ],
            [
              121.1338859,
              14.6526314
            ],
            [
              121.13387,
              14.6526211
            ],
            [
              121.1338771,
              14.6526006
            ],
            [
              121.1338948,
              14.6525989
            ],
            [
              121.1339125,
              14.6526091
            ],
            [
              121.1339443,
              14.6526091
            ],
            [
              121.1339673,
              14.6525937
            ],
            [
              121.1340186,
              14.6525475
            ],
            [
              121.1340558,
              14.6525287
            ],
            [
              121.1340806,
              14.6525338
            ],
            [
              121.1341301,
              14.6525184
            ],
            [
              121.1342204,
              14.6524722
            ],
            [
              121.1343283,
              14.6524174
            ],
            [
              121.1344292,
              14.6523523
            ],
            [
              121.1345,
              14.6523232
            ],
            [
              121.1345584,
              14.6523164
            ],
            [
              121.1346132,
              14.6523095
            ],
            [
              121.1346734,
              14.6522804
            ],
            [
              121.1347883,
              14.6521691
            ],
            [
              121.1348737,
              14.6520826
            ],
            [
              121.1349469,
              14.6520314
            ],
            [
              121.1350729,
              14.6519842
            ],
            [
              121.1352558,
              14.6518466
            ],
            [
              121.1353168,
              14.6517718
            ],
            [
              121.1354388,
              14.6516853
            ],
            [
              121.1355242,
              14.6515712
            ],
            [
              121.1356949,
              14.651465
            ],
            [
              121.1358846,
              14.6513782
            ],
            [
              121.1359144,
              14.6513779
            ],
            [
              121.1359613,
              14.6513865
            ],
            [
              121.1360099,
              14.6514267
            ],
            [
              121.136102,
              14.6514532
            ],
            [
              121.1361842,
              14.6514601
            ],
            [
              121.1362533,
              14.6514532
            ],
            [
              121.1363099,
              14.651431
            ],
            [
              121.136378,
              14.6513728
            ],
            [
              121.1364479,
              14.6513368
            ],
            [
              121.1364842,
              14.6513017
            ],
            [
              121.1365001,
              14.6512649
            ],
            [
              121.1365072,
              14.6512067
            ],
            [
              121.136486,
              14.6511819
            ],
            [
              121.1364692,
              14.6511408
            ],
            [
              121.1364789,
              14.6511177
            ],
            [
              121.1365001,
              14.6510663
            ],
            [
              121.1365063,
              14.6509936
            ],
            [
              121.1364665,
              14.6508737
            ],
            [
              121.13644,
              14.6508369
            ],
            [
              121.1364285,
              14.6507795
            ],
            [
              121.1364346,
              14.6507188
            ],
            [
              121.1364329,
              14.6506965
            ],
            [
              121.1364417,
              14.6506751
            ],
            [
              121.1364373,
              14.6506494
            ],
            [
              121.1364231,
              14.6505904
            ],
            [
              121.1364081,
              14.6505544
            ],
            [
              121.1363532,
              14.6505005
            ],
            [
              121.1363391,
              14.6504825
            ],
            [
              121.1363267,
              14.6504894
            ],
            [
              121.1363134,
              14.6504911
            ],
            [
              121.136286,
              14.6504816
            ],
            [
              121.136263,
              14.6504628
            ],
            [
              121.1361099,
              14.6503883
            ],
            [
              121.1360524,
              14.6503541
            ],
            [
              121.1360268,
              14.6503267
            ],
            [
              121.135971,
              14.650307
            ],
            [
              121.1358622,
              14.6502497
            ],
            [
              121.1357755,
              14.6502052
            ],
            [
              121.1357013,
              14.6501581
            ],
            [
              121.1356336,
              14.6501074
            ],
            [
              121.1355288,
              14.6500418
            ],
            [
              121.1354056,
              14.6499583
            ],
            [
              121.1353224,
              14.6499196
            ],
            [
              121.1352484,
              14.6498659
            ],
            [
              121.1351776,
              14.6497944
            ],
            [
              121.1351283,
              14.6497228
            ],
            [
              121.1350605,
              14.6496096
            ],
            [
              121.1350358,
              14.6495529
            ],
            [
              121.1349372,
              14.6494099
            ],
            [
              121.1348725,
              14.6492996
            ],
            [
              121.1348633,
              14.6492191
            ],
            [
              121.1348602,
              14.6491714
            ],
            [
              121.1348294,
              14.6491207
            ],
            [
              121.1347801,
              14.649073
            ],
            [
              121.1347585,
              14.6490372
            ],
            [
              121.1347493,
              14.6490045
            ],
            [
              121.1346569,
              14.6489419
            ],
            [
              121.1346137,
              14.6488882
            ],
            [
              121.1345244,
              14.6488226
            ],
            [
              121.134435,
              14.6487868
            ],
            [
              121.1343087,
              14.6487093
            ],
            [
              121.1342409,
              14.6486408
            ],
            [
              121.1340869,
              14.6484768
            ],
            [
              121.1340406,
              14.6484291
            ],
            [
              121.1340037,
              14.6484172
            ],
            [
              121.1339482,
              14.6484172
            ],
            [
              121.1338897,
              14.6484351
            ],
            [
              121.1338435,
              14.6484262
            ],
            [
              121.1338219,
              14.6483993
            ],
            [
              121.1338157,
              14.6483576
            ],
            [
              121.1337572,
              14.6483188
            ],
            [
              121.1336863,
              14.648298
            ],
            [
              121.1336185,
              14.6483039
            ],
            [
              121.13356,
              14.648295
            ],
            [
              121.1334953,
              14.6482562
            ],
            [
              121.1334214,
              14.6482443
            ],
            [
              121.1332889,
              14.6482294
            ],
            [
              121.1330824,
              14.6481728
            ],
            [
              121.1328822,
              14.6481221
            ],
            [
              121.1327435,
              14.6480774
            ],
            [
              121.1326524,
              14.6480414
            ],
            [
              121.1326231,
              14.6480249
            ],
            [
              121.1325958,
              14.6480006
            ],
            [
              121.1325349,
              14.6478941
            ],
            [
              121.1325283,
              14.6477823
            ],
            [
              121.1325527,
              14.6477397
            ],
            [
              121.1326197,
              14.6476906
            ],
            [
              121.1326309,
              14.6476699
            ],
            [
              121.1326441,
              14.6476443
            ],
            [
              121.1326726,
              14.6476178
            ],
            [
              121.1327153,
              14.6476011
            ],
            [
              121.1327864,
              14.6475627
            ],
            [
              121.1329297,
              14.6474722
            ],
            [
              121.1329867,
              14.6474309
            ],
            [
              121.1329968,
              14.6474073
            ],
            [
              121.1330161,
              14.6473936
            ],
            [
              121.133072,
              14.6473533
            ],
            [
              121.1330863,
              14.6473326
            ],
            [
              121.1330924,
              14.6473169
            ],
            [
              121.1331025,
              14.6473149
            ],
            [
              121.1331107,
              14.6473198
            ],
            [
              121.1331137,
              14.6473415
            ],
            [
              121.1331239,
              14.6473503
            ],
            [
              121.1331391,
              14.6473533
            ],
            [
              121.1332265,
              14.6473031
            ],
            [
              121.1332367,
              14.6472884
            ],
            [
              121.1332235,
              14.6472736
            ],
            [
              121.1332052,
              14.6472697
            ],
            [
              121.1331991,
              14.6472569
            ],
            [
              121.1332042,
              14.647248
            ],
            [
              121.1332285,
              14.6472461
            ],
            [
              121.1332397,
              14.6472382
            ],
            [
              121.1332509,
              14.6472353
            ],
            [
              121.1332601,
              14.6472471
            ],
            [
              121.1332733,
              14.64725
            ],
            [
              121.1332895,
              14.6472618
            ],
            [
              121.1333505,
              14.6472294
            ],
            [
              121.1333353,
              14.6472038
            ],
            [
              121.1333668,
              14.6471802
            ],
            [
              121.1334054,
              14.6471664
            ],
            [
              121.1334552,
              14.6471458
            ],
            [
              121.1334999,
              14.6471251
            ],
            [
              121.1335081,
              14.6471094
            ],
            [
              121.1335141,
              14.6470917
            ],
            [
              121.1335355,
              14.647072
            ],
            [
              121.1335914,
              14.6470504
            ],
            [
              121.1336219,
              14.6470484
            ],
            [
              121.1336483,
              14.6470356
            ],
            [
              121.1336615,
              14.6470238
            ],
            [
              121.1336951,
              14.647016
            ],
            [
              121.1337438,
              14.647014
            ],
            [
              121.1337896,
              14.6469943
            ],
            [
              121.1338282,
              14.6469648
            ],
            [
              121.1338506,
              14.646957
            ],
            [
              121.133876,
              14.646955
            ],
            [
              121.1339014,
              14.6470387
            ],
            [
              121.1338603,
              14.647052
            ],
            [
              121.1337586,
              14.6471026
            ],
            [
              121.1335769,
              14.6471891
            ],
            [
              121.1335214,
              14.6472398
            ],
            [
              121.1334413,
              14.6472487
            ],
            [
              121.133164,
              14.6474037
            ],
            [
              121.1330438,
              14.6474663
            ],
            [
              121.1330223,
              14.6475021
            ],
            [
              121.1329884,
              14.6475229
            ],
            [
              121.1329607,
              14.6475259
            ],
            [
              121.1328019,
              14.6476329
            ],
            [
              121.1327347,
              14.647698
            ],
            [
              121.1326828,
              14.6477151
            ],
            [
              121.1326533,
              14.6477299
            ],
            [
              121.1326279,
              14.6477564
            ],
            [
              121.1326167,
              14.6477791
            ],
            [
              121.1326116,
              14.6478292
            ],
            [
              121.1326177,
              14.6478774
            ],
            [
              121.1326269,
              14.647898
            ],
            [
              121.1326492,
              14.6479207
            ],
            [
              121.132685,
              14.6479403
            ],
            [
              121.1327589,
              14.647985
            ],
            [
              121.1328338,
              14.6479856
            ],
            [
              121.132947,
              14.6480472
            ],
            [
              121.1331382,
              14.6481055
            ],
            [
              121.1333364,
              14.64815
            ],
            [
              121.1336407,
              14.6482116
            ],
            [
              121.1338318,
              14.6482904
            ],
            [
              121.1340477,
              14.6483246
            ],
            [
              121.1341681,
              14.6483691
            ],
            [
              121.1342636,
              14.6484376
            ],
            [
              121.1344335,
              14.648602
            ],
            [
              121.1346636,
              14.6487526
            ],
            [
              121.1347571,
              14.6488858
            ],
            [
              121.134877,
              14.6490244
            ],
            [
              121.1349334,
              14.6490946
            ],
            [
              121.1349435,
              14.6491738
            ],
            [
              121.1349367,
              14.6492577
            ],
            [
              121.134955,
              14.6493236
            ],
            [
              121.1350076,
              14.6494247
            ],
            [
              121.1350739,
              14.6494942
            ],
            [
              121.1351465,
              14.6496046
            ],
            [
              121.135229,
              14.6497492
            ],
            [
              121.1352715,
              14.6497925
            ],
            [
              121.1353659,
              14.6498569
            ],
            [
              121.1356066,
              14.6500085
            ],
            [
              121.1358287,
              14.6501528
            ],
            [
              121.1359366,
              14.6501922
            ],
            [
              121.1362648,
              14.6502983
            ],
            [
              121.1363588,
              14.6503448
            ],
            [
              121.1364862,
              14.6504305
            ],
            [
              121.1365606,
              14.6505298
            ],
            [
              121.1366349,
              14.6507318
            ],
            [
              121.1366774,
              14.6509372
            ],
            [
              121.1366561,
              14.6510845
            ],
            [
              121.136596,
              14.6512762
            ],
            [
              121.1365606,
              14.6513344
            ],
            [
              121.1364013,
              14.6514577
            ],
            [
              121.1363057,
              14.6515125
            ],
            [
              121.136189,
              14.6515467
            ],
            [
              121.1361429,
              14.6515604
            ],
            [
              121.1360474,
              14.6515638
            ],
            [
              121.1360014,
              14.651533
            ],
            [
              121.1359306,
              14.651509
            ],
            [
              121.1358633,
              14.6515159
            ],
            [
              121.1357678,
              14.6515638
            ],
            [
              121.1355696,
              14.6516837
            ],
            [
              121.1354882,
              14.6517419
            ],
            [
              121.1353856,
              14.6518925
            ],
            [
              121.1352192,
              14.652074
            ],
            [
              121.1350989,
              14.6521973
            ],
            [
              121.1350175,
              14.6522452
            ],
            [
              121.1348865,
              14.6522932
            ],
            [
              121.1347237,
              14.6523548
            ],
            [
              121.1345255,
              14.6524336
            ],
            [
              121.1343804,
              14.6525192
            ],
            [
              121.1341864,
              14.6525999
            ],
            [
              121.1341452,
              14.6526515
            ],
            [
              121.1340897,
              14.6526858
            ],
            [
              121.1340451,
              14.6526933
            ],
            [
              121.1340189,
              14.6527111
            ],
            [
              121.133948,
              14.6527588
            ],
            [
              121.1338941,
              14.6527991
            ],
            [
              121.1337554,
              14.6529064
            ],
            [
              121.1337216,
              14.6529258
            ],
            [
              121.1336969,
              14.6529258
            ],
            [
              121.1336769,
              14.6529317
            ],
            [
              121.1336661,
              14.6529526
            ],
            [
              121.1336337,
              14.6530211
            ],
            [
              121.133606,
              14.6530778
            ],
            [
              121.1336014,
              14.6531001
            ],
            [
              121.1335213,
              14.6531911
            ],
            [
              121.1334859,
              14.6532402
            ],
            [
              121.1334751,
              14.6532686
            ],
            [
              121.133452,
              14.653276
            ],
            [
              121.1334412,
              14.6533192
            ],
            [
              121.1334027,
              14.6533952
            ],
            [
              121.1333826,
              14.6534504
            ],
            [
              121.1333534,
              14.6535339
            ],
            [
              121.1333303,
              14.6535756
            ],
            [
              121.1333087,
              14.6536143
            ],
            [
              121.1333133,
              14.653668
            ],
            [
              121.1333195,
              14.6537127
            ],
            [
              121.133338,
              14.6537619
            ],
            [
              121.1333749,
              14.6538111
            ],
            [
              121.1334951,
              14.6538841
            ],
            [
              121.133606,
              14.6539631
            ],
            [
              121.1336461,
              14.6539959
            ],
            [
              121.1338294,
              14.6541345
            ],
            [
              121.133854,
              14.6541449
            ],
            [
              121.1339003,
              14.6541598
            ],
            [
              121.1339511,
              14.6541911
            ],
            [
              121.1340189,
              14.6542418
            ],
            [
              121.1340974,
              14.654291
            ],
            [
              121.1342037,
              14.6543461
            ],
            [
              121.1343208,
              14.6544192
            ],
            [
              121.134424,
              14.6544967
            ],
            [
              121.1345288,
              14.6545861
            ],
            [
              121.134592,
              14.6546591
            ],
            [
              121.1346551,
              14.6547485
            ],
            [
              121.1347013,
              14.6548514
            ],
            [
              121.1347352,
              14.6549646
            ],
            [
              121.1347722,
              14.6550272
            ],
            [
              121.1347999,
              14.6551092
            ],
            [
              121.1348045,
              14.6551733
            ],
            [
              121.1347845,
              14.655218
            ],
            [
              121.1347506,
              14.6552583
            ],
            [
              121.1347306,
              14.6552896
            ],
            [
              121.1347306,
              14.6553238
            ],
            [
              121.1347306,
              14.6553447
            ],
            [
              121.1347121,
              14.6553477
            ],
            [
              121.1346998,
              14.6553581
            ],
            [
              121.1346844,
              14.6553536
            ],
            [
              121.1346828,
              14.6553343
            ],
            [
              121.134669,
              14.6553268
            ],
            [
              121.134632,
              14.6553402
            ],
            [
              121.1346274,
              14.6553626
            ],
            [
              121.1346166,
              14.6554654
            ],
            [
              121.1346428,
              14.6556502
            ],
            [
              121.1346382,
              14.6557546
            ],
            [
              121.1346474,
              14.6558738
            ],
            [
              121.1346767,
              14.6560154
            ],
            [
              121.1347275,
              14.6561599
            ],
            [
              121.1347861,
              14.6563045
            ],
            [
              121.1348184,
              14.656455
            ],
            [
              121.1348631,
              14.6565892
            ],
            [
              121.1349062,
              14.6566563
            ],
            [
              121.134934,
              14.6567203
            ],
            [
              121.1349755,
              14.6568351
            ],
            [
              121.1350202,
              14.6569812
            ],
            [
              121.1350526,
              14.6570959
            ],
            [
              121.1350649,
              14.6571913
            ],
            [
              121.1350649,
              14.6573403
            ],
            [
              121.1350834,
              14.6574939
            ],
            [
              121.1350865,
              14.6576056
            ],
            [
              121.1350711,
              14.6576697
            ],
            [
              121.1350433,
              14.6578202
            ],
            [
              121.1349817,
              14.6579827
            ],
            [
              121.134937,
              14.658163
            ],
            [
              121.1349062,
              14.6583344
            ],
            [
              121.1348862,
              14.6584894
            ],
            [
              121.1348292,
              14.6586578
            ],
            [
              121.1347891,
              14.6587711
            ],
            [
              121.1347306,
              14.658868
            ],
            [
              121.1347013,
              14.6588948
            ],
            [
              121.1346597,
              14.6589246
            ],
            [
              121.1346551,
              14.6589604
            ],
            [
              121.1346551,
              14.65902
            ],
            [
              121.1346335,
              14.6590513
            ],
            [
              121.1345812,
              14.659099
            ],
            [
              121.1345534,
              14.6591407
            ],
            [
              121.1344872,
              14.6592793
            ],
            [
              121.1344093,
              14.6594307
            ],
            [
              121.1343717,
              14.6595399
            ],
            [
              121.1343381,
              14.6596303
            ],
            [
              121.134268,
              14.6597424
            ],
            [
              121.1342162,
              14.6598525
            ],
            [
              121.1341867,
              14.6598988
            ],
            [
              121.1341532,
              14.6599764
            ],
            [
              121.1340698,
              14.6600905
            ],
            [
              121.1339733,
              14.6602567
            ],
            [
              121.133897,
              14.6603845
            ],
            [
              121.1338716,
              14.6604494
            ],
            [
              121.1338411,
              14.6604848
            ],
            [
              121.1338239,
              14.6604877
            ],
            [
              121.1338056,
              14.6605005
            ],
            [
              121.1337791,
              14.6604995
            ],
            [
              121.1337527,
              14.6605251
            ],
            [
              121.1337415,
              14.6605458
            ],
            [
              121.1337314,
              14.6606057
            ],
            [
              121.1337334,
              14.6606441
            ],
            [
              121.133711,
              14.6606716
            ],
            [
              121.1336877,
              14.6606923
            ],
            [
              121.1336633,
              14.6607051
            ],
            [
              121.1336074,
              14.6607621
            ],
            [
              121.1335789,
              14.6607414
            ],
            [
              121.1335698,
              14.6607542
            ],
            [
              121.1335627,
              14.660765
            ],
            [
              121.1335535,
              14.660767
            ],
            [
              121.13352,
              14.6608132
            ],
            [
              121.1334539,
              14.6608879
            ],
            [
              121.1334112,
              14.6609243
            ],
            [
              121.1333584,
              14.6609597
            ],
            [
              121.133337,
              14.6609843
            ],
            [
              121.1333309,
              14.6610276
            ],
            [
              121.1333238,
              14.6610433
            ],
            [
              121.1333126,
              14.6610502
            ],
            [
              121.1332771,
              14.6610561
            ],
            [
              121.1332638,
              14.6610669
            ],
            [
              121.1332517,
              14.6610925
            ],
            [
              121.1332303,
              14.6611377
            ],
            [
              121.1331917,
              14.6611829
            ],
            [
              121.1331348,
              14.6612311
            ],
            [
              121.1330738,
              14.6613186
            ],
            [
              121.1330067,
              14.6614533
            ],
            [
              121.1329447,
              14.6615713
            ],
            [
              121.1329203,
              14.6616087
            ],
            [
              121.1328939,
              14.6616519
            ],
            [
              121.1328766,
              14.6616637
            ],
            [
              121.1328502,
              14.66171
            ],
            [
              121.132836,
              14.6617611
            ],
            [
              121.1328248,
              14.6617749
            ],
            [
              121.1328227,
              14.6617906
            ],
            [
              121.1328299,
              14.6618082
            ],
            [
              121.1328245,
              14.6618596
            ],
            [
              121.1327914,
              14.6619006
            ],
            [
              121.1327483,
              14.6619505
            ],
            [
              121.1327344,
              14.6619893
            ],
            [
              121.1327275,
              14.6620407
            ],
            [
              121.1327136,
              14.662069
            ],
            [
              121.1326897,
              14.6620854
            ],
            [
              121.1326789,
              14.6621107
            ],
            [
              121.1326805,
              14.6621242
            ],
            [
              121.1326574,
              14.6621838
            ],
            [
              121.1326404,
              14.6622002
            ],
            [
              121.1326235,
              14.6622024
            ],
            [
              121.1326058,
              14.6622024
            ],
            [
              121.1325965,
              14.6622121
            ],
            [
              121.1325958,
              14.6622277
            ],
            [
              121.1326027,
              14.6622479
            ],
            [
              121.132568,
              14.6623201
            ],
            [
              121.132538,
              14.6623984
            ],
            [
              121.1324956,
              14.6624483
            ],
            [
              121.1324833,
              14.6624468
            ],
            [
              121.1324702,
              14.6624535
            ],
            [
              121.1324656,
              14.6624677
            ],
            [
              121.1324633,
              14.6625318
            ],
            [
              121.1324086,
              14.6626495
            ],
            [
              121.1323654,
              14.6627732
            ],
            [
              121.1323069,
              14.6628865
            ],
            [
              121.1322445,
              14.6629714
            ],
            [
              121.1321945,
              14.6630489
            ],
            [
              121.1321436,
              14.663119
            ],
            [
              121.1321082,
              14.6631436
            ],
            [
              121.132082,
              14.6631562
            ],
            [
              121.1320689,
              14.6631823
            ],
            [
              121.1320527,
              14.6632419
            ],
            [
              121.1320019,
              14.6633783
            ],
            [
              121.1319595,
              14.6634543
            ],
            [
              121.1319087,
              14.6635765
            ],
            [
              121.1318255,
              14.6636898
            ],
            [
              121.1317955,
              14.6637486
            ],
            [
              121.1317107,
              14.6638328
            ],
            [
              121.1316252,
              14.6638954
            ],
            [
              121.1315713,
              14.6639305
            ],
            [
              121.1314642,
              14.6640497
            ],
            [
              121.1313456,
              14.6641823
            ],
            [
              121.1313063,
              14.6642554
            ],
            [
              121.1312624,
              14.664312
            ],
            [
              121.1311954,
              14.6643634
            ],
            [
              121.13114,
              14.6644267
            ],
            [
              121.1310706,
              14.6644923
            ],
            [
              121.1310275,
              14.6645273
            ],
            [
              121.1309944,
              14.6645579
            ],
            [
              121.130972,
              14.664619
            ],
            [
              121.1309559,
              14.6646443
            ],
            [
              121.1309613,
              14.6646548
            ],
            [
              121.1309805,
              14.6646577
            ],
            [
              121.130989,
              14.6646764
            ],
            [
              121.1309859,
              14.6647062
            ],
            [
              121.1309266,
              14.6648031
            ],
            [
              121.1308958,
              14.664847
            ],
            [
              121.1308588,
              14.6648619
            ],
            [
              121.1308288,
              14.6648925
            ],
            [
              121.1308257,
              14.6649022
            ],
            [
              121.1308288,
              14.6649096
            ],
            [
              121.1308203,
              14.6649193
            ],
            [
              121.1307918,
              14.6648977
            ],
            [
              121.1307779,
              14.6649022
            ],
            [
              121.1307564,
              14.6649223
            ],
            [
              121.1307363,
              14.6649469
            ],
            [
              121.1307179,
              14.6649625
            ],
            [
              121.1307086,
              14.6649856
            ],
            [
              121.1307078,
              14.6650065
            ],
            [
              121.1307032,
              14.6650311
            ],
            [
              121.1306855,
              14.6650639
            ],
            [
              121.1306732,
              14.6651063
            ],
            [
              121.1306709,
              14.665166
            ],
            [
              121.1306755,
              14.6652196
            ],
            [
              121.1306817,
              14.6652516
            ],
            [
              121.1306801,
              14.6653001
            ],
            [
              121.1306701,
              14.6653455
            ],
            [
              121.1306524,
              14.6653686
            ],
            [
              121.1306354,
              14.6653746
            ],
            [
              121.1306223,
              14.6654051
            ],
            [
              121.1306131,
              14.6654625
            ],
            [
              121.1306077,
              14.6655542
            ],
            [
              121.1306093,
              14.6656123
            ],
            [
              121.1306193,
              14.6657069
            ],
            [
              121.1306254,
              14.6657218
            ],
            [
              121.1306247,
              14.6657517
            ],
            [
              121.130617,
              14.6657762
            ],
            [
              121.1306031,
              14.6657926
            ],
            [
              121.1306,
              14.665821
            ],
            [
              121.1305923,
              14.6658977
            ],
            [
              121.13058,
              14.6659745
            ],
            [
              121.1305808,
              14.6660385
            ],
            [
              121.1305854,
              14.6661227
            ],
            [
              121.1305885,
              14.6661764
            ],
            [
              121.1305923,
              14.6662464
            ],
            [
              121.1305977,
              14.6662993
            ],
            [
              121.1306046,
              14.6663299
            ],
            [
              121.1306308,
              14.6663724
            ],
            [
              121.130677,
              14.6664178
            ],
            [
              121.1307232,
              14.6664435
            ],
            [
              121.1307639,
              14.6664701
            ],
            [
              121.1307913,
              14.6664956
            ],
            [
              121.1308056,
              14.666533
            ],
            [
              121.1308462,
              14.6665674
            ],
            [
              121.1308727,
              14.6665851
            ],
            [
              121.1308838,
              14.6666048
            ],
            [
              121.130897,
              14.6666107
            ],
            [
              121.1309225,
              14.6666077
            ],
            [
              121.130956,
              14.6666087
            ],
            [
              121.1309756,
              14.6666175
            ],
            [
              121.1309978,
              14.6666717
            ],
            [
              121.1310328,
              14.6666841
            ],
            [
              121.1310562,
              14.666744
            ],
            [
              121.1310865,
              14.6668298
            ],
            [
              121.1311099,
              14.666962
            ],
            [
              121.1311367,
              14.6670851
            ],
            [
              121.1311461,
              14.6671868
            ],
            [
              121.1311286,
              14.667215
            ],
            [
              121.1311356,
              14.6672602
            ],
            [
              121.1311577,
              14.6672568
            ],
            [
              121.1311963,
              14.6673121
            ],
            [
              121.1312173,
              14.6673731
            ],
            [
              121.1312255,
              14.667459
            ],
            [
              121.1312208,
              14.667529
            ],
            [
              121.1312138,
              14.667625
            ],
            [
              121.1312079,
              14.6677153
            ],
            [
              121.1312161,
              14.6677865
            ],
            [
              121.1312068,
              14.6678147
            ],
            [
              121.1311811,
              14.667852
            ],
            [
              121.1311542,
              14.6678678
            ],
            [
              121.1311251,
              14.6679006
            ],
            [
              121.1310538,
              14.6679525
            ],
            [
              121.131013,
              14.6679932
            ],
            [
              121.1309885,
              14.6680067
            ],
            [
              121.1309523,
              14.6680203
            ],
            [
              121.1309196,
              14.6680395
            ],
            [
              121.1309126,
              14.6680587
            ],
            [
              121.1308589,
              14.6680948
            ],
            [
              121.1308028,
              14.6681129
            ],
            [
              121.13079,
              14.6681129
            ],
            [
              121.1307631,
              14.66807
            ],
            [
              121.1307094,
              14.6680756
            ],
            [
              121.1306767,
              14.6680756
            ],
            [
              121.1306452,
              14.6680971
            ],
            [
              121.1305775,
              14.6681152
            ],
            [
              121.1305425,
              14.6681287
            ],
            [
              121.1305168,
              14.6681524
            ],
            [
              121.1304724,
              14.6681841
            ],
            [
              121.1303965,
              14.6682281
            ],
            [
              121.1303708,
              14.6682496
            ],
            [
              121.1303475,
              14.6682552
            ],
            [
              121.1302961,
              14.6683004
            ],
            [
              121.1302809,
              14.6683286
            ],
            [
              121.1302809,
              14.6683456
            ],
            [
              121.1302926,
              14.6683546
            ],
            [
              121.1303078,
              14.668349
            ],
            [
              121.130337,
              14.6683185
            ],
            [
              121.1303603,
              14.6683094
            ],
            [
              121.1304164,
              14.6682835
            ],
            [
              121.1304526,
              14.6682428
            ],
            [
              121.1304899,
              14.6682315
            ],
            [
              121.1305109,
              14.6682439
            ],
            [
              121.1305156,
              14.6682676
            ],
            [
              121.1305039,
              14.6682868
            ],
            [
              121.1304794,
              14.6682947
            ],
            [
              121.1304631,
              14.6682925
            ],
            [
              121.1304502,
              14.6682981
            ],
            [
              121.1304351,
              14.6683219
            ],
            [
              121.1303849,
              14.6683512
            ],
            [
              121.130351,
              14.6683614
            ],
            [
              121.1303358,
              14.6683761
            ],
            [
              121.1302973,
              14.6684009
            ],
            [
              121.1302751,
              14.6683953
            ],
            [
              121.1302553,
              14.6683874
            ],
            [
              121.1302401,
              14.668393
            ],
            [
              121.1302237,
              14.6684111
            ],
            [
              121.1301887,
              14.6684291
            ],
            [
              121.1301817,
              14.6684201
            ],
            [
              121.1301934,
              14.6683603
            ],
            [
              121.1301934,
              14.6683173
            ],
            [
              121.130184,
              14.6683015
            ],
            [
              121.1301735,
              14.6682959
            ],
            [
              121.1301455,
              14.6682993
            ],
            [
              121.1301245,
              14.6683072
            ],
            [
              121.1301093,
              14.6683173
            ],
            [
              121.1301012,
              14.6683298
            ],
            [
              121.1300895,
              14.6683411
            ],
            [
              121.1300007,
              14.6683874
            ],
            [
              121.1299564,
              14.6684077
            ],
            [
              121.1299424,
              14.6684291
            ],
            [
              121.12994,
              14.6684483
            ],
            [
              121.1299494,
              14.6684709
            ],
            [
              121.1299622,
              14.6684913
            ],
            [
              121.1299739,
              14.668498
            ],
            [
              121.1299879,
              14.6684969
            ],
            [
              121.1300381,
              14.6684766
            ],
            [
              121.1300369,
              14.6684958
            ],
            [
              121.1300299,
              14.668506
            ],
            [
              121.1299797,
              14.6685274
            ],
            [
              121.1299611,
              14.6685364
            ],
            [
              121.12994,
              14.6685613
            ],
            [
              121.1299214,
              14.6685771
            ],
            [
              121.1295515,
              14.6687027
            ],
            [
              121.1294992,
              14.6687116
            ],
            [
              121.1294452,
              14.6687116
            ],
            [
              121.129426,
              14.6687049
            ],
            [
              121.1294037,
              14.6687049
            ],
            [
              121.1293882,
              14.6687109
            ],
            [
              121.1293736,
              14.6687146
            ],
            [
              121.1293289,
              14.668693
            ],
            [
              121.1293135,
              14.6686833
            ],
            [
              121.1293004,
              14.6686796
            ],
            [
              121.1292588,
              14.6686885
            ],
            [
              121.1292558,
              14.6686952
            ],
            [
              121.1292689,
              14.668702
            ],
            [
              121.1292488,
              14.6687213
            ],
            [
              121.1292334,
              14.6687385
            ],
            [
              121.1292093,
              14.6687466
            ],
            [
              121.1291898,
              14.6687394
            ],
            [
              121.1291476,
              14.6687615
            ],
            [
              121.1291013,
              14.6687777
            ],
            [
              121.1290135,
              14.6687991
            ],
            [
              121.1289652,
              14.6688089
            ],
            [
              121.1289585,
              14.6688115
            ],
            [
              121.1289451,
              14.6688329
            ],
            [
              121.1289343,
              14.668838
            ],
            [
              121.1289223,
              14.6688562
            ],
            [
              121.12887,
              14.6688504
            ],
            [
              121.1288646,
              14.6688569
            ],
            [
              121.1288083,
              14.6688711
            ],
            [
              121.1287929,
              14.6688731
            ],
            [
              121.1287835,
              14.6688685
            ],
            [
              121.1287721,
              14.6688672
            ],
            [
              121.1286943,
              14.6688873
            ],
            [
              121.1286856,
              14.6688912
            ],
            [
              121.1286842,
              14.6689003
            ],
            [
              121.1286789,
              14.6689068
            ],
            [
              121.1286701,
              14.6689049
            ],
            [
              121.1286626,
              14.6689066
            ],
            [
              121.1286447,
              14.6689107
            ],
            [
              121.1285293,
              14.6689373
            ],
            [
              121.1284361,
              14.6689665
            ],
            [
              121.1284234,
              14.6689749
            ],
            [
              121.128412,
              14.6689905
            ],
            [
              121.128412,
              14.6690009
            ],
            [
              121.1284066,
              14.6690125
            ],
            [
              121.1284006,
              14.6690184
            ],
            [
              121.1283657,
              14.6690275
            ],
            [
              121.128349,
              14.6690301
            ],
            [
              121.1283295,
              14.6690365
            ],
            [
              121.128308,
              14.6690476
            ],
            [
              121.1281049,
              14.6691079
            ],
            [
              121.1279714,
              14.6691416
            ],
            [
              121.1278125,
              14.6691799
            ],
            [
              121.1277287,
              14.6692046
            ],
            [
              121.1276509,
              14.669226
            ],
            [
              121.1276315,
              14.6692208
            ],
            [
              121.1275919,
              14.6692149
            ],
            [
              121.1275637,
              14.6692208
            ],
            [
              121.1275248,
              14.6692363
            ],
            [
              121.1275044,
              14.669241
            ],
            [
              121.1274658,
              14.66924
            ],
            [
              121.1274251,
              14.6692459
            ],
            [
              121.1273642,
              14.6692695
            ],
            [
              121.1273448,
              14.6692833
            ],
            [
              121.1273255,
              14.6692882
            ],
            [
              121.1272961,
              14.6692853
            ],
            [
              121.1272554,
              14.6692941
            ],
            [
              121.1271538,
              14.6693275
            ],
            [
              121.1271172,
              14.6693462
            ],
            [
              121.1270806,
              14.6693688
            ],
            [
              121.1270196,
              14.6693885
            ],
            [
              121.1269993,
              14.6693993
            ],
            [
              121.12698,
              14.6694239
            ],
            [
              121.1269556,
              14.6694406
            ],
            [
              121.1269119,
              14.6694681
            ],
            [
              121.1268428,
              14.6695035
            ],
            [
              121.1268377,
              14.6695271
            ],
            [
              121.1268214,
              14.6695379
            ],
            [
              121.1267767,
              14.6695665
            ],
            [
              121.1266334,
              14.6696599
            ],
            [
              121.1264985,
              14.6697466
            ],
            [
              121.1264263,
              14.6697938
            ],
            [
              121.1263816,
              14.6698243
            ],
            [
              121.1263521,
              14.6698282
            ],
            [
              121.1263328,
              14.6698253
            ],
            [
              121.1263054,
              14.669841
            ],
            [
              121.126282,
              14.6698499
            ],
            [
              121.1262637,
              14.6698469
            ],
            [
              121.1262434,
              14.6698391
            ],
            [
              121.1262322,
              14.669842
            ],
            [
              121.1262332,
              14.6698548
            ],
            [
              121.1262251,
              14.6698597
            ],
            [
              121.1262118,
              14.6698577
            ],
            [
              121.1261793,
              14.6698617
            ],
            [
              121.1261529,
              14.6698705
            ],
            [
              121.1261488,
              14.6698833
            ],
            [
              121.1261387,
              14.6698823
            ],
            [
              121.1261336,
              14.6698735
            ],
            [
              121.1261377,
              14.6698636
            ],
            [
              121.1261529,
              14.6698518
            ],
            [
              121.126159,
              14.6698371
            ],
            [
              121.1261356,
              14.669844
            ],
            [
              121.1261133,
              14.6698518
            ],
            [
              121.126097,
              14.6698568
            ],
            [
              121.1260685,
              14.6698499
            ],
            [
              121.1260391,
              14.6698518
            ],
            [
              121.1260137,
              14.6698587
            ],
            [
              121.1259323,
              14.6698892
            ],
            [
              121.1258991,
              14.6699033
            ],
            [
              121.1258815,
              14.6699108
            ],
            [
              121.1258216,
              14.6699374
            ],
            [
              121.1257718,
              14.6699708
            ],
            [
              121.1257474,
              14.6699934
            ],
            [
              121.125724,
              14.6700023
            ],
            [
              121.1256912,
              14.6700098
            ],
            [
              121.1256717,
              14.6700201
            ],
            [
              121.1256602,
              14.6700201
            ],
            [
              121.1255841,
              14.6700492
            ],
            [
              121.12557,
              14.6700595
            ],
            [
              121.1255603,
              14.6700774
            ],
            [
              121.1255523,
              14.6700954
            ],
            [
              121.1255434,
              14.6701023
            ],
            [
              121.1255346,
              14.6701023
            ],
            [
              121.1255222,
              14.6700954
            ],
            [
              121.1254983,
              14.6700903
            ],
            [
              121.1254771,
              14.6700817
            ],
            [
              121.1254629,
              14.670068
            ],
            [
              121.125455,
              14.6700535
            ],
            [
              121.1254488,
              14.6700423
            ],
            [
              121.1254541,
              14.6700338
            ],
            [
              121.1254461,
              14.6700252
            ],
            [
              121.1254293,
              14.6700252
            ],
            [
              121.1254143,
              14.6700124
            ],
            [
              121.1254125,
              14.6700021
            ],
            [
              121.1253957,
              14.669985
            ],
            [
              121.125401,
              14.6699773
            ],
            [
              121.1254001,
              14.669967
            ],
            [
              121.1253948,
              14.6699602
            ],
            [
              121.1253824,
              14.669955
            ],
            [
              121.12537,
              14.6699473
            ],
            [
              121.1253559,
              14.6699302
            ],
            [
              121.1253391,
              14.6699003
            ],
            [
              121.1253276,
              14.6698874
            ],
            [
              121.1253293,
              14.6698771
            ],
            [
              121.1253249,
              14.6698694
            ],
            [
              121.1253107,
              14.6698669
            ],
            [
              121.125293,
              14.6698515
            ],
            [
              121.1252992,
              14.6698438
            ],
            [
              121.1252913,
              14.6698249
            ],
            [
              121.1252745,
              14.6698155
            ],
            [
              121.1252559,
              14.669801
            ],
            [
              121.125224,
              14.6697624
            ],
            [
              121.1251966,
              14.6697239
            ],
            [
              121.1251869,
              14.6696931
            ],
            [
              121.1251833,
              14.6696683
            ],
            [
              121.1251878,
              14.6696614
            ],
            [
              121.1251957,
              14.6696623
            ],
            [
              121.1252046,
              14.6696632
            ],
            [
              121.1252187,
              14.6696572
            ],
            [
              121.1252311,
              14.6696452
            ],
            [
              121.1252364,
              14.6696204
            ],
            [
              121.1252391,
              14.6695707
            ],
            [
              121.1252258,
              14.6694903
            ],
            [
              121.1252108,
              14.6694064
            ],
            [
              121.1251957,
              14.6693542
            ],
            [
              121.1251674,
              14.6692977
            ],
            [
              121.1251417,
              14.6692617
            ],
            [
              121.1251338,
              14.6692549
            ],
            [
              121.1251249,
              14.6692343
            ],
            [
              121.1251108,
              14.6692369
            ],
            [
              121.1251081,
              14.6692292
            ],
            [
              121.1251099,
              14.6692172
            ],
            [
              121.1251002,
              14.6691975
            ],
            [
              121.1250957,
              14.6691701
            ],
            [
              121.1250878,
              14.669159
            ],
            [
              121.1250922,
              14.6691444
            ],
            [
              121.1250736,
              14.6691196
            ],
            [
              121.1250506,
              14.6690845
            ],
            [
              121.1250258,
              14.6690494
            ],
            [
              121.1249958,
              14.6689895
            ],
            [
              121.1249674,
              14.6689501
            ],
            [
              121.1249427,
              14.6689245
            ],
            [
              121.1249382,
              14.6689065
            ],
            [
              121.1249197,
              14.6688714
            ],
            [
              121.1248967,
              14.6688423
            ],
            [
              121.1248701,
              14.6687867
            ],
            [
              121.1247958,
              14.6686257
            ],
            [
              121.1247746,
              14.6685581
            ],
            [
              121.1247692,
              14.668529
            ],
            [
              121.1247489,
              14.6684999
            ],
            [
              121.1247135,
              14.6684571
            ],
            [
              121.1246418,
              14.6683176
            ],
            [
              121.1245357,
              14.6680839
            ],
            [
              121.1245127,
              14.6680197
            ],
            [
              121.1244985,
              14.6679615
            ],
            [
              121.1244879,
              14.6678819
            ],
            [
              121.1244932,
              14.6678126
            ],
            [
              121.124502,
              14.6677544
            ],
            [
              121.1245109,
              14.667715
            ],
            [
              121.124525,
              14.6676825
            ],
            [
              121.1245401,
              14.6676559
            ],
            [
              121.1245587,
              14.6676337
            ],
            [
              121.124602,
              14.6675952
            ],
            [
              121.1246852,
              14.6675361
            ],
            [
              121.1247029,
              14.6675481
            ],
            [
              121.1247445,
              14.6675438
            ],
            [
              121.1247931,
              14.6675138
            ],
            [
              121.1248471,
              14.667477
            ],
            [
              121.1248604,
              14.6674616
            ],
            [
              121.1248648,
              14.6674437
            ],
            [
              121.1248719,
              14.6674043
            ],
            [
              121.1248798,
              14.6673718
            ],
            [
              121.1248931,
              14.6673555
            ],
            [
              121.1249028,
              14.6673529
            ],
            [
              121.1249471,
              14.6673247
            ],
            [
              121.1250338,
              14.6672819
            ],
            [
              121.1250736,
              14.6672553
            ],
            [
              121.1250904,
              14.6672211
            ],
            [
              121.1251072,
              14.6671774
            ],
            [
              121.1251187,
              14.6671201
            ],
            [
              121.1251187,
              14.6670756
            ],
            [
              121.1251099,
              14.6670371
            ],
            [
              121.1250922,
              14.6669977
            ],
            [
              121.1250648,
              14.6669635
            ],
            [
              121.1250285,
              14.666948
            ],
            [
              121.1249648,
              14.6669266
            ],
            [
              121.1249692,
              14.666913
            ],
            [
              121.1249471,
              14.6668984
            ],
            [
              121.124932,
              14.6668796
            ],
            [
              121.1249267,
              14.666865
            ],
            [
              121.124902,
              14.6668428
            ],
            [
              121.1248533,
              14.6668162
            ],
            [
              121.1248418,
              14.6668145
            ],
            [
              121.1248214,
              14.6667957
            ],
            [
              121.1247958,
              14.6667777
            ],
            [
              121.1247666,
              14.6667743
            ],
            [
              121.1247454,
              14.6667649
            ],
            [
              121.1247259,
              14.6667469
            ],
            [
              121.1247135,
              14.6667409
            ],
            [
              121.1247055,
              14.6667443
            ],
            [
              121.1246861,
              14.6667443
            ],
            [
              121.1246781,
              14.6667512
            ],
            [
              121.1246772,
              14.6667606
            ],
            [
              121.1246719,
              14.6667674
            ],
            [
              121.1246471,
              14.6667692
            ],
            [
              121.1246356,
              14.6667692
            ],
            [
              121.1246038,
              14.6667503
            ],
            [
              121.1245666,
              14.6667298
            ],
            [
              121.1245602,
              14.6667443
            ],
            [
              121.1244003,
              14.6666742
            ],
            [
              121.1243594,
              14.6666629
            ],
            [
              121.1242768,
              14.6666298
            ],
            [
              121.1242124,
              14.6666064
            ],
            [
              121.1240729,
              14.6665805
            ],
            [
              121.1239254,
              14.6665856
            ],
            [
              121.1236598,
              14.6666012
            ],
            [
              121.1233495,
              14.6665918
            ],
            [
              121.12313,
              14.6665918
            ],
            [
              121.1229385,
              14.6665737
            ],
            [
              121.1227074,
              14.6665387
            ],
            [
              121.122649,
              14.6665206
            ],
            [
              121.1225918,
              14.6664867
            ],
            [
              121.1224984,
              14.6664551
            ],
            [
              121.122412,
              14.6664359
            ],
            [
              121.1223326,
              14.666437
            ],
            [
              121.1221843,
              14.6664687
            ],
            [
              121.12198,
              14.6665353
            ],
            [
              121.1219041,
              14.6665873
            ],
            [
              121.1217909,
              14.6666641
            ],
            [
              121.1217057,
              14.6666833
            ],
            [
              121.1216379,
              14.6667059
            ],
            [
              121.1216286,
              14.6667183
            ],
            [
              121.1216158,
              14.6667183
            ],
            [
              121.1216006,
              14.666733
            ],
            [
              121.1216064,
              14.6667476
            ],
            [
              121.1215901,
              14.6667465
            ],
            [
              121.1215737,
              14.6667556
            ],
            [
              121.1215586,
              14.6667759
            ],
            [
              121.1215422,
              14.6667702
            ],
            [
              121.1215107,
              14.6667917
            ],
            [
              121.1214722,
              14.6668244
            ],
            [
              121.12145,
              14.6668437
            ],
            [
              121.1213694,
              14.6669385
            ],
            [
              121.1213181,
              14.6670052
            ],
            [
              121.1212725,
              14.6670899
            ],
            [
              121.1212375,
              14.6671847
            ],
            [
              121.1212141,
              14.6672333
            ],
            [
              121.1211709,
              14.6672999
            ],
            [
              121.1211546,
              14.6673372
            ],
            [
              121.1211523,
              14.6674129
            ],
            [
              121.1211371,
              14.6674615
            ],
            [
              121.1211149,
              14.6675371
            ],
            [
              121.1210846,
              14.6676151
            ],
            [
              121.1210437,
              14.6677032
            ],
            [
              121.1210122,
              14.6677924
            ],
            [
              121.12099,
              14.6677946
            ],
            [
              121.1209386,
              14.6678545
            ],
            [
              121.1208919,
              14.6679437
            ],
            [
              121.1208966,
              14.6679562
            ],
            [
              121.1208499,
              14.6680149
            ],
            [
              121.12083,
              14.6680635
            ],
            [
              121.1208044,
              14.6681075
            ],
            [
              121.1207787,
              14.6681482
            ],
            [
              121.1207121,
              14.6681922
            ],
            [
              121.1206958,
              14.6682159
            ],
            [
              121.1206981,
              14.6682385
            ],
            [
              121.1206923,
              14.6682577
            ],
            [
              121.1206537,
              14.6682792
            ],
            [
              121.1205814,
              14.6683571
            ],
            [
              121.120558,
              14.6683918
            ],
            [
              121.1205242,
              14.6684418
            ],
            [
              121.1205031,
              14.6684881
            ],
            [
              121.120495,
              14.6685525
            ],
            [
              121.1204681,
              14.6685774
            ],
            [
              121.1203876,
              14.6686485
            ],
            [
              121.1202907,
              14.6687558
            ],
            [
              121.1202486,
              14.6688123
            ],
            [
              121.1202276,
              14.6688496
            ],
            [
              121.1201797,
              14.6688936
            ],
            [
              121.1201506,
              14.6689297
            ],
            [
              121.1201284,
              14.6689648
            ],
            [
              121.1201109,
              14.6690145
            ],
            [
              121.1201155,
              14.6690303
            ],
            [
              121.1201074,
              14.6690483
            ],
            [
              121.1200922,
              14.6692008
            ],
            [
              121.120091,
              14.6692415
            ],
            [
              121.120098,
              14.6692754
            ],
            [
              121.1201154,
              14.6693221
            ],
            [
              121.1201354,
              14.6693759
            ],
            [
              121.1201727,
              14.6694414
            ],
            [
              121.1201867,
              14.6694967
            ],
            [
              121.1201891,
              14.6695329
            ],
            [
              121.1202054,
              14.6695724
            ],
            [
              121.1202428,
              14.6696198
            ],
            [
              121.1203082,
              14.6697023
            ],
            [
              121.1203409,
              14.6697588
            ],
            [
              121.120377,
              14.6698401
            ],
            [
              121.1204354,
              14.6699756
            ],
            [
              121.1205066,
              14.670171
            ],
            [
              121.1205475,
              14.6703088
            ],
            [
              121.1205545,
              14.6703698
            ],
            [
              121.1205533,
              14.6704296
            ],
            [
              121.120544,
              14.6705132
            ],
            [
              121.1205264,
              14.6705492
            ],
            [
              121.1205335,
              14.6705223
            ],
            [
              121.1205417,
              14.6704635
            ],
            [
              121.1205428,
              14.6703766
            ],
            [
              121.1205125,
              14.6702263
            ],
            [
              121.120474,
              14.6701947
            ],
            [
              121.1204588,
              14.67018
            ],
            [
              121.1204506,
              14.6701642
            ],
            [
              121.1204413,
              14.6701699
            ],
            [
              121.1204541,
              14.6702049
            ],
            [
              121.1204786,
              14.6702693
            ],
            [
              121.1204845,
              14.6703065
            ],
            [
              121.120481,
              14.6704206
            ],
            [
              121.1204681,
              14.670529
            ],
            [
              121.1204506,
              14.6705821
            ],
            [
              121.1204354,
              14.6706058
            ],
            [
              121.1204109,
              14.6706262
            ],
            [
              121.1203946,
              14.6706612
            ],
            [
              121.1203829,
              14.6706725
            ],
            [
              121.120356,
              14.6706928
            ],
            [
              121.1203374,
              14.6707256
            ],
            [
              121.120328,
              14.6707786
            ],
            [
              121.1203187,
              14.6708272
            ],
            [
              121.1203012,
              14.6708588
            ],
            [
              121.120265,
              14.6708859
            ],
            [
              121.1202311,
              14.6708961
            ],
            [
              121.1201996,
              14.6708961
            ],
            [
              121.1201832,
              14.6709029
            ],
            [
              121.1201716,
              14.6709221
            ],
            [
              121.1201599,
              14.6709334
            ],
            [
              121.1201494,
              14.6709503
            ],
            [
              121.1201307,
              14.6709639
            ],
            [
              121.1201062,
              14.6710034
            ],
            [
              121.1201132,
              14.6710203
            ],
            [
              121.1201074,
              14.671035
            ],
            [
              121.1200303,
              14.6711073
            ],
            [
              121.1200233,
              14.6711197
            ],
            [
              121.1200163,
              14.6711288
            ],
            [
              121.1199976,
              14.671122
            ],
            [
              121.1199649,
              14.6711547
            ],
            [
              121.1199357,
              14.6711886
            ],
            [
              121.1198914,
              14.671253
            ],
            [
              121.1198925,
              14.6712812
            ],
            [
              121.1199112,
              14.6713027
            ],
            [
              121.1198937,
              14.6713603
            ],
            [
              121.1198844,
              14.6713772
            ],
            [
              121.1198633,
              14.6713897
            ],
            [
              121.1198622,
              14.6714043
            ],
            [
              121.119854,
              14.6714427
            ],
            [
              121.1198318,
              14.6714789
            ],
            [
              121.1197606,
              14.6715726
            ],
            [
              121.1197314,
              14.6716133
            ],
            [
              121.1196789,
              14.6716607
            ],
            [
              121.1196625,
              14.6716799
            ],
            [
              121.1196625,
              14.6716957
            ],
            [
              121.1196614,
              14.6717082
            ],
            [
              121.1196415,
              14.671742
            ],
            [
              121.1196123,
              14.6717725
            ],
            [
              121.11961,
              14.671794
            ],
            [
              121.1195902,
              14.6718392
            ],
            [
              121.1195913,
              14.6718539
            ],
            [
              121.1196042,
              14.6718708
            ],
            [
              121.1196088,
              14.6719024
            ],
            [
              121.1195995,
              14.6719273
            ],
            [
              121.119582,
              14.6719442
            ],
            [
              121.1195563,
              14.6719521
            ],
            [
              121.1195411,
              14.6719612
            ],
            [
              121.1195108,
              14.6720018
            ],
            [
              121.1195073,
              14.6720154
            ],
            [
              121.1194862,
              14.6720244
            ],
            [
              121.1194862,
              14.6720425
            ],
            [
              121.1194757,
              14.6720594
            ],
            [
              121.1194617,
              14.6720673
            ],
            [
              121.1194512,
              14.6720877
            ],
            [
              121.1194512,
              14.6721261
            ],
            [
              121.1194442,
              14.6721453
            ],
            [
              121.1194267,
              14.6721577
            ],
            [
              121.1194092,
              14.6721803
            ],
            [
              121.1193905,
              14.6721938
            ],
            [
              121.1193753,
              14.6722085
            ],
            [
              121.1193076,
              14.6723316
            ],
            [
              121.1192854,
              14.6723632
            ],
            [
              121.1192959,
              14.6723666
            ],
            [
              121.1192854,
              14.6723813
            ]
          ]
        ]
      },
      "id": "relation/14986353"
    },
    {
      "type": "Feature",
      "properties": {
        "@id": "way/29251440",
        "name": "U.P. Lagoon",
        "natural": "water",
        "water": "lake"
      },
      "geometry": {
        "type": "Polygon",
        "coordinates": [
          [
            [
              121.0667725,
              14.6548493
            ],
            [
              121.0668748,
              14.6548244
            ],
            [
              121.0669778,
              14.6547745
            ],
            [
              121.0671581,
              14.6547745
            ],
            [
              121.0673812,
              14.6547413
            ],
            [
              121.0675787,
              14.6548077
            ],
            [
              121.0677332,
              14.6548742
            ],
            [
              121.0679306,
              14.6549323
            ],
            [
              121.0680679,
              14.6549904
            ],
            [
              121.0679906,
              14.6550153
            ],
            [
              121.0678791,
              14.6550818
            ],
            [
              121.0677675,
              14.6550818
            ],
            [
              121.0676216,
              14.6550818
            ],
            [
              121.0675502,
              14.6550607
            ],
            [
              121.0674242,
              14.6550236
            ],
            [
              121.0671581,
              14.6549738
            ],
            [
              121.0670379,
              14.6549738
            ],
            [
              121.0668663,
              14.6549074
            ],
            [
              121.0667725,
              14.6548493
            ]
          ]
        ]
      },
      "id": "way/29251440"
    },
    {
      "type": "Feature",
      "properties": {
        "@id": "way/31536648",
        "golf": "water_hazard",
        "layer": "-1",
        "natural": "water"
      },
      "geometry": {
        "type": "Polygon",
        "coordinates": [
          [
            [
              121.1402938,
              14.6092388
            ],
            [
              121.1403984,
              14.6092933
            ],
            [
              121.1405513,
              14.6093815
            ],
            [
              121.1406237,
              14.6094256
            ],
            [
              121.1407578,
              14.609462
            ],
            [
              121.1411997,
              14.6092487
            ],
            [
              121.141543,
              14.6089912
            ],
            [
              121.141689,
              14.6088666
            ],
            [
              121.1420409,
              14.6086673
            ],
            [
              121.1423069,
              14.6085842
            ],
            [
              121.14247,
              14.608659
            ],
            [
              121.1425988,
              14.6087088
            ],
            [
              121.1427447,
              14.608659
            ],
            [
              121.1426588,
              14.608742
            ],
            [
              121.1425558,
              14.608742
            ],
            [
              121.1423928,
              14.6086922
            ],
            [
              121.1423069,
              14.6086424
            ],
            [
              121.1421353,
              14.6087171
            ],
            [
              121.1419379,
              14.6088085
            ],
            [
              121.1417662,
              14.6089081
            ],
            [
              121.1415173,
              14.6090909
            ],
            [
              121.141277,
              14.6092487
            ],
            [
              121.1411482,
              14.6093732
            ],
            [
              121.141174,
              14.6095892
            ],
            [
              121.1411654,
              14.6098384
            ],
            [
              121.1409937,
              14.6099214
            ],
            [
              121.1406676,
              14.6100211
            ],
            [
              121.1407534,
              14.6098799
            ],
            [
              121.1407362,
              14.6097719
            ],
            [
              121.1406847,
              14.6097221
            ],
            [
              121.1406332,
              14.609747
            ],
            [
              121.1405732,
              14.6096556
            ],
            [
              121.1405459,
              14.6094853
            ],
            [
              121.1404493,
              14.6093945
            ],
            [
              121.1403581,
              14.6093426
            ],
            [
              121.1402804,
              14.6093088
            ],
            [
              121.1401382,
              14.6092388
            ],
            [
              121.1400537,
              14.6092024
            ],
            [
              121.1400269,
              14.6091817
            ],
            [
              121.1400282,
              14.6091583
            ],
            [
              121.1400457,
              14.6091427
            ],
            [
              121.1400765,
              14.6091531
            ],
            [
              121.140161,
              14.6091869
            ],
            [
              121.1402938,
              14.6092388
            ]
          ]
        ]
      },
      "id": "way/31536648"
    },
    {
      "type": "Feature",
      "properties": {
        "@id": "way/31536709",
        "natural": "water"
      },
      "geometry": {
        "type": "Polygon",
        "coordinates": [
          [
            [
              121.1429911,
              14.6118886
            ],
            [
              121.1430095,
              14.6119159
            ],
            [
              121.1429994,
              14.611959
            ],
            [
              121.1429638,
              14.6119993
            ],
            [
              121.1429335,
              14.6120535
            ],
            [
              121.1429294,
              14.612111
            ],
            [
              121.1429053,
              14.6121496
            ],
            [
              121.1428439,
              14.6121567
            ],
            [
              121.1427852,
              14.6121212
            ],
            [
              121.1427066,
              14.612025
            ],
            [
              121.142692,
              14.6119931
            ],
            [
              121.1427011,
              14.6119685
            ],
            [
              121.1427716,
              14.6119337
            ],
            [
              121.1428533,
              14.6118865
            ],
            [
              121.1429331,
              14.6118723
            ],
            [
              121.1429911,
              14.6118886
            ]
          ]
        ]
      },
      "id": "way/31536709"
    },
    {
      "type": "Feature",
      "properties": {
        "@id": "way/31536753",
        "natural": "water"
      },
      "geometry": {
        "type": "Polygon",
        "coordinates": [
          [
            [
              121.1385304,
              14.6100543
            ],
            [
              121.138702,
              14.6100958
            ],
            [
              121.1388737,
              14.6100626
            ],
            [
              121.1387278,
              14.6102619
            ],
            [
              121.1386162,
              14.6102619
            ],
            [
              121.1385304,
              14.6102619
            ],
            [
              121.1385132,
              14.610154
            ],
            [
              121.1385304,
              14.6100543
            ]
          ]
        ]
      },
      "id": "way/31536753"
    },
    {
      "type": "Feature",
      "properties": {
        "@id": "way/120426225",
        "golf": "water_hazard",
        "natural": "water",
        "source": "Bing"
      },
      "geometry": {
        "type": "Polygon",
        "coordinates": [
          [
            [
              121.0767043,
              14.6624278
            ],
            [
              121.0767505,
              14.6624621
            ],
            [
              121.0768927,
              14.6624647
            ],
            [
              121.0770483,
              14.6624418
            ],
            [
              121.0771114,
              14.6624911
            ],
            [
              121.0771053,
              14.6625488
            ],
            [
              121.0770583,
              14.6625964
            ],
            [
              121.0768424,
              14.6626275
            ],
            [
              121.0766204,
              14.6626982
            ],
            [
              121.0764301,
              14.6627253
            ],
            [
              121.0763241,
              14.6626993
            ],
            [
              121.0761699,
              14.6626786
            ],
            [
              121.0759848,
              14.6626786
            ],
            [
              121.0758816,
              14.662724
            ],
            [
              121.0758212,
              14.6627759
            ],
            [
              121.0757756,
              14.6628485
            ],
            [
              121.0756496,
              14.662942
            ],
            [
              121.0755771,
              14.6630016
            ],
            [
              121.0754852,
              14.6629623
            ],
            [
              121.0753537,
              14.6629
            ],
            [
              121.0752197,
              14.6629609
            ],
            [
              121.075154,
              14.663009
            ],
            [
              121.0751077,
              14.6630544
            ],
            [
              121.0750048,
              14.6632378
            ],
            [
              121.0749937,
              14.6632665
            ],
            [
              121.0749726,
              14.6632806
            ],
            [
              121.0748781,
              14.6632772
            ],
            [
              121.0747436,
              14.6632724
            ],
            [
              121.0748328,
              14.6631064
            ],
            [
              121.0749823,
              14.6628783
            ],
            [
              121.0750508,
              14.6627684
            ],
            [
              121.0751372,
              14.6627396
            ],
            [
              121.0752325,
              14.6627525
            ],
            [
              121.0753498,
              14.662713
            ],
            [
              121.0754303,
              14.662639
            ],
            [
              121.0754873,
              14.66253
            ],
            [
              121.0755053,
              14.6624485
            ],
            [
              121.0754906,
              14.6623555
            ],
            [
              121.0755396,
              14.6622576
            ],
            [
              121.0756207,
              14.6622154
            ],
            [
              121.0757508,
              14.6623737
            ],
            [
              121.0758078,
              14.6624528
            ],
            [
              121.0758983,
              14.6624989
            ],
            [
              121.0760123,
              14.6624911
            ],
            [
              121.0760975,
              14.662434
            ],
            [
              121.0762162,
              14.6623218
            ],
            [
              121.0764159,
              14.6622305
            ],
            [
              121.0765561,
              14.6621998
            ],
            [
              121.0766373,
              14.6623451
            ],
            [
              121.0767043,
              14.6624278
            ]
          ]
        ]
      },
      "id": "way/120426225"
    },
    {
      "type": "Feature",
      "properties": {
        "@id": "way/120426230",
        "golf": "water_hazard",
        "natural": "water"
      },
      "geometry": {
        "type": "Polygon",
        "coordinates": [
          [
            [
              121.0778241,
              14.6631347
            ],
            [
              121.0776873,
              14.6630932
            ],
            [
              121.0775559,
              14.6630387
            ],
            [
              121.0773842,
              14.6629842
            ],
            [
              121.0773064,
              14.6629193
            ],
            [
              121.0773386,
              14.6628259
            ],
            [
              121.07747,
              14.6627221
            ],
            [
              121.0776846,
              14.6626702
            ],
            [
              121.0777972,
              14.6626598
            ],
            [
              121.0778536,
              14.6626858
            ],
            [
              121.0778482,
              14.6627584
            ],
            [
              121.0778268,
              14.6628726
            ],
            [
              121.0778214,
              14.6630361
            ],
            [
              121.0778241,
              14.6631347
            ]
          ]
        ]
      },
      "id": "way/120426230"
    },
    {
      "type": "Feature",
      "properties": {
        "@id": "way/120426233",
        "golf": "water_hazard",
        "natural": "water"
      },
      "geometry": {
        "type": "Polygon",
        "coordinates": [
          [
            [
              121.078635,
              14.6633531
            ],
            [
              121.0786887,
              14.6634024
            ],
            [
              121.0787691,
              14.6634258
            ],
            [
              121.0788389,
              14.6634076
            ],
            [
              121.0789032,
              14.663322
            ],
            [
              121.0789622,
              14.6633194
            ],
            [
              121.0789918,
              14.6634284
            ],
            [
              121.0789703,
              14.6635711
            ],
            [
              121.0789086,
              14.6636256
            ],
            [
              121.0787959,
              14.663649
            ],
            [
              121.0786779,
              14.6635789
            ],
            [
              121.0786136,
              14.6634751
            ],
            [
              121.0785009,
              14.6633324
            ],
            [
              121.0783802,
              14.6632468
            ],
            [
              121.0781951,
              14.6631793
            ],
            [
              121.0779993,
              14.6631092
            ],
            [
              121.0780208,
              14.6630599
            ],
            [
              121.0782166,
              14.6629821
            ],
            [
              121.0783292,
              14.6629457
            ],
            [
              121.0784178,
              14.6628186
            ],
            [
              121.0785116,
              14.662803
            ],
            [
              121.0786082,
              14.6628471
            ],
            [
              121.0786565,
              14.6629146
            ],
            [
              121.0786672,
              14.6629873
            ],
            [
              121.0786109,
              14.6631144
            ],
            [
              121.0785975,
              14.6632078
            ],
            [
              121.0786404,
              14.6632883
            ],
            [
              121.078635,
              14.6633531
            ]
          ]
        ]
      },
      "id": "way/120426233"
    },
    {
      "type": "Feature",
      "properties": {
        "@id": "way/156572906",
        "amenity": "fountain",
        "natural": "water",
        "source": "Bing"
      },
      "geometry": {
        "type": "Polygon",
        "coordinates": [
          [
            [
              121.0623067,
              14.6624924
            ],
            [
              121.0622974,
              14.6624924
            ],
            [
              121.0622919,
              14.6624909
            ],
            [
              121.0622872,
              14.6624866
            ],
            [
              121.0622875,
              14.6624814
            ],
            [
              121.0622909,
              14.6624785
            ],
            [
              121.0622942,
              14.6624756
            ],
            [
              121.0622937,
              14.6624706
            ],
            [
              121.0622912,
              14.6624673
            ],
            [
              121.062283,
              14.6624618
            ],
            [
              121.0622742,
              14.6624601
            ],
            [
              121.062271,
              14.6624616
            ],
            [
              121.0622696,
              14.6624672
            ],
            [
              121.0622682,
              14.6624707
            ],
            [
              121.0622653,
              14.6624717
            ],
            [
              121.06226,
              14.6624697
            ],
            [
              121.0622478,
              14.6624572
            ],
            [
              121.0622244,
              14.6624288
            ],
            [
              121.0622187,
              14.662423
            ],
            [
              121.0622097,
              14.662419
            ],
            [
              121.0622097,
              14.6624168
            ],
            [
              121.0622162,
              14.6624139
            ],
            [
              121.0622499,
              14.6623708
            ],
            [
              121.0622585,
              14.6623612
            ],
            [
              121.0622627,
              14.6623593
            ],
            [
              121.0622664,
              14.6623651
            ],
            [
              121.0622699,
              14.6623679
            ],
            [
              121.0622736,
              14.662367
            ],
            [
              121.0622766,
              14.6623629
            ],
            [
              121.0622805,
              14.6623598
            ],
            [
              121.0622862,
              14.6623582
            ],
            [
              121.062283,
              14.6623537
            ],
            [
              121.062281,
              14.6623489
            ],
            [
              121.062282,
              14.6623448
            ],
            [
              121.0622896,
              14.6623384
            ],
            [
              121.0622978,
              14.6623353
            ],
            [
              121.0623467,
              14.6623309
            ],
            [
              121.0623552,
              14.6623253
            ],
            [
              121.0623599,
              14.6623208
            ],
            [
              121.062362,
              14.6623177
            ],
            [
              121.0623647,
              14.6623181
            ],
            [
              121.0623681,
              14.6623221
            ],
            [
              121.0623699,
              14.6623264
            ],
            [
              121.0623735,
              14.6623279
            ],
            [
              121.0624387,
              14.6623296
            ],
            [
              121.0624437,
              14.6623339
            ],
            [
              121.0624451,
              14.6623399
            ],
            [
              121.0624422,
              14.6623435
            ],
            [
              121.0624414,
              14.6623487
            ],
            [
              121.0624496,
              14.6623571
            ],
            [
              121.0624562,
              14.6623578
            ],
            [
              121.0624627,
              14.6623511
            ],
            [
              121.062472,
              14.6623466
            ],
            [
              121.062479,
              14.6623499
            ],
            [
              121.0625049,
              14.6623783
            ],
            [
              121.0625202,
              14.6623951
            ],
            [
              121.0625256,
              14.6623996
            ],
            [
              121.0625246,
              14.6624029
            ],
            [
              121.0625187,
              14.6624075
            ],
            [
              121.0624831,
              14.6624562
            ],
            [
              121.0624743,
              14.6624598
            ],
            [
              121.0624688,
              14.6624586
            ],
            [
              121.0624659,
              14.6624538
            ],
            [
              121.0624644,
              14.6624502
            ],
            [
              121.0624585,
              14.6624502
            ],
            [
              121.062456,
              14.6624531
            ],
            [
              121.0624528,
              14.6624586
            ],
            [
              121.0624473,
              14.6624609
            ],
            [
              121.0624456,
              14.6624666
            ],
            [
              121.062448,
              14.662471
            ],
            [
              121.0624508,
              14.6624754
            ],
            [
              121.062448,
              14.6624818
            ],
            [
              121.0624333,
              14.6624859
            ],
            [
              121.0623799,
              14.6624898
            ],
            [
              121.0623752,
              14.662496
            ],
            [
              121.0623726,
              14.6624997
            ],
            [
              121.0623694,
              14.6625006
            ],
            [
              121.0623656,
              14.6624989
            ],
            [
              121.0623628,
              14.6624928
            ],
            [
              121.0623577,
              14.6624901
            ],
            [
              121.0623067,
              14.6624924
            ]
          ]
        ]
      },
      "id": "way/156572906"
    },
    {
      "type": "Feature",
      "properties": {
        "@id": "way/182792974",
        "amenity": "fountain",
        "lit": "yes",
        "natural": "water"
      },
      "geometry": {
        "type": "Polygon",
        "coordinates": [
          [
            [
              121.0645464,
              14.6548983
            ],
            [
              121.06482,
              14.6549015
            ],
            [
              121.0648193,
              14.6549574
            ],
            [
              121.0645457,
              14.6549541
            ],
            [
              121.0645464,
              14.6548983
            ]
          ]
        ]
      },
      "id": "way/182792974"
    },
    {
      "type": "Feature",
      "properties": {
        "@id": "way/187748492",
        "natural": "water"
      },
      "geometry": {
        "type": "Polygon",
        "coordinates": [
          [
            [
              121.0794594,
              14.6100732
            ],
            [
              121.0794444,
              14.6100682
            ],
            [
              121.0794317,
              14.6100595
            ],
            [
              121.0794199,
              14.6100452
            ],
            [
              121.0794199,
              14.6100309
            ],
            [
              121.0794276,
              14.6100167
            ],
            [
              121.07944,
              14.6100052
            ],
            [
              121.0794565,
              14.6100018
            ],
            [
              121.0794832,
              14.610006
            ],
            [
              121.0794901,
              14.6100092
            ],
            [
              121.0795066,
              14.6100144
            ],
            [
              121.0795231,
              14.6100172
            ],
            [
              121.0795396,
              14.6100138
            ],
            [
              121.0795544,
              14.610003
            ],
            [
              121.0795627,
              14.6099864
            ],
            [
              121.0795697,
              14.6099653
            ],
            [
              121.0795815,
              14.6099464
            ],
            [
              121.0795975,
              14.6099345
            ],
            [
              121.0796193,
              14.6099122
            ],
            [
              121.0796252,
              14.6098934
            ],
            [
              121.0796264,
              14.6098785
            ],
            [
              121.0796224,
              14.6098612
            ],
            [
              121.0796199,
              14.6098363
            ],
            [
              121.0796264,
              14.6098117
            ],
            [
              121.0796423,
              14.6097918
            ],
            [
              121.0796653,
              14.6097843
            ],
            [
              121.0796877,
              14.6097843
            ],
            [
              121.0797202,
              14.6097912
            ],
            [
              121.0797445,
              14.6097962
            ],
            [
              121.0797691,
              14.6097969
            ],
            [
              121.0797962,
              14.6097946
            ],
            [
              121.0798263,
              14.609782
            ],
            [
              121.0798576,
              14.6097552
            ],
            [
              121.079988,
              14.6096279
            ],
            [
              121.0800121,
              14.6096365
            ],
            [
              121.0800287,
              14.6096382
            ],
            [
              121.080044,
              14.6096393
            ],
            [
              121.0800552,
              14.6096462
            ],
            [
              121.0800564,
              14.6096588
            ],
            [
              121.0800505,
              14.6096713
            ],
            [
              121.0800411,
              14.6096759
            ],
            [
              121.0800322,
              14.6096862
            ],
            [
              121.0800328,
              14.6096993
            ],
            [
              121.080031,
              14.6097181
            ],
            [
              121.0800204,
              14.6097284
            ],
            [
              121.0799944,
              14.6097398
            ],
            [
              121.079972,
              14.6097478
            ],
            [
              121.0799484,
              14.6097569
            ],
            [
              121.0799278,
              14.6097763
            ],
            [
              121.079916,
              14.6097963
            ],
            [
              121.0798971,
              14.6098249
            ],
            [
              121.0798824,
              14.6098334
            ],
            [
              121.0798682,
              14.6098351
            ],
            [
              121.0798499,
              14.6098397
            ],
            [
              121.0798316,
              14.6098488
            ],
            [
              121.0798139,
              14.609866
            ],
            [
              121.0798083,
              14.6098757
            ],
            [
              121.0798033,
              14.6098956
            ],
            [
              121.0798027,
              14.6099145
            ],
            [
              121.0798057,
              14.6099316
            ],
            [
              121.079808,
              14.609951
            ],
            [
              121.0797992,
              14.6099653
            ],
            [
              121.0797839,
              14.609979
            ],
            [
              121.079755,
              14.6099875
            ],
            [
              121.0797255,
              14.6099972
            ],
            [
              121.0797036,
              14.6100104
            ],
            [
              121.0796871,
              14.6100235
            ],
            [
              121.0796647,
              14.6100047
            ],
            [
              121.0796452,
              14.6099995
            ],
            [
              121.0796157,
              14.6099995
            ],
            [
              121.0795921,
              14.610007
            ],
            [
              121.0795739,
              14.6100218
            ],
            [
              121.0795627,
              14.6100423
            ],
            [
              121.0795591,
              14.610064
            ],
            [
              121.0795621,
              14.6100869
            ],
            [
              121.0795697,
              14.6101011
            ],
            [
              121.0795886,
              14.6101217
            ],
            [
              121.0795697,
              14.6101399
            ],
            [
              121.0795568,
              14.6101628
            ],
            [
              121.0795402,
              14.610181
            ],
            [
              121.0795225,
              14.6101913
            ],
            [
              121.0794995,
              14.6101942
            ],
            [
              121.0794812,
              14.6101885
            ],
            [
              121.0794641,
              14.6101805
            ],
            [
              121.0794541,
              14.6101679
            ],
            [
              121.0794529,
              14.6101571
            ],
            [
              121.07946,
              14.6101411
            ],
            [
              121.0794718,
              14.6101337
            ],
            [
              121.0794836,
              14.6101223
            ],
            [
              121.079486,
              14.6101086
            ],
            [
              121.079483,
              14.6100926
            ],
            [
              121.0794753,
              14.6100823
            ],
            [
              121.0794594,
              14.6100732
            ]
          ]
        ]
      },
      "id": "way/187748492"
    },
    {
      "type": "Feature",
      "properties": {
        "@id": "way/261671419",
        "name": "Pond A",
        "natural": "water",
        "water": "pond"
      },
      "geometry": {
        "type": "Polygon",
        "coordinates": [
          [
            [
              121.0709411,
              14.6426814
            ],
            [
              121.0708023,
              14.6426353
            ],
            [
              121.0708599,
              14.6424728
            ],
            [
              121.0709238,
              14.642494
            ],
            [
              121.0709987,
              14.6425189
            ],
            [
              121.0709411,
              14.6426814
            ]
          ]
        ]
      },
      "id": "way/261671419"
    },
    {
      "type": "Feature",
      "properties": {
        "@id": "way/608204755",
        "natural": "water",
        "water": "pond"
      },
      "geometry": {
        "type": "Polygon",
        "coordinates": [
          [
            [
              121.0758847,
              14.6385508
            ],
            [
              121.0759048,
              14.6385515
            ],
            [
              121.0759233,
              14.6385587
            ],
            [
              121.0759383,
              14.6385717
            ],
            [
              121.0759478,
              14.6385887
            ],
            [
              121.0759508,
              14.6386079
            ],
            [
              121.0759469,
              14.6386269
            ],
            [
              121.0759365,
              14.6386435
            ],
            [
              121.0759224,
              14.6386549
            ],
            [
              121.0759054,
              14.6386614
            ],
            [
              121.0758871,
              14.6386625
            ],
            [
              121.0758694,
              14.6386581
            ],
            [
              121.0758539,
              14.6386485
            ],
            [
              121.0758424,
              14.6386348
            ],
            [
              121.0758358,
              14.6386182
            ],
            [
              121.0758348,
              14.6386005
            ],
            [
              121.0758397,
              14.6385834
            ],
            [
              121.0758498,
              14.6385685
            ],
            [
              121.0758656,
              14.6385567
            ],
            [
              121.0758847,
              14.6385508
            ]
          ]
        ]
      },
      "id": "way/608204755"
    },
    {
      "type": "Feature",
      "properties": {
        "@id": "way/871086633",
        "natural": "water"
      },
      "geometry": {
        "type": "Polygon",
        "coordinates": [
          [
            [
              121.1309325,
              14.6606377
            ],
            [
              121.1309255,
              14.6605962
            ],
            [
              121.1309315,
              14.660567
            ],
            [
              121.1309597,
              14.6605359
            ],
            [
              121.1309972,
              14.6605313
            ],
            [
              121.1310381,
              14.6605362
            ],
            [
              121.1311106,
              14.6605488
            ],
            [
              121.1311897,
              14.6605683
            ],
            [
              121.1312507,
              14.6605858
            ],
            [
              121.1312742,
              14.6606118
            ],
            [
              121.1312775,
              14.6606448
            ],
            [
              121.1312601,
              14.6606838
            ],
            [
              121.1312246,
              14.6607091
            ],
            [
              121.1311639,
              14.6607113
            ],
            [
              121.1310951,
              14.6607006
            ],
            [
              121.1309942,
              14.6606825
            ],
            [
              121.1309537,
              14.6606643
            ],
            [
              121.1309325,
              14.6606377
            ]
          ]
        ]
      },
      "id": "way/871086633"
    },
    {
      "type": "Feature",
      "properties": {
        "@id": "way/882374122",
        "natural": "water"
      },
      "geometry": {
        "type": "Polygon",
        "coordinates": [
          [
            [
              121.1188378,
              14.6759085
            ],
            [
              121.118834,
              14.6758842
            ],
            [
              121.1188875,
              14.6758707
            ],
            [
              121.1189096,
              14.6758954
            ],
            [
              121.1189024,
              14.6759148
            ],
            [
              121.1188466,
              14.6759286
            ],
            [
              121.1188378,
              14.6759085
            ]
          ]
        ]
      },
      "id": "way/882374122"
    },
    {
      "type": "Feature",
      "properties": {
        "@id": "way/1082607057",
        "description": "riverbanks along the nangka river",
        "natural": "water",
        "source": "Bing",
        "water": "river"
      },
      "geometry": {
        "type": "Polygon",
        "coordinates": [
          [
            [
              121.1375399,
              14.6479408
            ],
            [
              121.1377009,
              14.6474478
            ],
            [
              121.1377599,
              14.647318
            ],
            [
              121.1379637,
              14.6471571
            ],
            [
              121.1382051,
              14.6470066
            ],
            [
              121.1384626,
              14.6468405
            ],
            [
              121.1386075,
              14.6467108
            ],
            [
              121.1386464,
              14.646741
            ],
            [
              121.13881,
              14.6464775
            ],
            [
              121.1388785,
              14.6463397
            ],
            [
              121.1388636,
              14.64631
            ],
            [
              121.1389213,
              14.6461741
            ],
            [
              121.1389848,
              14.6459152
            ],
            [
              121.1390179,
              14.6457034
            ],
            [
              121.1390177,
              14.6455429
            ],
            [
              121.1389454,
              14.6452472
            ],
            [
              121.1389477,
              14.645146
            ],
            [
              121.1389235,
              14.6450605
            ],
            [
              121.1389101,
              14.6449033
            ],
            [
              121.1388418,
              14.6447107
            ],
            [
              121.1388356,
              14.644613
            ],
            [
              121.1388182,
              14.6444507
            ],
            [
              121.1387871,
              14.6443597
            ],
            [
              121.1387845,
              14.6442766
            ],
            [
              121.1388223,
              14.6441048
            ],
            [
              121.1388775,
              14.643942
            ],
            [
              121.1389271,
              14.6437983
            ],
            [
              121.1389312,
              14.6436882
            ],
            [
              121.1389194,
              14.6436108
            ],
            [
              121.1389921,
              14.6433284
            ],
            [
              121.1390569,
              14.6429932
            ],
            [
              121.1392923,
              14.64262
            ],
            [
              121.1395037,
              14.6423683
            ],
            [
              121.1398127,
              14.6421637
            ],
            [
              121.140081,
              14.6420614
            ],
            [
              121.1402599,
              14.6420221
            ],
            [
              121.1403444,
              14.6420411
            ],
            [
              121.1404732,
              14.6420703
            ],
            [
              121.1407235,
              14.6420861
            ],
            [
              121.1408925,
              14.6421175
            ],
            [
              121.1409476,
              14.6421459
            ],
            [
              121.1410153,
              14.6421888
            ],
            [
              121.1414034,
              14.6422555
            ],
            [
              121.1416837,
              14.6422805
            ],
            [
              121.1418023,
              14.6422662
            ],
            [
              121.1419147,
              14.642222
            ],
            [
              121.1422137,
              14.6421716
            ],
            [
              121.1424552,
              14.6420614
            ],
            [
              121.1424449,
              14.6422957
            ],
            [
              121.141928,
              14.6423462
            ],
            [
              121.1414859,
              14.6423367
            ],
            [
              121.1412084,
              14.6422775
            ],
            [
              121.1410385,
              14.6422657
            ],
            [
              121.1407411,
              14.6422197
            ],
            [
              121.1405569,
              14.6421653
            ],
            [
              121.1403903,
              14.6421249
            ],
            [
              121.1402482,
              14.6421128
            ],
            [
              121.1401552,
              14.6421021
            ],
            [
              121.1400771,
              14.6421255
            ],
            [
              121.1399884,
              14.6421847
            ],
            [
              121.1398288,
              14.6422656
            ],
            [
              121.1396688,
              14.6423554
            ],
            [
              121.1395488,
              14.6424603
            ],
            [
              121.1394359,
              14.6425824
            ],
            [
              121.139249,
              14.6428094
            ],
            [
              121.1391726,
              14.642986
            ],
            [
              121.1390366,
              14.6435518
            ],
            [
              121.1390214,
              14.6436833
            ],
            [
              121.1390098,
              14.6438494
            ],
            [
              121.1388843,
              14.6442101
            ],
            [
              121.1388985,
              14.6444126
            ],
            [
              121.1389197,
              14.6446574
            ],
            [
              121.1389675,
              14.6448668
            ],
            [
              121.1390276,
              14.6451174
            ],
            [
              121.1390714,
              14.6453915
            ],
            [
              121.1391125,
              14.6455224
            ],
            [
              121.139121,
              14.6456141
            ],
            [
              121.1391218,
              14.6457698
            ],
            [
              121.1391315,
              14.6459042
            ],
            [
              121.139163,
              14.6459881
            ],
            [
              121.139149,
              14.6460381
            ],
            [
              121.1391078,
              14.6460625
            ],
            [
              121.1390761,
              14.6461137
            ],
            [
              121.1388024,
              14.646688
            ],
            [
              121.1387418,
              14.646773
            ],
            [
              121.138679,
              14.6468194
            ],
            [
              121.1386415,
              14.6468642
            ],
            [
              121.1386196,
              14.6468792
            ],
            [
              121.1385762,
              14.6468813
            ],
            [
              121.138519,
              14.6469181
            ],
            [
              121.1384454,
              14.6469798
            ],
            [
              121.1382083,
              14.6471064
            ],
            [
              121.1380467,
              14.6472018
            ],
            [
              121.1379948,
              14.6472835
            ],
            [
              121.1379684,
              14.6473366
            ],
            [
              121.1378908,
              14.647373
            ],
            [
              121.1378316,
              14.647429
            ],
            [
              121.1377618,
              14.6475569
            ],
            [
              121.1377564,
              14.6476867
            ],
            [
              121.1377618,
              14.6477458
            ],
            [
              121.1376964,
              14.6479107
            ],
            [
              121.1376267,
              14.6479174
            ],
            [
              121.1376129,
              14.6479305
            ],
            [
              121.1375205,
              14.648175
            ],
            [
              121.1374994,
              14.64827
            ],
            [
              121.1374441,
              14.6483423
            ],
            [
              121.1373523,
              14.6484185
            ],
            [
              121.1372492,
              14.6484454
            ],
            [
              121.1369733,
              14.6484801
            ],
            [
              121.1367822,
              14.6484526
            ],
            [
              121.1366603,
              14.6484526
            ],
            [
              121.1365342,
              14.6484605
            ],
            [
              121.136461,
              14.6484487
            ],
            [
              121.1363757,
              14.6484172
            ],
            [
              121.1363513,
              14.6483739
            ],
            [
              121.136331,
              14.6483071
            ],
            [
              121.1362618,
              14.6482245
            ],
            [
              121.1361236,
              14.6481301
            ],
            [
              121.1360992,
              14.6480789
            ],
            [
              121.1360848,
              14.6480118
            ],
            [
              121.1359308,
              14.6478538
            ],
            [
              121.1357521,
              14.6477644
            ],
            [
              121.1356874,
              14.6477018
            ],
            [
              121.1356165,
              14.6476779
            ],
            [
              121.135558,
              14.6476958
            ],
            [
              121.1354779,
              14.6476332
            ],
            [
              121.1354602,
              14.6476167
            ],
            [
              121.1355324,
              14.6475291
            ],
            [
              121.1354125,
              14.6474347
            ],
            [
              121.1354125,
              14.6474092
            ],
            [
              121.135319,
              14.6473384
            ],
            [
              121.1352489,
              14.6474196
            ],
            [
              121.1351111,
              14.6473311
            ],
            [
              121.1350743,
              14.6472725
            ],
            [
              121.1350373,
              14.6472099
            ],
            [
              121.134988,
              14.6471622
            ],
            [
              121.1349541,
              14.6471175
            ],
            [
              121.134911,
              14.6470758
            ],
            [
              121.1348401,
              14.6470669
            ],
            [
              121.1347477,
              14.6470698
            ],
            [
              121.1347107,
              14.6470549
            ],
            [
              121.1346984,
              14.6470311
            ],
            [
              121.1346429,
              14.6470013
            ],
            [
              121.1344796,
              14.6469357
            ],
            [
              121.1343687,
              14.6469119
            ],
            [
              121.1343194,
              14.6469208
            ],
            [
              121.1342886,
              14.6469566
            ],
            [
              121.1342023,
              14.6469864
            ],
            [
              121.134116,
              14.6469953
            ],
            [
              121.133962,
              14.6470192
            ],
            [
              121.1339014,
              14.6470387
            ],
            [
              121.133876,
              14.646955
            ],
            [
              121.1339415,
              14.6469114
            ],
            [
              121.1340692,
              14.6468457
            ],
            [
              121.1341872,
              14.6468094
            ],
            [
              121.1345037,
              14.6468094
            ],
            [
              121.1347236,
              14.6468717
            ],
            [
              121.1351099,
              14.6470585
            ],
            [
              121.1354317,
              14.6473232
            ],
            [
              121.135775,
              14.6475723
            ],
            [
              121.1360433,
              14.6478267
            ],
            [
              121.1363115,
              14.6480394
            ],
            [
              121.1362984,
              14.6480783
            ],
            [
              121.1364082,
              14.6482409
            ],
            [
              121.1364642,
              14.6482884
            ],
            [
              121.1365202,
              14.648311
            ],
            [
              121.1365716,
              14.6483155
            ],
            [
              121.1366323,
              14.6483449
            ],
            [
              121.1367234,
              14.6483675
            ],
            [
              121.1368868,
              14.6483742
            ],
            [
              121.1370153,
              14.6483584
            ],
            [
              121.1370853,
              14.6483336
            ],
            [
              121.1371717,
              14.6483178
            ],
            [
              121.1372651,
              14.6483268
            ],
            [
              121.1373188,
              14.6483245
            ],
            [
              121.1373819,
              14.6482997
            ],
            [
              121.1374286,
              14.6482296
            ],
            [
              121.1374332,
              14.6481574
            ],
            [
              121.1374799,
              14.6480941
            ],
            [
              121.137522,
              14.6480331
            ],
            [
              121.1375399,
              14.6479408
            ]
          ]
        ]
      },
      "id": "way/1082607057"
    },
    {
      "type": "Feature",
      "properties": {
        "@id": "way/1323825666",
        "natural": "water"
      },
      "geometry": {
        "type": "Polygon",
        "coordinates": [
          [
            [
              121.1121223,
              14.6357516
            ],
            [
              121.1121178,
              14.635629
            ],
            [
              121.1122169,
              14.6356256
            ],
            [
              121.1122214,
              14.6357482
            ],
            [
              121.1121223,
              14.6357516
            ]
          ]
        ]
      },
      "id": "way/1323825666"
    },
    {
      "type": "Feature",
      "properties": {
        "@id": "way/1323825668",
        "natural": "water"
      },
      "geometry": {
        "type": "Polygon",
        "coordinates": [
          [
            [
              121.1121172,
              14.63562
            ],
            [
              121.1121171,
              14.6355927
            ],
            [
              121.1122139,
              14.6355923
            ],
            [
              121.112214,
              14.6356196
            ],
            [
              121.1121172,
              14.63562
            ]
          ]
        ]
      },
      "id": "way/1323825668"
    },
    {
      "type": "Feature",
      "properties": {
        "@id": "way/1323825669",
        "natural": "water"
      },
      "geometry": {
        "type": "Polygon",
        "coordinates": [
          [
            [
              121.1121083,
              14.6354659
            ],
            [
              121.1121488,
              14.635464
            ],
            [
              121.1121541,
              14.6355685
            ],
            [
              121.1121135,
              14.6355704
            ],
            [
              121.1121083,
              14.6354659
            ]
          ]
        ]
      },
      "id": "way/1323825669"
    },
    {
      "type": "Feature",
      "properties": {
        "@id": "way/1323825670",
        "natural": "water"
      },
      "geometry": {
        "type": "Polygon",
        "coordinates": [
          [
            [
              121.112163,
              14.6354622
            ],
            [
              121.1122098,
              14.6354608
            ],
            [
              121.1122117,
              14.6355221
            ],
            [
              121.1121648,
              14.6355234
            ],
            [
              121.112163,
              14.6354622
            ]
          ]
        ]
      },
      "id": "way/1323825670"
    },
    {
      "type": "Feature",
      "properties": {
        "@id": "way/1323825671",
        "natural": "water"
      },
      "geometry": {
        "type": "Polygon",
        "coordinates": [
          [
            [
              121.1121673,
              14.6355365
            ],
            [
              121.1122123,
              14.6355342
            ],
            [
              121.1122134,
              14.6355542
            ],
            [
              121.1121684,
              14.6355565
            ],
            [
              121.1121673,
              14.6355365
            ]
          ]
        ]
      },
      "id": "way/1323825671"
    },
    {
      "type": "Feature",
      "properties": {
        "@id": "way/1323825672",
        "natural": "water"
      },
      "geometry": {
        "type": "Polygon",
        "coordinates": [
          [
            [
              121.1119541,
              14.6357889
            ],
            [
              121.1119369,
              14.6354972
            ],
            [
              121.1119437,
              14.6354722
            ],
            [
              121.1119588,
              14.6354509
            ],
            [
              121.1119805,
              14.6354359
            ],
            [
              121.1120063,
              14.635429
            ],
            [
              121.1120288,
              14.6354301
            ],
            [
              121.11205,
              14.6354374
            ],
            [
              121.1120651,
              14.6354475
            ],
            [
              121.1120772,
              14.6354608
            ],
            [
              121.1120884,
              14.6354843
            ],
            [
              121.1121053,
              14.635776
            ],
            [
              121.1120983,
              14.635801
            ],
            [
              121.112083,
              14.6358221
            ],
            [
              121.1120611,
              14.6358369
            ],
            [
              121.1120353,
              14.6358436
            ],
            [
              121.1120087,
              14.6358413
            ],
            [
              121.1119845,
              14.6358305
            ],
            [
              121.1119655,
              14.6358123
            ],
            [
              121.1119541,
              14.6357889
            ]
          ]
        ]
      },
      "id": "way/1323825672"
    },
    {
      "type": "Feature",
      "properties": {
        "@id": "way/1336787579",
        "natural": "water",
        "water": "pond"
      },
      "geometry": {
        "type": "Polygon",
        "coordinates": [
          [
            [
              121.0708599,
              14.6424728
            ],
            [
              121.0709238,
              14.642494
            ],
            [
              121.0709987,
              14.6425189
            ],
            [
              121.0709411,
              14.6426814
            ],
            [
              121.0708023,
              14.6426353
            ],
            [
              121.0708599,
              14.6424728
            ]
          ]
        ]
      },
      "id": "way/1336787579"
    },
    {
      "type": "Feature",
      "properties": {
        "@id": "way/1451541204",
        "natural": "water",
        "water": "pond"
      },
      "geometry": {
        "type": "Polygon",
        "coordinates": [
          [
            [
              121.0622438,
              14.659047
            ],
            [
              121.0622593,
              14.6590477
            ],
            [
              121.0622733,
              14.6590519
            ],
            [
              121.0622834,
              14.65906
            ],
            [
              121.0622874,
              14.6590707
            ],
            [
              121.0622864,
              14.6590863
            ],
            [
              121.062278,
              14.6591058
            ],
            [
              121.062263,
              14.6591213
            ],
            [
              121.0622459,
              14.6591307
            ],
            [
              121.0622294,
              14.6591343
            ],
            [
              121.062211,
              14.6591324
            ],
            [
              121.0621986,
              14.6591229
            ],
            [
              121.0621915,
              14.6591093
            ],
            [
              121.0621925,
              14.6590895
            ],
            [
              121.0621986,
              14.6590736
            ],
            [
              121.0622117,
              14.65906
            ],
            [
              121.0622271,
              14.6590519
            ],
            [
              121.0622438,
              14.659047
            ]
          ]
        ]
      },
      "id": "way/1451541204"
    },
    {
      "type": "Feature",
      "properties": {
        "@id": "way/1486348510",
        "description": "Students of FEU Diliman call this pond the \"Lagoon\"",
        "name": "FEU Diliman Lagoon",
        "natural": "water",
        "salt": "no",
        "water": "pond"
      },
      "geometry": {
        "type": "Polygon",
        "coordinates": [
          [
            [
              121.0614021,
              14.6826535
            ],
            [
              121.0614232,
              14.6826573
            ],
            [
              121.0614601,
              14.6826619
            ],
            [
              121.0614848,
              14.6826544
            ],
            [
              121.0615094,
              14.6826291
            ],
            [
              121.0615449,
              14.6826142
            ],
            [
              121.0615972,
              14.6826008
            ],
            [
              121.0616434,
              14.6825844
            ],
            [
              121.0617097,
              14.6825844
            ],
            [
              121.0617513,
              14.6825874
            ],
            [
              121.0617682,
              14.6826067
            ],
            [
              121.0617698,
              14.6826306
            ],
            [
              121.0618067,
              14.6826485
            ],
            [
              121.0618591,
              14.6826514
            ],
            [
              121.0618838,
              14.6826753
            ],
            [
              121.0619084,
              14.6826842
            ],
            [
              121.0619084,
              14.6827081
            ],
            [
              121.0618992,
              14.6827334
            ],
            [
              121.0619007,
              14.6827587
            ],
            [
              121.0619096,
              14.6827733
            ],
            [
              121.0619469,
              14.6827796
            ],
            [
              121.0619592,
              14.6827989
            ],
            [
              121.0619685,
              14.682823
            ],
            [
              121.0619651,
              14.6828379
            ],
            [
              121.0619361,
              14.682872
            ],
            [
              121.061893,
              14.6828929
            ],
            [
              121.0618591,
              14.6829122
            ],
            [
              121.0618406,
              14.6829525
            ],
            [
              121.0618098,
              14.6829853
            ],
            [
              121.0617698,
              14.6830076
            ],
            [
              121.0617297,
              14.6830061
            ],
            [
              121.0616881,
              14.6829778
            ],
            [
              121.0616512,
              14.6829405
            ],
            [
              121.0616234,
              14.6828914
            ],
            [
              121.0615803,
              14.6828586
            ],
            [
              121.0615264,
              14.6828377
            ],
            [
              121.0614832,
              14.6828124
            ],
            [
              121.0614447,
              14.6827677
            ],
            [
              121.0613923,
              14.6827319
            ],
            [
              121.0613804,
              14.6827019
            ],
            [
              121.0613859,
              14.6826761
            ],
            [
              121.0614021,
              14.6826535
            ]
          ]
        ]
      },
      "id": "way/1486348510"
    },
    {
      "type": "Feature",
      "properties": {
        "@id": "way/1486548201",
        "natural": "water",
        "water": "stream"
      },
      "geometry": {
        "type": "Polygon",
        "coordinates": [
          [
            [
              121.0613804,
              14.6827019
            ],
            [
              121.061321,
              14.6826443
            ],
            [
              121.0612722,
              14.6826162
            ],
            [
              121.0612189,
              14.6825902
            ],
            [
              121.0612229,
              14.6825661
            ],
            [
              121.0613022,
              14.6825897
            ],
            [
              121.0613571,
              14.6826167
            ],
            [
              121.0614021,
              14.6826535
            ],
            [
              121.0613859,
              14.6826761
            ],
            [
              121.0613804,
              14.6827019
            ]
          ]
        ]
      },
      "id": "way/1486548201"
    },
    {
      "type": "Feature",
      "properties": {
        "@id": "way/1486548202",
        "natural": "water",
        "water": "stream"
      },
      "geometry": {
        "type": "Polygon",
        "coordinates": [
          [
            [
              121.0619685,
              14.682823
            ],
            [
              121.0619592,
              14.6827989
            ],
            [
              121.0619469,
              14.6827796
            ],
            [
              121.0620025,
              14.6827617
            ],
            [
              121.0620387,
              14.6827549
            ],
            [
              121.0620769,
              14.682758
            ],
            [
              121.0620986,
              14.6827658
            ],
            [
              121.0620763,
              14.6828071
            ],
            [
              121.0620501,
              14.6828006
            ],
            [
              121.062018,
              14.6828006
            ],
            [
              121.0619913,
              14.6828083
            ],
            [
              121.0619685,
              14.682823
            ]
          ]
        ]
      },
      "id": "way/1486548202"
    },
    {
      "type": "Feature",
      "properties": {
        "@id": "way/1545468500",
        "name": "Plan d'eau",
        "natural": "water"
      },
      "geometry": {
        "type": "Polygon",
        "coordinates": [
          [
            [
              121.0610734,
              14.6707238
            ],
            [
              121.0608052,
              14.6707212
            ],
            [
              121.0607623,
              14.6703488
            ],
            [
              121.0610761,
              14.6703307
            ],
            [
              121.0610734,
              14.6707238
            ]
          ]
        ]
      },
      "id": "way/1545468500"
    },
    {
      "type": "Feature",
      "properties": {
        "@id": "way/4987042",
        "boat": "no",
        "name": "Evangelista Creek",
        "waterway": "river"
      },
      "geometry": {
        "type": "LineString",
        "coordinates": [
          [
            121.0629296,
            14.6248487
          ],
          [
            121.0628789,
            14.6250194
          ],
          [
            121.062878,
            14.6250348
          ],
          [
            121.0628674,
            14.6252072
          ],
          [
            121.0628695,
            14.625219
          ],
          [
            121.0628856,
            14.6253097
          ],
          [
            121.0629805,
            14.625406
          ],
          [
            121.0630688,
            14.6254789
          ],
          [
            121.0630939,
            14.6255389
          ],
          [
            121.0630931,
            14.6256212
          ],
          [
            121.062996,
            14.6258769
          ],
          [
            121.0629819,
            14.6259509
          ],
          [
            121.0630298,
            14.6260132
          ],
          [
            121.0630494,
            14.6260988
          ],
          [
            121.0630894,
            14.6261805
          ],
          [
            121.063129,
            14.6262162
          ],
          [
            121.0631709,
            14.626246
          ],
          [
            121.063249,
            14.6263078
          ],
          [
            121.0632905,
            14.6263972
          ],
          [
            121.0632848,
            14.626482
          ],
          [
            121.0632386,
            14.6265778
          ],
          [
            121.0630979,
            14.626733
          ],
          [
            121.0630664,
            14.626764
          ],
          [
            121.0630031,
            14.6268566
          ],
          [
            121.0629801,
            14.6269242
          ],
          [
            121.0629643,
            14.6270479
          ],
          [
            121.0629375,
            14.6271694
          ],
          [
            121.0628792,
            14.6272817
          ],
          [
            121.0627572,
            14.62738
          ],
          [
            121.0626492,
            14.6274791
          ]
        ]
      },
      "id": "way/4987042"
    },
    {
      "type": "Feature",
      "properties": {
        "@id": "way/4989996",
        "name": "Tumana Creek",
        "waterway": "river"
      },
      "geometry": {
        "type": "LineString",
        "coordinates": [
          [
            121.0983827,
            14.6514718
          ],
          [
            121.098193,
            14.6517012
          ],
          [
            121.0978583,
            14.6521496
          ],
          [
            121.0977896,
            14.6523489
          ],
          [
            121.0972021,
            14.652727
          ],
          [
            121.0959443,
            14.6535364
          ],
          [
            121.0957245,
            14.6536784
          ],
          [
            121.0956139,
            14.6537816
          ],
          [
            121.0955034,
            14.6539003
          ],
          [
            121.0953166,
            14.654028
          ]
        ]
      },
      "id": "way/4989996"
    },
    {
      "type": "Feature",
      "properties": {
        "@id": "way/5036144",
        "waterway": "river"
      },
      "geometry": {
        "type": "LineString",
        "coordinates": [
          [
            121.102373,
            14.6532707
          ],
          [
            121.1022443,
            14.6529717
          ],
          [
            121.1020726,
            14.6526645
          ],
          [
            121.1020208,
            14.6523837
          ],
          [
            121.1019886,
            14.6520811
          ],
          [
            121.1019782,
            14.6519836
          ],
          [
            121.1016885,
            14.6514814
          ],
          [
            121.101486,
            14.65134
          ],
          [
            121.101441,
            14.6512887
          ],
          [
            121.1013921,
            14.6511942
          ],
          [
            121.101386,
            14.6510452
          ]
        ]
      },
      "id": "way/5036144"
    },
    {
      "type": "Feature",
      "properties": {
        "@id": "way/5050710",
        "waterway": "river"
      },
      "geometry": {
        "type": "LineString",
        "coordinates": [
          [
            121.1251705,
            14.6361277
          ],
          [
            121.1251276,
            14.6362439
          ],
          [
            121.125016,
            14.6362605
          ],
          [
            121.1248271,
            14.6364017
          ],
          [
            121.1246984,
            14.6364266
          ],
          [
            121.1245611,
            14.6367007
          ],
          [
            121.1245117,
            14.6366966
          ],
          [
            121.1244587,
            14.6367012
          ],
          [
            121.1243953,
            14.6366977
          ],
          [
            121.124295,
            14.6368252
          ],
          [
            121.1240718,
            14.6373401
          ],
          [
            121.1240203,
            14.6373983
          ],
          [
            121.1238229,
            14.637772
          ],
          [
            121.1237371,
            14.6378218
          ],
          [
            121.1236427,
            14.6377886
          ],
          [
            121.1235311,
            14.6377055
          ],
          [
            121.1234195,
            14.6377055
          ],
          [
            121.1232908,
            14.6377553
          ],
          [
            121.1231449,
            14.637747
          ],
          [
            121.122896,
            14.6377636
          ],
          [
            121.1228015,
            14.6377553
          ],
          [
            121.1227617,
            14.6375312
          ],
          [
            121.1226642,
            14.6373816
          ],
          [
            121.1226213,
            14.6372903
          ],
          [
            121.1226227,
            14.637182
          ],
          [
            121.1226612,
            14.6370762
          ],
          [
            121.1227388,
            14.6369448
          ],
          [
            121.1227648,
            14.6368336
          ],
          [
            121.1226984,
            14.6367534
          ],
          [
            121.1225626,
            14.6366818
          ],
          [
            121.1224498,
            14.6365484
          ],
          [
            121.1222679,
            14.6364015
          ],
          [
            121.1219284,
            14.6363013
          ],
          [
            121.1217517,
            14.6362977
          ],
          [
            121.1216085,
            14.6363353
          ],
          [
            121.1214197,
            14.6364349
          ],
          [
            121.1212566,
            14.6364183
          ],
          [
            121.1207159,
            14.63592
          ],
          [
            121.1207244,
            14.6357373
          ],
          [
            121.1206558,
            14.6356875
          ]
        ]
      },
      "id": "way/5050710"
    },
    {
      "type": "Feature",
      "properties": {
        "@id": "way/5073950",
        "admin_level": "6",
        "boat": "no",
        "boundary": "administrative",
        "disputed:admin_level": "3",
        "disputed:note": "This boundary is claimed by Pasig",
        "waterway": "river"
      },
      "geometry": {
        "type": "LineString",
        "coordinates": [
          [
            121.1062307,
            14.6198787
          ],
          [
            121.1066169,
            14.6196959
          ],
          [
            121.1066169,
            14.6196046
          ],
          [
            121.1064796,
            14.6193471
          ],
          [
            121.1064887,
            14.6192849
          ],
          [
            121.1068401,
            14.618691
          ],
          [
            121.1068658,
            14.6185249
          ],
          [
            121.1068195,
            14.6184255
          ],
          [
            121.1066361,
            14.6184006
          ],
          [
            121.1065826,
            14.6183339
          ],
          [
            121.1065724,
            14.6182294
          ],
          [
            121.1066135,
            14.6180559
          ],
          [
            121.1066941,
            14.6178356
          ],
          [
            121.1067827,
            14.6176746
          ],
          [
            121.1069606,
            14.6172626
          ],
          [
            121.1071233,
            14.61703
          ],
          [
            121.1072627,
            14.6169537
          ],
          [
            121.107479,
            14.6170084
          ],
          [
            121.1075737,
            14.6169711
          ],
          [
            121.1076327,
            14.6168672
          ],
          [
            121.1081425,
            14.6164231
          ],
          [
            121.1082293,
            14.6164152
          ],
          [
            121.1083582,
            14.6164522
          ],
          [
            121.1084653,
            14.6164074
          ],
          [
            121.1085274,
            14.6163224
          ],
          [
            121.1086408,
            14.6160663
          ],
          [
            121.1087031,
            14.6159783
          ],
          [
            121.1088764,
            14.6159026
          ],
          [
            121.1089554,
            14.6158746
          ],
          [
            121.1090518,
            14.6157374
          ],
          [
            121.1092134,
            14.6156862
          ],
          [
            121.1095071,
            14.6157503
          ],
          [
            121.109621,
            14.6157343
          ],
          [
            121.1098613,
            14.6153606
          ],
          [
            121.1099836,
            14.6152292
          ],
          [
            121.1101672,
            14.6151227
          ],
          [
            121.1103987,
            14.6150767
          ],
          [
            121.1104709,
            14.6149294
          ],
          [
            121.1105737,
            14.6145633
          ],
          [
            121.1106681,
            14.614447
          ],
          [
            121.1107124,
            14.6144415
          ],
          [
            121.1108169,
            14.6144634
          ],
          [
            121.110988,
            14.6145478
          ],
          [
            121.1110629,
            14.6145301
          ],
          [
            121.1110986,
            14.6145015
          ],
          [
            121.1111013,
            14.6143554
          ],
          [
            121.1111831,
            14.6142477
          ],
          [
            121.1113112,
            14.6142272
          ],
          [
            121.1114878,
            14.6141368
          ],
          [
            121.1116402,
            14.6142363
          ],
          [
            121.1117805,
            14.6141865
          ],
          [
            121.1118686,
            14.6141077
          ],
          [
            121.1118861,
            14.6139012
          ],
          [
            121.1120194,
            14.6135783
          ],
          [
            121.1121225,
            14.6134162
          ],
          [
            121.1121757,
            14.6133905
          ],
          [
            121.1123675,
            14.6134316
          ],
          [
            121.1124565,
            14.6134291
          ],
          [
            121.1125287,
            14.6133582
          ],
          [
            121.112599,
            14.6131893
          ],
          [
            121.1125168,
            14.6130995
          ],
          [
            121.1123441,
            14.612995
          ],
          [
            121.1122941,
            14.6129266
          ],
          [
            121.1123243,
            14.6128708
          ],
          [
            121.1123799,
            14.6127513
          ],
          [
            121.1124769,
            14.6126812
          ]
        ]
      },
      "id": "way/5073950"
    },
    {
      "type": "Feature",
      "properties": {
        "@id": "way/6493226",
        "admin_level": "10",
        "boat": "no",
        "boundary": "administrative",
        "waterway": "stream"
      },
      "geometry": {
        "type": "LineString",
        "coordinates": [
          [
            121.1183325,
            14.6182888
          ],
          [
            121.1184444,
            14.6177219
          ],
          [
            121.1184223,
            14.6175788
          ],
          [
            121.1184386,
            14.6173557
          ],
          [
            121.1185269,
            14.6172758
          ],
          [
            121.1187535,
            14.6171627
          ],
          [
            121.1190189,
            14.6170573
          ],
          [
            121.1190796,
            14.6165194
          ],
          [
            121.1191096,
            14.6165014
          ],
          [
            121.1193908,
            14.6165415
          ],
          [
            121.1194448,
            14.6165233
          ],
          [
            121.1195473,
            14.6162664
          ],
          [
            121.1194529,
            14.6161
          ],
          [
            121.1196674,
            14.6158921
          ],
          [
            121.1198675,
            14.6156211
          ]
        ]
      },
      "id": "way/6493226"
    },
    {
      "type": "Feature",
      "properties": {
        "@id": "way/6493470",
        "waterway": "river"
      },
      "geometry": {
        "type": "LineString",
        "coordinates": [
          [
            121.1132337,
            14.6227605
          ],
          [
            121.1132306,
            14.6234304
          ],
          [
            121.1132628,
            14.6241768
          ],
          [
            121.1132288,
            14.6255842
          ],
          [
            121.1131859,
            14.6260244
          ],
          [
            121.1132717,
            14.6262154
          ],
          [
            121.1132031,
            14.6288647
          ],
          [
            121.1132704,
            14.6292091
          ],
          [
            121.1132323,
            14.6298616
          ],
          [
            121.1133,
            14.6301392
          ],
          [
            121.1133147,
            14.6304343
          ],
          [
            121.1133578,
            14.6310342
          ],
          [
            121.1133623,
            14.6312343
          ],
          [
            121.1133557,
            14.6312584
          ],
          [
            121.1133443,
            14.6312773
          ],
          [
            121.1133356,
            14.6313058
          ],
          [
            121.1133379,
            14.6313483
          ],
          [
            121.1133481,
            14.6314162
          ],
          [
            121.1133694,
            14.6314956
          ],
          [
            121.1133828,
            14.6315893
          ],
          [
            121.1133287,
            14.6325563
          ]
        ]
      },
      "id": "way/6493470"
    },
    {
      "type": "Feature",
      "properties": {
        "@id": "way/16855743",
        "name": "Hakbangan Creek",
        "waterway": "river"
      },
      "geometry": {
        "type": "LineString",
        "coordinates": [
          [
            121.1015382,
            14.6129253
          ],
          [
            121.1017139,
            14.6128995
          ],
          [
            121.1019009,
            14.6128496
          ],
          [
            121.1020347,
            14.6127109
          ],
          [
            121.102239,
            14.612379
          ],
          [
            121.1021945,
            14.6121745
          ],
          [
            121.1022564,
            14.6120092
          ],
          [
            121.1025862,
            14.6119884
          ],
          [
            121.102947,
            14.6119391
          ],
          [
            121.1031284,
            14.6119393
          ]
        ]
      },
      "id": "way/16855743"
    },
    {
      "type": "Feature",
      "properties": {
        "@id": "way/16855789",
        "admin_level": "6",
        "boundary": "administrative",
        "waterway": "stream"
      },
      "geometry": {
        "type": "LineString",
        "coordinates": [
          [
            121.1173405,
            14.6154389
          ],
          [
            121.1172218,
            14.6153076
          ],
          [
            121.1171474,
            14.6152806
          ],
          [
            121.1169844,
            14.6152486
          ],
          [
            121.1168846,
            14.6152479
          ],
          [
            121.1167592,
            14.6152531
          ],
          [
            121.1166906,
            14.6152252
          ],
          [
            121.1166559,
            14.6151572
          ],
          [
            121.1166203,
            14.6151154
          ],
          [
            121.1165331,
            14.6150815
          ],
          [
            121.1163928,
            14.6150886
          ],
          [
            121.1162065,
            14.6152147
          ],
          [
            121.1157596,
            14.6153641
          ],
          [
            121.1157202,
            14.6153455
          ],
          [
            121.115688,
            14.6152944
          ],
          [
            121.1156372,
            14.6151076
          ],
          [
            121.1155428,
            14.6150053
          ],
          [
            121.1151052,
            14.6147696
          ],
          [
            121.1149578,
            14.6147256
          ],
          [
            121.1148992,
            14.6147472
          ],
          [
            121.1148075,
            14.6148523
          ],
          [
            121.1147474,
            14.6148895
          ],
          [
            121.1146925,
            14.6148878
          ],
          [
            121.1146568,
            14.6148544
          ],
          [
            121.1146063,
            14.614713
          ],
          [
            121.1143924,
            14.6145087
          ],
          [
            121.1143732,
            14.6145006
          ],
          [
            121.1141705,
            14.6144147
          ],
          [
            121.1139123,
            14.6141822
          ],
          [
            121.1135104,
            14.61409
          ],
          [
            121.1134203,
            14.6140231
          ],
          [
            121.1133532,
            14.6139486
          ],
          [
            121.1132779,
            14.6137925
          ],
          [
            121.113312,
            14.6136179
          ],
          [
            121.1132911,
            14.6136142
          ],
          [
            121.1132939,
            14.6135484
          ]
        ]
      },
      "id": "way/16855789"
    },
    {
      "type": "Feature",
      "properties": {
        "@id": "way/16855874",
        "boat": "no",
        "disputed:admin_level": "3",
        "disputed:boundary": "administrative",
        "disputed:note": "This boundary is claimed by Pasig",
        "waterway": "river"
      },
      "geometry": {
        "type": "LineString",
        "coordinates": [
          [
            121.1124769,
            14.6126812
          ],
          [
            121.1125226,
            14.6123688
          ],
          [
            121.1126201,
            14.6121704
          ],
          [
            121.1127307,
            14.6119799
          ],
          [
            121.1127448,
            14.6118939
          ],
          [
            121.1127275,
            14.6117086
          ],
          [
            121.1126843,
            14.6116021
          ],
          [
            121.1126351,
            14.6115622
          ],
          [
            121.1122013,
            14.6115688
          ],
          [
            121.1121541,
            14.6115401
          ],
          [
            121.1119693,
            14.6113316
          ],
          [
            121.1116858,
            14.6111773
          ],
          [
            121.1116115,
            14.6110767
          ],
          [
            121.1114387,
            14.6109024
          ],
          [
            121.1114261,
            14.6108548
          ],
          [
            121.1114658,
            14.6108043
          ],
          [
            121.1115746,
            14.6107516
          ],
          [
            121.1115977,
            14.6106614
          ],
          [
            121.1114817,
            14.6105164
          ],
          [
            121.1114084,
            14.610268
          ],
          [
            121.1112371,
            14.6101138
          ],
          [
            121.1112371,
            14.6100307
          ],
          [
            121.1113588,
            14.6099482
          ],
          [
            121.1112972,
            14.6096383
          ],
          [
            121.1114041,
            14.6094346
          ],
          [
            121.1114488,
            14.6093448
          ],
          [
            121.1113919,
            14.6092585
          ],
          [
            121.1113301,
            14.6092141
          ],
          [
            121.1112486,
            14.6091788
          ],
          [
            121.1111546,
            14.6091766
          ],
          [
            121.1110895,
            14.6091048
          ],
          [
            121.1110981,
            14.6090223
          ],
          [
            121.111107,
            14.6089199
          ],
          [
            121.1111106,
            14.6088505
          ],
          [
            121.1109895,
            14.6087446
          ],
          [
            121.1109,
            14.6086153
          ],
          [
            121.1107497,
            14.6084868
          ],
          [
            121.1106628,
            14.6084151
          ],
          [
            121.1106114,
            14.6083581
          ],
          [
            121.1106173,
            14.6082897
          ],
          [
            121.1106486,
            14.6082246
          ],
          [
            121.1106589,
            14.6081345
          ],
          [
            121.1106193,
            14.6080795
          ],
          [
            121.1105617,
            14.6080708
          ],
          [
            121.1105063,
            14.6080877
          ],
          [
            121.1104239,
            14.6081703
          ],
          [
            121.1103306,
            14.6082664
          ],
          [
            121.1102523,
            14.6083055
          ],
          [
            121.1101698,
            14.6083244
          ],
          [
            121.1100468,
            14.6082963
          ],
          [
            121.109956,
            14.6082709
          ],
          [
            121.109893,
            14.6082217
          ],
          [
            121.109832,
            14.6081647
          ],
          [
            121.1098078,
            14.6080657
          ],
          [
            121.1098226,
            14.6079485
          ],
          [
            121.109799,
            14.6078598
          ],
          [
            121.1097396,
            14.607804
          ],
          [
            121.1096374,
            14.6078303
          ],
          [
            121.1095719,
            14.6078201
          ],
          [
            121.1095239,
            14.607789
          ],
          [
            121.1094931,
            14.6077313
          ],
          [
            121.1095091,
            14.6076649
          ],
          [
            121.1095332,
            14.6075771
          ],
          [
            121.109523,
            14.6074993
          ],
          [
            121.1094852,
            14.6074592
          ],
          [
            121.1094465,
            14.6074203
          ],
          [
            121.1093745,
            14.607427
          ],
          [
            121.1092963,
            14.6074555
          ],
          [
            121.1090981,
            14.6075047
          ],
          [
            121.1090295,
            14.6074403
          ],
          [
            121.1089518,
            14.6073379
          ],
          [
            121.1087887,
            14.6071683
          ],
          [
            121.1087166,
            14.6070499
          ],
          [
            121.1086761,
            14.6069049
          ],
          [
            121.1085648,
            14.6068471
          ],
          [
            121.1085177,
            14.6068191
          ],
          [
            121.1084395,
            14.6068167
          ]
        ]
      },
      "id": "way/16855874"
    },
    {
      "type": "Feature",
      "properties": {
        "@id": "way/17899170",
        "boat": "no",
        "layer": "-1",
        "tunnel": "yes",
        "waterway": "drain"
      },
      "geometry": {
        "type": "LineString",
        "coordinates": [
          [
            121.0945843,
            14.6189781
          ],
          [
            121.0935012,
            14.6187363
          ],
          [
            121.0923805,
            14.6185467
          ],
          [
            121.0919679,
            14.6184361
          ]
        ]
      },
      "id": "way/17899170"
    },
    {
      "type": "Feature",
      "properties": {
        "@id": "way/18338423",
        "boat": "no",
        "name": "Duyan-duyan Creek",
        "name:en": "Duyan-duyan Creek",
        "not:name": "Lagarian Creek",
        "waterway": "river"
      },
      "geometry": {
        "type": "LineString",
        "coordinates": [
          [
            121.0722294,
            14.6404434
          ],
          [
            121.0720714,
            14.6404618
          ],
          [
            121.0718484,
            14.6404494
          ],
          [
            121.0717233,
            14.6403825
          ],
          [
            121.0714985,
            14.6402345
          ],
          [
            121.0711209,
            14.639938
          ],
          [
            121.0707743,
            14.6395997
          ],
          [
            121.0706161,
            14.6392741
          ],
          [
            121.070787,
            14.6390219
          ],
          [
            121.0707858,
            14.6389816
          ],
          [
            121.0707713,
            14.6385029
          ],
          [
            121.0708389,
            14.6383769
          ],
          [
            121.0709226,
            14.6383015
          ],
          [
            121.0709825,
            14.6381955
          ],
          [
            121.0710205,
            14.6381081
          ],
          [
            121.0710684,
            14.6379923
          ],
          [
            121.0710634,
            14.637834
          ],
          [
            121.0710634,
            14.6376846
          ],
          [
            121.0712697,
            14.6372381
          ],
          [
            121.0713469,
            14.6370056
          ],
          [
            121.0714585,
            14.6367233
          ],
          [
            121.0716301,
            14.6364741
          ],
          [
            121.0716387,
            14.6363911
          ],
          [
            121.0715955,
            14.6363143
          ],
          [
            121.0715872,
            14.6362084
          ],
          [
            121.071613,
            14.6360257
          ],
          [
            121.0717071,
            14.6359489
          ],
          [
            121.0718276,
            14.6359177
          ],
          [
            121.0718702,
            14.6358493
          ],
          [
            121.0718885,
            14.6356113
          ],
          [
            121.0718963,
            14.6354613
          ],
          [
            121.0718778,
            14.6354129
          ],
          [
            121.0718234,
            14.6353806
          ],
          [
            121.0717012,
            14.6353502
          ],
          [
            121.0716917,
            14.6353287
          ],
          [
            121.0716326,
            14.6351889
          ],
          [
            121.0714493,
            14.6346932
          ],
          [
            121.0714435,
            14.6346767
          ]
        ]
      },
      "id": "way/18338423"
    },
    {
      "type": "Feature",
      "properties": {
        "@id": "way/18338433",
        "boat": "no",
        "waterway": "river"
      },
      "geometry": {
        "type": "LineString",
        "coordinates": [
          [
            121.0794034,
            14.642414
          ],
          [
            121.0791517,
            14.6422915
          ],
          [
            121.0790942,
            14.642208
          ],
          [
            121.0789735,
            14.6421616
          ],
          [
            121.0787606,
            14.6420952
          ],
          [
            121.0785893,
            14.6421277
          ],
          [
            121.0783748,
            14.6421398
          ],
          [
            121.0779559,
            14.6421727
          ],
          [
            121.077643,
            14.6421719
          ],
          [
            121.077466,
            14.6421599
          ],
          [
            121.0773871,
            14.6421055
          ],
          [
            121.0772619,
            14.6420782
          ],
          [
            121.0771749,
            14.6420102
          ],
          [
            121.0770688,
            14.6419803
          ],
          [
            121.076949,
            14.6420429
          ],
          [
            121.0768701,
            14.6420293
          ],
          [
            121.0763368,
            14.6420538
          ],
          [
            121.0761926,
            14.6421
          ],
          [
            121.0760702,
            14.6420674
          ],
          [
            121.0760185,
            14.642032
          ],
          [
            121.0759205,
            14.642081
          ],
          [
            121.075779,
            14.642217
          ],
          [
            121.07573,
            14.6422823
          ],
          [
            121.0756729,
            14.6423231
          ],
          [
            121.0756375,
            14.6423231
          ]
        ]
      },
      "id": "way/18338433"
    },
    {
      "type": "Feature",
      "properties": {
        "@id": "way/19357316",
        "waterway": "drain"
      },
      "geometry": {
        "type": "LineString",
        "coordinates": [
          [
            121.1209084,
            14.6626503
          ],
          [
            121.1209771,
            14.6631355
          ],
          [
            121.1210204,
            14.6632062
          ]
        ]
      },
      "id": "way/19357316"
    },
    {
      "type": "Feature",
      "properties": {
        "@id": "way/22694110",
        "waterway": "drain",
        "width": "70"
      },
      "geometry": {
        "type": "LineString",
        "coordinates": [
          [
            121.1081113,
            14.6512596
          ],
          [
            121.1080019,
            14.6511899
          ],
          [
            121.1078162,
            14.6511371
          ],
          [
            121.1074783,
            14.6510788
          ],
          [
            121.107439,
            14.6509975
          ],
          [
            121.1074392,
            14.6508402
          ],
          [
            121.1075335,
            14.6507139
          ],
          [
            121.1076338,
            14.650642
          ],
          [
            121.1077139,
            14.650486
          ],
          [
            121.1077711,
            14.6502204
          ],
          [
            121.1079618,
            14.6494515
          ],
          [
            121.1079557,
            14.6493301
          ],
          [
            121.1080153,
            14.649159
          ],
          [
            121.1079956,
            14.6490779
          ],
          [
            121.1079243,
            14.6490558
          ],
          [
            121.1076959,
            14.6490935
          ],
          [
            121.1076244,
            14.6490435
          ],
          [
            121.1074161,
            14.6488841
          ],
          [
            121.1073786,
            14.648831
          ],
          [
            121.1073736,
            14.6486009
          ],
          [
            121.1073072,
            14.648446
          ],
          [
            121.1071256,
            14.648143
          ],
          [
            121.1071555,
            14.6479284
          ],
          [
            121.1071243,
            14.6477826
          ],
          [
            121.1071374,
            14.6476206
          ],
          [
            121.1070417,
            14.6473225
          ],
          [
            121.1069999,
            14.6471725
          ],
          [
            121.1070024,
            14.6469955
          ],
          [
            121.1070343,
            14.646816
          ],
          [
            121.1070709,
            14.6466358
          ],
          [
            121.1070876,
            14.6465438
          ],
          [
            121.1070729,
            14.6464332
          ],
          [
            121.107036,
            14.6460488
          ],
          [
            121.1070057,
            14.6458955
          ]
        ]
      },
      "id": "way/22694110"
    },
    {
      "type": "Feature",
      "properties": {
        "@id": "way/22694112",
        "layer": "-1",
        "tunnel": "culvert",
        "waterway": "stream"
      },
      "geometry": {
        "type": "LineString",
        "coordinates": [
          [
            121.1054168,
            14.6326782
          ],
          [
            121.1032118,
            14.6329233
          ],
          [
            121.1030165,
            14.6329463
          ],
          [
            121.1028203,
            14.6329711
          ],
          [
            121.1026226,
            14.6329928
          ],
          [
            121.1024403,
            14.6330128
          ],
          [
            121.1022563,
            14.633033
          ],
          [
            121.1020104,
            14.6330533
          ]
        ]
      },
      "id": "way/22694112"
    },
    {
      "type": "Feature",
      "properties": {
        "@id": "way/22952856",
        "name": "Luzon Creek",
        "waterway": "stream"
      },
      "geometry": {
        "type": "LineString",
        "coordinates": [
          [
            121.0736478,
            14.6709196
          ],
          [
            121.0735803,
            14.6709216
          ],
          [
            121.0734849,
            14.6708812
          ],
          [
            121.0730206,
            14.6703061
          ],
          [
            121.0717908,
            14.6703082
          ],
          [
            121.0716931,
            14.6703195
          ],
          [
            121.0715801,
            14.6703258
          ],
          [
            121.0714864,
            14.6703216
          ],
          [
            121.0713249,
            14.6703239
          ],
          [
            121.0712481,
            14.6703475
          ],
          [
            121.0710881,
            14.6704286
          ],
          [
            121.0709623,
            14.6704895
          ],
          [
            121.0709158,
            14.670514
          ],
          [
            121.0708695,
            14.6705409
          ],
          [
            121.0708386,
            14.6705707
          ],
          [
            121.0707985,
            14.6706037
          ],
          [
            121.0707387,
            14.6706109
          ],
          [
            121.0707112,
            14.6706051
          ],
          [
            121.0706442,
            14.6705837
          ],
          [
            121.0705981,
            14.6705739
          ],
          [
            121.0704589,
            14.6705619
          ],
          [
            121.0703786,
            14.6705571
          ],
          [
            121.0703297,
            14.6705486
          ],
          [
            121.0702962,
            14.6705324
          ],
          [
            121.0702197,
            14.6704779
          ],
          [
            121.0701471,
            14.6704325
          ],
          [
            121.0700846,
            14.6704148
          ],
          [
            121.0698456,
            14.6703767
          ],
          [
            121.0696555,
            14.6703522
          ],
          [
            121.0694969,
            14.6703216
          ]
        ]
      },
      "id": "way/22952856"
    },
    {
      "type": "Feature",
      "properties": {
        "@id": "way/22952867",
        "boat": "no",
        "name": "Tandang Sora Creek",
        "waterway": "river"
      },
      "geometry": {
        "type": "LineString",
        "coordinates": [
          [
            121.066194,
            14.6690045
          ],
          [
            121.0657736,
            14.668994
          ],
          [
            121.0645804,
            14.668947
          ],
          [
            121.0641881,
            14.6689224
          ],
          [
            121.063943,
            14.6689371
          ],
          [
            121.063635,
            14.6690568
          ],
          [
            121.0633474,
            14.6690287
          ],
          [
            121.0631333,
            14.6690108
          ],
          [
            121.0629625,
            14.6690477
          ],
          [
            121.0623012,
            14.6697969
          ],
          [
            121.0621423,
            14.6699758
          ],
          [
            121.0620631,
            14.6700673
          ],
          [
            121.0619677,
            14.6700975
          ],
          [
            121.0605856,
            14.6701717
          ],
          [
            121.060241,
            14.6704576
          ],
          [
            121.0598094,
            14.6705792
          ],
          [
            121.059613,
            14.6705652
          ],
          [
            121.0594282,
            14.6704011
          ],
          [
            121.0593809,
            14.67038
          ],
          [
            121.0592777,
            14.6703735
          ],
          [
            121.0591124,
            14.6703807
          ],
          [
            121.0589861,
            14.6703848
          ],
          [
            121.0588685,
            14.6704466
          ],
          [
            121.0586881,
            14.6705453
          ],
          [
            121.0583423,
            14.6707287
          ],
          [
            121.0581376,
            14.6708371
          ],
          [
            121.0580045,
            14.6708862
          ],
          [
            121.0576997,
            14.6710275
          ],
          [
            121.0573735,
            14.6712935
          ],
          [
            121.0572728,
            14.6713046
          ],
          [
            121.057188,
            14.67129
          ],
          [
            121.0569408,
            14.6710201
          ],
          [
            121.056845,
            14.6709748
          ],
          [
            121.0567136,
            14.6709823
          ],
          [
            121.056501,
            14.6710295
          ],
          [
            121.0559132,
            14.6712517
          ],
          [
            121.0557065,
            14.6713019
          ],
          [
            121.0554898,
            14.6712543
          ],
          [
            121.0547383,
            14.6709953
          ],
          [
            121.0544421,
            14.6709057
          ],
          [
            121.0543103,
            14.6708968
          ],
          [
            121.0542308,
            14.6709109
          ],
          [
            121.0541466,
            14.6709431
          ],
          [
            121.0540625,
            14.6709928
          ],
          [
            121.0540267,
            14.671019
          ],
          [
            121.0540012,
            14.671056
          ],
          [
            121.0539258,
            14.6712599
          ],
          [
            121.0538971,
            14.6713322
          ],
          [
            121.0538211,
            14.6713747
          ],
          [
            121.0537342,
            14.6713624
          ],
          [
            121.0536156,
            14.6712882
          ],
          [
            121.0534617,
            14.6711454
          ],
          [
            121.0533032,
            14.6710596
          ]
        ]
      },
      "id": "way/22952867"
    },
    {
      "type": "Feature",
      "properties": {
        "@id": "way/22952886",
        "boat": "no",
        "name": "Tandang Sora Creek",
        "waterway": "stream"
      },
      "geometry": {
        "type": "LineString",
        "coordinates": [
          [
            121.0731524,
            14.6645578
          ],
          [
            121.0729126,
            14.6646709
          ],
          [
            121.0725401,
            14.6648052
          ],
          [
            121.072436,
            14.6648271
          ],
          [
            121.0721464,
            14.6648271
          ],
          [
            121.0719092,
            14.664989
          ],
          [
            121.0718889,
            14.6652088
          ],
          [
            121.0718489,
            14.6652706
          ],
          [
            121.0717028,
            14.6654231
          ],
          [
            121.0716644,
            14.6654865
          ],
          [
            121.0716191,
            14.6655448
          ],
          [
            121.0715698,
            14.6655681
          ],
          [
            121.0715127,
            14.6655603
          ],
          [
            121.0711784,
            14.6653635
          ],
          [
            121.0710863,
            14.6653271
          ]
        ]
      },
      "id": "way/22952886"
    },
    {
      "type": "Feature",
      "properties": {
        "@id": "way/23088425",
        "boat": "no",
        "layer": "-1",
        "tunnel": "yes",
        "waterway": "drain"
      },
      "geometry": {
        "type": "LineString",
        "coordinates": [
          [
            121.104951,
            14.6215595
          ],
          [
            121.1048194,
            14.6215294
          ],
          [
            121.0998102,
            14.6204537
          ],
          [
            121.0987417,
            14.6202181
          ],
          [
            121.0976291,
            14.6199781
          ],
          [
            121.0964787,
            14.6197561
          ],
          [
            121.092689,
            14.618951
          ],
          [
            121.0920284,
            14.6188177
          ]
        ]
      },
      "id": "way/23088425"
    },
    {
      "type": "Feature",
      "properties": {
        "@id": "way/23090391",
        "waterway": "stream"
      },
      "geometry": {
        "type": "LineString",
        "coordinates": [
          [
            121.0667257,
            14.6547317
          ],
          [
            121.066727,
            14.6546764
          ],
          [
            121.0667005,
            14.6546466
          ],
          [
            121.0666813,
            14.6546396
          ],
          [
            121.0666549,
            14.6546476
          ],
          [
            121.0665664,
            14.6547029
          ],
          [
            121.0665487,
            14.6547081
          ],
          [
            121.0665241,
            14.6547172
          ],
          [
            121.0664683,
            14.6547148
          ],
          [
            121.0664457,
            14.6547081
          ],
          [
            121.0664298,
            14.6546959
          ],
          [
            121.0663498,
            14.6545694
          ],
          [
            121.0661402,
            14.6545566
          ],
          [
            121.0660931,
            14.6545514
          ],
          [
            121.0659535,
            14.6545106
          ],
          [
            121.065786,
            14.6544192
          ],
          [
            121.0655129,
            14.654388
          ],
          [
            121.0653357,
            14.6543429
          ],
          [
            121.0652526,
            14.6542435
          ],
          [
            121.0652185,
            14.6542173
          ],
          [
            121.0651764,
            14.654241
          ],
          [
            121.0651354,
            14.6542601
          ],
          [
            121.065095,
            14.654261
          ],
          [
            121.0650514,
            14.6542613
          ],
          [
            121.0649076,
            14.6542541
          ],
          [
            121.0647559,
            14.6542332
          ]
        ]
      },
      "id": "way/23090391"
    },
    {
      "type": "Feature",
      "properties": {
        "@id": "way/23090413",
        "name": "Katipunan Creek",
        "waterway": "river"
      },
      "geometry": {
        "type": "LineString",
        "coordinates": [
          [
            121.0848741,
            14.6516211
          ],
          [
            121.0849772,
            14.6513894
          ],
          [
            121.0850584,
            14.6513277
          ],
          [
            121.0851703,
            14.6513044
          ],
          [
            121.0853774,
            14.6513492
          ],
          [
            121.0858339,
            14.6512074
          ],
          [
            121.0859989,
            14.6511147
          ],
          [
            121.0860914,
            14.6503868
          ],
          [
            121.0860407,
            14.6503673
          ],
          [
            121.0862367,
            14.6497945
          ],
          [
            121.0861902,
            14.6497619
          ],
          [
            121.0863384,
            14.6496011
          ],
          [
            121.0862909,
            14.6495759
          ],
          [
            121.0866033,
            14.6494758
          ],
          [
            121.0868205,
            14.6493446
          ]
        ]
      },
      "id": "way/23090413"
    },
    {
      "type": "Feature",
      "properties": {
        "@id": "way/23090421",
        "name": "Pansol Creek",
        "waterway": "river"
      },
      "geometry": {
        "type": "LineString",
        "coordinates": [
          [
            121.0817396,
            14.6571987
          ],
          [
            121.0817114,
            14.6569769
          ],
          [
            121.0817436,
            14.6566758
          ],
          [
            121.0819048,
            14.6563898
          ]
        ]
      },
      "id": "way/23090421"
    },
    {
      "type": "Feature",
      "properties": {
        "@id": "way/23090457",
        "name": "Pansol Creek",
        "waterway": "stream"
      },
      "geometry": {
        "type": "LineString",
        "coordinates": [
          [
            121.0802532,
            14.6543924
          ],
          [
            121.0803212,
            14.6542592
          ],
          [
            121.0811244,
            14.6542908
          ],
          [
            121.0812599,
            14.6542472
          ],
          [
            121.0817971,
            14.6542376
          ],
          [
            121.081981,
            14.6541456
          ],
          [
            121.0821165,
            14.6542037
          ],
          [
            121.0822037,
            14.6542908
          ],
          [
            121.082289,
            14.6543181
          ],
          [
            121.0827857,
            14.6544553
          ]
        ]
      },
      "id": "way/23090457"
    },
    {
      "type": "Feature",
      "properties": {
        "@id": "way/23090471",
        "waterway": "drain"
      },
      "geometry": {
        "type": "LineString",
        "coordinates": [
          [
            121.0594908,
            14.6501303
          ],
          [
            121.0592572,
            14.6510998
          ],
          [
            121.0592338,
            14.6511079
          ]
        ]
      },
      "id": "way/23090471"
    },
    {
      "type": "Feature",
      "properties": {
        "@id": "way/23090472",
        "name": "Pansol Creek",
        "waterway": "drain"
      },
      "geometry": {
        "type": "LineString",
        "coordinates": [
          [
            121.08068,
            14.6572831
          ],
          [
            121.0807405,
            14.657218
          ],
          [
            121.0808465,
            14.6569965
          ],
          [
            121.0809287,
            14.6568413
          ],
          [
            121.0815168,
            14.6560115
          ]
        ]
      },
      "id": "way/23090472"
    },
    {
      "type": "Feature",
      "properties": {
        "@id": "way/23172454",
        "waterway": "river"
      },
      "geometry": {
        "type": "LineString",
        "coordinates": [
          [
            121.0626209,
            14.679463
          ],
          [
            121.0624386,
            14.6794752
          ],
          [
            121.0622164,
            14.679501
          ],
          [
            121.0621305,
            14.6795325
          ],
          [
            121.062086,
            14.6795841
          ],
          [
            121.0619942,
            14.6795784
          ],
          [
            121.0619112,
            14.6794809
          ],
          [
            121.061852,
            14.6793032
          ],
          [
            121.061772,
            14.6792602
          ],
          [
            121.0615011,
            14.6792486
          ],
          [
            121.0614321,
            14.6793165
          ],
          [
            121.0613185,
            14.679386
          ],
          [
            121.0612435,
            14.6793646
          ],
          [
            121.0610996,
            14.6792552
          ],
          [
            121.0608795,
            14.6792075
          ],
          [
            121.0606176,
            14.6791974
          ],
          [
            121.060396,
            14.6792565
          ],
          [
            121.0601301,
            14.679286
          ],
          [
            121.0598257,
            14.679281
          ],
          [
            121.0596194,
            14.6792394
          ]
        ]
      },
      "id": "way/23172454"
    },
    {
      "type": "Feature",
      "properties": {
        "@id": "way/23250547",
        "boat": "no",
        "name": "Evangelista Creek",
        "waterway": "drain"
      },
      "geometry": {
        "type": "LineString",
        "coordinates": [
          [
            121.0680861,
            14.6200131
          ],
          [
            121.0672514,
            14.6207783
          ],
          [
            121.0668067,
            14.621186
          ],
          [
            121.0663288,
            14.6216242
          ],
          [
            121.066229,
            14.6217042
          ],
          [
            121.066181,
            14.6217077
          ],
          [
            121.0658017,
            14.6215006
          ]
        ]
      },
      "id": "way/23250547"
    },
    {
      "type": "Feature",
      "properties": {
        "@id": "way/23350371",
        "waterway": "stream"
      },
      "geometry": {
        "type": "LineString",
        "coordinates": [
          [
            121.0996215,
            14.675619
          ],
          [
            121.1001839,
            14.6752178
          ],
          [
            121.1007887,
            14.6747863
          ],
          [
            121.1011221,
            14.6745557
          ],
          [
            121.1017507,
            14.673892
          ],
          [
            121.103246,
            14.6723195
          ]
        ]
      },
      "id": "way/23350371"
    },
    {
      "type": "Feature",
      "properties": {
        "@id": "way/23350413",
        "name": "San Antonio Creek",
        "waterway": "river"
      },
      "geometry": {
        "type": "LineString",
        "coordinates": [
          [
            121.0893376,
            14.6687486
          ],
          [
            121.089467,
            14.668825
          ],
          [
            121.0895383,
            14.6688438
          ],
          [
            121.0895738,
            14.6688459
          ],
          [
            121.0896336,
            14.6688503
          ],
          [
            121.0896602,
            14.6688548
          ],
          [
            121.0904939,
            14.6685915
          ],
          [
            121.0909052,
            14.6682571
          ],
          [
            121.0911921,
            14.668136
          ],
          [
            121.0914353,
            14.6682468
          ],
          [
            121.0916197,
            14.6683307
          ],
          [
            121.0917351,
            14.6684949
          ],
          [
            121.0918015,
            14.6685827
          ],
          [
            121.0918987,
            14.6686246
          ],
          [
            121.092254,
            14.6686473
          ],
          [
            121.0923794,
            14.6687782
          ],
          [
            121.0925183,
            14.6689204
          ],
          [
            121.092639,
            14.6690099
          ],
          [
            121.0928009,
            14.668854
          ],
          [
            121.0930117,
            14.6685375
          ],
          [
            121.0931982,
            14.6682676
          ],
          [
            121.0937141,
            14.6681029
          ],
          [
            121.093916,
            14.6681264
          ],
          [
            121.0942225,
            14.6681343
          ],
          [
            121.0944306,
            14.6680307
          ],
          [
            121.0947747,
            14.6679105
          ],
          [
            121.0950487,
            14.6678543
          ],
          [
            121.0953285,
            14.6678651
          ]
        ]
      },
      "id": "way/23350413"
    },
    {
      "type": "Feature",
      "properties": {
        "@id": "way/26036940",
        "admin_level": "6",
        "boundary": "administrative",
        "waterway": "stream"
      },
      "geometry": {
        "type": "LineString",
        "coordinates": [
          [
            121.1198675,
            14.6156211
          ],
          [
            121.1197023,
            14.6155581
          ],
          [
            121.1196124,
            14.6156357
          ],
          [
            121.1195109,
            14.6156065
          ],
          [
            121.1194216,
            14.6155393
          ],
          [
            121.1191089,
            14.6154982
          ],
          [
            121.1189735,
            14.6155115
          ],
          [
            121.1188573,
            14.6156002
          ],
          [
            121.1185264,
            14.6156162
          ],
          [
            121.1183633,
            14.6156328
          ],
          [
            121.118232,
            14.6156284
          ],
          [
            121.1181546,
            14.6156065
          ],
          [
            121.1179565,
            14.6155501
          ],
          [
            121.1177806,
            14.6154993
          ],
          [
            121.1176012,
            14.6154341
          ],
          [
            121.1174773,
            14.6153976
          ],
          [
            121.1174002,
            14.6154677
          ],
          [
            121.1173405,
            14.6154389
          ]
        ]
      },
      "id": "way/26036940"
    },
    {
      "type": "Feature",
      "properties": {
        "@id": "way/28663927",
        "boat": "no",
        "name": "Buaya Creek",
        "waterway": "stream"
      },
      "geometry": {
        "type": "LineString",
        "coordinates": [
          [
            121.0754305,
            14.6148311
          ],
          [
            121.0755026,
            14.614828
          ],
          [
            121.0755329,
            14.6148583
          ],
          [
            121.0756349,
            14.6149993
          ],
          [
            121.0758825,
            14.6149137
          ],
          [
            121.0759709,
            14.6148832
          ],
          [
            121.0761008,
            14.6148023
          ],
          [
            121.0761719,
            14.6147421
          ],
          [
            121.0762555,
            14.6147031
          ],
          [
            121.0763244,
            14.6146568
          ],
          [
            121.0764589,
            14.6145911
          ],
          [
            121.0765239,
            14.6145589
          ],
          [
            121.0767278,
            14.6145737
          ],
          [
            121.0769106,
            14.6146635
          ],
          [
            121.077034,
            14.6146778
          ],
          [
            121.077125,
            14.6145599
          ],
          [
            121.077256,
            14.614604
          ],
          [
            121.0773005,
            14.6146737
          ],
          [
            121.0773144,
            14.6148901
          ],
          [
            121.0773504,
            14.6149391
          ],
          [
            121.0773741,
            14.6149542
          ],
          [
            121.0774677,
            14.6149525
          ],
          [
            121.0775093,
            14.614926
          ],
          [
            121.0775584,
            14.614862
          ],
          [
            121.0776646,
            14.6147686
          ],
          [
            121.0778114,
            14.6147953
          ],
          [
            121.0781263,
            14.6150309
          ],
          [
            121.0784392,
            14.6155269
          ]
        ]
      },
      "id": "way/28663927"
    },
    {
      "type": "Feature",
      "properties": {
        "@id": "way/29251443",
        "boat": "no",
        "waterway": "stream"
      },
      "geometry": {
        "type": "LineString",
        "coordinates": [
          [
            121.0707166,
            14.6546988
          ],
          [
            121.0706543,
            14.6547641
          ],
          [
            121.0706401,
            14.6547771
          ],
          [
            121.07062,
            14.6547841
          ],
          [
            121.0704368,
            14.6548244
          ],
          [
            121.0702688,
            14.6548649
          ],
          [
            121.070248,
            14.6548742
          ],
          [
            121.0702343,
            14.6548867
          ],
          [
            121.0701957,
            14.654929
          ],
          [
            121.0701793,
            14.6549406
          ],
          [
            121.0701624,
            14.6549456
          ],
          [
            121.0700264,
            14.6549672
          ],
          [
            121.0700077,
            14.6549738
          ],
          [
            121.0699866,
            14.6549856
          ],
          [
            121.0698795,
            14.6550581
          ],
          [
            121.0698618,
            14.6550652
          ],
          [
            121.0698453,
            14.6550713
          ],
          [
            121.0696673,
            14.6550887
          ],
          [
            121.0696472,
            14.6550901
          ],
          [
            121.0696281,
            14.6550903
          ],
          [
            121.0695706,
            14.6550883
          ],
          [
            121.0695053,
            14.655086
          ],
          [
            121.0694618,
            14.6550792
          ],
          [
            121.0694147,
            14.6550719
          ],
          [
            121.0693965,
            14.6550709
          ],
          [
            121.069115,
            14.6550901
          ],
          [
            121.0690358,
            14.6550936
          ],
          [
            121.0690206,
            14.6550901
          ],
          [
            121.0688761,
            14.6550441
          ],
          [
            121.0688602,
            14.6550377
          ],
          [
            121.068841,
            14.6550344
          ],
          [
            121.0685931,
            14.6560372
          ]
        ]
      },
      "id": "way/29251443"
    },
    {
      "type": "Feature",
      "properties": {
        "@id": "way/29251536",
        "boat": "no",
        "name": "Katipunan Creek",
        "waterway": "stream"
      },
      "geometry": {
        "type": "LineString",
        "coordinates": [
          [
            121.0714821,
            14.651943
          ],
          [
            121.0714754,
            14.6518183
          ],
          [
            121.0714214,
            14.6517261
          ],
          [
            121.0714006,
            14.6516184
          ],
          [
            121.0713466,
            14.6514613
          ],
          [
            121.0711921,
            14.6513367
          ],
          [
            121.071072,
            14.6512786
          ],
          [
            121.0709518,
            14.6512952
          ],
          [
            121.0707372,
            14.6513201
          ],
          [
            121.0705398,
            14.6512869
          ],
          [
            121.0703338,
            14.6512786
          ],
          [
            121.0701965,
            14.6512454
          ],
          [
            121.0701671,
            14.6512122
          ],
          [
            121.070145,
            14.6511872
          ],
          [
            121.070145,
            14.6510876
          ],
          [
            121.0701364,
            14.6509547
          ],
          [
            121.0700935,
            14.6507139
          ],
          [
            121.070042,
            14.6505727
          ],
          [
            121.0699991,
            14.6504399
          ],
          [
            121.0699218,
            14.6503734
          ],
          [
            121.0697416,
            14.6502904
          ],
          [
            121.0696472,
            14.6502157
          ],
          [
            121.0696558,
            14.6500496
          ],
          [
            121.0697244,
            14.6499749
          ],
          [
            121.0698133,
            14.6498907
          ],
          [
            121.069865,
            14.6498296
          ]
        ]
      },
      "id": "way/29251536"
    },
    {
      "type": "Feature",
      "properties": {
        "@id": "way/31956065",
        "name": "Ampid River",
        "waterway": "river"
      },
      "geometry": {
        "type": "LineString",
        "coordinates": [
          [
            121.1543879,
            14.6580045
          ],
          [
            121.1541608,
            14.6579815
          ],
          [
            121.1539769,
            14.6580385
          ],
          [
            121.1538209,
            14.6581769
          ],
          [
            121.1537452,
            14.6582835
          ],
          [
            121.153734,
            14.6583308
          ],
          [
            121.1537404,
            14.6585099
          ],
          [
            121.1537939,
            14.6587496
          ],
          [
            121.1539365,
            14.6589886
          ],
          [
            121.1540535,
            14.6590941
          ],
          [
            121.1541715,
            14.659195
          ],
          [
            121.1541688,
            14.6592975
          ],
          [
            121.1541194,
            14.6593735
          ],
          [
            121.1539153,
            14.6594225
          ],
          [
            121.1537598,
            14.6594168
          ],
          [
            121.1535546,
            14.659409
          ],
          [
            121.153403,
            14.6594204
          ],
          [
            121.1532287,
            14.6596135
          ],
          [
            121.1530742,
            14.6597546
          ],
          [
            121.1529111,
            14.6601698
          ],
          [
            121.1528338,
            14.6605269
          ],
          [
            121.1527137,
            14.660668
          ],
          [
            121.1524075,
            14.6608626
          ],
          [
            121.1523535,
            14.6609898
          ],
          [
            121.1522746,
            14.6611757
          ],
          [
            121.1522159,
            14.6613987
          ],
          [
            121.1521386,
            14.6614735
          ],
          [
            121.1516125,
            14.6616095
          ],
          [
            121.1510829,
            14.6615897
          ],
          [
            121.1508941,
            14.6614402
          ],
          [
            121.1506709,
            14.6612327
          ],
          [
            121.1505164,
            14.6611911
          ],
          [
            121.1502418,
            14.6612327
          ],
          [
            121.1501302,
            14.6613821
          ],
          [
            121.1502246,
            14.6617807
          ],
          [
            121.1501216,
            14.6619468
          ],
          [
            121.1498384,
            14.6620962
          ],
          [
            121.1495294,
            14.6622291
          ],
          [
            121.1493234,
            14.6623453
          ],
          [
            121.1491088,
            14.6624865
          ],
          [
            121.1490944,
            14.6624967
          ],
          [
            121.1486655,
            14.6631346
          ],
          [
            121.1485718,
            14.663291
          ],
          [
            121.1484456,
            14.6633985
          ],
          [
            121.1482493,
            14.663462
          ],
          [
            121.1482396,
            14.6638686
          ],
          [
            121.1482723,
            14.6640295
          ],
          [
            121.1482794,
            14.6641442
          ],
          [
            121.148356,
            14.664246
          ],
          [
            121.148508,
            14.6642967
          ],
          [
            121.1487939,
            14.6642483
          ],
          [
            121.1489478,
            14.6642942
          ],
          [
            121.1493054,
            14.6645752
          ],
          [
            121.1494834,
            14.6649451
          ],
          [
            121.1495684,
            14.6651949
          ],
          [
            121.1495551,
            14.6654591
          ],
          [
            121.1492719,
            14.6655339
          ],
          [
            121.1489371,
            14.6656003
          ],
          [
            121.1484479,
            14.6655173
          ],
          [
            121.1483449,
            14.6657498
          ],
          [
            121.1481461,
            14.6660478
          ],
          [
            121.1480016,
            14.6662646
          ],
          [
            121.1477527,
            14.6663974
          ],
          [
            121.1475778,
            14.6664331
          ],
          [
            121.1474265,
            14.6664639
          ],
          [
            121.1470231,
            14.6664805
          ],
          [
            121.1466197,
            14.6664639
          ],
          [
            121.1462935,
            14.6664473
          ],
          [
            121.1460704,
            14.6663642
          ],
          [
            121.1458644,
            14.6662148
          ],
          [
            121.1458472,
            14.6657996
          ],
          [
            121.1459502,
            14.6656833
          ],
          [
            121.1461905,
            14.665592
          ],
          [
            121.1462592,
            14.6654093
          ],
          [
            121.1462249,
            14.6652599
          ],
          [
            121.1459846,
            14.6652433
          ],
          [
            121.1457442,
            14.6648198
          ],
          [
            121.1455211,
            14.664305
          ],
          [
            121.1452354,
            14.664232
          ],
          [
            121.1450565,
            14.6641721
          ],
          [
            121.1447561,
            14.6641465
          ],
          [
            121.1446108,
            14.6641758
          ],
          [
            121.144434,
            14.6641072
          ],
          [
            121.1443511,
            14.6639671
          ],
          [
            121.1442149,
            14.6639021
          ],
          [
            121.1440502,
            14.6639552
          ],
          [
            121.1438839,
            14.6641732
          ],
          [
            121.1435406,
            14.6642627
          ],
          [
            121.1431865,
            14.6642385
          ],
          [
            121.1431178,
            14.6644876
          ],
          [
            121.1432551,
            14.6646537
          ],
          [
            121.1435298,
            14.6651187
          ],
          [
            121.1437015,
            14.6653927
          ],
          [
            121.1439246,
            14.6655671
          ],
          [
            121.1441564,
            14.6655671
          ],
          [
            121.1444997,
            14.6655256
          ],
          [
            121.1446885,
            14.6655588
          ],
          [
            121.1449203,
            14.6656418
          ],
          [
            121.1450061,
            14.6657498
          ],
          [
            121.1449803,
            14.6659241
          ],
          [
            121.1448371,
            14.6660461
          ],
          [
            121.1447185,
            14.6661536
          ],
          [
            121.1445547,
            14.666257
          ],
          [
            121.1444154,
            14.6662314
          ],
          [
            121.1442079,
            14.6662314
          ],
          [
            121.1437787,
            14.666439
          ],
          [
            121.1430129,
            14.6667721
          ],
          [
            121.1429921,
            14.6669341
          ],
          [
            121.1429428,
            14.6670658
          ],
          [
            121.1428258,
            14.6672092
          ],
          [
            121.1427433,
            14.6673583
          ],
          [
            121.1426853,
            14.6675768
          ],
          [
            121.1426513,
            14.6677553
          ],
          [
            121.1426095,
            14.6679676
          ],
          [
            121.1425967,
            14.6681422
          ],
          [
            121.1426715,
            14.6683072
          ],
          [
            121.1427024,
            14.6684572
          ],
          [
            121.1428016,
            14.6685869
          ],
          [
            121.1429334,
            14.6687926
          ],
          [
            121.1431601,
            14.6691708
          ],
          [
            121.1434216,
            14.6695806
          ],
          [
            121.1435932,
            14.6698524
          ],
          [
            121.1436583,
            14.670091
          ],
          [
            121.1436852,
            14.6703612
          ],
          [
            121.1436771,
            14.6705881
          ],
          [
            121.1436416,
            14.6707409
          ],
          [
            121.1435045,
            14.6707936
          ],
          [
            121.1432436,
            14.6707157
          ],
          [
            121.1429933,
            14.6706124
          ],
          [
            121.142723,
            14.6705823
          ],
          [
            121.1423282,
            14.6706653
          ],
          [
            121.1418622,
            14.6707158
          ],
          [
            121.1416293,
            14.670893
          ],
          [
            121.1413229,
            14.6708372
          ],
          [
            121.141037,
            14.6707696
          ],
          [
            121.1407859,
            14.6706296
          ],
          [
            121.140434,
            14.6704635
          ],
          [
            121.1402795,
            14.6704303
          ],
          [
            121.1401422,
            14.6704884
          ],
          [
            121.1399453,
            14.6706951
          ],
          [
            121.1399531,
            14.6709535
          ],
          [
            121.1399558,
            14.6709975
          ],
          [
            121.1399236,
            14.6712674
          ],
          [
            121.1398351,
            14.6715139
          ],
          [
            121.1399063,
            14.6717914
          ],
          [
            121.1399448,
            14.6718724
          ],
          [
            121.1400622,
            14.6721599
          ],
          [
            121.1400521,
            14.6724163
          ],
          [
            121.1398482,
            14.6724776
          ],
          [
            121.1396207,
            14.672418
          ],
          [
            121.1393241,
            14.6721848
          ],
          [
            121.1392104,
            14.6720456
          ],
          [
            121.1391175,
            14.671929
          ],
          [
            121.1390495,
            14.6719349
          ],
          [
            121.1388956,
            14.6718496
          ],
          [
            121.138481,
            14.6719152
          ],
          [
            121.1383071,
            14.6719852
          ],
          [
            121.1382064,
            14.6721198
          ],
          [
            121.1381094,
            14.6723976
          ],
          [
            121.1379412,
            14.6725729
          ],
          [
            121.1378508,
            14.672701
          ],
          [
            121.1378209,
            14.6728368
          ],
          [
            121.1375388,
            14.6730899
          ],
          [
            121.1371006,
            14.6733343
          ],
          [
            121.1368157,
            14.6735184
          ],
          [
            121.136552,
            14.6736672
          ],
          [
            121.1364079,
            14.6737775
          ],
          [
            121.1363822,
            14.6738968
          ],
          [
            121.1363632,
            14.6739852
          ],
          [
            121.1364395,
            14.674201
          ],
          [
            121.1366202,
            14.6743904
          ],
          [
            121.136814,
            14.6744357
          ],
          [
            121.1369368,
            14.6743624
          ],
          [
            121.1369733,
            14.6742037
          ],
          [
            121.1370676,
            14.6740322
          ],
          [
            121.1373548,
            14.6740024
          ],
          [
            121.1375543,
            14.6739782
          ],
          [
            121.1379169,
            14.6740801
          ],
          [
            121.1381158,
            14.6742357
          ],
          [
            121.1381634,
            14.6743618
          ],
          [
            121.1381834,
            14.6745407
          ],
          [
            121.1381446,
            14.6747724
          ],
          [
            121.1380589,
            14.6750275
          ],
          [
            121.1379149,
            14.6753561
          ],
          [
            121.1377073,
            14.6756395
          ],
          [
            121.1375382,
            14.6758344
          ],
          [
            121.1373458,
            14.6759232
          ],
          [
            121.137081,
            14.6760211
          ],
          [
            121.1369733,
            14.6761546
          ],
          [
            121.1368745,
            14.6763401
          ],
          [
            121.1368641,
            14.676486
          ],
          [
            121.1369474,
            14.6766133
          ],
          [
            121.1369809,
            14.6768174
          ],
          [
            121.1370425,
            14.6769333
          ],
          [
            121.1372451,
            14.6770164
          ],
          [
            121.1373951,
            14.6770321
          ],
          [
            121.1375298,
            14.6770436
          ],
          [
            121.1379937,
            14.6767598
          ],
          [
            121.1381175,
            14.6768043
          ],
          [
            121.1381936,
            14.6769003
          ],
          [
            121.1382169,
            14.6770504
          ],
          [
            121.1381672,
            14.677194
          ],
          [
            121.1380886,
            14.6773063
          ],
          [
            121.1376194,
            14.6778015
          ],
          [
            121.1373757,
            14.67808
          ],
          [
            121.13632,
            14.6794583
          ],
          [
            121.1362427,
            14.6795969
          ],
          [
            121.136031,
            14.6797166
          ],
          [
            121.1359824,
            14.6795656
          ],
          [
            121.1360016,
            14.679352
          ],
          [
            121.1360018,
            14.6792099
          ],
          [
            121.1360642,
            14.6789588
          ],
          [
            121.1360624,
            14.6788239
          ],
          [
            121.1359866,
            14.6787532
          ],
          [
            121.1358725,
            14.678757
          ],
          [
            121.1355094,
            14.6789155
          ],
          [
            121.1354036,
            14.67906
          ],
          [
            121.1351374,
            14.6791131
          ],
          [
            121.134796,
            14.679331
          ],
          [
            121.1345644,
            14.6797181
          ],
          [
            121.1342944,
            14.680081
          ],
          [
            121.1337108,
            14.6802637
          ],
          [
            121.1335001,
            14.6804129
          ],
          [
            121.1333632,
            14.6805196
          ],
          [
            121.1332108,
            14.6806208
          ],
          [
            121.133175,
            14.6807227
          ],
          [
            121.1331431,
            14.6808887
          ],
          [
            121.1331315,
            14.681015
          ],
          [
            121.1331138,
            14.6811357
          ],
          [
            121.133097,
            14.6813273
          ],
          [
            121.1331281,
            14.6815958
          ],
          [
            121.1331802,
            14.6817011
          ],
          [
            121.1333067,
            14.6819176
          ],
          [
            121.1334215,
            14.6820346
          ],
          [
            121.1335703,
            14.6822372
          ],
          [
            121.1336209,
            14.6823471
          ],
          [
            121.1335896,
            14.6824291
          ],
          [
            121.1333772,
            14.6825409
          ],
          [
            121.1331309,
            14.6826425
          ],
          [
            121.1330275,
            14.6826888
          ],
          [
            121.1329582,
            14.6827045
          ],
          [
            121.1326836,
            14.6827397
          ],
          [
            121.1324743,
            14.6827336
          ],
          [
            121.132286,
            14.6827177
          ],
          [
            121.1321428,
            14.6827066
          ],
          [
            121.1318608,
            14.682677
          ],
          [
            121.1316947,
            14.6826328
          ],
          [
            121.131527,
            14.6826023
          ],
          [
            121.13116,
            14.6827024
          ],
          [
            121.1309246,
            14.6828073
          ],
          [
            121.130845,
            14.683035
          ],
          [
            121.1306215,
            14.6832444
          ],
          [
            121.1304131,
            14.6833419
          ],
          [
            121.1301787,
            14.6837244
          ],
          [
            121.1301304,
            14.6837609
          ],
          [
            121.1299675,
            14.6837562
          ],
          [
            121.1298492,
            14.6837746
          ],
          [
            121.1296869,
            14.6838504
          ],
          [
            121.1295276,
            14.6837811
          ],
          [
            121.1294153,
            14.6836693
          ],
          [
            121.1292326,
            14.6834242
          ],
          [
            121.1291478,
            14.6831121
          ],
          [
            121.1290725,
            14.6828696
          ],
          [
            121.1289687,
            14.6827076
          ],
          [
            121.1287315,
            14.6827339
          ],
          [
            121.1285668,
            14.6828213
          ],
          [
            121.1284634,
            14.6829159
          ],
          [
            121.128278,
            14.6829221
          ],
          [
            121.1280915,
            14.682857
          ],
          [
            121.1280325,
            14.6829295
          ],
          [
            121.1279182,
            14.6828957
          ],
          [
            121.1277448,
            14.6827917
          ],
          [
            121.1271241,
            14.6827901
          ],
          [
            121.1269324,
            14.6828319
          ],
          [
            121.1267045,
            14.6830237
          ],
          [
            121.12649,
            14.6830781
          ],
          [
            121.1262908,
            14.6830182
          ],
          [
            121.1261303,
            14.6829353
          ],
          [
            121.126042,
            14.6828726
          ],
          [
            121.1260145,
            14.6828635
          ],
          [
            121.1259812,
            14.6828792
          ],
          [
            121.1258777,
            14.682837
          ],
          [
            121.1256569,
            14.6828574
          ],
          [
            121.1254204,
            14.6830056
          ],
          [
            121.1249516,
            14.6831366
          ],
          [
            121.12448,
            14.6832443
          ],
          [
            121.1239612,
            14.6834296
          ],
          [
            121.1237183,
            14.683524
          ],
          [
            121.1236582,
            14.6836888
          ],
          [
            121.1236997,
            14.6837612
          ],
          [
            121.1236904,
            14.6838654
          ],
          [
            121.123566,
            14.6839221
          ],
          [
            121.1232698,
            14.684028
          ],
          [
            121.1230512,
            14.6842339
          ],
          [
            121.1228081,
            14.6844708
          ],
          [
            121.1227062,
            14.6846968
          ],
          [
            121.1224619,
            14.6848872
          ],
          [
            121.1222763,
            14.6850221
          ],
          [
            121.1222573,
            14.6851288
          ],
          [
            121.1222843,
            14.6852484
          ],
          [
            121.122636,
            14.6854271
          ],
          [
            121.1228135,
            14.6854518
          ]
        ]
      },
      "id": "way/31956065"
    },
    {
      "type": "Feature",
      "properties": {
        "@id": "way/35068267",
        "name": "Nangka River",
        "waterway": "river"
      },
      "geometry": {
        "type": "LineString",
        "coordinates": [
          [
            121.1202293,
            14.6687475
          ],
          [
            121.1201048,
            14.6689639
          ],
          [
            121.1200846,
            14.669058
          ],
          [
            121.1200721,
            14.6692314
          ],
          [
            121.1200928,
            14.6693875
          ],
          [
            121.1201872,
            14.6696304
          ],
          [
            121.1203288,
            14.6699327
          ],
          [
            121.1204167,
            14.6702428
          ],
          [
            121.1204503,
            14.6704323
          ],
          [
            121.1204257,
            14.6705457
          ],
          [
            121.1203015,
            14.6706913
          ],
          [
            121.120186,
            14.6708406
          ],
          [
            121.1200315,
            14.6710058
          ],
          [
            121.1198666,
            14.6712521
          ],
          [
            121.1198496,
            14.671327
          ],
          [
            121.1198399,
            14.6713687
          ],
          [
            121.1195591,
            14.6717952
          ],
          [
            121.1193191,
            14.6722589
          ],
          [
            121.1192572,
            14.6723396
          ],
          [
            121.1191815,
            14.6723837
          ],
          [
            121.1189966,
            14.672437
          ],
          [
            121.1187939,
            14.6724369
          ],
          [
            121.118281,
            14.6723003
          ],
          [
            121.1176504,
            14.672091
          ],
          [
            121.1173273,
            14.67191
          ],
          [
            121.117268,
            14.6719103
          ],
          [
            121.1171706,
            14.6719723
          ],
          [
            121.1170493,
            14.6720943
          ],
          [
            121.1168904,
            14.6722805
          ],
          [
            121.1168165,
            14.6726367
          ],
          [
            121.1167958,
            14.6730031
          ],
          [
            121.1166517,
            14.6733867
          ],
          [
            121.1165524,
            14.6735254
          ],
          [
            121.1162659,
            14.6738664
          ],
          [
            121.1161071,
            14.6739709
          ],
          [
            121.1159295,
            14.6740089
          ],
          [
            121.1155589,
            14.6740025
          ],
          [
            121.1150917,
            14.6738639
          ],
          [
            121.1146919,
            14.6736559
          ],
          [
            121.1146302,
            14.6735872
          ],
          [
            121.1145929,
            14.6734931
          ],
          [
            121.1146175,
            14.6733767
          ],
          [
            121.1147439,
            14.67316
          ],
          [
            121.1152189,
            14.6727183
          ],
          [
            121.1152801,
            14.6725824
          ],
          [
            121.11523,
            14.6724071
          ],
          [
            121.1150413,
            14.6721701
          ],
          [
            121.1147981,
            14.6720271
          ],
          [
            121.1142788,
            14.6718327
          ],
          [
            121.1137561,
            14.671716
          ],
          [
            121.1133069,
            14.671734
          ],
          [
            121.1131835,
            14.6717619
          ],
          [
            121.1130459,
            14.6718241
          ],
          [
            121.1126198,
            14.6723063
          ],
          [
            121.112438,
            14.6725634
          ],
          [
            121.1123439,
            14.6727075
          ],
          [
            121.1122635,
            14.6728003
          ],
          [
            121.1121579,
            14.6728696
          ],
          [
            121.1120614,
            14.6729001
          ],
          [
            121.1119521,
            14.6728982
          ],
          [
            121.1117879,
            14.6728558
          ],
          [
            121.1115227,
            14.6726747
          ],
          [
            121.1113861,
            14.672539
          ],
          [
            121.1113639,
            14.672358
          ],
          [
            121.1115946,
            14.6716803
          ],
          [
            121.1118185,
            14.6712818
          ],
          [
            121.111806,
            14.670875
          ],
          [
            121.1117253,
            14.6706773
          ],
          [
            121.1115793,
            14.6704511
          ],
          [
            121.1111426,
            14.6700626
          ],
          [
            121.1107881,
            14.6699901
          ],
          [
            121.1103497,
            14.6700263
          ],
          [
            121.109958,
            14.670343
          ],
          [
            121.1098272,
            14.6705056
          ],
          [
            121.109754,
            14.6706505
          ],
          [
            121.1097384,
            14.6709124
          ],
          [
            121.1098395,
            14.6713371
          ],
          [
            121.1105403,
            14.6727291
          ],
          [
            121.1105497,
            14.6727924
          ],
          [
            121.1104521,
            14.6729642
          ],
          [
            121.1102165,
            14.673209
          ],
          [
            121.1098669,
            14.6734556
          ],
          [
            121.1087853,
            14.6742424
          ],
          [
            121.108541,
            14.6744485
          ],
          [
            121.1082893,
            14.6746547
          ],
          [
            121.1075156,
            14.6751222
          ],
          [
            121.1071204,
            14.6753545
          ],
          [
            121.1066178,
            14.6757895
          ]
        ]
      },
      "id": "way/35068267"
    },
    {
      "type": "Feature",
      "properties": {
        "@id": "way/35068269",
        "name": "Nangka River",
        "waterway": "river"
      },
      "geometry": {
        "type": "LineString",
        "coordinates": [
          [
            121.1214125,
            14.6668014
          ],
          [
            121.1211774,
            14.6672068
          ],
          [
            121.1210397,
            14.6676189
          ],
          [
            121.1208589,
            14.6679466
          ],
          [
            121.1206458,
            14.6682422
          ],
          [
            121.120424,
            14.6685259
          ],
          [
            121.1202293,
            14.6687475
          ]
        ]
      },
      "id": "way/35068269"
    },
    {
      "type": "Feature",
      "properties": {
        "@id": "way/35155245",
        "boat": "no",
        "name": "Duyan-duyan Creek",
        "name:en": "Duyan-duyan Creek",
        "waterway": "river"
      },
      "geometry": {
        "type": "LineString",
        "coordinates": [
          [
            121.0644917,
            14.6338236
          ],
          [
            121.064402,
            14.633805
          ],
          [
            121.0643193,
            14.6337728
          ],
          [
            121.0642759,
            14.6337168
          ],
          [
            121.0642618,
            14.6336479
          ],
          [
            121.0642391,
            14.6334676
          ],
          [
            121.0642205,
            14.6332902
          ],
          [
            121.0641293,
            14.6330996
          ],
          [
            121.0640312,
            14.6329849
          ],
          [
            121.064005,
            14.6329505
          ],
          [
            121.0639796,
            14.6329194
          ],
          [
            121.0639427,
            14.6328811
          ],
          [
            121.0638861,
            14.6328401
          ],
          [
            121.0637143,
            14.6327216
          ],
          [
            121.0636691,
            14.6326766
          ]
        ]
      },
      "id": "way/35155245"
    },
    {
      "type": "Feature",
      "properties": {
        "@id": "way/35155247",
        "boat": "no",
        "name": "Duyan-duyan Creek",
        "name:en": "Duyan-duyan Creek",
        "waterway": "river"
      },
      "geometry": {
        "type": "LineString",
        "coordinates": [
          [
            121.0657911,
            14.6335179
          ],
          [
            121.0657152,
            14.6334769
          ],
          [
            121.065637,
            14.6334629
          ],
          [
            121.0655723,
            14.633464
          ],
          [
            121.065362,
            14.6336669
          ],
          [
            121.0651587,
            14.6337473
          ],
          [
            121.0649365,
            14.6338166
          ],
          [
            121.0648332,
            14.6338264
          ],
          [
            121.0647172,
            14.6338303
          ],
          [
            121.0644917,
            14.6338236
          ]
        ]
      },
      "id": "way/35155247"
    },
    {
      "type": "Feature",
      "properties": {
        "@id": "way/35155263",
        "boat": "no",
        "name": "Duyan-duyan Creek",
        "name:en": "Duyan-duyan Creek",
        "waterway": "river"
      },
      "geometry": {
        "type": "LineString",
        "coordinates": [
          [
            121.0697194,
            14.6331771
          ],
          [
            121.0695585,
            14.6331453
          ],
          [
            121.0694865,
            14.6331698
          ],
          [
            121.0694415,
            14.6332519
          ],
          [
            121.0694365,
            14.6334121
          ],
          [
            121.0692769,
            14.6335587
          ],
          [
            121.0691918,
            14.6336772
          ],
          [
            121.0690288,
            14.6337655
          ],
          [
            121.0687659,
            14.6339058
          ],
          [
            121.0686003,
            14.6339893
          ],
          [
            121.0684265,
            14.6340136
          ],
          [
            121.0680427,
            14.6340445
          ],
          [
            121.0678952,
            14.6340001
          ],
          [
            121.0674443,
            14.6337619
          ],
          [
            121.0670159,
            14.6336324
          ],
          [
            121.066928,
            14.6338444
          ],
          [
            121.0667503,
            14.6339659
          ],
          [
            121.0665856,
            14.6339495
          ],
          [
            121.0664687,
            14.6338232
          ],
          [
            121.0662319,
            14.6337569
          ],
          [
            121.0660918,
            14.6337336
          ],
          [
            121.0658873,
            14.6336232
          ],
          [
            121.0657911,
            14.6335179
          ]
        ]
      },
      "id": "way/35155263"
    },
    {
      "type": "Feature",
      "properties": {
        "@id": "way/35270936",
        "boat": "yes",
        "name": "Marikina River",
        "name:en": "Marikina River",
        "name:tl": "Ilog Marikina",
        "waterway": "river",
        "wikidata": "Q3551251",
        "wikipedia": "en:Marikina River"
      },
      "geometry": {
        "type": "LineString",
        "coordinates": [
          [
            121.0877169,
            14.6269433
          ],
          [
            121.087218,
            14.6275654
          ],
          [
            121.0862481,
            14.6288602
          ],
          [
            121.0856458,
            14.6295659
          ],
          [
            121.0852589,
            14.629849
          ],
          [
            121.085043,
            14.6299773
          ],
          [
            121.0846163,
            14.6301784
          ],
          [
            121.0843695,
            14.6302487
          ],
          [
            121.0840757,
            14.6302715
          ]
        ]
      },
      "id": "way/35270936"
    },
    {
      "type": "Feature",
      "properties": {
        "@id": "way/35352473",
        "boat": "yes",
        "name": "Marikina River",
        "name:tl": "Ilog Marikina",
        "waterway": "river",
        "wikidata": "Q3551251"
      },
      "geometry": {
        "type": "LineString",
        "coordinates": [
          [
            121.0786891,
            14.6173291
          ],
          [
            121.0784541,
            14.616765
          ],
          [
            121.078399,
            14.6160455
          ],
          [
            121.0784392,
            14.6155269
          ]
        ]
      },
      "id": "way/35352473"
    },
    {
      "type": "Feature",
      "properties": {
        "@id": "way/35352477",
        "boat": "yes",
        "name": "Marikina River",
        "name:tl": "Ilog Marikina",
        "waterway": "river",
        "wikidata": "Q3551251"
      },
      "geometry": {
        "type": "LineString",
        "coordinates": [
          [
            121.0788822,
            14.6177381
          ],
          [
            121.0786891,
            14.6173291
          ]
        ]
      },
      "id": "way/35352477"
    },
    {
      "type": "Feature",
      "properties": {
        "@id": "way/35352482",
        "boat": "yes",
        "name": "Marikina River",
        "name:tl": "Ilog Marikina",
        "waterway": "river",
        "wikidata": "Q3551251"
      },
      "geometry": {
        "type": "LineString",
        "coordinates": [
          [
            121.0812353,
            14.6203291
          ],
          [
            121.0808495,
            14.6198871
          ],
          [
            121.0803899,
            14.6195474
          ],
          [
            121.0801964,
            14.6194061
          ],
          [
            121.0798534,
            14.619101
          ],
          [
            121.0791481,
            14.6181112
          ],
          [
            121.0788822,
            14.6177381
          ]
        ]
      },
      "id": "way/35352482"
    },
    {
      "type": "Feature",
      "properties": {
        "@id": "way/35676889",
        "boat": "no",
        "name": "Duyan-duyan Creek",
        "name:en": "Duyan-duyan Creek",
        "waterway": "river"
      },
      "geometry": {
        "type": "LineString",
        "coordinates": [
          [
            121.0622339,
            14.6293725
          ],
          [
            121.0620066,
            14.6290792
          ],
          [
            121.0618873,
            14.6289783
          ]
        ]
      },
      "id": "way/35676889"
    },
    {
      "type": "Feature",
      "properties": {
        "@id": "way/35676890",
        "boat": "no",
        "loc_name": "Kamias Creek",
        "name": "Lagarian Creek",
        "name:en": "Lagarian Creek",
        "waterway": "river"
      },
      "geometry": {
        "type": "LineString",
        "coordinates": [
          [
            121.0618873,
            14.6289783
          ],
          [
            121.0617275,
            14.6290692
          ],
          [
            121.0614387,
            14.6292861
          ],
          [
            121.0612578,
            14.6293444
          ],
          [
            121.0610358,
            14.6293399
          ],
          [
            121.0608912,
            14.629345
          ],
          [
            121.0607811,
            14.6294126
          ],
          [
            121.0606405,
            14.6294595
          ],
          [
            121.060431,
            14.6294165
          ],
          [
            121.0602184,
            14.6293375
          ],
          [
            121.0596232,
            14.629007
          ],
          [
            121.0594378,
            14.6289041
          ],
          [
            121.0592763,
            14.6288416
          ],
          [
            121.0590602,
            14.6287787
          ],
          [
            121.0587358,
            14.6287884
          ],
          [
            121.058502,
            14.6287616
          ],
          [
            121.0582276,
            14.6286788
          ],
          [
            121.0579486,
            14.6285593
          ],
          [
            121.0575794,
            14.6283463
          ],
          [
            121.057471,
            14.6283352
          ],
          [
            121.0573311,
            14.628383
          ],
          [
            121.0571955,
            14.6284926
          ],
          [
            121.0571226,
            14.6285956
          ],
          [
            121.057119,
            14.6287199
          ],
          [
            121.0571561,
            14.6287978
          ],
          [
            121.0572049,
            14.6288474
          ],
          [
            121.0572613,
            14.6289971
          ],
          [
            121.0572647,
            14.629134
          ],
          [
            121.0571784,
            14.6292733
          ],
          [
            121.0570776,
            14.6293781
          ],
          [
            121.0569146,
            14.6294178
          ],
          [
            121.0567169,
            14.6294273
          ],
          [
            121.0560295,
            14.6292906
          ],
          [
            121.0558024,
            14.629199
          ],
          [
            121.0554436,
            14.6290181
          ]
        ]
      },
      "id": "way/35676890"
    },
    {
      "type": "Feature",
      "properties": {
        "@id": "way/35676891",
        "alt_name": "Buaya Creek",
        "boat": "no",
        "name": "Evangelista Creek",
        "waterway": "river"
      },
      "geometry": {
        "type": "LineString",
        "coordinates": [
          [
            121.0625455,
            14.6276451
          ],
          [
            121.0625126,
            14.6277351
          ],
          [
            121.0624816,
            14.6278594
          ],
          [
            121.0624751,
            14.6279386
          ],
          [
            121.0624747,
            14.6280112
          ],
          [
            121.0624944,
            14.6282381
          ],
          [
            121.0624742,
            14.6283942
          ],
          [
            121.0624383,
            14.628492
          ],
          [
            121.0623758,
            14.6285549
          ],
          [
            121.0622909,
            14.628575
          ],
          [
            121.0622046,
            14.628622
          ],
          [
            121.0621154,
            14.6287139
          ],
          [
            121.0620055,
            14.6288549
          ],
          [
            121.0618873,
            14.6289783
          ]
        ]
      },
      "id": "way/35676891"
    },
    {
      "type": "Feature",
      "properties": {
        "@id": "way/36074861",
        "boat": "no",
        "waterway": "drain"
      },
      "geometry": {
        "type": "LineString",
        "coordinates": [
          [
            121.065717,
            14.6214617
          ],
          [
            121.0655884,
            14.6214199
          ],
          [
            121.0654461,
            14.6214279
          ],
          [
            121.0653525,
            14.6214578
          ],
          [
            121.0653035,
            14.6215232
          ],
          [
            121.065174,
            14.6218274
          ],
          [
            121.0651058,
            14.6219863
          ],
          [
            121.0651021,
            14.6219959
          ]
        ]
      },
      "id": "way/36074861"
    },
    {
      "type": "Feature",
      "properties": {
        "@id": "way/38700103",
        "name": "Pasong Tamo Creek",
        "waterway": "drain"
      },
      "geometry": {
        "type": "LineString",
        "coordinates": [
          [
            121.0696264,
            14.6825575
          ],
          [
            121.0695121,
            14.6825607
          ],
          [
            121.0694503,
            14.6825714
          ],
          [
            121.0694011,
            14.6825958
          ],
          [
            121.0693424,
            14.6826262
          ],
          [
            121.06926,
            14.6826307
          ],
          [
            121.0691957,
            14.6826288
          ],
          [
            121.0691544,
            14.6826252
          ],
          [
            121.0691007,
            14.6826081
          ],
          [
            121.0690434,
            14.6826006
          ],
          [
            121.0689956,
            14.6826047
          ],
          [
            121.0689537,
            14.6826373
          ],
          [
            121.0689242,
            14.6826905
          ],
          [
            121.0689088,
            14.6827448
          ],
          [
            121.0688896,
            14.6828263
          ],
          [
            121.068858,
            14.6828971
          ],
          [
            121.0688173,
            14.6829252
          ],
          [
            121.0687487,
            14.6829335
          ],
          [
            121.0687186,
            14.6829432
          ],
          [
            121.0686681,
            14.6829954
          ],
          [
            121.0686754,
            14.6830242
          ],
          [
            121.068715,
            14.6830576
          ],
          [
            121.0687713,
            14.6830966
          ],
          [
            121.0688457,
            14.6831592
          ],
          [
            121.0688815,
            14.6831898
          ],
          [
            121.0688893,
            14.6832702
          ],
          [
            121.0688987,
            14.6833486
          ],
          [
            121.0688947,
            14.6833975
          ],
          [
            121.0689078,
            14.6834503
          ],
          [
            121.0689457,
            14.6835231
          ],
          [
            121.0690219,
            14.6836056
          ],
          [
            121.0691038,
            14.6836896
          ],
          [
            121.0691893,
            14.6837985
          ],
          [
            121.0692297,
            14.6838465
          ],
          [
            121.0692393,
            14.6838797
          ],
          [
            121.0692241,
            14.6839252
          ],
          [
            121.0691898,
            14.6839502
          ],
          [
            121.0691227,
            14.6839567
          ],
          [
            121.0690288,
            14.6839528
          ],
          [
            121.0687672,
            14.683943
          ],
          [
            121.0685742,
            14.6839606
          ],
          [
            121.0684857,
            14.6840021
          ],
          [
            121.0684669,
            14.6840617
          ],
          [
            121.0684682,
            14.6840994
          ],
          [
            121.0684843,
            14.6841266
          ],
          [
            121.0685058,
            14.6841435
          ],
          [
            121.0685742,
            14.6841629
          ],
          [
            121.0686591,
            14.6842071
          ],
          [
            121.0686902,
            14.684273
          ],
          [
            121.0686821,
            14.6843542
          ],
          [
            121.0686158,
            14.6844737
          ],
          [
            121.0686123,
            14.6846433
          ],
          [
            121.0686768,
            14.6847914
          ],
          [
            121.0687406,
            14.6848984
          ],
          [
            121.0688705,
            14.6850774
          ],
          [
            121.0689732,
            14.68524
          ],
          [
            121.0689644,
            14.6853193
          ],
          [
            121.0688918,
            14.685373
          ],
          [
            121.0688143,
            14.6854014
          ],
          [
            121.0687434,
            14.6854136
          ],
          [
            121.0686712,
            14.6854668
          ],
          [
            121.0685185,
            14.6856224
          ],
          [
            121.0685339,
            14.6856627
          ],
          [
            121.0686093,
            14.6857469
          ],
          [
            121.0686475,
            14.6858002
          ],
          [
            121.0686489,
            14.6858952
          ],
          [
            121.0686345,
            14.6859839
          ],
          [
            121.0685811,
            14.6860677
          ],
          [
            121.068102,
            14.6860848
          ],
          [
            121.0679355,
            14.6860753
          ],
          [
            121.0678502,
            14.6860634
          ],
          [
            121.0677111,
            14.6859564
          ],
          [
            121.067522,
            14.6858014
          ],
          [
            121.0673507,
            14.6858092
          ],
          [
            121.0672459,
            14.6857986
          ],
          [
            121.0671373,
            14.6857853
          ],
          [
            121.0670749,
            14.6857446
          ],
          [
            121.0669913,
            14.6857018
          ],
          [
            121.0669471,
            14.6856684
          ],
          [
            121.0668739,
            14.6856496
          ],
          [
            121.066765,
            14.6856438
          ],
          [
            121.0666492,
            14.6856737
          ],
          [
            121.066596,
            14.6857963
          ],
          [
            121.0664767,
            14.6858162
          ],
          [
            121.0663069,
            14.6858117
          ],
          [
            121.0660174,
            14.6858199
          ],
          [
            121.0658052,
            14.6858081
          ],
          [
            121.0656767,
            14.6857872
          ],
          [
            121.0655708,
            14.6857385
          ],
          [
            121.0654856,
            14.6857093
          ],
          [
            121.0652898,
            14.6856879
          ],
          [
            121.0651182,
            14.6856834
          ],
          [
            121.0649432,
            14.6857281
          ]
        ]
      },
      "id": "way/38700103"
    },
    {
      "type": "Feature",
      "properties": {
        "@id": "way/46595557",
        "name": "Katipunan Creek",
        "waterway": "drain"
      },
      "geometry": {
        "type": "LineString",
        "coordinates": [
          [
            121.0751581,
            14.6438309
          ],
          [
            121.0752524,
            14.6437781
          ],
          [
            121.0753302,
            14.6436868
          ]
        ]
      },
      "id": "way/46595557"
    },
    {
      "type": "Feature",
      "properties": {
        "@id": "way/46595558",
        "name": "Katipunan Creek",
        "waterway": "drain"
      },
      "geometry": {
        "type": "LineString",
        "coordinates": [
          [
            121.0757618,
            14.6435726
          ],
          [
            121.0759559,
            14.6435122
          ]
        ]
      },
      "id": "way/46595558"
    },
    {
      "type": "Feature",
      "properties": {
        "@id": "way/46647930",
        "boat": "no",
        "name": "Don Jose Creek",
        "waterway": "stream"
      },
      "geometry": {
        "type": "LineString",
        "coordinates": [
          [
            121.0620655,
            14.6233077
          ],
          [
            121.0625411,
            14.623889
          ],
          [
            121.0626336,
            14.6242625
          ],
          [
            121.0627535,
            14.624451
          ],
          [
            121.0628785,
            14.6244933
          ],
          [
            121.0630262,
            14.6245777
          ],
          [
            121.0629483,
            14.6247963
          ],
          [
            121.0629296,
            14.6248487
          ]
        ]
      },
      "id": "way/46647930"
    },
    {
      "type": "Feature",
      "properties": {
        "@id": "way/46648154",
        "boat": "no",
        "name": "Evangelista Creek",
        "waterway": "river"
      },
      "geometry": {
        "type": "LineString",
        "coordinates": [
          [
            121.0650054,
            14.6221198
          ],
          [
            121.0649666,
            14.6221444
          ],
          [
            121.0648724,
            14.6221663
          ],
          [
            121.0647031,
            14.6222369
          ],
          [
            121.0645894,
            14.6223511
          ],
          [
            121.0644317,
            14.6227011
          ],
          [
            121.0642855,
            14.6230386
          ],
          [
            121.0637099,
            14.6242265
          ],
          [
            121.0635657,
            14.6244059
          ],
          [
            121.0632231,
            14.6245933
          ],
          [
            121.0629296,
            14.6248487
          ]
        ]
      },
      "id": "way/46648154"
    },
    {
      "type": "Feature",
      "properties": {
        "@id": "way/47069806",
        "boat": "yes",
        "name": "Marikina River",
        "name:en": "Marikina River",
        "name:tl": "Ilog Marikina",
        "waterway": "river",
        "wikidata": "Q3551251",
        "wikipedia": "en:Marikina River"
      },
      "geometry": {
        "type": "LineString",
        "coordinates": [
          [
            121.0822638,
            14.6264632
          ],
          [
            121.0822468,
            14.6263952
          ],
          [
            121.082682,
            14.6282218
          ],
          [
            121.0818178,
            14.6244248
          ],
          [
            121.0818695,
            14.6232809
          ],
          [
            121.0817509,
            14.6219879
          ],
          [
            121.0815098,
            14.6210762
          ],
          [
            121.0813172,
            14.6205069
          ],
          [
            121.0812353,
            14.6203291
          ]
        ]
      },
      "id": "way/47069806"
    },
    {
      "type": "Feature",
      "properties": {
        "@id": "way/47069807",
        "boat": "yes",
        "name": "Marikina River",
        "name:en": "Marikina River",
        "name:tl": "Ilog Marikina",
        "waterway": "river",
        "wikidata": "Q3551251",
        "wikipedia": "en:Marikina River"
      },
      "geometry": {
        "type": "LineString",
        "coordinates": [
          [
            121.0840757,
            14.6302715
          ],
          [
            121.083799,
            14.6301857
          ],
          [
            121.0835815,
            14.6300234
          ],
          [
            121.0833998,
            14.6298034
          ],
          [
            121.0832583,
            14.6295864
          ],
          [
            121.0832452,
            14.6295663
          ],
          [
            121.083138,
            14.6292747
          ],
          [
            121.0828842,
            14.6284933
          ],
          [
            121.0825597,
            14.6275765
          ],
          [
            121.0822969,
            14.6265918
          ],
          [
            121.0822638,
            14.6264632
          ]
        ]
      },
      "id": "way/47069807"
    },
    {
      "type": "Feature",
      "properties": {
        "@id": "way/47070000",
        "boat": "yes",
        "name": "Marikina River",
        "name:en": "Marikina River",
        "name:tl": "Ilog Marikina",
        "waterway": "river",
        "wikidata": "Q3551251",
        "wikipedia": "en:Marikina River"
      },
      "geometry": {
        "type": "LineString",
        "coordinates": [
          [
            121.0917155,
            14.640602
          ],
          [
            121.0926006,
            14.6378862
          ],
          [
            121.0931524,
            14.6355453
          ],
          [
            121.0934236,
            14.63422
          ]
        ]
      },
      "id": "way/47070000"
    },
    {
      "type": "Feature",
      "properties": {
        "@id": "way/47070003",
        "boat": "yes",
        "name": "Marikina River",
        "name:en": "Marikina River",
        "name:tl": "Ilog Marikina",
        "waterway": "river",
        "wikidata": "Q3551251",
        "wikipedia": "en:Marikina River"
      },
      "geometry": {
        "type": "LineString",
        "coordinates": [
          [
            121.0934231,
            14.6252907
          ],
          [
            121.0932267,
            14.6249485
          ],
          [
            121.0930375,
            14.6246658
          ],
          [
            121.0927004,
            14.6244006
          ],
          [
            121.092414,
            14.6242849
          ],
          [
            121.0920606,
            14.6242063
          ],
          [
            121.0912111,
            14.6242219
          ],
          [
            121.090833,
            14.6243261
          ],
          [
            121.0903823,
            14.6245033
          ],
          [
            121.0899416,
            14.6247594
          ],
          [
            121.0888366,
            14.6257448
          ],
          [
            121.0877169,
            14.6269433
          ]
        ]
      },
      "id": "way/47070003"
    },
    {
      "type": "Feature",
      "properties": {
        "@id": "way/47070006",
        "boat": "yes",
        "name": "Marikina River",
        "name:en": "Marikina River",
        "name:tl": "Ilog Marikina",
        "waterway": "river",
        "wikidata": "Q3551251",
        "wikipedia": "en:Marikina River"
      },
      "geometry": {
        "type": "LineString",
        "coordinates": [
          [
            121.0940369,
            14.6299092
          ],
          [
            121.0941489,
            14.6290511
          ],
          [
            121.0941097,
            14.6282078
          ],
          [
            121.094026,
            14.6271028
          ],
          [
            121.0937016,
            14.6259743
          ],
          [
            121.0934231,
            14.6252907
          ]
        ]
      },
      "id": "way/47070006"
    },
    {
      "type": "Feature",
      "properties": {
        "@id": "way/47070009",
        "boat": "yes",
        "name": "Marikina River",
        "name:en": "Marikina River",
        "name:tl": "Ilog Marikina",
        "waterway": "river",
        "wikidata": "Q3551251",
        "wikipedia": "en:Marikina River"
      },
      "geometry": {
        "type": "LineString",
        "coordinates": [
          [
            121.0934236,
            14.63422
          ],
          [
            121.0936409,
            14.6329751
          ],
          [
            121.093723,
            14.6319608
          ],
          [
            121.0939502,
            14.6304762
          ],
          [
            121.0940369,
            14.6299092
          ]
        ]
      },
      "id": "way/47070009"
    },
    {
      "type": "Feature",
      "properties": {
        "@id": "way/47070010",
        "boat": "yes",
        "name": "Marikina River",
        "name:en": "Marikina River",
        "name:tl": "Ilog Marikina",
        "waterway": "river",
        "wikidata": "Q3551251",
        "wikipedia": "en:Marikina River"
      },
      "geometry": {
        "type": "LineString",
        "coordinates": [
          [
            121.0895925,
            14.646864
          ],
          [
            121.0897677,
            14.6459219
          ],
          [
            121.0899541,
            14.6452697
          ],
          [
            121.0902675,
            14.6445261
          ],
          [
            121.0911101,
            14.6428677
          ],
          [
            121.0914992,
            14.6417647
          ],
          [
            121.0917155,
            14.640602
          ]
        ]
      },
      "id": "way/47070010"
    },
    {
      "type": "Feature",
      "properties": {
        "@id": "way/49257454",
        "boat": "no",
        "name": "Tandang Sora Creek",
        "waterway": "stream"
      },
      "geometry": {
        "type": "LineString",
        "coordinates": [
          [
            121.0698538,
            14.6656471
          ],
          [
            121.0696354,
            14.6658026
          ],
          [
            121.0694271,
            14.6657976
          ],
          [
            121.0692083,
            14.6657291
          ],
          [
            121.0689429,
            14.6658948
          ],
          [
            121.0686684,
            14.666099
          ],
          [
            121.0686721,
            14.6663658
          ],
          [
            121.0685933,
            14.6664826
          ],
          [
            121.0683599,
            14.6668804
          ],
          [
            121.0682893,
            14.6669589
          ],
          [
            121.0681832,
            14.6671579
          ],
          [
            121.0682219,
            14.6672013
          ],
          [
            121.0684639,
            14.6671736
          ],
          [
            121.0688058,
            14.6671586
          ],
          [
            121.0687038,
            14.6673942
          ],
          [
            121.0685919,
            14.6677051
          ],
          [
            121.0684,
            14.6680179
          ],
          [
            121.0682558,
            14.6681648
          ],
          [
            121.0680491,
            14.6682393
          ],
          [
            121.0678292,
            14.6682691
          ],
          [
            121.0676609,
            14.6682765
          ],
          [
            121.067461,
            14.6682618
          ],
          [
            121.0673145,
            14.668331
          ],
          [
            121.067107,
            14.6682574
          ],
          [
            121.0670176,
            14.6682437
          ],
          [
            121.0668314,
            14.6684426
          ],
          [
            121.0666452,
            14.6685848
          ],
          [
            121.0663868,
            14.6688024
          ],
          [
            121.066194,
            14.6690045
          ]
        ]
      },
      "id": "way/49257454"
    },
    {
      "type": "Feature",
      "properties": {
        "@id": "way/50981132",
        "boat": "yes",
        "name": "Marikina River",
        "name:en": "Marikina River",
        "name:tl": "Ilog Marikina",
        "waterway": "river",
        "wikidata": "Q3551251",
        "wikipedia": "en:Marikina River"
      },
      "geometry": {
        "type": "LineString",
        "coordinates": [
          [
            121.0983993,
            14.6651508
          ],
          [
            121.098272,
            14.6648377
          ],
          [
            121.0980536,
            14.6642888
          ],
          [
            121.0979135,
            14.6640424
          ],
          [
            121.0977901,
            14.6637829
          ]
        ]
      },
      "id": "way/50981132"
    },
    {
      "type": "Feature",
      "properties": {
        "@id": "way/50981140",
        "boat": "yes",
        "intermittent": "no",
        "name": "Marikina River",
        "name:en": "Marikina River",
        "name:tl": "Ilog Marikina",
        "tidal": "no",
        "waterway": "river",
        "wikidata": "Q3551251",
        "wikipedia": "en:Marikina River"
      },
      "geometry": {
        "type": "LineString",
        "coordinates": [
          [
            121.0989231,
            14.66828
          ],
          [
            121.0987592,
            14.6678005
          ],
          [
            121.0986737,
            14.6673511
          ],
          [
            121.0986873,
            14.6671562
          ],
          [
            121.0988218,
            14.6670317
          ],
          [
            121.0988701,
            14.6668294
          ],
          [
            121.0988355,
            14.666584
          ],
          [
            121.0987418,
            14.6661076
          ],
          [
            121.0983993,
            14.6651508
          ]
        ]
      },
      "id": "way/50981140"
    },
    {
      "type": "Feature",
      "properties": {
        "@id": "way/51062033",
        "boat": "yes",
        "name": "Marikina River",
        "name:en": "Marikina River",
        "name:tl": "Ilog Marikina",
        "waterway": "river",
        "wikidata": "Q3551251",
        "wikipedia": "en:Marikina River"
      },
      "geometry": {
        "type": "LineString",
        "coordinates": [
          [
            121.1066178,
            14.6757895
          ],
          [
            121.105877,
            14.6752513
          ],
          [
            121.1050187,
            14.6744874
          ],
          [
            121.1036883,
            14.6727604
          ],
          [
            121.103246,
            14.6723195
          ],
          [
            121.1002379,
            14.6700618
          ],
          [
            121.0993176,
            14.6692092
          ],
          [
            121.0991505,
            14.6688157
          ],
          [
            121.0989231,
            14.66828
          ]
        ]
      },
      "id": "way/51062033"
    },
    {
      "type": "Feature",
      "properties": {
        "@id": "way/53055489",
        "boat": "no",
        "waterway": "stream"
      },
      "geometry": {
        "type": "LineString",
        "coordinates": [
          [
            121.1038224,
            14.6268822
          ],
          [
            121.1041247,
            14.6260446
          ],
          [
            121.1040668,
            14.6258815
          ],
          [
            121.1039317,
            14.6256017
          ],
          [
            121.1038841,
            14.6254739
          ],
          [
            121.1038887,
            14.6253435
          ],
          [
            121.1039991,
            14.6250195
          ],
          [
            121.1039819,
            14.6248119
          ],
          [
            121.1040849,
            14.6246707
          ],
          [
            121.1043983,
            14.6244996
          ],
          [
            121.1046665,
            14.6243257
          ],
          [
            121.1046696,
            14.6242801
          ],
          [
            121.1046149,
            14.6241381
          ],
          [
            121.104586,
            14.6240208
          ],
          [
            121.1045645,
            14.6239266
          ],
          [
            121.1046125,
            14.6238446
          ],
          [
            121.1047979,
            14.6235978
          ],
          [
            121.1048203,
            14.6234763
          ],
          [
            121.1047362,
            14.623359
          ],
          [
            121.104635,
            14.623227
          ],
          [
            121.1046336,
            14.6231291
          ],
          [
            121.1046538,
            14.622961
          ],
          [
            121.1045967,
            14.6228661
          ],
          [
            121.1045296,
            14.6228051
          ],
          [
            121.1044249,
            14.6226935
          ],
          [
            121.1043849,
            14.6225726
          ],
          [
            121.1043922,
            14.622461
          ],
          [
            121.1046363,
            14.6221029
          ],
          [
            121.1047067,
            14.6218874
          ],
          [
            121.1048568,
            14.621669
          ],
          [
            121.104951,
            14.6215595
          ],
          [
            121.104991,
            14.6215026
          ]
        ]
      },
      "id": "way/53055489"
    },
    {
      "type": "Feature",
      "properties": {
        "@id": "way/53055500",
        "boat": "no",
        "waterway": "stream"
      },
      "geometry": {
        "type": "LineString",
        "coordinates": [
          [
            121.1049519,
            14.6291611
          ],
          [
            121.1049057,
            14.6283502
          ],
          [
            121.1048343,
            14.6280383
          ],
          [
            121.1047223,
            14.6277127
          ],
          [
            121.1045686,
            14.6274824
          ],
          [
            121.1043458,
            14.6272259
          ],
          [
            121.1041112,
            14.627037
          ],
          [
            121.1038224,
            14.6268822
          ]
        ]
      },
      "id": "way/53055500"
    },
    {
      "type": "Feature",
      "properties": {
        "@id": "way/53055523",
        "fixme": "katipunan extension this is underground on that part\nhard to edit since the admin boundary relation",
        "waterway": "stream"
      },
      "geometry": {
        "type": "LineString",
        "coordinates": [
          [
            121.1059101,
            14.6334536
          ],
          [
            121.1058414,
            14.6333207
          ],
          [
            121.1057005,
            14.6328854
          ],
          [
            121.1055911,
            14.6327855
          ],
          [
            121.1054168,
            14.6326782
          ],
          [
            121.1054336,
            14.6326368
          ],
          [
            121.1055078,
            14.632362
          ],
          [
            121.1057727,
            14.6320916
          ],
          [
            121.1057985,
            14.631992
          ],
          [
            121.1055688,
            14.6313909
          ],
          [
            121.1055198,
            14.6309622
          ],
          [
            121.1054762,
            14.6303872
          ],
          [
            121.1053695,
            14.6301374
          ],
          [
            121.1051696,
            14.6300743
          ],
          [
            121.1049959,
            14.6299342
          ]
        ]
      },
      "id": "way/53055523"
    },
    {
      "type": "Feature",
      "properties": {
        "@id": "way/53055539",
        "waterway": "stream"
      },
      "geometry": {
        "type": "LineString",
        "coordinates": [
          [
            121.108671,
            14.6365626
          ],
          [
            121.1086394,
            14.6365632
          ],
          [
            121.1086035,
            14.6365606
          ],
          [
            121.1085123,
            14.6365462
          ],
          [
            121.1084319,
            14.636527
          ],
          [
            121.1083868,
            14.6365123
          ],
          [
            121.1083412,
            14.6364917
          ],
          [
            121.1080601,
            14.6362667
          ],
          [
            121.1077898,
            14.6359782
          ],
          [
            121.1073692,
            14.635455
          ],
          [
            121.1072834,
            14.6352972
          ],
          [
            121.1071975,
            14.6352308
          ],
          [
            121.107146,
            14.6350647
          ],
          [
            121.1066285,
            14.6341601
          ],
          [
            121.106619,
            14.6341434
          ]
        ]
      },
      "id": "way/53055539"
    },
    {
      "type": "Feature",
      "properties": {
        "@id": "way/53056351",
        "waterway": "drain"
      },
      "geometry": {
        "type": "LineString",
        "coordinates": [
          [
            121.0933304,
            14.6303842
          ],
          [
            121.0936614,
            14.6304633
          ]
        ]
      },
      "id": "way/53056351"
    },
    {
      "type": "Feature",
      "properties": {
        "@id": "way/53056361",
        "waterway": "drain"
      },
      "geometry": {
        "type": "LineString",
        "coordinates": [
          [
            121.0936734,
            14.6356463
          ],
          [
            121.0931524,
            14.6355453
          ]
        ]
      },
      "id": "way/53056361"
    },
    {
      "type": "Feature",
      "properties": {
        "@id": "way/54030438",
        "layer": "-1",
        "name": "Tañong Creek",
        "name:en": "Tañong Creek",
        "tunnel": "culvert",
        "waterway": "stream"
      },
      "geometry": {
        "type": "LineString",
        "coordinates": [
          [
            121.0815125,
            14.6331763
          ],
          [
            121.0815643,
            14.6331071
          ],
          [
            121.081623,
            14.6330624
          ],
          [
            121.0817423,
            14.6329878
          ],
          [
            121.0821415,
            14.6327708
          ]
        ]
      },
      "id": "way/54030438"
    },
    {
      "type": "Feature",
      "properties": {
        "@id": "way/54032309",
        "name": "Tañong Creek",
        "waterway": "stream"
      },
      "geometry": {
        "type": "LineString",
        "coordinates": [
          [
            121.0864891,
            14.6323765
          ],
          [
            121.0864824,
            14.6321495
          ],
          [
            121.0863661,
            14.6320761
          ],
          [
            121.0862262,
            14.6319561
          ],
          [
            121.0861646,
            14.6313849
          ],
          [
            121.0861207,
            14.6306438
          ],
          [
            121.0860639,
            14.6302245
          ],
          [
            121.0859934,
            14.6300659
          ],
          [
            121.0857742,
            14.6297401
          ],
          [
            121.0856458,
            14.6295659
          ]
        ]
      },
      "id": "way/54032309"
    },
    {
      "type": "Feature",
      "properties": {
        "@id": "way/54032381",
        "fixme": "verify if waterway is existing",
        "layer": "-1",
        "waterway": "stream"
      },
      "geometry": {
        "type": "LineString",
        "coordinates": [
          [
            121.0891483,
            14.6350065
          ],
          [
            121.0891752,
            14.6351234
          ],
          [
            121.0892262,
            14.6352553
          ],
          [
            121.0892319,
            14.6353478
          ],
          [
            121.0892224,
            14.6353901
          ],
          [
            121.0892015,
            14.6355579
          ],
          [
            121.0891843,
            14.6356718
          ],
          [
            121.0891812,
            14.6358367
          ],
          [
            121.0891932,
            14.6358996
          ],
          [
            121.0892142,
            14.6359446
          ],
          [
            121.0892351,
            14.6360884
          ]
        ]
      },
      "id": "way/54032381"
    },
    {
      "type": "Feature",
      "properties": {
        "@id": "way/54034122",
        "boat": "yes",
        "layer": "-1",
        "name": "Marikina River",
        "name:tl": "Ilog Marikina",
        "waterway": "river",
        "wikidata": "Q3551251"
      },
      "geometry": {
        "type": "LineString",
        "coordinates": [
          [
            121.0971918,
            14.6629036
          ],
          [
            121.09689,
            14.6626171
          ],
          [
            121.0967957,
            14.6624945
          ],
          [
            121.0966498,
            14.662317
          ],
          [
            121.0964444,
            14.6620648
          ],
          [
            121.0962982,
            14.6618339
          ],
          [
            121.0962313,
            14.6616572
          ],
          [
            121.0962122,
            14.6615013
          ],
          [
            121.0961316,
            14.6612537
          ],
          [
            121.0960087,
            14.660955
          ]
        ]
      },
      "id": "way/54034122"
    },
    {
      "type": "Feature",
      "properties": {
        "@id": "way/55350578",
        "boat": "no",
        "name": "Duyan-duyan Creek",
        "name:en": "Duyan-duyan Creek",
        "waterway": "river"
      },
      "geometry": {
        "type": "LineString",
        "coordinates": [
          [
            121.0636691,
            14.6326766
          ],
          [
            121.0635805,
            14.632571
          ],
          [
            121.0635927,
            14.6324675
          ],
          [
            121.0636827,
            14.6323051
          ],
          [
            121.0637629,
            14.632098
          ],
          [
            121.0637654,
            14.6319685
          ],
          [
            121.0637451,
            14.6318367
          ],
          [
            121.0636939,
            14.6317236
          ],
          [
            121.063667,
            14.6316493
          ],
          [
            121.0636657,
            14.6315718
          ],
          [
            121.0636792,
            14.6314966
          ],
          [
            121.0636802,
            14.631399
          ],
          [
            121.0636637,
            14.6313499
          ],
          [
            121.0636403,
            14.631298
          ],
          [
            121.0635914,
            14.6311951
          ],
          [
            121.0634905,
            14.6310507
          ],
          [
            121.0631949,
            14.6308079
          ],
          [
            121.0631394,
            14.6307186
          ],
          [
            121.0630466,
            14.6305924
          ],
          [
            121.0629014,
            14.6303973
          ],
          [
            121.0628444,
            14.6302682
          ],
          [
            121.0627715,
            14.6300258
          ],
          [
            121.0626523,
            14.6297998
          ],
          [
            121.0625527,
            14.6296946
          ],
          [
            121.0622339,
            14.6293725
          ]
        ]
      },
      "id": "way/55350578"
    },
    {
      "type": "Feature",
      "properties": {
        "@id": "way/55350719",
        "boat": "no",
        "waterway": "stream"
      },
      "geometry": {
        "type": "LineString",
        "coordinates": [
          [
            121.0665642,
            14.6323604
          ],
          [
            121.0661586,
            14.6328746
          ],
          [
            121.0657911,
            14.6335179
          ]
        ]
      },
      "id": "way/55350719"
    },
    {
      "type": "Feature",
      "properties": {
        "@id": "way/75394181",
        "boat": "yes",
        "name": "Marikina River",
        "name:tl": "Ilog Marikina",
        "waterway": "river",
        "wikidata": "Q3551251"
      },
      "geometry": {
        "type": "LineString",
        "coordinates": [
          [
            121.0788997,
            14.6141584
          ],
          [
            121.079012,
            14.6138249
          ],
          [
            121.0799561,
            14.6124462
          ],
          [
            121.0810672,
            14.6115981
          ],
          [
            121.082733,
            14.6104304
          ]
        ]
      },
      "id": "way/75394181"
    },
    {
      "type": "Feature",
      "properties": {
        "@id": "way/75394183",
        "boat": "no",
        "name": "Pansipit Creek",
        "source": "Yahoo",
        "waterway": "drain"
      },
      "geometry": {
        "type": "LineString",
        "coordinates": [
          [
            121.0892533,
            14.6147259
          ],
          [
            121.0893023,
            14.6146581
          ],
          [
            121.0893537,
            14.6146061
          ],
          [
            121.0894167,
            14.6145903
          ],
          [
            121.0894728,
            14.6145564
          ],
          [
            121.0894961,
            14.6144367
          ],
          [
            121.0895078,
            14.6141678
          ],
          [
            121.0894564,
            14.6135035
          ],
          [
            121.0895171,
            14.6133205
          ],
          [
            121.0895778,
            14.6132301
          ],
          [
            121.0897506,
            14.61309
          ],
          [
            121.0897786,
            14.6130143
          ],
          [
            121.0897786,
            14.6129194
          ],
          [
            121.0897366,
            14.6128291
          ],
          [
            121.0894237,
            14.6123907
          ],
          [
            121.08891,
            14.6116315
          ],
          [
            121.0888364,
            14.6114756
          ],
          [
            121.088767,
            14.6113397
          ],
          [
            121.0886629,
            14.6111011
          ],
          [
            121.0886314,
            14.6110468
          ],
          [
            121.0885778,
            14.6110182
          ],
          [
            121.0885032,
            14.6109439
          ],
          [
            121.0884605,
            14.6108525
          ],
          [
            121.0884401,
            14.6107983
          ],
          [
            121.088457,
            14.6107277
          ],
          [
            121.0885355,
            14.6106283
          ],
          [
            121.0885925,
            14.6105667
          ],
          [
            121.0886354,
            14.6105547
          ],
          [
            121.088676,
            14.6105495
          ],
          [
            121.0889013,
            14.6103523
          ],
          [
            121.0895022,
            14.6099889
          ],
          [
            121.0899206,
            14.6097917
          ],
          [
            121.0908004,
            14.6091584
          ],
          [
            121.0909291,
            14.6090442
          ],
          [
            121.0910042,
            14.6088365
          ],
          [
            121.0911973,
            14.6085251
          ],
          [
            121.0912953,
            14.6084266
          ]
        ]
      },
      "id": "way/75394183"
    },
    {
      "type": "Feature",
      "properties": {
        "@id": "way/93177948",
        "waterway": "river"
      },
      "geometry": {
        "type": "LineString",
        "coordinates": [
          [
            121.1261006,
            14.6349111
          ],
          [
            121.1260253,
            14.6350599
          ],
          [
            121.1260095,
            14.6351161
          ],
          [
            121.1259972,
            14.6352093
          ],
          [
            121.125948,
            14.6353077
          ],
          [
            121.1258495,
            14.6354572
          ],
          [
            121.1258196,
            14.6354941
          ],
          [
            121.1257704,
            14.6355187
          ],
          [
            121.125672,
            14.6355486
          ],
          [
            121.1255788,
            14.6356523
          ],
          [
            121.1255102,
            14.6356787
          ],
          [
            121.1254417,
            14.635647
          ],
          [
            121.1253731,
            14.6355785
          ],
          [
            121.1252975,
            14.6355697
          ],
          [
            121.1252448,
            14.6356417
          ],
          [
            121.125192,
            14.6357841
          ],
          [
            121.1251639,
            14.6359459
          ],
          [
            121.1251705,
            14.6361277
          ]
        ]
      },
      "id": "way/93177948"
    },
    {
      "type": "Feature",
      "properties": {
        "@id": "way/94336441",
        "waterway": "river"
      },
      "geometry": {
        "type": "LineString",
        "coordinates": [
          [
            121.1238991,
            14.6518581
          ],
          [
            121.1238826,
            14.6518042
          ],
          [
            121.1236992,
            14.6514426
          ],
          [
            121.1236792,
            14.6513187
          ],
          [
            121.1235852,
            14.6512634
          ],
          [
            121.1234311,
            14.6512781
          ],
          [
            121.1233136,
            14.6512193
          ],
          [
            121.1231353,
            14.6508003
          ],
          [
            121.1226406,
            14.6498998
          ],
          [
            121.1225279,
            14.649714
          ],
          [
            121.1224202,
            14.6496105
          ]
        ]
      },
      "id": "way/94336441"
    },
    {
      "type": "Feature",
      "properties": {
        "@id": "way/94336443",
        "waterway": "drain"
      },
      "geometry": {
        "type": "LineString",
        "coordinates": [
          [
            121.1239939,
            14.648675
          ],
          [
            121.1239885,
            14.6487337
          ],
          [
            121.123947,
            14.6487793
          ],
          [
            121.1239039,
            14.6488209
          ],
          [
            121.1238312,
            14.6488271
          ],
          [
            121.1237537,
            14.6488238
          ],
          [
            121.1236736,
            14.6488295
          ],
          [
            121.1235936,
            14.6488302
          ],
          [
            121.123548,
            14.6488472
          ],
          [
            121.123494,
            14.6488615
          ],
          [
            121.1234503,
            14.6488845
          ],
          [
            121.1234085,
            14.6488886
          ],
          [
            121.1233736,
            14.6488504
          ],
          [
            121.1233308,
            14.6488402
          ],
          [
            121.1233018,
            14.6488409
          ],
          [
            121.1232166,
            14.6488878
          ],
          [
            121.1231748,
            14.6489316
          ],
          [
            121.1231393,
            14.6490088
          ],
          [
            121.1230767,
            14.6490837
          ],
          [
            121.1229962,
            14.6491641
          ],
          [
            121.1229056,
            14.6492571
          ],
          [
            121.1228581,
            14.6493276
          ],
          [
            121.1227401,
            14.6495197
          ],
          [
            121.1227186,
            14.6495755
          ],
          [
            121.1226569,
            14.6496131
          ],
          [
            121.1225791,
            14.6496222
          ],
          [
            121.1224893,
            14.6496209
          ],
          [
            121.1224202,
            14.6496105
          ],
          [
            121.1223659,
            14.6496098
          ],
          [
            121.1223002,
            14.6496053
          ],
          [
            121.1222452,
            14.6495826
          ],
          [
            121.1222103,
            14.6495638
          ],
          [
            121.1221614,
            14.6495339
          ],
          [
            121.1221151,
            14.6495099
          ],
          [
            121.1220682,
            14.6494807
          ],
          [
            121.1220018,
            14.649458
          ],
          [
            121.1219414,
            14.6494035
          ],
          [
            121.1219455,
            14.6493322
          ],
          [
            121.1219575,
            14.6492472
          ],
          [
            121.1219421,
            14.6491427
          ],
          [
            121.1219274,
            14.6490759
          ],
          [
            121.1218824,
            14.6490286
          ],
          [
            121.1218026,
            14.6490033
          ],
          [
            121.1216611,
            14.6490214
          ],
          [
            121.1216162,
            14.649024
          ],
          [
            121.1215854,
            14.6489715
          ],
          [
            121.1215525,
            14.6488722
          ],
          [
            121.1215054,
            14.6488085
          ],
          [
            121.1214573,
            14.6487515
          ],
          [
            121.1214224,
            14.6486351
          ],
          [
            121.121401,
            14.6483571
          ],
          [
            121.1213862,
            14.6482779
          ],
          [
            121.121344,
            14.6481554
          ],
          [
            121.1212837,
            14.6480268
          ]
        ]
      },
      "id": "way/94336443"
    },
    {
      "type": "Feature",
      "properties": {
        "@id": "way/94337524",
        "name": "Quiling Malaki Creek",
        "waterway": "stream"
      },
      "geometry": {
        "type": "LineString",
        "coordinates": [
          [
            121.1342768,
            14.6319993
          ],
          [
            121.1342627,
            14.6319394
          ],
          [
            121.1342472,
            14.631896
          ],
          [
            121.1342022,
            14.6318564
          ],
          [
            121.1341526,
            14.6318367
          ],
          [
            121.1340683,
            14.6317984
          ],
          [
            121.1339905,
            14.6317875
          ],
          [
            121.1339051,
            14.6317296
          ],
          [
            121.1338559,
            14.6317181
          ],
          [
            121.1338371,
            14.6317267
          ],
          [
            121.1338197,
            14.6317586
          ],
          [
            121.1337647,
            14.6317803
          ],
          [
            121.1336373,
            14.6318223
          ],
          [
            121.1335765,
            14.6318411
          ],
          [
            121.1334694,
            14.6318657
          ],
          [
            121.1334202,
            14.6318831
          ],
          [
            121.1333681,
            14.6318816
          ],
          [
            121.133329,
            14.6318367
          ],
          [
            121.1333233,
            14.6317745
          ],
          [
            121.1333044,
            14.6317485
          ],
          [
            121.1332321,
            14.6317325
          ],
          [
            121.1331467,
            14.6317108
          ],
          [
            121.1330555,
            14.6316848
          ],
          [
            121.1330135,
            14.6316428
          ],
          [
            121.1329527,
            14.6316196
          ],
          [
            121.132905,
            14.6316254
          ],
          [
            121.1328239,
            14.6317311
          ],
          [
            121.1327356,
            14.6317933
          ],
          [
            121.1325735,
            14.6318831
          ],
          [
            121.1324505,
            14.631925
          ],
          [
            121.1323579,
            14.6319453
          ],
          [
            121.1322638,
            14.6319858
          ],
          [
            121.1322435,
            14.6320177
          ],
          [
            121.1322363,
            14.6320741
          ],
          [
            121.1322435,
            14.6321161
          ],
          [
            121.1322319,
            14.6322507
          ],
          [
            121.1322609,
            14.6323361
          ],
          [
            121.1322348,
            14.6324403
          ],
          [
            121.1322189,
            14.6324924
          ],
          [
            121.1322551,
            14.6325445
          ],
          [
            121.1323173,
            14.6325821
          ],
          [
            121.1323665,
            14.6326313
          ],
          [
            121.1323622,
            14.6326936
          ],
          [
            121.1323159,
            14.6327225
          ],
          [
            121.1322406,
            14.6327399
          ],
          [
            121.1321885,
            14.6327645
          ],
          [
            121.1321523,
            14.6327862
          ],
          [
            121.1320858,
            14.6328702
          ],
          [
            121.1320727,
            14.6329353
          ],
          [
            121.1321089,
            14.6329802
          ],
          [
            121.1321234,
            14.6330178
          ],
          [
            121.1321075,
            14.6330467
          ],
          [
            121.1320567,
            14.6330939
          ],
          [
            121.1320151,
            14.6331108
          ],
          [
            121.13194,
            14.6331445
          ],
          [
            121.1317804,
            14.6331614
          ],
          [
            121.1316776,
            14.6331857
          ],
          [
            121.1315054,
            14.6332653
          ],
          [
            121.1313939,
            14.6333174
          ],
          [
            121.1312738,
            14.633342
          ],
          [
            121.1311233,
            14.6332841
          ],
          [
            121.1311044,
            14.633232
          ],
          [
            121.1311305,
            14.6331408
          ],
          [
            121.1311115,
            14.6330793
          ],
          [
            121.1310735,
            14.633002
          ],
          [
            121.1310158,
            14.6329397
          ],
          [
            121.1309686,
            14.6329203
          ],
          [
            121.1308993,
            14.6329255
          ],
          [
            121.1308121,
            14.6328731
          ],
          [
            121.1307252,
            14.6328571
          ],
          [
            121.1306283,
            14.6328296
          ],
          [
            121.130553,
            14.632821
          ],
          [
            121.1304763,
            14.6328296
          ],
          [
            121.1304112,
            14.6327645
          ],
          [
            121.1302018,
            14.6326485
          ],
          [
            121.1299077,
            14.632568
          ],
          [
            121.1297889,
            14.6326553
          ],
          [
            121.1296179,
            14.6328097
          ],
          [
            121.1294858,
            14.6326884
          ],
          [
            121.1294811,
            14.6325924
          ],
          [
            121.1295174,
            14.6325379
          ],
          [
            121.1295315,
            14.6324932
          ],
          [
            121.1294469,
            14.6323828
          ],
          [
            121.1293011,
            14.632327
          ],
          [
            121.1291821,
            14.6323556
          ],
          [
            121.1291189,
            14.6323389
          ],
          [
            121.1290895,
            14.6322446
          ],
          [
            121.1290962,
            14.6321869
          ],
          [
            121.129084,
            14.632135
          ],
          [
            121.1290147,
            14.6320989
          ],
          [
            121.1289242,
            14.6321145
          ],
          [
            121.1288788,
            14.632171
          ],
          [
            121.1288636,
            14.6322775
          ],
          [
            121.1288508,
            14.6324159
          ],
          [
            121.1288542,
            14.6325476
          ],
          [
            121.1288575,
            14.6326212
          ],
          [
            121.1288149,
            14.6326729
          ],
          [
            121.1287632,
            14.632682
          ],
          [
            121.1284773,
            14.6326911
          ],
          [
            121.1283587,
            14.6326638
          ],
          [
            121.1282996,
            14.6325996
          ],
          [
            121.1282637,
            14.6325606
          ],
          [
            121.1281488,
            14.6325208
          ],
          [
            121.1279541,
            14.6325573
          ],
          [
            121.1275253,
            14.6327155
          ],
          [
            121.1273762,
            14.6328025
          ],
          [
            121.1273477,
            14.6328293
          ],
          [
            121.127358,
            14.6328888
          ],
          [
            121.127358,
            14.6329436
          ],
          [
            121.1273367,
            14.6330074
          ],
          [
            121.127285,
            14.6330652
          ],
          [
            121.1271816,
            14.6331443
          ],
          [
            121.1270809,
            14.6332251
          ],
          [
            121.1270261,
            14.6333015
          ],
          [
            121.1268744,
            14.6335032
          ],
          [
            121.1267981,
            14.6336128
          ],
          [
            121.1266525,
            14.6337961
          ],
          [
            121.1265031,
            14.6339527
          ],
          [
            121.1263452,
            14.6340902
          ],
          [
            121.1262691,
            14.6341754
          ],
          [
            121.1262201,
            14.6342714
          ],
          [
            121.1262088,
            14.634424
          ],
          [
            121.1261997,
            14.6345613
          ],
          [
            121.1261695,
            14.6346661
          ]
        ]
      },
      "id": "way/94337524"
    },
    {
      "type": "Feature",
      "properties": {
        "@id": "way/94337527",
        "waterway": "drain"
      },
      "geometry": {
        "type": "LineString",
        "coordinates": [
          [
            121.1068503,
            14.6547697
          ],
          [
            121.1062675,
            14.6544862
          ],
          [
            121.106049,
            14.6543241
          ],
          [
            121.1059039,
            14.6541546
          ],
          [
            121.1056904,
            14.6539052
          ],
          [
            121.1054947,
            14.6536302
          ],
          [
            121.1054379,
            14.653535
          ],
          [
            121.1054657,
            14.6534687
          ],
          [
            121.105502,
            14.6534417
          ],
          [
            121.1066205,
            14.6530565
          ],
          [
            121.1066268,
            14.6529833
          ],
          [
            121.1068011,
            14.6528698
          ],
          [
            121.1068598,
            14.6528436
          ],
          [
            121.1069323,
            14.6527926
          ],
          [
            121.106975,
            14.6527183
          ]
        ]
      },
      "id": "way/94337527"
    },
    {
      "type": "Feature",
      "properties": {
        "@id": "way/94337528",
        "layer": "-1",
        "tunnel": "culvert",
        "waterway": "drain"
      },
      "geometry": {
        "type": "LineString",
        "coordinates": [
          [
            121.1048868,
            14.6573799
          ],
          [
            121.1048857,
            14.6572351
          ],
          [
            121.1048862,
            14.6570808
          ],
          [
            121.1049358,
            14.6569154
          ],
          [
            121.1050447,
            14.6567488
          ],
          [
            121.1051209,
            14.6566345
          ],
          [
            121.1052734,
            14.6563889
          ],
          [
            121.1052734,
            14.6563592
          ],
          [
            121.1052409,
            14.6561672
          ],
          [
            121.105135,
            14.655762
          ],
          [
            121.1050771,
            14.6555714
          ],
          [
            121.1050503,
            14.6555107
          ],
          [
            121.1050546,
            14.6554232
          ],
          [
            121.1050786,
            14.6553117
          ],
          [
            121.1051237,
            14.6552002
          ],
          [
            121.1051534,
            14.6551606
          ],
          [
            121.1052847,
            14.655107
          ],
          [
            121.1052729,
            14.6549721
          ],
          [
            121.1052317,
            14.6548171
          ],
          [
            121.1052493,
            14.6547681
          ],
          [
            121.1059039,
            14.6541546
          ]
        ]
      },
      "id": "way/94337528"
    },
    {
      "type": "Feature",
      "properties": {
        "@id": "way/98681202",
        "waterway": "drain"
      },
      "geometry": {
        "type": "LineString",
        "coordinates": [
          [
            121.1212705,
            14.6634165
          ],
          [
            121.1212569,
            14.6634587
          ],
          [
            121.121229,
            14.6638204
          ],
          [
            121.1211032,
            14.6652303
          ],
          [
            121.1210668,
            14.6657478
          ],
          [
            121.1211364,
            14.6658755
          ],
          [
            121.1212363,
            14.6659917
          ],
          [
            121.121378,
            14.6661287
          ],
          [
            121.1214616,
            14.6662216
          ],
          [
            121.1214675,
            14.666691
          ],
          [
            121.1214649,
            14.6667607
          ]
        ]
      },
      "id": "way/98681202"
    },
    {
      "type": "Feature",
      "properties": {
        "@id": "way/98682172",
        "waterway": "river"
      },
      "geometry": {
        "type": "LineString",
        "coordinates": [
          [
            121.1571533,
            14.6538761
          ],
          [
            121.1565735,
            14.6535539
          ],
          [
            121.1562751,
            14.6533912
          ],
          [
            121.155953,
            14.6532149
          ],
          [
            121.1557631,
            14.6531098
          ],
          [
            121.1556648,
            14.6530182
          ],
          [
            121.1555631,
            14.6527707
          ],
          [
            121.1554512,
            14.6525232
          ],
          [
            121.1553088,
            14.6524384
          ],
          [
            121.1551833,
            14.6524248
          ],
          [
            121.1549256,
            14.652435
          ],
          [
            121.1547358,
            14.6523875
          ],
          [
            121.154556,
            14.6523028
          ],
          [
            121.1544509,
            14.6522282
          ],
          [
            121.1544272,
            14.6521231
          ],
          [
            121.1543594,
            14.6518044
          ],
          [
            121.1543594,
            14.6516653
          ],
          [
            121.1543119,
            14.6514992
          ],
          [
            121.1542373,
            14.6513636
          ],
          [
            121.1541763,
            14.6511839
          ],
          [
            121.1541288,
            14.6510787
          ],
          [
            121.153922,
            14.6510143
          ],
          [
            121.1538169,
            14.6509804
          ],
          [
            121.1536338,
            14.6507668
          ],
          [
            121.1534778,
            14.6504108
          ],
          [
            121.1532405,
            14.650187
          ],
          [
            121.153054,
            14.6499869
          ],
          [
            121.1529455,
            14.649753
          ],
          [
            121.1526369,
            14.6493902
          ],
          [
            121.1524708,
            14.6491257
          ],
          [
            121.1523758,
            14.6488816
          ],
          [
            121.152186,
            14.6486748
          ],
          [
            121.1520063,
            14.6485459
          ],
          [
            121.151891,
            14.6484984
          ],
          [
            121.1516231,
            14.6484069
          ],
          [
            121.1514773,
            14.6482543
          ],
          [
            121.1512739,
            14.648061
          ],
          [
            121.1510704,
            14.6477661
          ],
          [
            121.1508297,
            14.6474033
          ],
          [
            121.1506669,
            14.6473287
          ],
          [
            121.1502295,
            14.6472676
          ],
          [
            121.14986,
            14.6472676
          ],
          [
            121.1494768,
            14.6473083
          ],
          [
            121.149192,
            14.6473185
          ],
          [
            121.1489682,
            14.6473287
          ],
          [
            121.1488597,
            14.6474304
          ],
          [
            121.1487949,
            14.6475177
          ],
          [
            121.1487037,
            14.6476406
          ],
          [
            121.1485681,
            14.6477457
          ],
          [
            121.1484189,
            14.6477796
          ],
          [
            121.148246,
            14.6477864
          ],
          [
            121.1481273,
            14.6477559
          ],
          [
            121.1480595,
            14.6476813
          ],
          [
            121.1481104,
            14.6475592
          ],
          [
            121.1480866,
            14.6473185
          ],
          [
            121.1479883,
            14.6471049
          ],
          [
            121.1478466,
            14.6469139
          ],
          [
            121.1477495,
            14.6467281
          ],
          [
            121.147595,
            14.646559
          ],
          [
            121.1475102,
            14.6464166
          ],
          [
            121.1474625,
            14.6462659
          ],
          [
            121.1473441,
            14.6462911
          ],
          [
            121.1471101,
            14.6462877
          ],
          [
            121.1469541,
            14.6463521
          ],
          [
            121.1467575,
            14.6465488
          ],
          [
            121.1464693,
            14.6467149
          ],
          [
            121.1462353,
            14.646759
          ],
          [
            121.1460929,
            14.6467556
          ],
          [
            121.1458624,
            14.6467251
          ],
          [
            121.1456453,
            14.6466098
          ],
          [
            121.1455606,
            14.646542
          ],
          [
            121.1453029,
            14.6463013
          ],
          [
            121.1450384,
            14.6460809
          ],
          [
            121.1448668,
            14.6460375
          ],
          [
            121.1448329,
            14.6459665
          ],
          [
            121.1448057,
            14.6458789
          ],
          [
            121.1448359,
            14.6457703
          ],
          [
            121.1448661,
            14.6456872
          ],
          [
            121.1448845,
            14.645584
          ],
          [
            121.144893,
            14.6454228
          ],
          [
            121.1449203,
            14.6453976
          ],
          [
            121.1449206,
            14.6453625
          ],
          [
            121.1449128,
            14.6453279
          ],
          [
            121.1448967,
            14.6453055
          ],
          [
            121.1448731,
            14.6452764
          ],
          [
            121.144843,
            14.6452269
          ],
          [
            121.1448115,
            14.6451407
          ],
          [
            121.144776,
            14.6450604
          ],
          [
            121.1446775,
            14.6447889
          ],
          [
            121.1446432,
            14.6447312
          ],
          [
            121.1446474,
            14.6446522
          ],
          [
            121.1445672,
            14.6446182
          ],
          [
            121.1444986,
            14.6445773
          ],
          [
            121.1444752,
            14.6445494
          ],
          [
            121.1444276,
            14.6445001
          ],
          [
            121.1444185,
            14.6443791
          ],
          [
            121.1443197,
            14.644322
          ],
          [
            121.1443197,
            14.6442849
          ],
          [
            121.1443133,
            14.6442505
          ],
          [
            121.1443818,
            14.6442242
          ],
          [
            121.1443516,
            14.6441395
          ],
          [
            121.1443063,
            14.6440985
          ],
          [
            121.1442996,
            14.6440636
          ],
          [
            121.1442504,
            14.6440644
          ],
          [
            121.1441955,
            14.6440696
          ],
          [
            121.1441552,
            14.6440426
          ],
          [
            121.1440761,
            14.6440401
          ],
          [
            121.1440242,
            14.6439842
          ]
        ]
      },
      "id": "way/98682172"
    },
    {
      "type": "Feature",
      "properties": {
        "@id": "way/98694856",
        "waterway": "stream"
      },
      "geometry": {
        "type": "LineString",
        "coordinates": [
          [
            121.1510751,
            14.6500219
          ],
          [
            121.1509898,
            14.6498939
          ],
          [
            121.1509257,
            14.649716
          ],
          [
            121.1509115,
            14.6495346
          ],
          [
            121.1509151,
            14.6492037
          ],
          [
            121.1509115,
            14.6490116
          ],
          [
            121.1508866,
            14.6488551
          ],
          [
            121.1507763,
            14.6487733
          ],
          [
            121.1505878,
            14.6487057
          ],
          [
            121.1503032,
            14.6485847
          ],
          [
            121.1501111,
            14.6484673
          ],
          [
            121.1497802,
            14.6482539
          ],
          [
            121.1495312,
            14.6480724
          ],
          [
            121.1494458,
            14.6479764
          ],
          [
            121.1490972,
            14.6478199
          ],
          [
            121.1489869,
            14.6477807
          ],
          [
            121.1487949,
            14.6475177
          ]
        ]
      },
      "id": "way/98694856"
    },
    {
      "type": "Feature",
      "properties": {
        "@id": "way/98694887",
        "waterway": "stream"
      },
      "geometry": {
        "type": "LineString",
        "coordinates": [
          [
            121.1490474,
            14.650367
          ],
          [
            121.148809,
            14.6500184
          ],
          [
            121.1486383,
            14.6497658
          ],
          [
            121.1485813,
            14.6495381
          ],
          [
            121.1485387,
            14.6493567
          ],
          [
            121.1484319,
            14.6491681
          ],
          [
            121.1483786,
            14.6489547
          ],
          [
            121.148375,
            14.648759
          ],
          [
            121.1483715,
            14.6484744
          ],
          [
            121.148311,
            14.6481507
          ],
          [
            121.148246,
            14.6477864
          ]
        ]
      },
      "id": "way/98694887"
    },
    {
      "type": "Feature",
      "properties": {
        "@id": "way/98695566",
        "layer": "-1",
        "tunnel": "culvert",
        "waterway": "stream"
      },
      "geometry": {
        "type": "LineString",
        "coordinates": [
          [
            121.1255074,
            14.6820395
          ],
          [
            121.1259759,
            14.6826481
          ],
          [
            121.1260649,
            14.6828318
          ],
          [
            121.1260145,
            14.6828635
          ]
        ]
      },
      "id": "way/98695566"
    },
    {
      "type": "Feature",
      "properties": {
        "@id": "way/99136011",
        "waterway": "river"
      },
      "geometry": {
        "type": "LineString",
        "coordinates": [
          [
            121.1674166,
            14.6231789
          ],
          [
            121.1672988,
            14.6231802
          ],
          [
            121.1671378,
            14.6231685
          ],
          [
            121.1669856,
            14.6231187
          ],
          [
            121.1666723,
            14.6230075
          ],
          [
            121.1665054,
            14.6230016
          ],
          [
            121.1663561,
            14.6230543
          ],
          [
            121.1662302,
            14.6231597
          ],
          [
            121.1661277,
            14.6233734
          ],
          [
            121.1661043,
            14.6236164
          ],
          [
            121.1661043,
            14.6238331
          ],
          [
            121.1660048,
            14.6239502
          ],
          [
            121.1658965,
            14.6240058
          ],
          [
            121.1655627,
            14.6241375
          ],
          [
            121.1653841,
            14.6242254
          ],
          [
            121.1652114,
            14.6243161
          ],
          [
            121.1651587,
            14.6244186
          ],
          [
            121.1651762,
            14.6246323
          ],
          [
            121.165106,
            14.6247407
          ],
          [
            121.1649362,
            14.6248109
          ],
          [
            121.1643214,
            14.6249163
          ],
          [
            121.1640081,
            14.6249836
          ],
          [
            121.1636333,
            14.6250451
          ],
          [
            121.1633113,
            14.6251769
          ],
          [
            121.1630507,
            14.6252823
          ],
          [
            121.162676,
            14.625414
          ],
          [
            121.1623715,
            14.6254462
          ],
          [
            121.1621461,
            14.625455
          ],
          [
            121.1619207,
            14.6254316
          ],
          [
            121.1617567,
            14.6253701
          ],
          [
            121.1615986,
            14.6252881
          ],
          [
            121.1614464,
            14.6250363
          ],
          [
            121.1614112,
            14.6247992
          ],
          [
            121.1612531,
            14.6245094
          ],
          [
            121.1609633,
            14.624363
          ],
          [
            121.1608081,
            14.6243483
          ],
          [
            121.1603836,
            14.6244801
          ],
          [
            121.1601377,
            14.6245211
          ],
          [
            121.1598361,
            14.6244801
          ],
          [
            121.1594526,
            14.6243776
          ],
          [
            121.1591276,
            14.6242107
          ],
          [
            121.158747,
            14.624079
          ],
          [
            121.1585099,
            14.6238945
          ],
          [
            121.1583137,
            14.6237189
          ],
          [
            121.1579771,
            14.6234296
          ],
          [
            121.1577748,
            14.6233586
          ],
          [
            121.1576287,
            14.6233923
          ],
          [
            121.1574645,
            14.6234922
          ],
          [
            121.1571483,
            14.6237449
          ],
          [
            121.1567382,
            14.6239226
          ],
          [
            121.1563603,
            14.6240702
          ],
          [
            121.156127,
            14.6240616
          ],
          [
            121.1558984,
            14.6240204
          ],
          [
            121.1556847,
            14.6240146
          ],
          [
            121.155398,
            14.6240934
          ],
          [
            121.1552632,
            14.6240073
          ],
          [
            121.154994,
            14.6240187
          ],
          [
            121.1549024,
            14.6239527
          ],
          [
            121.1547916,
            14.6239379
          ],
          [
            121.1546727,
            14.6240404
          ],
          [
            121.1544884,
            14.6242941
          ],
          [
            121.1542317,
            14.6243825
          ],
          [
            121.1539193,
            14.6244859
          ],
          [
            121.1537114,
            14.6246733
          ],
          [
            121.1535504,
            14.6247553
          ],
          [
            121.1533308,
            14.6248168
          ],
          [
            121.1530995,
            14.6247026
          ],
          [
            121.1528559,
            14.6247552
          ],
          [
            121.1525113,
            14.6247144
          ],
          [
            121.1523248,
            14.6247287
          ],
          [
            121.1520221,
            14.6247397
          ],
          [
            121.1517144,
            14.6246462
          ],
          [
            121.1513455,
            14.6245167
          ],
          [
            121.1509272,
            14.6245678
          ],
          [
            121.1506915,
            14.6245908
          ],
          [
            121.1504853,
            14.6245666
          ],
          [
            121.1501704,
            14.6246905
          ],
          [
            121.1499156,
            14.6247311
          ],
          [
            121.1496349,
            14.6246987
          ],
          [
            121.149326,
            14.624625
          ],
          [
            121.1490426,
            14.6246404
          ]
        ]
      },
      "id": "way/99136011"
    },
    {
      "type": "Feature",
      "properties": {
        "@id": "way/100228401",
        "source": "Bing",
        "waterway": "stream"
      },
      "geometry": {
        "type": "LineString",
        "coordinates": [
          [
            121.1487678,
            14.6827136
          ],
          [
            121.148746,
            14.6830129
          ],
          [
            121.1487088,
            14.683299
          ],
          [
            121.1487394,
            14.6835065
          ],
          [
            121.1487787,
            14.683666
          ],
          [
            121.1489557,
            14.6839369
          ],
          [
            121.148995,
            14.6840985
          ],
          [
            121.1490212,
            14.6842602
          ],
          [
            121.1489863,
            14.6846097
          ],
          [
            121.14903,
            14.6847167
          ],
          [
            121.1491304,
            14.6848609
          ],
          [
            121.1492331,
            14.6849788
          ],
          [
            121.1493751,
            14.685075
          ],
          [
            121.1494625,
            14.6851427
          ],
          [
            121.1495083,
            14.6853087
          ],
          [
            121.1495389,
            14.6854157
          ],
          [
            121.1495236,
            14.6855424
          ],
          [
            121.1494647,
            14.6856145
          ],
          [
            121.1494035,
            14.6857194
          ],
          [
            121.1493707,
            14.6858155
          ],
          [
            121.1493685,
            14.6860711
          ],
          [
            121.1494013,
            14.6861868
          ],
          [
            121.1494537,
            14.6862524
          ],
          [
            121.1495979,
            14.6865232
          ],
          [
            121.149635,
            14.6866849
          ],
          [
            121.1496525,
            14.6868662
          ],
          [
            121.1496263,
            14.6870169
          ],
          [
            121.1495411,
            14.6871109
          ],
          [
            121.1494581,
            14.6872266
          ],
          [
            121.1493401,
            14.6873621
          ],
          [
            121.1492921,
            14.6874713
          ],
          [
            121.1492855,
            14.6875412
          ],
          [
            121.1492834,
            14.6877028
          ],
          [
            121.1493118,
            14.6877858
          ],
          [
            121.1493642,
            14.6878951
          ],
          [
            121.1494035,
            14.6880371
          ]
        ]
      },
      "id": "way/100228401"
    },
    {
      "type": "Feature",
      "properties": {
        "@id": "way/100228858",
        "waterway": "stream"
      },
      "geometry": {
        "type": "LineString",
        "coordinates": [
          [
            121.1198078,
            14.6751555
          ],
          [
            121.1197436,
            14.6752865
          ],
          [
            121.1197385,
            14.6753862
          ],
          [
            121.119713,
            14.6754571
          ],
          [
            121.1196821,
            14.6755353
          ],
          [
            121.1196714,
            14.6756476
          ],
          [
            121.1196393,
            14.6757626
          ],
          [
            121.1195965,
            14.6758161
          ],
          [
            121.1195671,
            14.6758642
          ],
          [
            121.1195698,
            14.6759472
          ],
          [
            121.1195698,
            14.676014
          ],
          [
            121.1195979,
            14.6761137
          ],
          [
            121.1197335,
            14.6762795
          ]
        ]
      },
      "id": "way/100228858"
    },
    {
      "type": "Feature",
      "properties": {
        "@id": "way/102252606",
        "waterway": "stream"
      },
      "geometry": {
        "type": "LineString",
        "coordinates": [
          [
            121.1434376,
            14.6721994
          ],
          [
            121.143462,
            14.6720872
          ],
          [
            121.1434693,
            14.6719872
          ],
          [
            121.1434693,
            14.6718726
          ],
          [
            121.1434547,
            14.6717921
          ],
          [
            121.1434571,
            14.6717311
          ],
          [
            121.1435035,
            14.6716726
          ]
        ]
      },
      "id": "way/102252606"
    },
    {
      "type": "Feature",
      "properties": {
        "@id": "way/102252610",
        "waterway": "stream"
      },
      "geometry": {
        "type": "LineString",
        "coordinates": [
          [
            121.152606,
            14.673697
          ],
          [
            121.1524613,
            14.6737196
          ],
          [
            121.152276,
            14.673715
          ],
          [
            121.1521494,
            14.6736066
          ],
          [
            121.1520364,
            14.6734529
          ],
          [
            121.1518782,
            14.6733941
          ],
          [
            121.1517291,
            14.6734032
          ],
          [
            121.151598,
            14.6734032
          ],
          [
            121.1514488,
            14.673367
          ],
          [
            121.1513358,
            14.6733082
          ],
          [
            121.1512183,
            14.6731952
          ],
          [
            121.1511731,
            14.6730958
          ],
          [
            121.1511369,
            14.6728834
          ],
          [
            121.1511279,
            14.672689
          ],
          [
            121.1512002,
            14.6724675
          ],
          [
            121.1512725,
            14.672237
          ],
          [
            121.1513539,
            14.6718844
          ],
          [
            121.1514398,
            14.6716855
          ],
          [
            121.1514353,
            14.6714776
          ],
          [
            121.1514036,
            14.6713149
          ],
          [
            121.1512906,
            14.6711522
          ],
          [
            121.1511821,
            14.6710844
          ],
          [
            121.1510465,
            14.6709804
          ],
          [
            121.1510149,
            14.6707137
          ],
          [
            121.1506849,
            14.6703793
          ],
          [
            121.1504002,
            14.6699725
          ],
          [
            121.1502917,
            14.6698097
          ],
          [
            121.1501832,
            14.669638
          ],
          [
            121.1500747,
            14.6694527
          ],
          [
            121.1499798,
            14.6693261
          ],
          [
            121.149799,
            14.6692402
          ],
          [
            121.1496499,
            14.6692357
          ],
          [
            121.1494329,
            14.669186
          ],
          [
            121.1492295,
            14.6691317
          ],
          [
            121.1491263,
            14.6690557
          ],
          [
            121.1490577,
            14.6690052
          ],
          [
            121.1488724,
            14.6687068
          ],
          [
            121.1488453,
            14.6684718
          ],
          [
            121.1488425,
            14.6683863
          ],
          [
            121.1488408,
            14.6683362
          ],
          [
            121.1487233,
            14.6682142
          ],
          [
            121.1484023,
            14.6678932
          ],
          [
            121.1481854,
            14.6676672
          ],
          [
            121.1479865,
            14.667387
          ],
          [
            121.147869,
            14.6671926
          ],
          [
            121.1478391,
            14.667132
          ],
          [
            121.1477153,
            14.6668808
          ],
          [
            121.1475778,
            14.6664331
          ]
        ]
      },
      "id": "way/102252610"
    },
    {
      "type": "Feature",
      "properties": {
        "@id": "way/102252611",
        "waterway": "stream"
      },
      "geometry": {
        "type": "LineString",
        "coordinates": [
          [
            121.1435035,
            14.6716726
          ],
          [
            121.1435449,
            14.6715141
          ],
          [
            121.1435937,
            14.671358
          ],
          [
            121.1436157,
            14.6712848
          ],
          [
            121.1436231,
            14.6712632
          ],
          [
            121.1436571,
            14.6711629
          ],
          [
            121.1436913,
            14.6710799
          ],
          [
            121.1437547,
            14.6709653
          ],
          [
            121.1437742,
            14.6709092
          ],
          [
            121.1437547,
            14.6708604
          ],
          [
            121.1436717,
            14.6708019
          ]
        ]
      },
      "id": "way/102252611"
    },
    {
      "type": "Feature",
      "properties": {
        "@id": "way/102252641",
        "waterway": "stream"
      },
      "geometry": {
        "type": "LineString",
        "coordinates": [
          [
            121.1459583,
            14.6703097
          ],
          [
            121.1458055,
            14.67029
          ],
          [
            121.1456673,
            14.6703148
          ],
          [
            121.1455087,
            14.6703197
          ],
          [
            121.1454268,
            14.67029
          ],
          [
            121.145263,
            14.6702999
          ],
          [
            121.1450174,
            14.6702999
          ],
          [
            121.1449099,
            14.6703197
          ],
          [
            121.1447718,
            14.6702999
          ],
          [
            121.1446438,
            14.6703395
          ],
          [
            121.1445006,
            14.6703989
          ],
          [
            121.144434,
            14.6703148
          ],
          [
            121.1442805,
            14.6703593
          ],
          [
            121.1440937,
            14.6703776
          ],
          [
            121.1439986,
            14.6704215
          ],
          [
            121.1439156,
            14.6704068
          ],
          [
            121.1438181,
            14.6704239
          ],
          [
            121.143823,
            14.6704775
          ],
          [
            121.1438303,
            14.6705288
          ],
          [
            121.1438205,
            14.6705629
          ],
          [
            121.1437986,
            14.6706288
          ],
          [
            121.1437595,
            14.6706897
          ],
          [
            121.1437108,
            14.6707556
          ],
          [
            121.1436717,
            14.6708019
          ],
          [
            121.1435045,
            14.6707936
          ]
        ]
      },
      "id": "way/102252641"
    },
    {
      "type": "Feature",
      "properties": {
        "@id": "way/102259897",
        "layer": "-1",
        "name": "Taniman Creek",
        "tunnel": "culvert",
        "waterway": "river"
      },
      "geometry": {
        "type": "LineString",
        "coordinates": [
          [
            121.0967492,
            14.6757433
          ],
          [
            121.0970138,
            14.6755875
          ],
          [
            121.0975755,
            14.6752554
          ],
          [
            121.0980046,
            14.675045
          ],
          [
            121.0982021,
            14.6750316
          ],
          [
            121.098324,
            14.6750653
          ],
          [
            121.0983651,
            14.6753085
          ],
          [
            121.0984163,
            14.6755529
          ],
          [
            121.0985538,
            14.6756903
          ],
          [
            121.0987666,
            14.6755614
          ],
          [
            121.0989928,
            14.6753237
          ],
          [
            121.099135,
            14.6752189
          ],
          [
            121.0994676,
            14.6753908
          ],
          [
            121.0995286,
            14.6755544
          ],
          [
            121.0995781,
            14.6756404
          ],
          [
            121.0996215,
            14.675619
          ]
        ]
      },
      "id": "way/102259897"
    },
    {
      "type": "Feature",
      "properties": {
        "@id": "way/107509675",
        "name": "Pansol Creek",
        "waterway": "river"
      },
      "geometry": {
        "type": "LineString",
        "coordinates": [
          [
            121.0819048,
            14.6563898
          ],
          [
            121.0820148,
            14.6562678
          ],
          [
            121.0821397,
            14.6560478
          ],
          [
            121.0821338,
            14.6557326
          ],
          [
            121.0821903,
            14.6555363
          ]
        ]
      },
      "id": "way/107509675"
    },
    {
      "type": "Feature",
      "properties": {
        "@id": "way/107509677",
        "name": "Pansol Creek",
        "waterway": "river"
      },
      "geometry": {
        "type": "LineString",
        "coordinates": [
          [
            121.0821903,
            14.6555363
          ],
          [
            121.0824463,
            14.6552348
          ],
          [
            121.0825682,
            14.6545346
          ],
          [
            121.0826605,
            14.6544663
          ],
          [
            121.0827857,
            14.6544553
          ]
        ]
      },
      "id": "way/107509677"
    },
    {
      "type": "Feature",
      "properties": {
        "@id": "way/107509678",
        "name": "Katipunan Creek",
        "waterway": "river"
      },
      "geometry": {
        "type": "LineString",
        "coordinates": [
          [
            121.0868205,
            14.6493446
          ],
          [
            121.0867602,
            14.6490492
          ],
          [
            121.0868527,
            14.648993
          ],
          [
            121.0868125,
            14.648963
          ],
          [
            121.0870467,
            14.6488744
          ],
          [
            121.0872283,
            14.6488815
          ],
          [
            121.0875314,
            14.6486531
          ],
          [
            121.0875522,
            14.6483426
          ],
          [
            121.0875325,
            14.6480589
          ],
          [
            121.0876006,
            14.6479355
          ],
          [
            121.0876355,
            14.6474675
          ],
          [
            121.087754,
            14.6472876
          ],
          [
            121.0878944,
            14.6473139
          ],
          [
            121.0880349,
            14.6474675
          ],
          [
            121.0881226,
            14.6478405
          ],
          [
            121.0882938,
            14.64806
          ],
          [
            121.0883728,
            14.648354
          ],
          [
            121.0885351,
            14.6486129
          ],
          [
            121.0886386,
            14.6486952
          ],
          [
            121.0887963,
            14.6487953
          ],
          [
            121.0888752,
            14.6488525
          ],
          [
            121.0890488,
            14.6488934
          ],
          [
            121.0891835,
            14.6489012
          ]
        ]
      },
      "id": "way/107509678"
    },
    {
      "type": "Feature",
      "properties": {
        "@id": "way/124183557",
        "layer": "-1",
        "tunnel": "culvert",
        "waterway": "drain"
      },
      "geometry": {
        "type": "LineString",
        "coordinates": [
          [
            121.1165208,
            14.6801161
          ],
          [
            121.1162768,
            14.6801009
          ],
          [
            121.1161887,
            14.6799772
          ],
          [
            121.1160081,
            14.6798448
          ],
          [
            121.1158719,
            14.6797047
          ],
          [
            121.1155844,
            14.679389
          ],
          [
            121.1150048,
            14.6786125
          ],
          [
            121.1147547,
            14.6784435
          ],
          [
            121.114567,
            14.6783626
          ]
        ]
      },
      "id": "way/124183557"
    },
    {
      "type": "Feature",
      "properties": {
        "@id": "way/130995452",
        "boat": "yes",
        "name": "Marikina River",
        "name:tl": "Ilog Marikina",
        "waterway": "river",
        "wikidata": "Q3551251"
      },
      "geometry": {
        "type": "LineString",
        "coordinates": [
          [
            121.1115295,
            14.6930258
          ],
          [
            121.111245,
            14.6912424
          ],
          [
            121.1111656,
            14.6897751
          ],
          [
            121.1112444,
            14.6892163
          ],
          [
            121.1116315,
            14.687997
          ],
          [
            121.1121855,
            14.6852978
          ],
          [
            121.1121169,
            14.6846502
          ],
          [
            121.1119916,
            14.6844409
          ],
          [
            121.1116706,
            14.6834048
          ],
          [
            121.1101685,
            14.6808973
          ],
          [
            121.1088846,
            14.6787885
          ],
          [
            121.1085758,
            14.6782858
          ],
          [
            121.1079596,
            14.6772824
          ],
          [
            121.1066178,
            14.6757895
          ]
        ]
      },
      "id": "way/130995452"
    },
    {
      "type": "Feature",
      "properties": {
        "@id": "way/134097282",
        "admin_level": "10",
        "boat": "no",
        "boundary": "administrative",
        "waterway": "stream"
      },
      "geometry": {
        "type": "LineString",
        "coordinates": [
          [
            121.1188686,
            14.619426
          ],
          [
            121.118603,
            14.6194376
          ],
          [
            121.1185162,
            14.6194155
          ],
          [
            121.1184546,
            14.6193084
          ],
          [
            121.1183523,
            14.6189898
          ],
          [
            121.118346,
            14.6187561
          ],
          [
            121.1183593,
            14.618592
          ],
          [
            121.1183264,
            14.6183842
          ],
          [
            121.1183325,
            14.6182888
          ]
        ]
      },
      "id": "way/134097282"
    },
    {
      "type": "Feature",
      "properties": {
        "@id": "way/163764648",
        "waterway": "drain"
      },
      "geometry": {
        "type": "LineString",
        "coordinates": [
          [
            121.1169632,
            14.6504203
          ],
          [
            121.1165649,
            14.6505584
          ],
          [
            121.1154527,
            14.6509131
          ],
          [
            121.1144785,
            14.6512494
          ],
          [
            121.1136374,
            14.6516531
          ],
          [
            121.1133596,
            14.6519493
          ],
          [
            121.1130142,
            14.6521496
          ],
          [
            121.1126273,
            14.6523407
          ],
          [
            121.1122198,
            14.6523476
          ],
          [
            121.1118997,
            14.6523361
          ],
          [
            121.11178,
            14.6523753
          ],
          [
            121.111727,
            14.6524789
          ],
          [
            121.1116832,
            14.6526101
          ],
          [
            121.1116119,
            14.6526746
          ],
          [
            121.1114438,
            14.6527045
          ],
          [
            121.1111951,
            14.6527506
          ],
          [
            121.1108197,
            14.6526493
          ],
          [
            121.1104835,
            14.6525019
          ],
          [
            121.1102464,
            14.6522417
          ],
          [
            121.1099862,
            14.6517374
          ],
          [
            121.1098273,
            14.6514611
          ],
          [
            121.1094773,
            14.6514588
          ],
          [
            121.109236,
            14.6514291
          ],
          [
            121.1086313,
            14.6512716
          ],
          [
            121.1084653,
            14.6512638
          ],
          [
            121.1081788,
            14.6512707
          ],
          [
            121.1081113,
            14.6512596
          ]
        ]
      },
      "id": "way/163764648"
    },
    {
      "type": "Feature",
      "properties": {
        "@id": "way/165699897",
        "boat": "no",
        "layer": "-1",
        "tunnel": "yes",
        "waterway": "stream"
      },
      "geometry": {
        "type": "LineString",
        "coordinates": [
          [
            121.0710863,
            14.6653271
          ],
          [
            121.0709706,
            14.6653364
          ],
          [
            121.0708682,
            14.6653719
          ],
          [
            121.0706665,
            14.6655255
          ],
          [
            121.0704535,
            14.6656877
          ],
          [
            121.0703046,
            14.6656849
          ]
        ]
      },
      "id": "way/165699897"
    },
    {
      "type": "Feature",
      "properties": {
        "@id": "way/177272140",
        "boat": "no",
        "layer": "-1",
        "tunnel": "yes",
        "waterway": "drain"
      },
      "geometry": {
        "type": "LineString",
        "coordinates": [
          [
            121.0920284,
            14.6188177
          ],
          [
            121.0912427,
            14.6187663
          ],
          [
            121.0908976,
            14.6187935
          ],
          [
            121.090206,
            14.6189533
          ],
          [
            121.0894708,
            14.6193775
          ],
          [
            121.0889641,
            14.6198706
          ],
          [
            121.0886272,
            14.6202518
          ],
          [
            121.0858791,
            14.6230022
          ]
        ]
      },
      "id": "way/177272140"
    },
    {
      "type": "Feature",
      "properties": {
        "@id": "way/177272141",
        "boat": "no",
        "layer": "-1",
        "tunnel": "yes",
        "waterway": "drain"
      },
      "geometry": {
        "type": "LineString",
        "coordinates": [
          [
            121.0919679,
            14.6184361
          ],
          [
            121.0916685,
            14.6183969
          ],
          [
            121.0913643,
            14.6183855
          ],
          [
            121.0911013,
            14.6183849
          ],
          [
            121.0908402,
            14.6184201
          ],
          [
            121.090375,
            14.6185296
          ],
          [
            121.0901532,
            14.618601
          ],
          [
            121.0900303,
            14.6186419
          ],
          [
            121.0899954,
            14.6186517
          ],
          [
            121.0892166,
            14.6190195
          ],
          [
            121.0880411,
            14.6202282
          ],
          [
            121.0863824,
            14.6219542
          ],
          [
            121.0857384,
            14.6226244
          ],
          [
            121.0846582,
            14.623713
          ]
        ]
      },
      "id": "way/177272141"
    },
    {
      "type": "Feature",
      "properties": {
        "@id": "way/217508818",
        "admin_level": "10",
        "boundary": "administrative",
        "waterway": "river"
      },
      "geometry": {
        "type": "LineString",
        "coordinates": [
          [
            121.1232104,
            14.6323168
          ],
          [
            121.1231302,
            14.6324433
          ],
          [
            121.1230317,
            14.63252
          ],
          [
            121.1227194,
            14.6326876
          ],
          [
            121.1224545,
            14.6328209
          ],
          [
            121.1222709,
            14.6329832
          ],
          [
            121.1216757,
            14.6337385
          ],
          [
            121.1216033,
            14.6338171
          ],
          [
            121.1214794,
            14.6338504
          ],
          [
            121.1209446,
            14.6335027
          ],
          [
            121.1208086,
            14.6334668
          ],
          [
            121.120724,
            14.6334896
          ]
        ]
      },
      "id": "way/217508818"
    },
    {
      "type": "Feature",
      "properties": {
        "@id": "way/217508819",
        "waterway": "stream"
      },
      "geometry": {
        "type": "LineString",
        "coordinates": [
          [
            121.125274,
            14.6273831
          ],
          [
            121.125104,
            14.6275291
          ],
          [
            121.1250285,
            14.6275469
          ],
          [
            121.1249462,
            14.6275323
          ],
          [
            121.1249034,
            14.6275719
          ],
          [
            121.1248696,
            14.6276187
          ],
          [
            121.1248219,
            14.6276119
          ],
          [
            121.1247742,
            14.6275504
          ],
          [
            121.1246912,
            14.6275008
          ],
          [
            121.1246188,
            14.6275008
          ],
          [
            121.1245517,
            14.6275384
          ],
          [
            121.1245252,
            14.6276067
          ],
          [
            121.1245421,
            14.6277562
          ],
          [
            121.1246947,
            14.6279451
          ],
          [
            121.1246284,
            14.6280598
          ],
          [
            121.1244626,
            14.6280947
          ]
        ]
      },
      "id": "way/217508819"
    },
    {
      "type": "Feature",
      "properties": {
        "@id": "way/217508820",
        "waterway": "river"
      },
      "geometry": {
        "type": "LineString",
        "coordinates": [
          [
            121.120724,
            14.6334896
          ],
          [
            121.1206284,
            14.6334702
          ],
          [
            121.1205384,
            14.633448
          ],
          [
            121.1204677,
            14.6334104
          ],
          [
            121.1203777,
            14.6332788
          ],
          [
            121.1203317,
            14.633231
          ],
          [
            121.1202735,
            14.633243
          ],
          [
            121.1202258,
            14.6333011
          ],
          [
            121.1201145,
            14.6334019
          ],
          [
            121.1200633,
            14.6334309
          ],
          [
            121.1199944,
            14.6334514
          ],
          [
            121.1198244,
            14.6334414
          ],
          [
            121.1197748,
            14.6334631
          ],
          [
            121.1197206,
            14.6334816
          ],
          [
            121.1196548,
            14.6334877
          ],
          [
            121.1196365,
            14.6335282
          ],
          [
            121.1196086,
            14.6335586
          ],
          [
            121.1195646,
            14.633567
          ],
          [
            121.1195017,
            14.6335489
          ],
          [
            121.119463,
            14.6335205
          ],
          [
            121.1194452,
            14.6334651
          ],
          [
            121.1194116,
            14.6332276
          ],
          [
            121.1193798,
            14.6328636
          ],
          [
            121.1193834,
            14.6328038
          ],
          [
            121.1193957,
            14.6327286
          ],
          [
            121.1194311,
            14.6326551
          ],
          [
            121.1194593,
            14.6325987
          ],
          [
            121.1194134,
            14.6325407
          ],
          [
            121.1191593,
            14.6324101
          ],
          [
            121.1190742,
            14.632401
          ],
          [
            121.1189542,
            14.6324313
          ],
          [
            121.1188747,
            14.6324757
          ],
          [
            121.1188377,
            14.6324381
          ],
          [
            121.1187715,
            14.6322939
          ],
          [
            121.1187863,
            14.6321604
          ],
          [
            121.1187512,
            14.6321105
          ],
          [
            121.1186771,
            14.632104
          ],
          [
            121.118587,
            14.632117
          ],
          [
            121.1184462,
            14.6322097
          ],
          [
            121.1182725,
            14.6324313
          ],
          [
            121.118191,
            14.6325328
          ],
          [
            121.1181147,
            14.6325824
          ],
          [
            121.1180489,
            14.6326288
          ],
          [
            121.1179581,
            14.6326066
          ],
          [
            121.117864,
            14.6325159
          ],
          [
            121.1178665,
            14.6323004
          ],
          [
            121.1176354,
            14.6321873
          ],
          [
            121.1175886,
            14.6321604
          ],
          [
            121.1174972,
            14.6321357
          ],
          [
            121.117363,
            14.6321852
          ],
          [
            121.1173118,
            14.6321989
          ],
          [
            121.1172553,
            14.6321664
          ],
          [
            121.117257,
            14.6320485
          ],
          [
            121.1172729,
            14.6319545
          ],
          [
            121.1172323,
            14.6319272
          ],
          [
            121.1171246,
            14.6319426
          ],
          [
            121.1169534,
            14.6320057
          ],
          [
            121.116646,
            14.6322433
          ],
          [
            121.116533,
            14.632339
          ],
          [
            121.1165207,
            14.6326059
          ],
          [
            121.1164305,
            14.6329046
          ],
          [
            121.1163793,
            14.6329422
          ],
          [
            121.1163104,
            14.6329593
          ],
          [
            121.1162186,
            14.6329525
          ],
          [
            121.115655,
            14.6327462
          ]
        ]
      },
      "id": "way/217508820"
    },
    {
      "type": "Feature",
      "properties": {
        "@id": "way/225377538",
        "disputed:admin_level": "10",
        "disputed:boundary": "administrative",
        "disputed:note": "This boundary is claimed by Pasig as the boundary between Barangays Dela Paz and Manggahan",
        "name": "Hakbangan Creek",
        "waterway": "river"
      },
      "geometry": {
        "type": "LineString",
        "coordinates": [
          [
            121.1031284,
            14.6119393
          ],
          [
            121.1032662,
            14.6119208
          ],
          [
            121.1033864,
            14.611963
          ],
          [
            121.1038399,
            14.6121613
          ],
          [
            121.104173,
            14.6122901
          ],
          [
            121.1044454,
            14.6123926
          ],
          [
            121.1046066,
            14.6124252
          ],
          [
            121.1047835,
            14.6123722
          ],
          [
            121.1050802,
            14.6122194
          ],
          [
            121.1054161,
            14.6121254
          ],
          [
            121.1060184,
            14.6116861
          ],
          [
            121.1064079,
            14.6115973
          ],
          [
            121.1067652,
            14.6111546
          ],
          [
            121.1069048,
            14.6110807
          ],
          [
            121.107101,
            14.6109768
          ],
          [
            121.1076429,
            14.6108173
          ],
          [
            121.1076945,
            14.6107873
          ],
          [
            121.1077505,
            14.6107338
          ],
          [
            121.107812,
            14.6105164
          ],
          [
            121.1079067,
            14.6102991
          ],
          [
            121.1080097,
            14.610241
          ],
          [
            121.1080787,
            14.6097421
          ],
          [
            121.1079883,
            14.6095634
          ],
          [
            121.1079582,
            14.6093606
          ],
          [
            121.1080612,
            14.6091114
          ],
          [
            121.1081041,
            14.6086961
          ],
          [
            121.1082758,
            14.6084304
          ],
          [
            121.10825,
            14.6077908
          ],
          [
            121.1084818,
            14.6071762
          ],
          [
            121.1084519,
            14.6069664
          ],
          [
            121.1084395,
            14.6068167
          ]
        ]
      },
      "id": "way/225377538"
    },
    {
      "type": "Feature",
      "properties": {
        "@id": "way/225379831",
        "boat": "no",
        "waterway": "river"
      },
      "geometry": {
        "type": "LineString",
        "coordinates": [
          [
            121.1183325,
            14.6182888
          ],
          [
            121.1181188,
            14.6182778
          ],
          [
            121.1178771,
            14.618314
          ],
          [
            121.1176514,
            14.6183456
          ],
          [
            121.1174106,
            14.6183321
          ],
          [
            121.1169133,
            14.6183043
          ],
          [
            121.1164005,
            14.6183838
          ],
          [
            121.1162191,
            14.6184111
          ],
          [
            121.1159,
            14.6184718
          ],
          [
            121.1155337,
            14.6185366
          ],
          [
            121.1153275,
            14.6184782
          ],
          [
            121.1152521,
            14.6184585
          ],
          [
            121.1152335,
            14.6184502
          ],
          [
            121.115108,
            14.6184391
          ],
          [
            121.1144825,
            14.6184562
          ],
          [
            121.1133727,
            14.61859
          ],
          [
            121.1133353,
            14.6187074
          ],
          [
            121.1133328,
            14.6187957
          ],
          [
            121.1133176,
            14.6193221
          ],
          [
            121.1133724,
            14.6200531
          ],
          [
            121.1133295,
            14.6212407
          ],
          [
            121.1132592,
            14.6218192
          ],
          [
            121.1132337,
            14.6227605
          ]
        ]
      },
      "id": "way/225379831"
    },
    {
      "type": "Feature",
      "properties": {
        "@id": "way/225379832",
        "waterway": "stream"
      },
      "geometry": {
        "type": "LineString",
        "coordinates": [
          [
            121.1153733,
            14.6111111
          ],
          [
            121.1151188,
            14.6112995
          ],
          [
            121.1148519,
            14.6111507
          ],
          [
            121.1146795,
            14.6108555
          ],
          [
            121.1146478,
            14.6108012
          ],
          [
            121.1143055,
            14.6109045
          ],
          [
            121.1141548,
            14.611102
          ],
          [
            121.113957,
            14.6111628
          ],
          [
            121.1137717,
            14.6113937
          ],
          [
            121.1136901,
            14.6116912
          ],
          [
            121.1136331,
            14.6117674
          ],
          [
            121.1132227,
            14.611764
          ],
          [
            121.1131981,
            14.6118096
          ],
          [
            121.1132102,
            14.611916
          ],
          [
            121.1131874,
            14.6119676
          ],
          [
            121.1129121,
            14.611959
          ],
          [
            121.1127307,
            14.6119799
          ]
        ]
      },
      "id": "way/225379832"
    },
    {
      "type": "Feature",
      "properties": {
        "@id": "way/225379833",
        "boat": "no",
        "disputed:admin_level": "3",
        "disputed:boundary": "administrative",
        "disputed:note": "This boundary is claimed by Pasig",
        "waterway": "river"
      },
      "geometry": {
        "type": "LineString",
        "coordinates": [
          [
            121.1052213,
            14.6211822
          ],
          [
            121.1053521,
            14.62107
          ],
          [
            121.1055109,
            14.6209703
          ],
          [
            121.1055869,
            14.6209158
          ],
          [
            121.1056621,
            14.6209422
          ],
          [
            121.1057299,
            14.6209886
          ],
          [
            121.1058179,
            14.6210597
          ],
          [
            121.1058742,
            14.6210972
          ],
          [
            121.1059222,
            14.6211323
          ],
          [
            121.1059934,
            14.6211446
          ],
          [
            121.1061034,
            14.6211228
          ],
          [
            121.1062325,
            14.6210547
          ],
          [
            121.106319,
            14.6209039
          ],
          [
            121.1063623,
            14.6206824
          ]
        ]
      },
      "id": "way/225379833"
    },
    {
      "type": "Feature",
      "properties": {
        "@id": "way/225380175",
        "waterway": "river"
      },
      "geometry": {
        "type": "LineString",
        "coordinates": [
          [
            121.118659,
            14.636505
          ],
          [
            121.1186559,
            14.6367256
          ],
          [
            121.1185272,
            14.6368252
          ],
          [
            121.1182579,
            14.6369073
          ],
          [
            121.1172397,
            14.6369664
          ],
          [
            121.1170595,
            14.6370245
          ],
          [
            121.1169221,
            14.6372239
          ],
          [
            121.1166389,
            14.6374813
          ],
          [
            121.1158578,
            14.6382785
          ],
          [
            121.1156211,
            14.638365
          ],
          [
            121.115477,
            14.6383357
          ],
          [
            121.1153407,
            14.6382832
          ],
          [
            121.1149869,
            14.638147
          ],
          [
            121.1147486,
            14.6380879
          ],
          [
            121.1142185,
            14.6380211
          ],
          [
            121.1136561,
            14.6379644
          ],
          [
            121.1135159,
            14.637882
          ],
          [
            121.1134374,
            14.6377553
          ]
        ]
      },
      "id": "way/225380175"
    },
    {
      "type": "Feature",
      "properties": {
        "@id": "way/225380176",
        "waterway": "stream"
      },
      "geometry": {
        "type": "LineString",
        "coordinates": [
          [
            121.111763,
            14.6361556
          ],
          [
            121.111087,
            14.6359277
          ],
          [
            121.1107919,
            14.6359236
          ],
          [
            121.109987,
            14.6363187
          ],
          [
            121.1095274,
            14.636383
          ],
          [
            121.1091667,
            14.6364593
          ],
          [
            121.1088174,
            14.6365364
          ],
          [
            121.1087407,
            14.6365529
          ],
          [
            121.108671,
            14.6365626
          ]
        ]
      },
      "id": "way/225380176"
    },
    {
      "type": "Feature",
      "properties": {
        "@id": "way/225443002",
        "name": "Nangka River",
        "waterway": "river"
      },
      "geometry": {
        "type": "LineString",
        "coordinates": [
          [
            121.1506005,
            14.6318678
          ],
          [
            121.1505153,
            14.6318941
          ],
          [
            121.1503241,
            14.6319533
          ],
          [
            121.1501368,
            14.6320133
          ],
          [
            121.1499641,
            14.6320733
          ],
          [
            121.1498186,
            14.6322315
          ],
          [
            121.1495586,
            14.6325643
          ],
          [
            121.1492877,
            14.6328825
          ],
          [
            121.1491386,
            14.6329516
          ],
          [
            121.1490749,
            14.6329825
          ],
          [
            121.1490477,
            14.6331007
          ],
          [
            121.1490295,
            14.6332334
          ],
          [
            121.1490768,
            14.6333389
          ],
          [
            121.1491022,
            14.6334025
          ],
          [
            121.1491822,
            14.6335043
          ],
          [
            121.1493259,
            14.633808
          ],
          [
            121.1494477,
            14.6340025
          ],
          [
            121.1495095,
            14.6342007
          ],
          [
            121.1495604,
            14.6344553
          ],
          [
            121.1495732,
            14.6347535
          ],
          [
            121.1496004,
            14.6349953
          ],
          [
            121.149575,
            14.6350717
          ],
          [
            121.1495277,
            14.635119
          ],
          [
            121.1493895,
            14.6352499
          ],
          [
            121.1492513,
            14.6353463
          ],
          [
            121.1491568,
            14.6355136
          ],
          [
            121.1491004,
            14.6356263
          ],
          [
            121.1489367,
            14.6358536
          ],
          [
            121.1488204,
            14.63599
          ],
          [
            121.1486676,
            14.63617
          ],
          [
            121.1484913,
            14.6363591
          ],
          [
            121.1483167,
            14.6365827
          ],
          [
            121.1481694,
            14.6367573
          ],
          [
            121.147973,
            14.63699
          ],
          [
            121.1477548,
            14.6372373
          ],
          [
            121.1476676,
            14.6372937
          ],
          [
            121.1475221,
            14.6373682
          ],
          [
            121.1474475,
            14.6373682
          ],
          [
            121.1473621,
            14.6373119
          ],
          [
            121.1472421,
            14.6372191
          ],
          [
            121.1471639,
            14.6371973
          ],
          [
            121.1470112,
            14.6371973
          ],
          [
            121.1468584,
            14.6371646
          ],
          [
            121.1467402,
            14.6370809
          ],
          [
            121.1466784,
            14.6371046
          ],
          [
            121.1465948,
            14.6371391
          ],
          [
            121.1465148,
            14.6371228
          ],
          [
            121.1464366,
            14.6370646
          ],
          [
            121.1463184,
            14.6370009
          ],
          [
            121.1461493,
            14.6369864
          ],
          [
            121.1457474,
            14.6369591
          ],
          [
            121.1453819,
            14.6369446
          ],
          [
            121.1450892,
            14.6369591
          ],
          [
            121.1449728,
            14.6369591
          ],
          [
            121.1447946,
            14.6370009
          ],
          [
            121.1445728,
            14.6370791
          ],
          [
            121.1443201,
            14.637241
          ],
          [
            121.1441782,
            14.637401
          ],
          [
            121.144,
            14.6374682
          ],
          [
            121.1437709,
            14.6375755
          ],
          [
            121.1436764,
            14.6375992
          ],
          [
            121.1435473,
            14.637601
          ],
          [
            121.1434327,
            14.6375719
          ],
          [
            121.1433254,
            14.6375082
          ],
          [
            121.1431927,
            14.637401
          ],
          [
            121.1430581,
            14.6373519
          ],
          [
            121.142909,
            14.6373591
          ],
          [
            121.1427072,
            14.6373901
          ],
          [
            121.1425381,
            14.6374446
          ],
          [
            121.1424108,
            14.6375555
          ],
          [
            121.1423472,
            14.6376392
          ],
          [
            121.1422963,
            14.6377901
          ],
          [
            121.1423126,
            14.6379319
          ],
          [
            121.1424236,
            14.6380137
          ],
          [
            121.1426272,
            14.6380828
          ],
          [
            121.1428309,
            14.6382574
          ],
          [
            121.1429054,
            14.6382865
          ],
          [
            121.14304,
            14.6383174
          ],
          [
            121.1431327,
            14.6383792
          ],
          [
            121.1432345,
            14.6384574
          ],
          [
            121.1433545,
            14.6385247
          ],
          [
            121.1434764,
            14.6385556
          ],
          [
            121.1436636,
            14.6385647
          ],
          [
            121.1439,
            14.6387374
          ],
          [
            121.1439818,
            14.6388302
          ],
          [
            121.14412,
            14.638912
          ],
          [
            121.1443819,
            14.6390647
          ],
          [
            121.1445564,
            14.6391575
          ],
          [
            121.1446128,
            14.6391811
          ],
          [
            121.144771,
            14.6391865
          ],
          [
            121.1449001,
            14.639212
          ],
          [
            121.144971,
            14.639252
          ],
          [
            121.1450401,
            14.6393738
          ],
          [
            121.1451183,
            14.639552
          ],
          [
            121.1451383,
            14.6397466
          ],
          [
            121.1450892,
            14.6399539
          ],
          [
            121.1450856,
            14.6400848
          ],
          [
            121.1451128,
            14.6402339
          ],
          [
            121.1451565,
            14.6403757
          ],
          [
            121.1452401,
            14.6405539
          ],
          [
            121.1452801,
            14.6408321
          ],
          [
            121.1453838,
            14.6410685
          ],
          [
            121.1454965,
            14.641234
          ],
          [
            121.1456238,
            14.6414067
          ],
          [
            121.145702,
            14.6415303
          ],
          [
            121.1457911,
            14.6416431
          ],
          [
            121.1458329,
            14.6417413
          ],
          [
            121.1458238,
            14.6418486
          ],
          [
            121.1458231,
            14.6419954
          ],
          [
            121.1457985,
            14.642086
          ],
          [
            121.1457269,
            14.6421779
          ],
          [
            121.1456272,
            14.6422449
          ],
          [
            121.1455182,
            14.6423356
          ],
          [
            121.1453828,
            14.6424786
          ],
          [
            121.1452646,
            14.6426843
          ],
          [
            121.1450931,
            14.6429412
          ],
          [
            121.1449487,
            14.6431125
          ],
          [
            121.1447904,
            14.6432587
          ],
          [
            121.1447019,
            14.6432977
          ],
          [
            121.1446473,
            14.6433687
          ],
          [
            121.1446119,
            14.6433871
          ],
          [
            121.1445675,
            14.6434352
          ],
          [
            121.1445237,
            14.6435474
          ],
          [
            121.1444484,
            14.6436561
          ],
          [
            121.1443445,
            14.64381
          ],
          [
            121.144213,
            14.6438922
          ],
          [
            121.1441112,
            14.6439224
          ],
          [
            121.1440689,
            14.6439358
          ],
          [
            121.1440242,
            14.6439842
          ]
        ]
      },
      "id": "way/225443002"
    },
    {
      "type": "Feature",
      "properties": {
        "@id": "way/225443005",
        "admin_level": "10",
        "boundary": "administrative",
        "waterway": "river"
      },
      "geometry": {
        "type": "LineString",
        "coordinates": [
          [
            121.1490426,
            14.6246404
          ],
          [
            121.1487551,
            14.6246904
          ],
          [
            121.1485325,
            14.6248036
          ],
          [
            121.1483729,
            14.6249163
          ],
          [
            121.1481468,
            14.6251423
          ],
          [
            121.148023,
            14.6253246
          ],
          [
            121.1479278,
            14.6255328
          ],
          [
            121.1480074,
            14.625927
          ],
          [
            121.1479842,
            14.6261007
          ],
          [
            121.148124,
            14.6263994
          ],
          [
            121.1482118,
            14.6267595
          ],
          [
            121.1483201,
            14.6269761
          ],
          [
            121.1485631,
            14.6272045
          ],
          [
            121.1488471,
            14.627506
          ],
          [
            121.1490023,
            14.6276436
          ],
          [
            121.1492014,
            14.6277344
          ],
          [
            121.1493888,
            14.6277754
          ],
          [
            121.1495527,
            14.6278603
          ],
          [
            121.1496347,
            14.6280857
          ],
          [
            121.1496083,
            14.6282526
          ],
          [
            121.149661,
            14.6284634
          ],
          [
            121.1497196,
            14.628803
          ],
          [
            121.1497459,
            14.6291748
          ],
          [
            121.1497986,
            14.6293534
          ],
          [
            121.1500006,
            14.6295671
          ],
          [
            121.1501909,
            14.629816
          ],
          [
            121.1503959,
            14.6301175
          ],
          [
            121.1507121,
            14.6302873
          ],
          [
            121.1508292,
            14.6305128
          ],
          [
            121.1508058,
            14.6308758
          ],
          [
            121.1507238,
            14.6311861
          ],
          [
            121.1506945,
            14.6315931
          ],
          [
            121.1506697,
            14.631769
          ],
          [
            121.1506005,
            14.6318678
          ]
        ]
      },
      "id": "way/225443005"
    },
    {
      "type": "Feature",
      "properties": {
        "@id": "way/237318598",
        "waterway": "stream"
      },
      "geometry": {
        "type": "LineString",
        "coordinates": [
          [
            121.1478391,
            14.667132
          ],
          [
            121.1481032,
            14.6670375
          ],
          [
            121.1483539,
            14.6669335
          ],
          [
            121.1485791,
            14.6668543
          ],
          [
            121.1488657,
            14.6667603
          ],
          [
            121.148707,
            14.6666068
          ],
          [
            121.1486303,
            14.6664583
          ],
          [
            121.1484665,
            14.6663296
          ],
          [
            121.1483386,
            14.6662008
          ],
          [
            121.1481461,
            14.6660478
          ]
        ]
      },
      "id": "way/237318598"
    },
    {
      "type": "Feature",
      "properties": {
        "@id": "way/237318601",
        "waterway": "stream"
      },
      "geometry": {
        "type": "LineString",
        "coordinates": [
          [
            121.1487022,
            14.6620532
          ],
          [
            121.148764,
            14.6621306
          ],
          [
            121.1488577,
            14.6621726
          ],
          [
            121.1490177,
            14.6622766
          ],
          [
            121.1490451,
            14.6623694
          ],
          [
            121.1490944,
            14.6624967
          ]
        ]
      },
      "id": "way/237318601"
    },
    {
      "type": "Feature",
      "properties": {
        "@id": "way/237319667",
        "waterway": "stream"
      },
      "geometry": {
        "type": "LineString",
        "coordinates": [
          [
            121.1579426,
            14.645218
          ],
          [
            121.1576878,
            14.6451857
          ],
          [
            121.1573537,
            14.6453433
          ],
          [
            121.1570446,
            14.6453513
          ],
          [
            121.1568985,
            14.6452342
          ],
          [
            121.1567773,
            14.6450927
          ],
          [
            121.1565309,
            14.64502
          ],
          [
            121.1562552,
            14.6450604
          ],
          [
            121.1561759,
            14.6452261
          ],
          [
            121.1561049,
            14.6453473
          ],
          [
            121.1560172,
            14.6454726
          ],
          [
            121.1559044,
            14.6453271
          ],
          [
            121.1557708,
            14.6453069
          ],
          [
            121.1556705,
            14.6454079
          ],
          [
            121.1554951,
            14.6454968
          ],
          [
            121.1553949,
            14.6454443
          ],
          [
            121.1553447,
            14.645315
          ],
          [
            121.1551777,
            14.6452705
          ],
          [
            121.155044,
            14.6453594
          ],
          [
            121.1548143,
            14.6453877
          ],
          [
            121.1546347,
            14.6453877
          ],
          [
            121.1544969,
            14.6454605
          ],
          [
            121.1544175,
            14.6455857
          ],
          [
            121.1543549,
            14.6457029
          ],
          [
            121.1542296,
            14.6457999
          ],
          [
            121.1541335,
            14.6458484
          ],
          [
            121.1540667,
            14.6458322
          ],
          [
            121.1539497,
            14.6457514
          ],
          [
            121.1538453,
            14.645707
          ],
          [
            121.1537618,
            14.6457676
          ],
          [
            121.1536156,
            14.6457918
          ],
          [
            121.1534736,
            14.6457797
          ],
          [
            121.1532397,
            14.6457554
          ],
          [
            121.15301,
            14.6456746
          ],
          [
            121.1528178,
            14.6456221
          ],
          [
            121.1526967,
            14.6457999
          ],
          [
            121.1525589,
            14.6459696
          ],
          [
            121.1523793,
            14.6461191
          ],
          [
            121.1520995,
            14.6461313
          ],
          [
            121.1520034,
            14.6460747
          ],
          [
            121.151924,
            14.6458443
          ],
          [
            121.1518238,
            14.6457514
          ],
          [
            121.1516484,
            14.6457393
          ],
          [
            121.1514187,
            14.6456504
          ],
          [
            121.1512098,
            14.6457433
          ],
          [
            121.1511179,
            14.6459413
          ],
          [
            121.1509968,
            14.6461676
          ],
          [
            121.1508339,
            14.6464788
          ],
          [
            121.1507671,
            14.6466323
          ],
          [
            121.1506126,
            14.6466808
          ],
          [
            121.150504,
            14.6465798
          ],
          [
            121.1504079,
            14.6463737
          ],
          [
            121.150316,
            14.646208
          ],
          [
            121.1500612,
            14.6461393
          ],
          [
            121.1498858,
            14.6462404
          ],
          [
            121.1496728,
            14.6463535
          ],
          [
            121.1494849,
            14.6464262
          ],
          [
            121.149251,
            14.6465434
          ],
          [
            121.1490755,
            14.6465798
          ],
          [
            121.1489001,
            14.6465071
          ],
          [
            121.1487205,
            14.6463818
          ],
          [
            121.1484449,
            14.6462808
          ],
          [
            121.1481567,
            14.6462484
          ],
          [
            121.1478685,
            14.6462404
          ],
          [
            121.1474625,
            14.6462659
          ]
        ]
      },
      "id": "way/237319667"
    },
    {
      "type": "Feature",
      "properties": {
        "@id": "way/237475453",
        "layer": "-1",
        "tunnel": "culvert",
        "waterway": "drain"
      },
      "geometry": {
        "type": "LineString",
        "coordinates": [
          [
            121.0946368,
            14.6652341
          ],
          [
            121.0948195,
            14.6652671
          ],
          [
            121.094894,
            14.665382
          ],
          [
            121.094982,
            14.6655588
          ],
          [
            121.0950864,
            14.6658106
          ],
          [
            121.0952836,
            14.6660333
          ],
          [
            121.0954106,
            14.6663521
          ],
          [
            121.0954749,
            14.6666407
          ],
          [
            121.095626,
            14.6668565
          ],
          [
            121.0957559,
            14.6670445
          ],
          [
            121.0959092,
            14.6672029
          ],
          [
            121.0959827,
            14.6672791
          ]
        ]
      },
      "id": "way/237475453"
    },
    {
      "type": "Feature",
      "properties": {
        "@id": "way/238183974",
        "waterway": "stream"
      },
      "geometry": {
        "type": "LineString",
        "coordinates": [
          [
            121.1134374,
            14.6377553
          ],
          [
            121.1131968,
            14.6374311
          ],
          [
            121.1129963,
            14.6371255
          ],
          [
            121.1123266,
            14.6363741
          ]
        ]
      },
      "id": "way/238183974"
    },
    {
      "type": "Feature",
      "properties": {
        "@id": "way/238184539",
        "name": "Balante Creek",
        "waterway": "drain"
      },
      "geometry": {
        "type": "LineString",
        "coordinates": [
          [
            121.1019705,
            14.6327285
          ],
          [
            121.1020283,
            14.6316171
          ],
          [
            121.1022553,
            14.6314503
          ],
          [
            121.1024416,
            14.6311825
          ],
          [
            121.1025063,
            14.6309648
          ],
          [
            121.1024977,
            14.63022
          ],
          [
            121.1024957,
            14.6300484
          ],
          [
            121.1024922,
            14.629747
          ],
          [
            121.1024907,
            14.6296163
          ],
          [
            121.1024705,
            14.6291805
          ],
          [
            121.1024277,
            14.6282559
          ],
          [
            121.1026873,
            14.6277508
          ],
          [
            121.1027428,
            14.6277257
          ],
          [
            121.102842,
            14.6276962
          ],
          [
            121.1030487,
            14.6275908
          ],
          [
            121.1034122,
            14.6274332
          ],
          [
            121.1035053,
            14.6273258
          ],
          [
            121.1038224,
            14.6268822
          ]
        ]
      },
      "id": "way/238184539"
    },
    {
      "type": "Feature",
      "properties": {
        "@id": "way/238704567",
        "waterway": "stream"
      },
      "geometry": {
        "type": "LineString",
        "coordinates": [
          [
            121.1538285,
            14.6655859
          ],
          [
            121.1535422,
            14.6657465
          ],
          [
            121.1529446,
            14.6661159
          ],
          [
            121.1526499,
            14.6662925
          ],
          [
            121.1522017,
            14.6666057
          ],
          [
            121.1518282,
            14.6665736
          ],
          [
            121.1513883,
            14.6664612
          ],
          [
            121.1509277,
            14.6663166
          ],
          [
            121.1505583,
            14.6662725
          ],
          [
            121.1502927,
            14.6659553
          ],
          [
            121.1500022,
            14.6656703
          ],
          [
            121.1495551,
            14.6654591
          ]
        ]
      },
      "id": "way/238704567"
    },
    {
      "type": "Feature",
      "properties": {
        "@id": "way/238704821",
        "waterway": "stream"
      },
      "geometry": {
        "type": "LineString",
        "coordinates": [
          [
            121.1596054,
            14.6675853
          ],
          [
            121.1592216,
            14.6680126
          ],
          [
            121.1585772,
            14.6683488
          ],
          [
            121.1579762,
            14.6687761
          ],
          [
            121.1575707,
            14.6689232
          ],
          [
            121.1570494,
            14.6690423
          ],
          [
            121.1565136,
            14.6690633
          ],
          [
            121.1556665,
            14.6692384
          ],
          [
            121.1553479,
            14.6694625
          ],
          [
            121.1548627,
            14.6697287
          ],
          [
            121.1544356,
            14.6697077
          ],
          [
            121.1541097,
            14.6694976
          ],
          [
            121.1536898,
            14.6693575
          ],
          [
            121.1533455,
            14.6694859
          ],
          [
            121.1531942,
            14.6694915
          ],
          [
            121.1528567,
            14.669469
          ],
          [
            121.1525657,
            14.6693508
          ],
          [
            121.1521991,
            14.6690975
          ],
          [
            121.1520478,
            14.6687709
          ],
          [
            121.151879,
            14.66845
          ],
          [
            121.1516404,
            14.6683881
          ],
          [
            121.1513902,
            14.6684219
          ],
          [
            121.1510061,
            14.6685007
          ],
          [
            121.1505755,
            14.6684782
          ],
          [
            121.1502146,
            14.6685908
          ],
          [
            121.1497898,
            14.6687653
          ],
          [
            121.1495803,
            14.6687428
          ],
          [
            121.1493359,
            14.6688835
          ],
          [
            121.1491263,
            14.6690557
          ]
        ]
      },
      "id": "way/238704821"
    },
    {
      "type": "Feature",
      "properties": {
        "@id": "way/238705171",
        "waterway": "stream"
      },
      "geometry": {
        "type": "LineString",
        "coordinates": [
          [
            121.1424056,
            14.6587225
          ],
          [
            121.1431744,
            14.6588323
          ],
          [
            121.1438383,
            14.6590396
          ],
          [
            121.1444139,
            14.6593566
          ],
          [
            121.1449306,
            14.6594582
          ],
          [
            121.1450359,
            14.6595245
          ],
          [
            121.1450735,
            14.6596413
          ],
          [
            121.1450399,
            14.6598086
          ],
          [
            121.1448466,
            14.6599257
          ],
          [
            121.1444055,
            14.660259
          ],
          [
            121.144377,
            14.6602997
          ],
          [
            121.144124,
            14.6606614
          ],
          [
            121.1442954,
            14.66096
          ],
          [
            121.1442958,
            14.6610737
          ],
          [
            121.1442962,
            14.661202
          ],
          [
            121.1443225,
            14.6613863
          ],
          [
            121.1443858,
            14.6615254
          ],
          [
            121.1444845,
            14.6616788
          ],
          [
            121.1445491,
            14.6617885
          ],
          [
            121.1445926,
            14.6619277
          ],
          [
            121.1446054,
            14.6620454
          ],
          [
            121.144595,
            14.6621651
          ]
        ]
      },
      "id": "way/238705171"
    },
    {
      "type": "Feature",
      "properties": {
        "@id": "way/238705631",
        "waterway": "stream"
      },
      "geometry": {
        "type": "LineString",
        "coordinates": [
          [
            121.1359228,
            14.6654626
          ],
          [
            121.1358684,
            14.6658061
          ],
          [
            121.1356907,
            14.6658247
          ],
          [
            121.1353668,
            14.6658322
          ]
        ]
      },
      "id": "way/238705631"
    },
    {
      "type": "Feature",
      "properties": {
        "@id": "way/238705632",
        "waterway": "stream"
      },
      "geometry": {
        "type": "LineString",
        "coordinates": [
          [
            121.1377337,
            14.6653858
          ],
          [
            121.137703,
            14.6654834
          ],
          [
            121.1374707,
            14.6654494
          ],
          [
            121.1372122,
            14.6653816
          ],
          [
            121.136901,
            14.6653646
          ],
          [
            121.1365854,
            14.6653349
          ],
          [
            121.1363181,
            14.6653477
          ],
          [
            121.1360945,
            14.6654113
          ],
          [
            121.1359228,
            14.6654626
          ]
        ]
      },
      "id": "way/238705632"
    },
    {
      "type": "Feature",
      "properties": {
        "@id": "way/238705856",
        "waterway": "stream"
      },
      "geometry": {
        "type": "LineString",
        "coordinates": [
          [
            121.1454372,
            14.6722347
          ],
          [
            121.1453517,
            14.6722154
          ],
          [
            121.1450128,
            14.6721603
          ],
          [
            121.1447109,
            14.6719537
          ],
          [
            121.1442894,
            14.6718131
          ],
          [
            121.1440131,
            14.6717938
          ],
          [
            121.1438849,
            14.6716148
          ],
          [
            121.1437511,
            14.6714522
          ],
          [
            121.1436231,
            14.6712632
          ]
        ]
      },
      "id": "way/238705856"
    },
    {
      "type": "Feature",
      "properties": {
        "@id": "way/238705902",
        "waterway": "stream"
      },
      "geometry": {
        "type": "LineString",
        "coordinates": [
          [
            121.1418453,
            14.6724227
          ],
          [
            121.1415575,
            14.6723654
          ],
          [
            121.1414092,
            14.672308
          ],
          [
            121.1413351,
            14.6721874
          ],
          [
            121.141255,
            14.6719866
          ],
          [
            121.141169,
            14.671889
          ],
          [
            121.1408308,
            14.6717484
          ],
          [
            121.1405787,
            14.6716652
          ],
          [
            121.1401901,
            14.6716537
          ],
          [
            121.1399825,
            14.671714
          ],
          [
            121.1399063,
            14.6717914
          ]
        ]
      },
      "id": "way/238705902"
    },
    {
      "type": "Feature",
      "properties": {
        "@id": "way/238706222",
        "waterway": "stream"
      },
      "geometry": {
        "type": "LineString",
        "coordinates": [
          [
            121.1346109,
            14.671607
          ],
          [
            121.1349874,
            14.6716699
          ],
          [
            121.1353638,
            14.6717725
          ],
          [
            121.1357095,
            14.6717626
          ],
          [
            121.1359662,
            14.6716368
          ],
          [
            121.136524,
            14.6717626
          ],
          [
            121.1368081,
            14.6716434
          ],
          [
            121.13714,
            14.6716302
          ],
          [
            121.1375883,
            14.6715805
          ],
          [
            121.1378005,
            14.6715739
          ],
          [
            121.1381736,
            14.6715871
          ],
          [
            121.1386732,
            14.6715408
          ],
          [
            121.1388546,
            14.671554
          ],
          [
            121.1389983,
            14.671703
          ],
          [
            121.1391175,
            14.671929
          ]
        ]
      },
      "id": "way/238706222"
    },
    {
      "type": "Feature",
      "properties": {
        "@id": "way/238706276",
        "waterway": "stream"
      },
      "geometry": {
        "type": "LineString",
        "coordinates": [
          [
            121.1345488,
            14.6735947
          ],
          [
            121.1347723,
            14.6735775
          ],
          [
            121.1351254,
            14.6735775
          ],
          [
            121.1354986,
            14.6736136
          ],
          [
            121.1357369,
            14.6737497
          ],
          [
            121.1359781,
            14.6738357
          ],
          [
            121.1361819,
            14.6738746
          ],
          [
            121.1363822,
            14.6738968
          ]
        ]
      },
      "id": "way/238706276"
    },
    {
      "type": "Feature",
      "properties": {
        "@id": "way/261650132",
        "waterway": "stream"
      },
      "geometry": {
        "type": "LineString",
        "coordinates": [
          [
            121.0673327,
            14.6551245
          ],
          [
            121.0672687,
            14.6551087
          ],
          [
            121.0671634,
            14.6550819
          ],
          [
            121.066994,
            14.6550674
          ],
          [
            121.0668653,
            14.6550502
          ],
          [
            121.0667868,
            14.6550062
          ],
          [
            121.0667373,
            14.6549442
          ],
          [
            121.0667187,
            14.6548451
          ],
          [
            121.066725,
            14.6547648
          ]
        ]
      },
      "id": "way/261650132"
    },
    {
      "type": "Feature",
      "properties": {
        "@id": "way/299049812",
        "waterway": "stream"
      },
      "geometry": {
        "type": "LineString",
        "coordinates": [
          [
            121.1379924,
            14.6537728
          ],
          [
            121.1375191,
            14.6539655
          ],
          [
            121.1370185,
            14.6541111
          ],
          [
            121.1359448,
            14.6547035
          ],
          [
            121.1356793,
            14.6552458
          ],
          [
            121.1355157,
            14.6554404
          ],
          [
            121.1354032,
            14.655496
          ],
          [
            121.1353238,
            14.6554983
          ],
          [
            121.1352023,
            14.6554508
          ],
          [
            121.1351113,
            14.6554305
          ],
          [
            121.1349665,
            14.6554463
          ],
          [
            121.1348544,
            14.6554983
          ],
          [
            121.1348101,
            14.6555435
          ],
          [
            121.1347564,
            14.6556157
          ],
          [
            121.134684,
            14.6556542
          ],
          [
            121.1346116,
            14.6556863
          ]
        ]
      },
      "id": "way/299049812"
    },
    {
      "type": "Feature",
      "properties": {
        "@id": "way/303451815",
        "name": "Katipunan Creek",
        "waterway": "stream"
      },
      "geometry": {
        "type": "LineString",
        "coordinates": [
          [
            121.0714708,
            14.6461132
          ],
          [
            121.0717125,
            14.6459888
          ],
          [
            121.0718488,
            14.6457906
          ],
          [
            121.071876,
            14.6457257
          ],
          [
            121.0718854,
            14.6456602
          ],
          [
            121.0719236,
            14.6456832
          ],
          [
            121.0719548,
            14.6456767
          ],
          [
            121.0720349,
            14.6455944
          ],
          [
            121.0722296,
            14.6454497
          ]
        ]
      },
      "id": "way/303451815"
    },
    {
      "type": "Feature",
      "properties": {
        "@id": "way/303451816",
        "name": "Katipunan Creek",
        "waterway": "stream"
      },
      "geometry": {
        "type": "LineString",
        "coordinates": [
          [
            121.0723212,
            14.6453894
          ],
          [
            121.0724742,
            14.6451281
          ],
          [
            121.072601,
            14.6449634
          ],
          [
            121.0728005,
            14.6448076
          ],
          [
            121.0729391,
            14.6447135
          ],
          [
            121.0731528,
            14.6446596
          ],
          [
            121.0733912,
            14.6445935
          ],
          [
            121.0736284,
            14.6445198
          ],
          [
            121.0737314,
            14.6444559
          ],
          [
            121.0742162,
            14.6443157
          ],
          [
            121.074414,
            14.644258
          ]
        ]
      },
      "id": "way/303451816"
    },
    {
      "type": "Feature",
      "properties": {
        "@id": "way/354719298",
        "waterway": "canal"
      },
      "geometry": {
        "type": "LineString",
        "coordinates": [
          [
            121.1387207,
            14.6363366
          ],
          [
            121.1387112,
            14.6362759
          ],
          [
            121.1387193,
            14.636006
          ],
          [
            121.1387032,
            14.6358685
          ],
          [
            121.138663,
            14.6356946
          ],
          [
            121.1386147,
            14.635583
          ],
          [
            121.1386254,
            14.6355025
          ],
          [
            121.1386522,
            14.635378
          ],
          [
            121.1387702,
            14.6351496
          ],
          [
            121.1387595,
            14.6349835
          ],
          [
            121.1387515,
            14.6348148
          ],
          [
            121.1388024,
            14.6346539
          ],
          [
            121.1387488,
            14.6343347
          ],
          [
            121.1386898,
            14.6341063
          ],
          [
            121.1385315,
            14.6339766
          ],
          [
            121.1385369,
            14.6338494
          ],
          [
            121.138366,
            14.633695
          ]
        ]
      },
      "id": "way/354719298"
    },
    {
      "type": "Feature",
      "properties": {
        "@id": "way/401558120",
        "waterway": "stream"
      },
      "geometry": {
        "type": "LineString",
        "coordinates": [
          [
            121.0631066,
            14.6545173
          ],
          [
            121.063028,
            14.6544668
          ],
          [
            121.0630096,
            14.6544543
          ],
          [
            121.0629993,
            14.6544377
          ],
          [
            121.0629989,
            14.654417
          ],
          [
            121.0629957,
            14.6544011
          ],
          [
            121.0629711,
            14.6543847
          ],
          [
            121.0629482,
            14.6543785
          ],
          [
            121.0629255,
            14.6543714
          ],
          [
            121.0628991,
            14.6543576
          ],
          [
            121.0628742,
            14.6543472
          ],
          [
            121.0628472,
            14.6543347
          ],
          [
            121.0628201,
            14.6543243
          ]
        ]
      },
      "id": "way/401558120"
    },
    {
      "type": "Feature",
      "properties": {
        "@id": "way/401558121",
        "waterway": "ditch"
      },
      "geometry": {
        "type": "LineString",
        "coordinates": [
          [
            121.0641789,
            14.6551326
          ],
          [
            121.0636209,
            14.6551169
          ],
          [
            121.0624272,
            14.6551038
          ]
        ]
      },
      "id": "way/401558121"
    },
    {
      "type": "Feature",
      "properties": {
        "@id": "way/422118636",
        "name": "Banaba Creek",
        "waterway": "river"
      },
      "geometry": {
        "type": "LineString",
        "coordinates": [
          [
            121.1107517,
            14.6748547
          ],
          [
            121.1107086,
            14.6747054
          ],
          [
            121.1107759,
            14.6745383
          ],
          [
            121.1108006,
            14.6743902
          ],
          [
            121.1106719,
            14.6743404
          ],
          [
            121.1104659,
            14.6743072
          ],
          [
            121.1103543,
            14.6742076
          ],
          [
            121.1103028,
            14.6740581
          ],
          [
            121.1103714,
            14.6739086
          ],
          [
            121.1103524,
            14.6738068
          ],
          [
            121.1102684,
            14.6737426
          ],
          [
            121.110114,
            14.6736513
          ],
          [
            121.1098669,
            14.6734556
          ]
        ]
      },
      "id": "way/422118636"
    },
    {
      "type": "Feature",
      "properties": {
        "@id": "way/422118637",
        "layer": "-1",
        "name": "Banaba Creek",
        "tunnel": "culvert",
        "waterway": "river"
      },
      "geometry": {
        "type": "LineString",
        "coordinates": [
          [
            121.1108005,
            14.6749141
          ],
          [
            121.1107517,
            14.6748547
          ]
        ]
      },
      "id": "way/422118637"
    },
    {
      "type": "Feature",
      "properties": {
        "@id": "way/424712633",
        "boat": "yes",
        "name": "Marikina River",
        "name:tl": "Ilog Marikina",
        "waterway": "river",
        "wikidata": "Q3551251"
      },
      "geometry": {
        "type": "LineString",
        "coordinates": [
          [
            121.0960087,
            14.660955
          ],
          [
            121.0959439,
            14.6606876
          ],
          [
            121.0959307,
            14.6604088
          ],
          [
            121.0959768,
            14.6599881
          ],
          [
            121.0959893,
            14.6598735
          ],
          [
            121.0961556,
            14.6586539
          ],
          [
            121.0962982,
            14.6571505
          ],
          [
            121.0963383,
            14.6563362
          ],
          [
            121.0962294,
            14.6557063
          ],
          [
            121.0960601,
            14.6551505
          ],
          [
            121.0955993,
            14.6543465
          ],
          [
            121.0953166,
            14.654028
          ]
        ]
      },
      "id": "way/424712633"
    },
    {
      "type": "Feature",
      "properties": {
        "@id": "way/425200876",
        "boat": "yes",
        "name": "Marikina River",
        "name:tl": "Ilog Marikina",
        "waterway": "river",
        "wikidata": "Q3551251"
      },
      "geometry": {
        "type": "LineString",
        "coordinates": [
          [
            121.0977901,
            14.6637829
          ],
          [
            121.0976735,
            14.6635755
          ],
          [
            121.0974382,
            14.6631897
          ],
          [
            121.0971918,
            14.6629036
          ]
        ]
      },
      "id": "way/425200876"
    },
    {
      "type": "Feature",
      "properties": {
        "@id": "way/431495772",
        "admin_level": "6",
        "boundary": "administrative",
        "layer": "-1",
        "waterway": "stream"
      },
      "geometry": {
        "type": "LineString",
        "coordinates": [
          [
            121.1132939,
            14.6135484
          ],
          [
            121.1132077,
            14.6133726
          ]
        ]
      },
      "id": "way/431495772"
    },
    {
      "type": "Feature",
      "properties": {
        "@id": "way/431495773",
        "admin_level": "6",
        "boundary": "administrative",
        "waterway": "stream"
      },
      "geometry": {
        "type": "LineString",
        "coordinates": [
          [
            121.1132077,
            14.6133726
          ],
          [
            121.1129957,
            14.6129391
          ],
          [
            121.1129289,
            14.612898
          ],
          [
            121.1128497,
            14.6128844
          ],
          [
            121.1125777,
            14.6128709
          ],
          [
            121.1125178,
            14.6128174
          ],
          [
            121.1124769,
            14.6126812
          ]
        ]
      },
      "id": "way/431495773"
    },
    {
      "type": "Feature",
      "properties": {
        "@id": "way/550597838",
        "waterway": "stream"
      },
      "geometry": {
        "type": "LineString",
        "coordinates": [
          [
            121.0640103,
            14.6543837
          ],
          [
            121.0639622,
            14.6543738
          ],
          [
            121.0639405,
            14.6543744
          ],
          [
            121.0639501,
            14.6543565
          ],
          [
            121.0639356,
            14.6543427
          ],
          [
            121.0639156,
            14.6543342
          ],
          [
            121.0638971,
            14.6543274
          ],
          [
            121.0638771,
            14.6543198
          ],
          [
            121.0638567,
            14.6543065
          ],
          [
            121.0638461,
            14.6542898
          ],
          [
            121.0638488,
            14.6542616
          ],
          [
            121.0638602,
            14.6542435
          ],
          [
            121.0638561,
            14.6542191
          ],
          [
            121.0638546,
            14.6541978
          ],
          [
            121.0638629,
            14.6541791
          ],
          [
            121.0638787,
            14.6541669
          ],
          [
            121.0639063,
            14.6541572
          ],
          [
            121.0639357,
            14.6541838
          ],
          [
            121.0639507,
            14.6541934
          ],
          [
            121.0639639,
            14.6541944
          ],
          [
            121.0639822,
            14.6541764
          ],
          [
            121.063995,
            14.6541483
          ],
          [
            121.0640006,
            14.6541194
          ],
          [
            121.0640018,
            14.6540974
          ],
          [
            121.0639922,
            14.6540784
          ],
          [
            121.0639649,
            14.6540551
          ],
          [
            121.0639412,
            14.6540387
          ],
          [
            121.0639049,
            14.6540399
          ],
          [
            121.0638799,
            14.6540463
          ],
          [
            121.0638568,
            14.6540542
          ],
          [
            121.0638233,
            14.6540681
          ],
          [
            121.063793,
            14.6540666
          ],
          [
            121.0637695,
            14.6540556
          ],
          [
            121.0637591,
            14.6540431
          ],
          [
            121.0637616,
            14.6540181
          ],
          [
            121.0637722,
            14.6539987
          ],
          [
            121.0637801,
            14.653983
          ],
          [
            121.0637889,
            14.6539545
          ],
          [
            121.0637845,
            14.6539281
          ],
          [
            121.0637761,
            14.6539087
          ],
          [
            121.0637581,
            14.6538871
          ],
          [
            121.0637223,
            14.6538686
          ],
          [
            121.063682,
            14.6538695
          ],
          [
            121.0636402,
            14.6538698
          ],
          [
            121.0635974,
            14.6538638
          ],
          [
            121.06355,
            14.6538564
          ],
          [
            121.0634276,
            14.6538184
          ],
          [
            121.0632726,
            14.6537679
          ],
          [
            121.0632522,
            14.6537588
          ],
          [
            121.0632338,
            14.6537538
          ],
          [
            121.0631525,
            14.6537435
          ],
          [
            121.0631329,
            14.6537495
          ],
          [
            121.0631026,
            14.653763
          ],
          [
            121.0630706,
            14.6537775
          ],
          [
            121.063043,
            14.6537977
          ],
          [
            121.0630304,
            14.6538156
          ],
          [
            121.0630195,
            14.6538374
          ],
          [
            121.0630067,
            14.6538521
          ],
          [
            121.0629935,
            14.6538681
          ],
          [
            121.062979,
            14.6538882
          ],
          [
            121.0629659,
            14.6539027
          ],
          [
            121.0629558,
            14.6539225
          ],
          [
            121.0629539,
            14.6539431
          ],
          [
            121.0629551,
            14.6539636
          ],
          [
            121.0629471,
            14.6539868
          ],
          [
            121.0629442,
            14.6540066
          ],
          [
            121.0629429,
            14.6540315
          ],
          [
            121.062941,
            14.6540656
          ],
          [
            121.0629438,
            14.6540939
          ],
          [
            121.0629429,
            14.6541212
          ],
          [
            121.0629388,
            14.6541524
          ],
          [
            121.0629342,
            14.6541877
          ],
          [
            121.0629314,
            14.6542192
          ],
          [
            121.0629303,
            14.6542453
          ],
          [
            121.062925,
            14.6542609
          ],
          [
            121.0629074,
            14.654281
          ],
          [
            121.0628814,
            14.6542966
          ],
          [
            121.0628201,
            14.6543243
          ],
          [
            121.0628052,
            14.6543305
          ],
          [
            121.0627913,
            14.654347
          ],
          [
            121.0627678,
            14.6543674
          ],
          [
            121.0627448,
            14.6543841
          ],
          [
            121.0627262,
            14.6544048
          ],
          [
            121.0627067,
            14.6544181
          ],
          [
            121.0626887,
            14.6544211
          ],
          [
            121.0626747,
            14.6544121
          ],
          [
            121.0626606,
            14.6544003
          ],
          [
            121.0626454,
            14.6543864
          ],
          [
            121.0626344,
            14.6543691
          ],
          [
            121.0626065,
            14.6543317
          ],
          [
            121.0625897,
            14.6543192
          ],
          [
            121.0625668,
            14.6543118
          ],
          [
            121.062537,
            14.6543092
          ],
          [
            121.0625073,
            14.654313
          ],
          [
            121.0624845,
            14.6543141
          ],
          [
            121.0624213,
            14.6543201
          ]
        ]
      },
      "id": "way/550597838"
    },
    {
      "type": "Feature",
      "properties": {
        "@id": "way/550825182",
        "boat": "no",
        "waterway": "river"
      },
      "geometry": {
        "type": "LineString",
        "coordinates": [
          [
            121.0800362,
            14.6460178
          ],
          [
            121.079895,
            14.645989
          ],
          [
            121.0798361,
            14.6455306
          ],
          [
            121.0800556,
            14.645212
          ],
          [
            121.0801117,
            14.6439455
          ],
          [
            121.0800689,
            14.6427871
          ],
          [
            121.0798962,
            14.642675
          ],
          [
            121.0794596,
            14.6424457
          ],
          [
            121.0794034,
            14.642414
          ]
        ]
      },
      "id": "way/550825182"
    },
    {
      "type": "Feature",
      "properties": {
        "@id": "way/561484130",
        "name": "Banaba Creek",
        "waterway": "river"
      },
      "geometry": {
        "type": "LineString",
        "coordinates": [
          [
            121.1136848,
            14.6768477
          ],
          [
            121.1137792,
            14.6767231
          ],
          [
            121.113762,
            14.6765986
          ],
          [
            121.1136075,
            14.6765404
          ],
          [
            121.1134016,
            14.676474
          ],
          [
            121.1134187,
            14.676283
          ],
          [
            121.1134702,
            14.6759343
          ],
          [
            121.1133672,
            14.6758679
          ],
          [
            121.1132984,
            14.6758641
          ],
          [
            121.113088,
            14.6758228
          ],
          [
            121.1128281,
            14.6758742
          ],
          [
            121.1126033,
            14.6759177
          ],
          [
            121.1124392,
            14.6758932
          ],
          [
            121.1122801,
            14.6758597
          ],
          [
            121.1120473,
            14.6757711
          ],
          [
            121.111848,
            14.6754459
          ],
          [
            121.1117337,
            14.6754154
          ],
          [
            121.1116506,
            14.6754195
          ],
          [
            121.1115648,
            14.6755441
          ],
          [
            121.1115402,
            14.6755588
          ],
          [
            121.1114532,
            14.6756271
          ],
          [
            121.1113588,
            14.6756354
          ],
          [
            121.1113159,
            14.6755524
          ],
          [
            121.1111663,
            14.6754254
          ],
          [
            121.1112043,
            14.6752701
          ],
          [
            121.1111185,
            14.6750874
          ],
          [
            121.1108005,
            14.6749141
          ]
        ]
      },
      "id": "way/561484130"
    },
    {
      "type": "Feature",
      "properties": {
        "@id": "way/561484131",
        "layer": "-1",
        "name": "Banaba Creek",
        "tunnel": "culvert",
        "waterway": "river"
      },
      "geometry": {
        "type": "LineString",
        "coordinates": [
          [
            121.1137992,
            14.6769612
          ],
          [
            121.113739,
            14.676905
          ],
          [
            121.1136848,
            14.6768477
          ]
        ]
      },
      "id": "way/561484131"
    },
    {
      "type": "Feature",
      "properties": {
        "@id": "way/572136881",
        "layer": "-1",
        "tunnel": "yes",
        "waterway": "drain"
      },
      "geometry": {
        "type": "LineString",
        "coordinates": [
          [
            121.0741089,
            14.6708948
          ],
          [
            121.0740073,
            14.6709036
          ]
        ]
      },
      "id": "way/572136881"
    },
    {
      "type": "Feature",
      "properties": {
        "@id": "way/572136882",
        "name": "Luzon Creek",
        "waterway": "drain"
      },
      "geometry": {
        "type": "LineString",
        "coordinates": [
          [
            121.0747942,
            14.672227
          ],
          [
            121.0747979,
            14.6712706
          ],
          [
            121.0745233,
            14.6712752
          ],
          [
            121.0745227,
            14.6712443
          ]
        ]
      },
      "id": "way/572136882"
    },
    {
      "type": "Feature",
      "properties": {
        "@id": "way/572401165",
        "boat": "no",
        "layer": "-1",
        "tunnel": "yes",
        "waterway": "stream"
      },
      "geometry": {
        "type": "LineString",
        "coordinates": [
          [
            121.0703046,
            14.6656849
          ],
          [
            121.0701598,
            14.6657077
          ]
        ]
      },
      "id": "way/572401165"
    },
    {
      "type": "Feature",
      "properties": {
        "@id": "way/585012391",
        "name": "Pasong Tamo Creek",
        "waterway": "stream"
      },
      "geometry": {
        "type": "LineString",
        "coordinates": [
          [
            121.0750755,
            14.6803921
          ],
          [
            121.0750654,
            14.6804533
          ],
          [
            121.0750438,
            14.6805298
          ],
          [
            121.0749919,
            14.6806131
          ],
          [
            121.074942,
            14.6806796
          ],
          [
            121.0748922,
            14.6807224
          ],
          [
            121.074764,
            14.680769
          ],
          [
            121.0746937,
            14.6808059
          ],
          [
            121.0746483,
            14.6808217
          ],
          [
            121.074553,
            14.6808662
          ],
          [
            121.0745059,
            14.6808892
          ],
          [
            121.074406,
            14.6809346
          ],
          [
            121.0743456,
            14.6809378
          ],
          [
            121.0742813,
            14.680932
          ],
          [
            121.0741901,
            14.6809015
          ],
          [
            121.0740935,
            14.6808554
          ],
          [
            121.0740378,
            14.6808036
          ],
          [
            121.0739936,
            14.6807406
          ],
          [
            121.0739507,
            14.6806433
          ],
          [
            121.0739178,
            14.6805616
          ],
          [
            121.0738716,
            14.6804967
          ],
          [
            121.0738137,
            14.6804516
          ],
          [
            121.0737713,
            14.6804306
          ],
          [
            121.0737126,
            14.680428
          ],
          [
            121.0736878,
            14.6804364
          ],
          [
            121.0736713,
            14.6804858
          ],
          [
            121.0736416,
            14.6805052
          ],
          [
            121.0735704,
            14.6805184
          ],
          [
            121.0734772,
            14.6805314
          ],
          [
            121.0732674,
            14.6805269
          ],
          [
            121.0731653,
            14.6805435
          ],
          [
            121.0731176,
            14.6805789
          ],
          [
            121.0730814,
            14.6806129
          ],
          [
            121.073043,
            14.6806801
          ],
          [
            121.0730409,
            14.6807674
          ],
          [
            121.0728588,
            14.6807788
          ],
          [
            121.0727948,
            14.6808965
          ],
          [
            121.072785,
            14.6809434
          ],
          [
            121.0727873,
            14.680993
          ],
          [
            121.0727888,
            14.6810669
          ],
          [
            121.0727752,
            14.681129
          ],
          [
            121.0727356,
            14.6812119
          ],
          [
            121.0727027,
            14.681263
          ],
          [
            121.0726121,
            14.6812963
          ],
          [
            121.0725562,
            14.681307
          ],
          [
            121.0725306,
            14.6813244
          ],
          [
            121.0724798,
            14.6813923
          ],
          [
            121.0724617,
            14.6814263
          ],
          [
            121.072447,
            14.6814561
          ],
          [
            121.072441,
            14.681473
          ],
          [
            121.0724319,
            14.6815057
          ],
          [
            121.0724279,
            14.6815125
          ],
          [
            121.0724185,
            14.6815193
          ],
          [
            121.0723757,
            14.6815656
          ],
          [
            121.0723261,
            14.6815914
          ],
          [
            121.0722779,
            14.6815973
          ],
          [
            121.0722413,
            14.6815956
          ],
          [
            121.0722042,
            14.6816067
          ],
          [
            121.0721291,
            14.6816256
          ],
          [
            121.0720126,
            14.6816608
          ],
          [
            121.0718483,
            14.6817421
          ]
        ]
      },
      "id": "way/585012391"
    },
    {
      "type": "Feature",
      "properties": {
        "@id": "way/586661077",
        "name": "Hakbangan Creek",
        "waterway": "drain"
      },
      "geometry": {
        "type": "LineString",
        "coordinates": [
          [
            121.0978309,
            14.611992
          ],
          [
            121.0978525,
            14.6120036
          ],
          [
            121.0979746,
            14.6119744
          ],
          [
            121.098008,
            14.611996
          ],
          [
            121.0981179,
            14.6122388
          ],
          [
            121.0988007,
            14.6122189
          ],
          [
            121.0989151,
            14.6123036
          ],
          [
            121.0989389,
            14.6124118
          ],
          [
            121.0989656,
            14.6124435
          ],
          [
            121.0990228,
            14.6124489
          ],
          [
            121.0991509,
            14.6124194
          ],
          [
            121.0992551,
            14.6123984
          ],
          [
            121.0993744,
            14.6124137
          ],
          [
            121.0994599,
            14.6124828
          ],
          [
            121.0995551,
            14.6125813
          ],
          [
            121.0996456,
            14.6126426
          ]
        ]
      },
      "id": "way/586661077"
    },
    {
      "type": "Feature",
      "properties": {
        "@id": "way/587721248",
        "layer": "-1",
        "waterway": "stream"
      },
      "geometry": {
        "type": "LineString",
        "coordinates": [
          [
            121.115592,
            14.6110955
          ],
          [
            121.1153733,
            14.6111111
          ]
        ]
      },
      "id": "way/587721248"
    },
    {
      "type": "Feature",
      "properties": {
        "@id": "way/587721249",
        "waterway": "stream"
      },
      "geometry": {
        "type": "LineString",
        "coordinates": [
          [
            121.117579,
            14.6091141
          ],
          [
            121.1172427,
            14.6093443
          ],
          [
            121.1172092,
            14.6095314
          ],
          [
            121.1172613,
            14.6100466
          ],
          [
            121.1169267,
            14.6105357
          ],
          [
            121.1165666,
            14.6106359
          ],
          [
            121.1165581,
            14.61085
          ],
          [
            121.1163466,
            14.6110109
          ],
          [
            121.1160381,
            14.6110811
          ],
          [
            121.115592,
            14.6110955
          ]
        ]
      },
      "id": "way/587721249"
    },
    {
      "type": "Feature",
      "properties": {
        "@id": "way/602986181",
        "boat": "no",
        "waterway": "river"
      },
      "geometry": {
        "type": "LineString",
        "coordinates": [
          [
            121.0799741,
            14.6481652
          ],
          [
            121.0798776,
            14.6472909
          ],
          [
            121.0797352,
            14.6468062
          ],
          [
            121.0796336,
            14.6465301
          ],
          [
            121.0795254,
            14.6464211
          ],
          [
            121.0795201,
            14.6463258
          ],
          [
            121.079895,
            14.645989
          ]
        ]
      },
      "id": "way/602986181"
    },
    {
      "type": "Feature",
      "properties": {
        "@id": "way/617961499",
        "name": "Hakbangan Creek",
        "waterway": "drain"
      },
      "geometry": {
        "type": "LineString",
        "coordinates": [
          [
            121.0996456,
            14.6126426
          ],
          [
            121.0997157,
            14.6126907
          ],
          [
            121.0998024,
            14.6127335
          ],
          [
            121.1000476,
            14.6128357
          ],
          [
            121.1003195,
            14.6130411
          ],
          [
            121.1005113,
            14.6131372
          ],
          [
            121.1006225,
            14.6132501
          ],
          [
            121.1006596,
            14.6132878
          ],
          [
            121.1006835,
            14.6132908
          ],
          [
            121.1007029,
            14.6133071
          ],
          [
            121.1007441,
            14.6133662
          ],
          [
            121.1007803,
            14.6133915
          ],
          [
            121.1008337,
            14.6133885
          ]
        ]
      },
      "id": "way/617961499"
    },
    {
      "type": "Feature",
      "properties": {
        "@id": "way/617961500",
        "name": "Hakbangan Creek",
        "waterway": "stream"
      },
      "geometry": {
        "type": "LineString",
        "coordinates": [
          [
            121.1008337,
            14.6133885
          ],
          [
            121.1009592,
            14.6133415
          ],
          [
            121.1010373,
            14.6133333
          ],
          [
            121.1011302,
            14.6132793
          ],
          [
            121.1012032,
            14.6132264
          ],
          [
            121.1013843,
            14.6130237
          ],
          [
            121.101447,
            14.612964
          ],
          [
            121.1015382,
            14.6129253
          ]
        ]
      },
      "id": "way/617961500"
    },
    {
      "type": "Feature",
      "properties": {
        "@id": "way/638673723",
        "admin_level": "10",
        "boundary": "administrative",
        "name": "Nangka River",
        "waterway": "river"
      },
      "geometry": {
        "type": "LineString",
        "coordinates": [
          [
            121.1440242,
            14.6439842
          ],
          [
            121.1439629,
            14.6439466
          ],
          [
            121.1439145,
            14.6439112
          ],
          [
            121.143881,
            14.6438777
          ],
          [
            121.1438187,
            14.6438683
          ],
          [
            121.1437632,
            14.6438548
          ],
          [
            121.1437034,
            14.6438227
          ],
          [
            121.1436579,
            14.6437427
          ],
          [
            121.143574,
            14.643563
          ],
          [
            121.1435404,
            14.6435001
          ],
          [
            121.1434955,
            14.6434481
          ],
          [
            121.1434439,
            14.6433974
          ],
          [
            121.1433731,
            14.6433575
          ],
          [
            121.1433068,
            14.6433178
          ],
          [
            121.1432708,
            14.6432038
          ],
          [
            121.1432007,
            14.6429932
          ],
          [
            121.1431817,
            14.642863
          ],
          [
            121.1431559,
            14.6427571
          ],
          [
            121.143132,
            14.642658
          ],
          [
            121.1429375,
            14.6422872
          ],
          [
            121.1428446,
            14.6422051
          ],
          [
            121.1427645,
            14.6421381
          ],
          [
            121.1426432,
            14.6421499
          ],
          [
            121.1424419,
            14.642231
          ],
          [
            121.1423026,
            14.6422457
          ],
          [
            121.1421203,
            14.6422676
          ],
          [
            121.1418891,
            14.6422867
          ],
          [
            121.1417874,
            14.6423153
          ],
          [
            121.1415162,
            14.6423167
          ],
          [
            121.1409717,
            14.642217
          ],
          [
            121.1407577,
            14.6421598
          ],
          [
            121.1405052,
            14.6421279
          ],
          [
            121.1402487,
            14.6420795
          ],
          [
            121.1400613,
            14.6420984
          ],
          [
            121.1398695,
            14.6421895
          ],
          [
            121.1396278,
            14.6423402
          ],
          [
            121.1392953,
            14.6426885
          ],
          [
            121.1391909,
            14.642831
          ],
          [
            121.1390935,
            14.6431547
          ],
          [
            121.1389829,
            14.6435263
          ],
          [
            121.1389751,
            14.6438011
          ],
          [
            121.1388388,
            14.6442456
          ],
          [
            121.1389037,
            14.6447767
          ],
          [
            121.1390542,
            14.6454734
          ],
          [
            121.139066,
            14.6459014
          ],
          [
            121.1390168,
            14.6460952
          ],
          [
            121.1389092,
            14.6463998
          ],
          [
            121.1387786,
            14.6466446
          ],
          [
            121.1386439,
            14.646799
          ],
          [
            121.1383729,
            14.6469866
          ],
          [
            121.1381971,
            14.6470708
          ],
          [
            121.1380206,
            14.6471825
          ],
          [
            121.1378603,
            14.6473335
          ],
          [
            121.1377594,
            14.6474861
          ],
          [
            121.1376713,
            14.6477283
          ],
          [
            121.137452,
            14.6482728
          ],
          [
            121.1373998,
            14.6483214
          ],
          [
            121.1373205,
            14.6483639
          ],
          [
            121.1371323,
            14.6483919
          ],
          [
            121.1369337,
            14.6484043
          ],
          [
            121.136714,
            14.6483961
          ],
          [
            121.1365481,
            14.6483755
          ],
          [
            121.13646,
            14.6483344
          ],
          [
            121.1363313,
            14.6482023
          ],
          [
            121.1358403,
            14.6477234
          ],
          [
            121.1350231,
            14.6470762
          ],
          [
            121.1346121,
            14.6468869
          ],
          [
            121.134463,
            14.6468551
          ],
          [
            121.134317,
            14.6468635
          ],
          [
            121.1340545,
            14.6469288
          ],
          [
            121.1336329,
            14.6470986
          ],
          [
            121.1330073,
            14.6474383
          ],
          [
            121.1327822,
            14.6475987
          ],
          [
            121.1326491,
            14.6477109
          ],
          [
            121.1326014,
            14.6477622
          ],
          [
            121.1325863,
            14.6478415
          ],
          [
            121.1325985,
            14.6479114
          ],
          [
            121.1326319,
            14.6479675
          ],
          [
            121.1327287,
            14.6480167
          ],
          [
            121.1328431,
            14.6480693
          ],
          [
            121.1331029,
            14.6481433
          ],
          [
            121.1333237,
            14.6481831
          ],
          [
            121.1334577,
            14.648202
          ],
          [
            121.1335776,
            14.6482347
          ],
          [
            121.1337818,
            14.6483034
          ],
          [
            121.1340204,
            14.6483655
          ],
          [
            121.1341933,
            14.6484829
          ],
          [
            121.1343551,
            14.6486287
          ],
          [
            121.1346166,
            14.6488201
          ],
          [
            121.1347571,
            14.6489672
          ],
          [
            121.1348575,
            14.649091
          ],
          [
            121.1348967,
            14.6492065
          ],
          [
            121.1349113,
            14.6493051
          ],
          [
            121.1349471,
            14.64939
          ],
          [
            121.1350191,
            14.6494841
          ],
          [
            121.1350975,
            14.6495962
          ],
          [
            121.135176,
            14.6497494
          ],
          [
            121.1352429,
            14.6498237
          ],
          [
            121.1354089,
            14.6499323
          ],
          [
            121.1356308,
            14.6500716
          ],
          [
            121.1357849,
            14.6501821
          ],
          [
            121.135992,
            14.6502645
          ],
          [
            121.1362948,
            14.6504042
          ],
          [
            121.136409,
            14.6504701
          ],
          [
            121.1364712,
            14.65054
          ],
          [
            121.1364995,
            14.6506128
          ],
          [
            121.136522,
            14.6507977
          ],
          [
            121.1365677,
            14.6510264
          ],
          [
            121.1365389,
            14.6512261
          ],
          [
            121.1364967,
            14.6513138
          ],
          [
            121.1364194,
            14.6513861
          ],
          [
            121.1363164,
            14.6514652
          ],
          [
            121.1362099,
            14.6514895
          ],
          [
            121.1361353,
            14.6514905
          ],
          [
            121.1360395,
            14.651471
          ],
          [
            121.1359612,
            14.6514526
          ],
          [
            121.1358951,
            14.6514474
          ],
          [
            121.1357859,
            14.6514857
          ],
          [
            121.1356342,
            14.6515754
          ],
          [
            121.1354017,
            14.6517753
          ],
          [
            121.1351785,
            14.6519673
          ],
          [
            121.134828,
            14.6522117
          ],
          [
            121.1345883,
            14.6523474
          ],
          [
            121.1343202,
            14.6524488
          ],
          [
            121.1340073,
            14.6525868
          ],
          [
            121.1337685,
            14.6527569
          ],
          [
            121.133434,
            14.653224
          ],
          [
            121.1333336,
            14.6534098
          ],
          [
            121.1332746,
            14.6536181
          ]
        ]
      },
      "id": "way/638673723"
    },
    {
      "type": "Feature",
      "properties": {
        "@id": "way/638673728",
        "name": "Nangka River",
        "waterway": "river"
      },
      "geometry": {
        "type": "LineString",
        "coordinates": [
          [
            121.1332746,
            14.6536181
          ],
          [
            121.133272,
            14.653672
          ],
          [
            121.1332777,
            14.6537209
          ],
          [
            121.1332971,
            14.6537655
          ],
          [
            121.1333196,
            14.6538017
          ],
          [
            121.1333517,
            14.6538334
          ],
          [
            121.1335098,
            14.6539464
          ],
          [
            121.1341822,
            14.6543798
          ],
          [
            121.1344192,
            14.6545495
          ],
          [
            121.1345651,
            14.6546916
          ],
          [
            121.1346392,
            14.6548501
          ],
          [
            121.134655,
            14.6550556
          ],
          [
            121.1345911,
            14.6553488
          ],
          [
            121.1346116,
            14.6556863
          ],
          [
            121.1346161,
            14.6557603
          ],
          [
            121.134625,
            14.6558873
          ],
          [
            121.1347653,
            14.6565549
          ],
          [
            121.1349506,
            14.6569701
          ],
          [
            121.1350232,
            14.6575236
          ],
          [
            121.1349772,
            14.6577801
          ],
          [
            121.1348048,
            14.6583397
          ],
          [
            121.1346892,
            14.6587575
          ],
          [
            121.1343869,
            14.6593915
          ],
          [
            121.1341725,
            14.6598098
          ],
          [
            121.1337232,
            14.6605066
          ],
          [
            121.1335078,
            14.6607744
          ],
          [
            121.1332554,
            14.6610125
          ],
          [
            121.1329859,
            14.6614291
          ],
          [
            121.1328047,
            14.6617446
          ],
          [
            121.132442,
            14.6624383
          ],
          [
            121.1322699,
            14.6627807
          ],
          [
            121.1320669,
            14.6631201
          ],
          [
            121.1319309,
            14.6633978
          ],
          [
            121.131763,
            14.663683
          ],
          [
            121.1309249,
            14.6646237
          ],
          [
            121.1308148,
            14.6648496
          ],
          [
            121.1307135,
            14.6649537
          ],
          [
            121.1306321,
            14.6651398
          ],
          [
            121.1305907,
            14.6653528
          ],
          [
            121.1305584,
            14.6657585
          ],
          [
            121.1305787,
            14.6662771
          ],
          [
            121.1305851,
            14.6663314
          ],
          [
            121.1306489,
            14.6664113
          ],
          [
            121.1308484,
            14.6666076
          ],
          [
            121.130974,
            14.6667049
          ],
          [
            121.1310173,
            14.6667922
          ],
          [
            121.1310492,
            14.6668712
          ],
          [
            121.1310883,
            14.6670193
          ],
          [
            121.1311762,
            14.6677107
          ],
          [
            121.1311662,
            14.6677865
          ],
          [
            121.1311483,
            14.6678309
          ],
          [
            121.1310755,
            14.6678996
          ],
          [
            121.1309521,
            14.667954
          ],
          [
            121.1307078,
            14.6680233
          ],
          [
            121.1303445,
            14.6681525
          ],
          [
            121.1299812,
            14.6683518
          ],
          [
            121.1299071,
            14.668408
          ],
          [
            121.1298874,
            14.6684944
          ],
          [
            121.1298171,
            14.6685921
          ],
          [
            121.1297335,
            14.6686235
          ],
          [
            121.129586,
            14.6686389
          ],
          [
            121.1293517,
            14.6686486
          ],
          [
            121.1289662,
            14.6687289
          ],
          [
            121.1283873,
            14.6689511
          ],
          [
            121.1280243,
            14.669069
          ],
          [
            121.127672,
            14.6691528
          ],
          [
            121.1274345,
            14.6691768
          ],
          [
            121.1271224,
            14.6692851
          ],
          [
            121.1268696,
            14.6694047
          ],
          [
            121.1265707,
            14.669617
          ],
          [
            121.1263608,
            14.6697347
          ],
          [
            121.1262917,
            14.6697665
          ],
          [
            121.1260542,
            14.6698126
          ],
          [
            121.1257429,
            14.6699443
          ],
          [
            121.1256143,
            14.6700216
          ],
          [
            121.1255662,
            14.6700438
          ],
          [
            121.1255368,
            14.6700509
          ],
          [
            121.1255095,
            14.6700462
          ],
          [
            121.1254754,
            14.6700251
          ],
          [
            121.1254494,
            14.6700011
          ],
          [
            121.1253426,
            14.6698577
          ],
          [
            121.125251,
            14.669748
          ],
          [
            121.1252425,
            14.6697054
          ],
          [
            121.1252533,
            14.6695044
          ],
          [
            121.1252481,
            14.6694335
          ],
          [
            121.1252449,
            14.6694047
          ],
          [
            121.1251755,
            14.6692653
          ],
          [
            121.1249485,
            14.6688399
          ],
          [
            121.1245501,
            14.6679925
          ],
          [
            121.1245321,
            14.6679066
          ],
          [
            121.1245303,
            14.6678246
          ],
          [
            121.1245356,
            14.6677787
          ],
          [
            121.1245471,
            14.6677319
          ],
          [
            121.1245629,
            14.6676881
          ],
          [
            121.1245909,
            14.6676501
          ],
          [
            121.1246688,
            14.6676013
          ],
          [
            121.1247467,
            14.667578
          ],
          [
            121.1247965,
            14.6675567
          ],
          [
            121.1248641,
            14.6674828
          ],
          [
            121.1249252,
            14.6673763
          ],
          [
            121.1249829,
            14.6673264
          ],
          [
            121.1250926,
            14.6672707
          ],
          [
            121.1251215,
            14.6672227
          ],
          [
            121.1251445,
            14.6671639
          ],
          [
            121.1251588,
            14.6671092
          ],
          [
            121.1251519,
            14.6670553
          ],
          [
            121.125124,
            14.6669653
          ],
          [
            121.1250882,
            14.666919
          ],
          [
            121.1249558,
            14.6668206
          ],
          [
            121.1247805,
            14.666727
          ],
          [
            121.1242624,
            14.6665744
          ],
          [
            121.1240299,
            14.6665447
          ],
          [
            121.1237193,
            14.6665405
          ],
          [
            121.1231002,
            14.6665123
          ],
          [
            121.122739,
            14.6664983
          ],
          [
            121.1225567,
            14.6664168
          ],
          [
            121.1224275,
            14.6664023
          ],
          [
            121.1221297,
            14.6664537
          ],
          [
            121.1219146,
            14.6665423
          ],
          [
            121.1215634,
            14.666684
          ],
          [
            121.1214649,
            14.6667607
          ],
          [
            121.1214125,
            14.6668014
          ]
        ]
      },
      "id": "way/638673728"
    },
    {
      "type": "Feature",
      "properties": {
        "@id": "way/653937272",
        "layer": "-1",
        "name": "Banaba Creek",
        "tunnel": "culvert",
        "waterway": "stream"
      },
      "geometry": {
        "type": "LineString",
        "coordinates": [
          [
            121.1314631,
            14.6716542
          ],
          [
            121.1314917,
            14.6717434
          ]
        ]
      },
      "id": "way/653937272"
    },
    {
      "type": "Feature",
      "properties": {
        "@id": "way/653937273",
        "name": "Banaba Creek",
        "waterway": "stream"
      },
      "geometry": {
        "type": "LineString",
        "coordinates": [
          [
            121.1226598,
            14.675969
          ],
          [
            121.1221413,
            14.6761963
          ],
          [
            121.1219138,
            14.6763084
          ],
          [
            121.1215742,
            14.6764782
          ],
          [
            121.121255,
            14.6769061
          ],
          [
            121.1211425,
            14.6769443
          ],
          [
            121.1209839,
            14.6769956
          ],
          [
            121.1208183,
            14.6770238
          ],
          [
            121.1206432,
            14.6769999
          ],
          [
            121.1205529,
            14.6770004
          ],
          [
            121.1204977,
            14.6770181
          ],
          [
            121.1204162,
            14.676974
          ],
          [
            121.1203788,
            14.6769027
          ],
          [
            121.1203313,
            14.6768585
          ],
          [
            121.1201819,
            14.6768619
          ],
          [
            121.1200902,
            14.6768925
          ],
          [
            121.1199951,
            14.6769502
          ],
          [
            121.119917,
            14.6770215
          ],
          [
            121.1198355,
            14.6770895
          ],
          [
            121.1198355,
            14.6771336
          ],
          [
            121.1198491,
            14.6771947
          ],
          [
            121.1198457,
            14.677266
          ],
          [
            121.1197812,
            14.6773
          ],
          [
            121.1196895,
            14.6773577
          ],
          [
            121.1196793,
            14.6773985
          ],
          [
            121.1197132,
            14.6774562
          ],
          [
            121.119737,
            14.677514
          ],
          [
            121.1197336,
            14.6775751
          ],
          [
            121.1196759,
            14.6776464
          ],
          [
            121.1196181,
            14.6776736
          ],
          [
            121.1194993,
            14.6777143
          ],
          [
            121.1194483,
            14.6777754
          ],
          [
            121.1194348,
            14.6778502
          ],
          [
            121.1194382,
            14.6779215
          ],
          [
            121.1194212,
            14.6779826
          ],
          [
            121.119377,
            14.6781015
          ],
          [
            121.1192819,
            14.6781694
          ],
          [
            121.1191767,
            14.6782135
          ],
          [
            121.1190374,
            14.6782339
          ],
          [
            121.1188626,
            14.6782841
          ],
          [
            121.1188316,
            14.6783569
          ],
          [
            121.1187407,
            14.6784238
          ],
          [
            121.1185989,
            14.6784345
          ],
          [
            121.118516,
            14.6784479
          ],
          [
            121.1184613,
            14.6784554
          ],
          [
            121.1184091,
            14.6784505
          ],
          [
            121.118367,
            14.6784226
          ],
          [
            121.1183609,
            14.6783542
          ],
          [
            121.118393,
            14.6782553
          ],
          [
            121.1183848,
            14.6781687
          ],
          [
            121.1183386,
            14.6781382
          ],
          [
            121.1182467,
            14.6781375
          ],
          [
            121.1181662,
            14.6781298
          ],
          [
            121.1181202,
            14.6780814
          ],
          [
            121.1181148,
            14.6779959
          ],
          [
            121.1180908,
            14.677929
          ],
          [
            121.1180533,
            14.6779129
          ],
          [
            121.1179945,
            14.6779183
          ],
          [
            121.117949,
            14.677945
          ],
          [
            121.11785,
            14.677966
          ],
          [
            121.1177739,
            14.6779508
          ],
          [
            121.1177511,
            14.6778969
          ],
          [
            121.1177628,
            14.6778849
          ],
          [
            121.1177284,
            14.6777905
          ],
          [
            121.1176794,
            14.6775989
          ],
          [
            121.1176412,
            14.6775401
          ],
          [
            121.1175639,
            14.6775144
          ],
          [
            121.1175057,
            14.6774645
          ],
          [
            121.1174112,
            14.6774668
          ],
          [
            121.1173365,
            14.6774716
          ],
          [
            121.1171302,
            14.677447
          ],
          [
            121.1170561,
            14.6774211
          ],
          [
            121.1169452,
            14.6773444
          ],
          [
            121.116806,
            14.6773131
          ],
          [
            121.1167507,
            14.6772936
          ],
          [
            121.1166662,
            14.6772859
          ],
          [
            121.1166469,
            14.6772871
          ],
          [
            121.1165108,
            14.6772148
          ],
          [
            121.1163963,
            14.6772035
          ],
          [
            121.1162568,
            14.6771997
          ],
          [
            121.1161606,
            14.6772377
          ],
          [
            121.1160805,
            14.6772917
          ],
          [
            121.115997,
            14.6773178
          ],
          [
            121.1159379,
            14.6772847
          ],
          [
            121.1158352,
            14.6771873
          ],
          [
            121.1157743,
            14.6771438
          ],
          [
            121.1156891,
            14.6771212
          ],
          [
            121.1154939,
            14.6771374
          ],
          [
            121.1153358,
            14.6771333
          ],
          [
            121.115261,
            14.677149
          ],
          [
            121.115228,
            14.6772569
          ],
          [
            121.1151879,
            14.6773926
          ],
          [
            121.1151348,
            14.6774836
          ],
          [
            121.1150987,
            14.6775491
          ],
          [
            121.1150495,
            14.6775727
          ],
          [
            121.1149935,
            14.67753
          ],
          [
            121.1149613,
            14.6775008
          ],
          [
            121.11496,
            14.6774291
          ],
          [
            121.1149374,
            14.6773021
          ],
          [
            121.1149374,
            14.6772203
          ],
          [
            121.1148863,
            14.6771596
          ],
          [
            121.1148006,
            14.6771632
          ],
          [
            121.1146032,
            14.677296
          ],
          [
            121.1144058,
            14.6773043
          ],
          [
            121.1142341,
            14.677296
          ],
          [
            121.1141139,
            14.6771715
          ],
          [
            121.1137992,
            14.6769612
          ]
        ]
      },
      "id": "way/653937273"
    },
    {
      "type": "Feature",
      "properties": {
        "@id": "way/670821768",
        "boat": "no",
        "layer": "-1",
        "tunnel": "culvert",
        "waterway": "stream"
      },
      "geometry": {
        "type": "LineString",
        "coordinates": [
          [
            121.0748781,
            14.6632772
          ],
          [
            121.0743981,
            14.6634714
          ]
        ]
      },
      "id": "way/670821768"
    },
    {
      "type": "Feature",
      "properties": {
        "@id": "way/670821769",
        "boat": "no",
        "name": "Tandang Sora Creek",
        "waterway": "stream"
      },
      "geometry": {
        "type": "LineString",
        "coordinates": [
          [
            121.0756686,
            14.6626423
          ],
          [
            121.0755452,
            14.662759
          ],
          [
            121.0753548,
            14.6628135
          ],
          [
            121.0752127,
            14.662868
          ],
          [
            121.0750054,
            14.6630332
          ],
          [
            121.0748781,
            14.6632772
          ]
        ]
      },
      "id": "way/670821769"
    },
    {
      "type": "Feature",
      "properties": {
        "@id": "way/670938665",
        "name": "Luzon Creek",
        "waterway": "stream"
      },
      "geometry": {
        "type": "LineString",
        "coordinates": [
          [
            121.0684325,
            14.669692
          ],
          [
            121.0682405,
            14.6696385
          ],
          [
            121.0681437,
            14.6695899
          ],
          [
            121.0680539,
            14.6695977
          ],
          [
            121.0678902,
            14.6695672
          ],
          [
            121.0677188,
            14.6695704
          ],
          [
            121.0674303,
            14.6694741
          ],
          [
            121.0671255,
            14.6693504
          ],
          [
            121.0669068,
            14.6691406
          ],
          [
            121.0668489,
            14.6690566
          ],
          [
            121.0667173,
            14.6689513
          ],
          [
            121.066194,
            14.6690045
          ]
        ]
      },
      "id": "way/670938665"
    },
    {
      "type": "Feature",
      "properties": {
        "@id": "way/670938666",
        "layer": "-1",
        "name": "Luzon Creek",
        "tunnel": "culvert",
        "waterway": "stream"
      },
      "geometry": {
        "type": "LineString",
        "coordinates": [
          [
            121.0687272,
            14.6699076
          ],
          [
            121.0684325,
            14.669692
          ]
        ]
      },
      "id": "way/670938666"
    },
    {
      "type": "Feature",
      "properties": {
        "@id": "way/677318407",
        "name": "Pasong Tamo Creek",
        "waterway": "drain"
      },
      "geometry": {
        "type": "LineString",
        "coordinates": [
          [
            121.0717958,
            14.6818461
          ],
          [
            121.0717834,
            14.6818811
          ],
          [
            121.0717564,
            14.6819092
          ],
          [
            121.0716936,
            14.6819392
          ],
          [
            121.0716075,
            14.6819572
          ],
          [
            121.0715188,
            14.6819703
          ],
          [
            121.0715066,
            14.6820273
          ],
          [
            121.0714947,
            14.6820627
          ],
          [
            121.0714137,
            14.6820912
          ],
          [
            121.0713047,
            14.6820924
          ],
          [
            121.0712474,
            14.6821011
          ],
          [
            121.0711772,
            14.6821185
          ],
          [
            121.0711253,
            14.6821236
          ],
          [
            121.0711099,
            14.6821367
          ],
          [
            121.0709911,
            14.6821536
          ],
          [
            121.0708763,
            14.6821542
          ],
          [
            121.0707688,
            14.6821484
          ],
          [
            121.0706856,
            14.6821422
          ],
          [
            121.0706052,
            14.6821607
          ],
          [
            121.0705771,
            14.6821988
          ],
          [
            121.0705835,
            14.682229
          ],
          [
            121.0706196,
            14.6822893
          ],
          [
            121.0705766,
            14.6823904
          ],
          [
            121.0705565,
            14.6824374
          ],
          [
            121.0705096,
            14.6825339
          ],
          [
            121.0704736,
            14.6825622
          ],
          [
            121.0703956,
            14.6825715
          ],
          [
            121.0702684,
            14.6825782
          ],
          [
            121.0701998,
            14.6825852
          ],
          [
            121.0701005,
            14.6825827
          ],
          [
            121.0700331,
            14.6825822
          ],
          [
            121.0699315,
            14.6825922
          ],
          [
            121.0698226,
            14.6825919
          ],
          [
            121.0697222,
            14.682579
          ]
        ]
      },
      "id": "way/677318407"
    },
    {
      "type": "Feature",
      "properties": {
        "@id": "way/693436155",
        "layer": "-1",
        "tunnel": "culvert",
        "waterway": "drain"
      },
      "geometry": {
        "type": "LineString",
        "coordinates": [
          [
            121.1165476,
            14.6801185
          ],
          [
            121.1165208,
            14.6801161
          ]
        ]
      },
      "id": "way/693436155"
    },
    {
      "type": "Feature",
      "properties": {
        "@id": "way/693436156",
        "layer": "-1",
        "tunnel": "culvert",
        "waterway": "drain"
      },
      "geometry": {
        "type": "LineString",
        "coordinates": [
          [
            121.1168509,
            14.680164
          ],
          [
            121.1167716,
            14.6801314
          ],
          [
            121.1165476,
            14.6801185
          ]
        ]
      },
      "id": "way/693436156"
    },
    {
      "type": "Feature",
      "properties": {
        "@id": "way/693438091",
        "waterway": "stream"
      },
      "geometry": {
        "type": "LineString",
        "coordinates": [
          [
            121.112122,
            14.6362656
          ],
          [
            121.111763,
            14.6361556
          ]
        ]
      },
      "id": "way/693438091"
    },
    {
      "type": "Feature",
      "properties": {
        "@id": "way/693438092",
        "waterway": "stream"
      },
      "geometry": {
        "type": "LineString",
        "coordinates": [
          [
            121.1123266,
            14.6363741
          ],
          [
            121.112122,
            14.6362656
          ]
        ]
      },
      "id": "way/693438092"
    },
    {
      "type": "Feature",
      "properties": {
        "@id": "way/693469726",
        "waterway": "stream"
      },
      "geometry": {
        "type": "LineString",
        "coordinates": [
          [
            121.1243729,
            14.6281962
          ],
          [
            121.1243468,
            14.6282458
          ],
          [
            121.1243488,
            14.628382
          ],
          [
            121.1243928,
            14.6285108
          ],
          [
            121.1243561,
            14.6286521
          ],
          [
            121.124315,
            14.6287841
          ],
          [
            121.1244359,
            14.6291292
          ],
          [
            121.1244139,
            14.6291664
          ],
          [
            121.1242392,
            14.6292699
          ],
          [
            121.1242053,
            14.629344
          ],
          [
            121.1242656,
            14.6294523
          ]
        ]
      },
      "id": "way/693469726"
    },
    {
      "type": "Feature",
      "properties": {
        "@id": "way/693469727",
        "layer": "-1",
        "waterway": "stream"
      },
      "geometry": {
        "type": "LineString",
        "coordinates": [
          [
            121.1244626,
            14.6280947
          ],
          [
            121.1243729,
            14.6281962
          ]
        ]
      },
      "id": "way/693469727"
    },
    {
      "type": "Feature",
      "properties": {
        "@id": "way/693469730",
        "waterway": "river"
      },
      "geometry": {
        "type": "LineString",
        "coordinates": [
          [
            121.1237896,
            14.6293993
          ],
          [
            121.12319,
            14.6295804
          ],
          [
            121.1220545,
            14.6299341
          ],
          [
            121.1217189,
            14.6300452
          ],
          [
            121.1215829,
            14.6301324
          ],
          [
            121.1213328,
            14.6303927
          ],
          [
            121.1210804,
            14.631012
          ],
          [
            121.1210579,
            14.6317943
          ],
          [
            121.1210041,
            14.6320543
          ],
          [
            121.120713,
            14.6329043
          ],
          [
            121.1208197,
            14.6331831
          ],
          [
            121.1208298,
            14.6332699
          ],
          [
            121.120793,
            14.6333843
          ],
          [
            121.120724,
            14.6334896
          ]
        ]
      },
      "id": "way/693469730"
    },
    {
      "type": "Feature",
      "properties": {
        "@id": "way/693469731",
        "layer": "-1",
        "tunnel": "culvert",
        "waterway": "stream"
      },
      "geometry": {
        "type": "LineString",
        "coordinates": [
          [
            121.1238497,
            14.6293866
          ],
          [
            121.1237896,
            14.6293993
          ]
        ]
      },
      "id": "way/693469731"
    },
    {
      "type": "Feature",
      "properties": {
        "@id": "way/693655537",
        "layer": "-1",
        "tunnel": "culvert",
        "waterway": "river"
      },
      "geometry": {
        "type": "LineString",
        "coordinates": [
          [
            121.1261202,
            14.6348458
          ],
          [
            121.1261006,
            14.6349111
          ]
        ]
      },
      "id": "way/693655537"
    },
    {
      "type": "Feature",
      "properties": {
        "@id": "way/693655538",
        "waterway": "river"
      },
      "geometry": {
        "type": "LineString",
        "coordinates": [
          [
            121.1261695,
            14.6346661
          ],
          [
            121.1261202,
            14.6348458
          ]
        ]
      },
      "id": "way/693655538"
    },
    {
      "type": "Feature",
      "properties": {
        "@id": "way/795212376",
        "layer": "-1",
        "name": "Pasong Tamo Creek",
        "tunnel": "culvert",
        "waterway": "stream"
      },
      "geometry": {
        "type": "LineString",
        "coordinates": [
          [
            121.0718483,
            14.6817421
          ],
          [
            121.0717958,
            14.6818461
          ]
        ]
      },
      "id": "way/795212376"
    },
    {
      "type": "Feature",
      "properties": {
        "@id": "way/803166448",
        "boat": "no",
        "layer": "-1",
        "tunnel": "culvert",
        "waterway": "drain"
      },
      "geometry": {
        "type": "LineString",
        "coordinates": [
          [
            121.0658017,
            14.6215006
          ],
          [
            121.0657507,
            14.6214727
          ]
        ]
      },
      "id": "way/803166448"
    },
    {
      "type": "Feature",
      "properties": {
        "@id": "way/803166449",
        "boat": "no",
        "layer": "-1",
        "tunnel": "culvert",
        "waterway": "drain"
      },
      "geometry": {
        "type": "LineString",
        "coordinates": [
          [
            121.0657507,
            14.6214727
          ],
          [
            121.065717,
            14.6214617
          ]
        ]
      },
      "id": "way/803166449"
    },
    {
      "type": "Feature",
      "properties": {
        "@id": "way/803520066",
        "boat": "no",
        "waterway": "river"
      },
      "geometry": {
        "type": "LineString",
        "coordinates": [
          [
            121.0625817,
            14.6275669
          ],
          [
            121.0625455,
            14.6276451
          ]
        ]
      },
      "id": "way/803520066"
    },
    {
      "type": "Feature",
      "properties": {
        "@id": "way/803520067",
        "boat": "no",
        "waterway": "river"
      },
      "geometry": {
        "type": "LineString",
        "coordinates": [
          [
            121.0626492,
            14.6274791
          ],
          [
            121.0625817,
            14.6275669
          ]
        ]
      },
      "id": "way/803520067"
    },
    {
      "type": "Feature",
      "properties": {
        "@id": "way/812403270",
        "layer": "-1",
        "name": "Tañong Creek",
        "name:en": "Tañong Creek",
        "tunnel": "culvert",
        "waterway": "stream"
      },
      "geometry": {
        "type": "LineString",
        "coordinates": [
          [
            121.0809748,
            14.6339206
          ],
          [
            121.081133,
            14.6336731
          ],
          [
            121.0812658,
            14.6334661
          ],
          [
            121.0813748,
            14.6334388
          ],
          [
            121.0814723,
            14.6333379
          ],
          [
            121.081481,
            14.6332903
          ],
          [
            121.0815125,
            14.6331763
          ]
        ]
      },
      "id": "way/812403270"
    },
    {
      "type": "Feature",
      "properties": {
        "@id": "way/812403271",
        "name": "Tañong Creek",
        "name:en": "Tañong Creek",
        "waterway": "drain"
      },
      "geometry": {
        "type": "LineString",
        "coordinates": [
          [
            121.0806569,
            14.6347644
          ],
          [
            121.0806998,
            14.6345464
          ],
          [
            121.0807213,
            14.6344115
          ],
          [
            121.0807427,
            14.6342454
          ],
          [
            121.0806998,
            14.6341797
          ],
          [
            121.0809748,
            14.6339206
          ]
        ]
      },
      "id": "way/812403271"
    },
    {
      "type": "Feature",
      "properties": {
        "@id": "way/813787819",
        "boat": "no",
        "layer": "-1",
        "tunnel": "culvert",
        "waterway": "stream"
      },
      "geometry": {
        "type": "LineString",
        "coordinates": [
          [
            121.0685931,
            14.6560372
          ],
          [
            121.0685466,
            14.6550065
          ]
        ]
      },
      "id": "way/813787819"
    },
    {
      "type": "Feature",
      "properties": {
        "@id": "way/834050736",
        "layer": "-1",
        "name": "Tañong Creek",
        "tunnel": "culvert",
        "waterway": "stream"
      },
      "geometry": {
        "type": "LineString",
        "coordinates": [
          [
            121.0862113,
            14.6347148
          ],
          [
            121.0862556,
            14.6346504
          ]
        ]
      },
      "id": "way/834050736"
    },
    {
      "type": "Feature",
      "properties": {
        "@id": "way/834050737",
        "name": "Tañong Creek",
        "waterway": "stream"
      },
      "geometry": {
        "type": "LineString",
        "coordinates": [
          [
            121.0860561,
            14.6348454
          ],
          [
            121.0862113,
            14.6347148
          ]
        ]
      },
      "id": "way/834050737"
    },
    {
      "type": "Feature",
      "properties": {
        "@id": "way/834050739",
        "layer": "-1",
        "name": "Tañong Creek",
        "tunnel": "culvert",
        "waterway": "stream"
      },
      "geometry": {
        "type": "LineString",
        "coordinates": [
          [
            121.0863546,
            14.6343194
          ],
          [
            121.0864872,
            14.6341591
          ],
          [
            121.0865415,
            14.6340612
          ],
          [
            121.0865505,
            14.6339663
          ],
          [
            121.0865386,
            14.6338328
          ],
          [
            121.086453,
            14.6335971
          ]
        ]
      },
      "id": "way/834050739"
    },
    {
      "type": "Feature",
      "properties": {
        "@id": "way/834050740",
        "name": "Tañong Creek",
        "waterway": "stream"
      },
      "geometry": {
        "type": "LineString",
        "coordinates": [
          [
            121.0862556,
            14.6346504
          ],
          [
            121.0862796,
            14.6344794
          ],
          [
            121.0863104,
            14.6343748
          ],
          [
            121.0863546,
            14.6343194
          ]
        ]
      },
      "id": "way/834050740"
    },
    {
      "type": "Feature",
      "properties": {
        "@id": "way/846602464",
        "waterway": "stream"
      },
      "geometry": {
        "type": "LineString",
        "coordinates": [
          [
            121.0622271,
            14.6543107
          ],
          [
            121.0619474,
            14.6542295
          ],
          [
            121.0616589,
            14.6543181
          ],
          [
            121.0601992,
            14.6542855
          ],
          [
            121.059885,
            14.6542919
          ],
          [
            121.0598518,
            14.6543094
          ],
          [
            121.0598222,
            14.6543264
          ],
          [
            121.059781,
            14.6543128
          ],
          [
            121.0597317,
            14.6543064
          ],
          [
            121.0596812,
            14.6542991
          ],
          [
            121.0596118,
            14.6542843
          ],
          [
            121.0595746,
            14.6542904
          ],
          [
            121.0595149,
            14.6543193
          ],
          [
            121.0594703,
            14.6543572
          ],
          [
            121.0593864,
            14.6543873
          ],
          [
            121.0593349,
            14.6543785
          ],
          [
            121.0593035,
            14.654353
          ],
          [
            121.0592159,
            14.6542926
          ],
          [
            121.0591479,
            14.6542638
          ],
          [
            121.0590673,
            14.6542386
          ],
          [
            121.0589884,
            14.6542305
          ],
          [
            121.0588995,
            14.6542404
          ],
          [
            121.058808,
            14.6542477
          ],
          [
            121.0587078,
            14.654244
          ],
          [
            121.0586077,
            14.6542045
          ]
        ]
      },
      "id": "way/846602464"
    },
    {
      "type": "Feature",
      "properties": {
        "@id": "way/846602465",
        "layer": "-1",
        "tunnel": "culvert",
        "waterway": "stream"
      },
      "geometry": {
        "type": "LineString",
        "coordinates": [
          [
            121.0624213,
            14.6543201
          ],
          [
            121.0622271,
            14.6543107
          ]
        ]
      },
      "id": "way/846602465"
    },
    {
      "type": "Feature",
      "properties": {
        "@id": "way/870633196",
        "waterway": "stream"
      },
      "geometry": {
        "type": "LineString",
        "coordinates": [
          [
            121.0957422,
            14.6600384
          ],
          [
            121.0959768,
            14.6599881
          ]
        ]
      },
      "id": "way/870633196"
    },
    {
      "type": "Feature",
      "properties": {
        "@id": "way/871220349",
        "layer": "-1",
        "name": "Banaba Creek",
        "tunnel": "culvert",
        "waterway": "stream"
      },
      "geometry": {
        "type": "LineString",
        "coordinates": [
          [
            121.1299555,
            14.6732011
          ],
          [
            121.1298542,
            14.6732141
          ],
          [
            121.1297449,
            14.6732282
          ]
        ]
      },
      "id": "way/871220349"
    },
    {
      "type": "Feature",
      "properties": {
        "@id": "way/871220350",
        "name": "Banaba Creek",
        "waterway": "stream"
      },
      "geometry": {
        "type": "LineString",
        "coordinates": [
          [
            121.1314917,
            14.6717434
          ],
          [
            121.1315162,
            14.6718546
          ],
          [
            121.1314599,
            14.671933
          ],
          [
            121.131344,
            14.6720012
          ],
          [
            121.1311701,
            14.6720762
          ],
          [
            121.1310422,
            14.6720882
          ],
          [
            121.1309195,
            14.6721206
          ],
          [
            121.1308155,
            14.6721495
          ],
          [
            121.1307422,
            14.6721666
          ],
          [
            121.1306501,
            14.6722467
          ],
          [
            121.1304207,
            14.672583
          ],
          [
            121.1301219,
            14.6729803
          ],
          [
            121.1300387,
            14.6730907
          ],
          [
            121.1299555,
            14.6732011
          ]
        ]
      },
      "id": "way/871220350"
    },
    {
      "type": "Feature",
      "properties": {
        "@id": "way/871220351",
        "layer": "-1",
        "name": "Banaba Creek",
        "tunnel": "culvert",
        "waterway": "stream"
      },
      "geometry": {
        "type": "LineString",
        "coordinates": [
          [
            121.1316213,
            14.6707438
          ],
          [
            121.1315966,
            14.6708359
          ]
        ]
      },
      "id": "way/871220351"
    },
    {
      "type": "Feature",
      "properties": {
        "@id": "way/871220352",
        "name": "Banaba Creek",
        "waterway": "stream"
      },
      "geometry": {
        "type": "LineString",
        "coordinates": [
          [
            121.1316705,
            14.6705279
          ],
          [
            121.1316213,
            14.6707438
          ]
        ]
      },
      "id": "way/871220352"
    },
    {
      "type": "Feature",
      "properties": {
        "@id": "way/871220353",
        "name": "Banaba Creek",
        "waterway": "stream"
      },
      "geometry": {
        "type": "LineString",
        "coordinates": [
          [
            121.1315966,
            14.6708359
          ],
          [
            121.1314375,
            14.6713829
          ],
          [
            121.1314108,
            14.6714945
          ],
          [
            121.1314631,
            14.6716542
          ]
        ]
      },
      "id": "way/871220353"
    },
    {
      "type": "Feature",
      "properties": {
        "@id": "way/871220354",
        "layer": "-1",
        "name": "Banaba Creek",
        "tunnel": "culvert",
        "waterway": "stream"
      },
      "geometry": {
        "type": "LineString",
        "coordinates": [
          [
            121.1316946,
            14.6704215
          ],
          [
            121.1316826,
            14.6704747
          ],
          [
            121.1316705,
            14.6705279
          ]
        ]
      },
      "id": "way/871220354"
    },
    {
      "type": "Feature",
      "properties": {
        "@id": "way/871220355",
        "name": "Banaba Creek",
        "waterway": "stream"
      },
      "geometry": {
        "type": "LineString",
        "coordinates": [
          [
            121.1318316,
            14.6696549
          ],
          [
            121.131819,
            14.6698573
          ],
          [
            121.1318633,
            14.669988
          ],
          [
            121.1318864,
            14.6701439
          ],
          [
            121.1318607,
            14.6702465
          ],
          [
            121.1318746,
            14.6703015
          ],
          [
            121.1319209,
            14.6703636
          ],
          [
            121.1317797,
            14.6703744
          ],
          [
            121.1317067,
            14.67038
          ],
          [
            121.1316946,
            14.6704215
          ]
        ]
      },
      "id": "way/871220355"
    },
    {
      "type": "Feature",
      "properties": {
        "@id": "way/871220356",
        "layer": "-1",
        "name": "Banaba Creek",
        "tunnel": "culvert",
        "waterway": "stream"
      },
      "geometry": {
        "type": "LineString",
        "coordinates": [
          [
            121.1318548,
            14.6694967
          ],
          [
            121.1318432,
            14.6695758
          ],
          [
            121.1318316,
            14.6696549
          ]
        ]
      },
      "id": "way/871220356"
    },
    {
      "type": "Feature",
      "properties": {
        "@id": "way/871651333",
        "waterway": "stream"
      },
      "geometry": {
        "type": "LineString",
        "coordinates": [
          [
            121.1464554,
            14.6719187
          ],
          [
            121.1464093,
            14.6718742
          ],
          [
            121.1462353,
            14.6717702
          ],
          [
            121.1461535,
            14.6716662
          ],
          [
            121.1460409,
            14.6715623
          ],
          [
            121.1459999,
            14.6714435
          ],
          [
            121.1460869,
            14.6712851
          ],
          [
            121.1460665,
            14.6711464
          ],
          [
            121.1459948,
            14.6710326
          ],
          [
            121.1459948,
            14.6709682
          ],
          [
            121.1460641,
            14.6708845
          ],
          [
            121.1461306,
            14.6707852
          ],
          [
            121.1461602,
            14.6706717
          ],
          [
            121.1462095,
            14.6705717
          ],
          [
            121.1462098,
            14.6704979
          ],
          [
            121.1462046,
            14.670394
          ],
          [
            121.1460358,
            14.6703197
          ],
          [
            121.1460231,
            14.6703181
          ]
        ]
      },
      "id": "way/871651333"
    },
    {
      "type": "Feature",
      "properties": {
        "@id": "way/871651334",
        "layer": "-1",
        "tunnel": "culvert",
        "waterway": "stream"
      },
      "geometry": {
        "type": "LineString",
        "coordinates": [
          [
            121.1460231,
            14.6703181
          ],
          [
            121.1459583,
            14.6703097
          ]
        ]
      },
      "id": "way/871651334"
    },
    {
      "type": "Feature",
      "properties": {
        "@id": "way/874524020",
        "layer": "-1",
        "tunnel": "culvert",
        "waterway": "stream"
      },
      "geometry": {
        "type": "LineString",
        "coordinates": [
          [
            121.1343008,
            14.6715997
          ],
          [
            121.1346109,
            14.671607
          ]
        ]
      },
      "id": "way/874524020"
    },
    {
      "type": "Feature",
      "properties": {
        "@id": "way/874524021",
        "waterway": "stream"
      },
      "geometry": {
        "type": "LineString",
        "coordinates": [
          [
            121.1319209,
            14.6703636
          ],
          [
            121.1321003,
            14.6704045
          ],
          [
            121.1322679,
            14.6705204
          ],
          [
            121.1324528,
            14.6707157
          ],
          [
            121.132682,
            14.6710401
          ],
          [
            121.1328224,
            14.6711527
          ],
          [
            121.1330859,
            14.6712587
          ],
          [
            121.1335616,
            14.6715136
          ],
          [
            121.1339346,
            14.6715169
          ],
          [
            121.1343008,
            14.6715997
          ]
        ]
      },
      "id": "way/874524021"
    },
    {
      "type": "Feature",
      "properties": {
        "@id": "way/878599144",
        "name": "Iglesia Ni Cristo Creek",
        "waterway": "stream"
      },
      "geometry": {
        "type": "LineString",
        "coordinates": [
          [
            121.0596287,
            14.664441
          ],
          [
            121.0596092,
            14.6644451
          ],
          [
            121.0595075,
            14.6644451
          ],
          [
            121.0594212,
            14.6644153
          ],
          [
            121.0593041,
            14.6643795
          ],
          [
            121.0590498,
            14.6642755
          ],
          [
            121.0587178,
            14.6641417
          ],
          [
            121.0582824,
            14.6641875
          ],
          [
            121.0581399,
            14.6642088
          ],
          [
            121.0580849,
            14.6642383
          ],
          [
            121.0579845,
            14.6642681
          ],
          [
            121.0578623,
            14.6643137
          ],
          [
            121.0577384,
            14.6643529
          ],
          [
            121.0575633,
            14.6644147
          ]
        ]
      },
      "id": "way/878599144"
    },
    {
      "type": "Feature",
      "properties": {
        "@id": "way/878599145",
        "layer": "-1",
        "name": "Iglesia Ni Cristo Creek",
        "waterway": "stream",
        "width": "1.5"
      },
      "geometry": {
        "type": "LineString",
        "coordinates": [
          [
            121.0632877,
            14.661658
          ],
          [
            121.0631484,
            14.6616682
          ],
          [
            121.0628843,
            14.6616528
          ],
          [
            121.0625264,
            14.6616625
          ]
        ]
      },
      "id": "way/878599145"
    },
    {
      "type": "Feature",
      "properties": {
        "@id": "way/878599146",
        "layer": "-1",
        "name": "Iglesia Ni Cristo Creek",
        "tunnel": "culvert",
        "waterway": "stream"
      },
      "geometry": {
        "type": "LineString",
        "coordinates": [
          [
            121.0597318,
            14.6644207
          ],
          [
            121.0596287,
            14.664441
          ]
        ]
      },
      "id": "way/878599146"
    },
    {
      "type": "Feature",
      "properties": {
        "@id": "way/881932565",
        "name": "Banaba Creek",
        "waterway": "stream"
      },
      "geometry": {
        "type": "LineString",
        "coordinates": [
          [
            121.1297449,
            14.6732282
          ],
          [
            121.1296668,
            14.6731569
          ],
          [
            121.1295412,
            14.6731773
          ],
          [
            121.1294495,
            14.673235
          ],
          [
            121.1293951,
            14.673303
          ],
          [
            121.1293476,
            14.6734184
          ],
          [
            121.1293306,
            14.6735169
          ],
          [
            121.1292831,
            14.6735577
          ],
          [
            121.1291676,
            14.6735611
          ],
          [
            121.1290182,
            14.6735475
          ],
          [
            121.1289061,
            14.6734762
          ],
          [
            121.128845,
            14.6734354
          ],
          [
            121.1288008,
            14.673303
          ],
          [
            121.1287091,
            14.6733131
          ],
          [
            121.128648,
            14.6733913
          ],
          [
            121.1284211,
            14.6736763
          ]
        ]
      },
      "id": "way/881932565"
    },
    {
      "type": "Feature",
      "properties": {
        "@id": "way/886911610",
        "name": "Don Jose Creek",
        "waterway": "stream"
      },
      "geometry": {
        "type": "LineString",
        "coordinates": [
          [
            121.0613113,
            14.6207334
          ],
          [
            121.0611412,
            14.6213311
          ],
          [
            121.0618295,
            14.6215554
          ],
          [
            121.0618738,
            14.6215862
          ],
          [
            121.0619233,
            14.6216427
          ],
          [
            121.0619339,
            14.6217061
          ],
          [
            121.0618952,
            14.6217655
          ],
          [
            121.0617658,
            14.6220622
          ],
          [
            121.0615117,
            14.622609
          ],
          [
            121.0616779,
            14.6226828
          ],
          [
            121.0618772,
            14.6227853
          ],
          [
            121.0620559,
            14.6228626
          ]
        ]
      },
      "id": "way/886911610"
    },
    {
      "type": "Feature",
      "properties": {
        "@id": "way/895238443",
        "name": "de Gloria Creek",
        "waterway": "stream"
      },
      "geometry": {
        "type": "LineString",
        "coordinates": [
          [
            121.0995781,
            14.6756404
          ],
          [
            121.09962,
            14.6757463
          ],
          [
            121.0998387,
            14.6758893
          ],
          [
            121.0999188,
            14.6759728
          ],
          [
            121.0999804,
            14.6761457
          ],
          [
            121.0999743,
            14.6762738
          ],
          [
            121.0999774,
            14.6763841
          ],
          [
            121.1000729,
            14.6763752
          ],
          [
            121.1001499,
            14.6764467
          ],
          [
            121.100267,
            14.6766047
          ],
          [
            121.1002793,
            14.6766851
          ],
          [
            121.1004429,
            14.6768776
          ],
          [
            121.1005036,
            14.6770086
          ],
          [
            121.1006484,
            14.6774107
          ],
          [
            121.1007184,
            14.6775823
          ],
          [
            121.1007091,
            14.6777947
          ],
          [
            121.1006951,
            14.6780883
          ],
          [
            121.100653,
            14.6783955
          ],
          [
            121.1006577,
            14.6787614
          ],
          [
            121.1006577,
            14.6789602
          ],
          [
            121.1007278,
            14.6790415
          ],
          [
            121.1009519,
            14.6793397
          ],
          [
            121.1009519,
            14.6794345
          ],
          [
            121.1009753,
            14.6795836
          ]
        ]
      },
      "id": "way/895238443"
    },
    {
      "type": "Feature",
      "properties": {
        "@id": "way/899477422",
        "name": "Quiling Malaki Creek",
        "waterway": "stream"
      },
      "geometry": {
        "type": "LineString",
        "coordinates": [
          [
            121.1372696,
            14.6293853
          ],
          [
            121.137416,
            14.6296602
          ],
          [
            121.1374006,
            14.6296984
          ],
          [
            121.1372919,
            14.6298123
          ],
          [
            121.1370904,
            14.6298788
          ],
          [
            121.1368813,
            14.6299478
          ],
          [
            121.136606,
            14.6301754
          ],
          [
            121.1363134,
            14.6303994
          ],
          [
            121.1362001,
            14.6305058
          ],
          [
            121.1360147,
            14.6307144
          ],
          [
            121.1358221,
            14.6308799
          ],
          [
            121.1356295,
            14.6310871
          ],
          [
            121.135417,
            14.6313047
          ],
          [
            121.135285,
            14.6314733
          ],
          [
            121.1344244,
            14.6320543
          ],
          [
            121.1343844,
            14.6320736
          ],
          [
            121.1343574,
            14.6320753
          ],
          [
            121.1343346,
            14.6320678
          ]
        ]
      },
      "id": "way/899477422"
    },
    {
      "type": "Feature",
      "properties": {
        "@id": "way/899716494",
        "layer": "-1",
        "name": "Iglesia Ni Cristo Creek",
        "tunnel": "building_passage",
        "waterway": "stream",
        "width": "5"
      },
      "geometry": {
        "type": "LineString",
        "coordinates": [
          [
            121.0638688,
            14.6604018
          ],
          [
            121.0634248,
            14.6611556
          ],
          [
            121.0633223,
            14.6614953
          ],
          [
            121.0632877,
            14.661658
          ]
        ]
      },
      "id": "way/899716494"
    },
    {
      "type": "Feature",
      "properties": {
        "@id": "way/901595219",
        "waterway": "stream"
      },
      "geometry": {
        "type": "LineString",
        "coordinates": [
          [
            121.1336843,
            14.6738385
          ],
          [
            121.1339398,
            14.673758
          ]
        ]
      },
      "id": "way/901595219"
    },
    {
      "type": "Feature",
      "properties": {
        "@id": "way/907237184",
        "name": "San Antonio Creek",
        "waterway": "river"
      },
      "geometry": {
        "type": "LineString",
        "coordinates": [
          [
            121.0957351,
            14.6678186
          ],
          [
            121.0958615,
            14.667837
          ],
          [
            121.0959802,
            14.6678926
          ],
          [
            121.0961014,
            14.6679454
          ],
          [
            121.0963117,
            14.668008
          ],
          [
            121.096468,
            14.6680441
          ],
          [
            121.0966713,
            14.668085
          ],
          [
            121.0967582,
            14.668053
          ],
          [
            121.0968182,
            14.6679987
          ],
          [
            121.0968045,
            14.6678826
          ],
          [
            121.0966959,
            14.6677296
          ],
          [
            121.0967183,
            14.6676296
          ],
          [
            121.0968471,
            14.6676608
          ],
          [
            121.0969731,
            14.6676626
          ],
          [
            121.0970276,
            14.6676151
          ],
          [
            121.0970592,
            14.6674418
          ],
          [
            121.0971081,
            14.6673627
          ],
          [
            121.0971979,
            14.6673363
          ],
          [
            121.0973399,
            14.6673113
          ],
          [
            121.09749,
            14.6672821
          ],
          [
            121.0975536,
            14.6671886
          ],
          [
            121.0975124,
            14.6670234
          ],
          [
            121.0974675,
            14.6668207
          ],
          [
            121.0972247,
            14.6668312
          ],
          [
            121.0970404,
            14.6668363
          ],
          [
            121.0969353,
            14.6667159
          ],
          [
            121.0969663,
            14.6665352
          ],
          [
            121.0971821,
            14.6663325
          ],
          [
            121.0973869,
            14.666181
          ],
          [
            121.0974995,
            14.6661591
          ],
          [
            121.097615,
            14.6661714
          ],
          [
            121.0977547,
            14.6661883
          ],
          [
            121.0978182,
            14.6661338
          ],
          [
            121.0978171,
            14.6660445
          ],
          [
            121.0978142,
            14.6657987
          ],
          [
            121.097821,
            14.6656371
          ],
          [
            121.0978398,
            14.6654536
          ],
          [
            121.0979637,
            14.665222
          ],
          [
            121.0980463,
            14.6651735
          ],
          [
            121.0983993,
            14.6651508
          ]
        ]
      },
      "id": "way/907237184"
    },
    {
      "type": "Feature",
      "properties": {
        "@id": "way/907237185",
        "layer": "-1",
        "name": "San Antonio Creek",
        "tunnel": "culvert",
        "waterway": "river"
      },
      "geometry": {
        "type": "LineString",
        "coordinates": [
          [
            121.0953285,
            14.6678651
          ],
          [
            121.0957351,
            14.6678186
          ]
        ]
      },
      "id": "way/907237185"
    },
    {
      "type": "Feature",
      "properties": {
        "@id": "way/908932113",
        "layer": "-1",
        "tunnel": "yes",
        "waterway": "stream"
      },
      "geometry": {
        "type": "LineString",
        "coordinates": [
          [
            121.1253473,
            14.6271042
          ],
          [
            121.125274,
            14.6273831
          ]
        ]
      },
      "id": "way/908932113"
    },
    {
      "type": "Feature",
      "properties": {
        "@id": "way/908932114",
        "waterway": "stream"
      },
      "geometry": {
        "type": "LineString",
        "coordinates": [
          [
            121.1256845,
            14.6264281
          ],
          [
            121.1255409,
            14.6264663
          ],
          [
            121.1254705,
            14.62655
          ],
          [
            121.1253901,
            14.626659
          ],
          [
            121.1253338,
            14.6267524
          ],
          [
            121.1252679,
            14.6268641
          ],
          [
            121.1250535,
            14.6269756
          ],
          [
            121.1250611,
            14.6270619
          ],
          [
            121.1253473,
            14.6271042
          ]
        ]
      },
      "id": "way/908932114"
    },
    {
      "type": "Feature",
      "properties": {
        "@id": "way/914655373",
        "layer": "-1",
        "tunnel": "culvert",
        "waterway": "drain"
      },
      "geometry": {
        "type": "LineString",
        "coordinates": [
          [
            121.0929005,
            14.6652706
          ],
          [
            121.093046,
            14.6652689
          ],
          [
            121.0933743,
            14.6652907
          ],
          [
            121.0935483,
            14.665345
          ],
          [
            121.0937369,
            14.6653483
          ],
          [
            121.0942956,
            14.6653949
          ]
        ]
      },
      "id": "way/914655373"
    },
    {
      "type": "Feature",
      "properties": {
        "@id": "way/914655374",
        "fixme": "waterway",
        "fixme:source": "UPRI-NOAH",
        "layer": "-1",
        "tunnel": "culvert",
        "waterway": "drain"
      },
      "geometry": {
        "type": "LineString",
        "coordinates": [
          [
            121.0942956,
            14.6653949
          ],
          [
            121.0943925,
            14.6653818
          ],
          [
            121.0944274,
            14.6653694
          ],
          [
            121.0945417,
            14.6652814
          ],
          [
            121.0946368,
            14.6652341
          ]
        ]
      },
      "id": "way/914655374"
    },
    {
      "type": "Feature",
      "properties": {
        "@id": "way/929656647",
        "layer": "-1",
        "tunnel": "yes",
        "waterway": "canal"
      },
      "geometry": {
        "type": "LineString",
        "coordinates": [
          [
            121.1387461,
            14.6364602
          ],
          [
            121.1387207,
            14.6363366
          ]
        ]
      },
      "id": "way/929656647"
    },
    {
      "type": "Feature",
      "properties": {
        "@id": "way/929656648",
        "waterway": "canal"
      },
      "geometry": {
        "type": "LineString",
        "coordinates": [
          [
            121.1386898,
            14.6367508
          ],
          [
            121.1387461,
            14.6364602
          ]
        ]
      },
      "id": "way/929656648"
    },
    {
      "type": "Feature",
      "properties": {
        "@id": "way/943145090",
        "boat": "no",
        "layer": "-1",
        "name": "Lagarian Creek",
        "tunnel": "culvert",
        "waterway": "river"
      },
      "geometry": {
        "type": "LineString",
        "coordinates": [
          [
            121.0755403,
            14.6485088
          ],
          [
            121.0755908,
            14.6484513
          ],
          [
            121.0756263,
            14.6484342
          ],
          [
            121.0756599,
            14.6483658
          ],
          [
            121.0756483,
            14.648299
          ],
          [
            121.0756505,
            14.6482418
          ],
          [
            121.075653,
            14.6481964
          ],
          [
            121.075643,
            14.6481494
          ],
          [
            121.0756082,
            14.648127
          ],
          [
            121.0756011,
            14.6480967
          ],
          [
            121.0756241,
            14.6480655
          ],
          [
            121.0756598,
            14.6480343
          ],
          [
            121.075649,
            14.6479801
          ],
          [
            121.0755995,
            14.6479186
          ],
          [
            121.0756238,
            14.6478195
          ],
          [
            121.0755842,
            14.6477594
          ],
          [
            121.0755156,
            14.6477206
          ],
          [
            121.0754921,
            14.6476153
          ],
          [
            121.075484,
            14.6474867
          ]
        ]
      },
      "id": "way/943145090"
    },
    {
      "type": "Feature",
      "properties": {
        "@id": "way/943145091",
        "boat": "no",
        "name": "Duyan-duyan Creek",
        "name:en": "Duyan-duyan Creek",
        "not:name": "Lagarian Creek",
        "waterway": "river"
      },
      "geometry": {
        "type": "LineString",
        "coordinates": [
          [
            121.0713798,
            14.6345593
          ],
          [
            121.0713133,
            14.6344383
          ],
          [
            121.0712116,
            14.634344
          ],
          [
            121.0710263,
            14.6342047
          ],
          [
            121.0707359,
            14.6339919
          ],
          [
            121.0704577,
            14.6337644
          ],
          [
            121.0701343,
            14.6334772
          ],
          [
            121.0699502,
            14.6333107
          ],
          [
            121.0697901,
            14.6331968
          ],
          [
            121.0697194,
            14.6331771
          ]
        ]
      },
      "id": "way/943145091"
    },
    {
      "type": "Feature",
      "properties": {
        "@id": "way/943145092",
        "boat": "no",
        "layer": "-1",
        "name": "Duyan-duyan Creek",
        "name:en": "Duyan-duyan Creek",
        "not:name": "Lagarian Creek",
        "tunnel": "culvert",
        "waterway": "river"
      },
      "geometry": {
        "type": "LineString",
        "coordinates": [
          [
            121.0714435,
            14.6346767
          ],
          [
            121.0713798,
            14.6345593
          ]
        ]
      },
      "id": "way/943145092"
    },
    {
      "type": "Feature",
      "properties": {
        "@id": "way/943145093",
        "boat": "no",
        "name": "Duyan-duyan Creek",
        "name:en": "Duyan-duyan Creek",
        "not:name": "Lagarian Creek",
        "waterway": "river"
      },
      "geometry": {
        "type": "LineString",
        "coordinates": [
          [
            121.0723648,
            14.6404356
          ],
          [
            121.0722294,
            14.6404434
          ]
        ]
      },
      "id": "way/943145093"
    },
    {
      "type": "Feature",
      "properties": {
        "@id": "way/943145094",
        "boat": "no",
        "name": "Duyan-duyan Creek",
        "name:en": "Duyan-duyan Creek",
        "not:name": "Lagarian Creek",
        "waterway": "river"
      },
      "geometry": {
        "type": "LineString",
        "coordinates": [
          [
            121.0732601,
            14.6410201
          ],
          [
            121.0732409,
            14.641017
          ],
          [
            121.0730912,
            14.6409585
          ],
          [
            121.0730096,
            14.6409125
          ],
          [
            121.0727289,
            14.640654
          ],
          [
            121.0725915,
            14.6405479
          ],
          [
            121.0724942,
            14.6404823
          ],
          [
            121.0723648,
            14.6404356
          ]
        ]
      },
      "id": "way/943145094"
    },
    {
      "type": "Feature",
      "properties": {
        "@id": "way/943145095",
        "boat": "no",
        "name": "Duyan-duyan Creek",
        "name:en": "Duyan-duyan Creek",
        "not:name": "Lagarian Creek",
        "waterway": "river"
      },
      "geometry": {
        "type": "LineString",
        "coordinates": [
          [
            121.0734181,
            14.641046
          ],
          [
            121.0732601,
            14.6410201
          ]
        ]
      },
      "id": "way/943145095"
    },
    {
      "type": "Feature",
      "properties": {
        "@id": "way/943145096",
        "boat": "no",
        "name": "Duyan-duyan Creek",
        "name:en": "Duyan-duyan Creek",
        "not:name": "Lagarian Creek",
        "waterway": "river"
      },
      "geometry": {
        "type": "LineString",
        "coordinates": [
          [
            121.074371,
            14.6414981
          ],
          [
            121.0743377,
            14.6414783
          ],
          [
            121.0743426,
            14.6414526
          ],
          [
            121.0743561,
            14.6414335
          ],
          [
            121.0743879,
            14.6414014
          ],
          [
            121.0744004,
            14.6413728
          ],
          [
            121.0743991,
            14.6413409
          ],
          [
            121.0743427,
            14.6413188
          ],
          [
            121.0742819,
            14.6413209
          ],
          [
            121.0742516,
            14.641293
          ],
          [
            121.0742458,
            14.6411982
          ],
          [
            121.0742229,
            14.6411594
          ],
          [
            121.0741876,
            14.641145
          ],
          [
            121.0740917,
            14.641118
          ],
          [
            121.0740475,
            14.6411038
          ],
          [
            121.0738692,
            14.6410195
          ],
          [
            121.07378,
            14.6410057
          ],
          [
            121.0736853,
            14.6410244
          ],
          [
            121.0735792,
            14.6410446
          ],
          [
            121.0734983,
            14.6410563
          ],
          [
            121.0734181,
            14.641046
          ]
        ]
      },
      "id": "way/943145096"
    },
    {
      "type": "Feature",
      "properties": {
        "@id": "way/943145097",
        "boat": "no",
        "layer": "-1",
        "name": "Lagarian Creek",
        "tunnel": "culvert",
        "waterway": "river"
      },
      "geometry": {
        "type": "LineString",
        "coordinates": [
          [
            121.0747947,
            14.6415713
          ],
          [
            121.074371,
            14.6414981
          ]
        ]
      },
      "id": "way/943145097"
    },
    {
      "type": "Feature",
      "properties": {
        "@id": "way/943145098",
        "boat": "no",
        "name": "Lagarian Creek",
        "waterway": "river"
      },
      "geometry": {
        "type": "LineString",
        "coordinates": [
          [
            121.0753711,
            14.6462044
          ],
          [
            121.0753825,
            14.6460863
          ],
          [
            121.075658,
            14.6455303
          ],
          [
            121.0756715,
            14.6450236
          ],
          [
            121.0756941,
            14.6446034
          ],
          [
            121.0757292,
            14.644323
          ],
          [
            121.0757468,
            14.6442421
          ]
        ]
      },
      "id": "way/943145098"
    },
    {
      "type": "Feature",
      "properties": {
        "@id": "way/947629867",
        "name": "Katipunan Creek",
        "waterway": "river"
      },
      "geometry": {
        "type": "LineString",
        "coordinates": [
          [
            121.0827857,
            14.6544553
          ],
          [
            121.0829751,
            14.6543292
          ],
          [
            121.0831215,
            14.6541641
          ],
          [
            121.0831622,
            14.6540657
          ],
          [
            121.083211,
            14.6539831
          ],
          [
            121.083327,
            14.653828
          ],
          [
            121.0834884,
            14.6537227
          ],
          [
            121.0836139,
            14.6535392
          ],
          [
            121.0837231,
            14.6534563
          ],
          [
            121.0837939,
            14.6534102
          ],
          [
            121.0838498,
            14.6533455
          ],
          [
            121.083936,
            14.653202
          ],
          [
            121.0841618,
            14.6527426
          ],
          [
            121.0841956,
            14.6524895
          ],
          [
            121.0843863,
            14.6522762
          ],
          [
            121.0845849,
            14.6520345
          ],
          [
            121.0846682,
            14.6519727
          ],
          [
            121.0847432,
            14.6519187
          ],
          [
            121.0848016,
            14.6518383
          ],
          [
            121.0848247,
            14.6517254
          ],
          [
            121.0848741,
            14.6516211
          ]
        ]
      },
      "id": "way/947629867"
    },
    {
      "type": "Feature",
      "properties": {
        "@id": "way/1037912707",
        "layer": "-1",
        "tunnel": "culvert",
        "waterway": "drain"
      },
      "geometry": {
        "type": "LineString",
        "coordinates": [
          [
            121.1125819,
            14.6775923
          ],
          [
            121.1124115,
            14.6772683
          ],
          [
            121.1121119,
            14.6769708
          ],
          [
            121.1120094,
            14.6768844
          ],
          [
            121.1118247,
            14.6766603
          ]
        ]
      },
      "id": "way/1037912707"
    },
    {
      "type": "Feature",
      "properties": {
        "@id": "way/1037912708",
        "layer": "-1",
        "tunnel": "culvert",
        "waterway": "drain"
      },
      "geometry": {
        "type": "LineString",
        "coordinates": [
          [
            121.112969,
            14.6776663
          ],
          [
            121.1129102,
            14.6776518
          ],
          [
            121.1128253,
            14.6776462
          ],
          [
            121.1126731,
            14.6776581
          ],
          [
            121.1126224,
            14.6776395
          ],
          [
            121.1125819,
            14.6775923
          ]
        ]
      },
      "id": "way/1037912708"
    },
    {
      "type": "Feature",
      "properties": {
        "@id": "way/1038205785",
        "layer": "-1",
        "name": "Banaba Creek",
        "tunnel": "culvert",
        "waterway": "stream"
      },
      "geometry": {
        "type": "LineString",
        "coordinates": [
          [
            121.1229483,
            14.6758362
          ],
          [
            121.1227892,
            14.6759094
          ],
          [
            121.1227569,
            14.6759243
          ],
          [
            121.1226598,
            14.675969
          ]
        ]
      },
      "id": "way/1038205785"
    },
    {
      "type": "Feature",
      "properties": {
        "@id": "way/1038205786",
        "name": "Banaba Creek",
        "waterway": "stream"
      },
      "geometry": {
        "type": "LineString",
        "coordinates": [
          [
            121.1284067,
            14.6736951
          ],
          [
            121.1281318,
            14.6740535
          ],
          [
            121.1279755,
            14.6741459
          ],
          [
            121.1276428,
            14.6746036
          ],
          [
            121.1275749,
            14.6746851
          ],
          [
            121.1274458,
            14.6747598
          ],
          [
            121.1271837,
            14.6747611
          ],
          [
            121.1270868,
            14.6747393
          ],
          [
            121.1270571,
            14.6746957
          ],
          [
            121.1268879,
            14.674674
          ],
          [
            121.1266156,
            14.6747377
          ],
          [
            121.1265289,
            14.6747938
          ],
          [
            121.1263014,
            14.6747836
          ],
          [
            121.1261248,
            14.6747293
          ],
          [
            121.1260334,
            14.6745671
          ],
          [
            121.1259235,
            14.6743456
          ],
          [
            121.1257479,
            14.6741553
          ],
          [
            121.1256154,
            14.674067
          ],
          [
            121.125449,
            14.6740331
          ],
          [
            121.125252,
            14.6739855
          ],
          [
            121.1250789,
            14.6739957
          ],
          [
            121.1250177,
            14.6740501
          ],
          [
            121.124977,
            14.6740908
          ],
          [
            121.1249328,
            14.6741418
          ],
          [
            121.1248581,
            14.6742063
          ],
          [
            121.1247562,
            14.6742572
          ],
          [
            121.1247325,
            14.6741995
          ],
          [
            121.1247155,
            14.6741316
          ],
          [
            121.1246747,
            14.674084
          ],
          [
            121.1245559,
            14.6740772
          ],
          [
            121.1243929,
            14.6741078
          ],
          [
            121.1242672,
            14.6741825
          ],
          [
            121.1241891,
            14.6742368
          ],
          [
            121.1240737,
            14.6742402
          ],
          [
            121.1239989,
            14.6742504
          ],
          [
            121.1238971,
            14.674281
          ],
          [
            121.1238903,
            14.6743285
          ],
          [
            121.1238937,
            14.6744032
          ],
          [
            121.1239174,
            14.6744712
          ],
          [
            121.1239616,
            14.6745085
          ],
          [
            121.1240295,
            14.674624
          ],
          [
            121.1240431,
            14.674787
          ],
          [
            121.1240007,
            14.674821
          ],
          [
            121.1239005,
            14.6748468
          ],
          [
            121.1238325,
            14.6747836
          ],
          [
            121.1237612,
            14.6747055
          ],
          [
            121.1237069,
            14.6746851
          ],
          [
            121.1236695,
            14.6746783
          ],
          [
            121.1236016,
            14.6746851
          ],
          [
            121.1235948,
            14.6747327
          ],
          [
            121.1235948,
            14.6747972
          ],
          [
            121.1235473,
            14.6748481
          ],
          [
            121.1234726,
            14.6748515
          ],
          [
            121.1233741,
            14.6749059
          ],
          [
            121.1233401,
            14.6749466
          ],
          [
            121.1233367,
            14.6750145
          ],
          [
            121.1233401,
            14.675079
          ],
          [
            121.1233809,
            14.6751639
          ],
          [
            121.1234624,
            14.6752387
          ],
          [
            121.1234929,
            14.6753168
          ],
          [
            121.1235252,
            14.6754417
          ],
          [
            121.1235259,
            14.6755073
          ],
          [
            121.1234726,
            14.6755918
          ],
          [
            121.1234148,
            14.6756598
          ],
          [
            121.1230888,
            14.675765
          ],
          [
            121.1229483,
            14.6758362
          ]
        ]
      },
      "id": "way/1038205786"
    },
    {
      "type": "Feature",
      "properties": {
        "@id": "way/1057740042",
        "layer": "-1",
        "tunnel": "culvert",
        "waterway": "stream"
      },
      "geometry": {
        "type": "LineString",
        "coordinates": [
          [
            121.1239276,
            14.6519516
          ],
          [
            121.1238991,
            14.6518581
          ]
        ]
      },
      "id": "way/1057740042"
    },
    {
      "type": "Feature",
      "properties": {
        "@id": "way/1057740043",
        "waterway": "stream"
      },
      "geometry": {
        "type": "LineString",
        "coordinates": [
          [
            121.1239511,
            14.6521814
          ],
          [
            121.1239276,
            14.6519516
          ]
        ]
      },
      "id": "way/1057740043"
    },
    {
      "type": "Feature",
      "properties": {
        "@id": "way/1060853177",
        "layer": "-1",
        "name": "Luzon Creek",
        "tunnel": "culvert",
        "waterway": "drain"
      },
      "geometry": {
        "type": "LineString",
        "coordinates": [
          [
            121.0745227,
            14.6712443
          ],
          [
            121.074517,
            14.6709209
          ]
        ]
      },
      "id": "way/1060853177"
    },
    {
      "type": "Feature",
      "properties": {
        "@id": "way/1060853178",
        "name": "Luzon Creek",
        "waterway": "drain"
      },
      "geometry": {
        "type": "LineString",
        "coordinates": [
          [
            121.074517,
            14.6709209
          ],
          [
            121.0744916,
            14.6709085
          ],
          [
            121.0744275,
            14.6708939
          ],
          [
            121.0741089,
            14.6708948
          ]
        ]
      },
      "id": "way/1060853178"
    },
    {
      "type": "Feature",
      "properties": {
        "@id": "way/1060853179",
        "layer": "-1",
        "name": "Luzon Creek",
        "tunnel": "culvert",
        "waterway": "drain"
      },
      "geometry": {
        "type": "LineString",
        "coordinates": [
          [
            121.0737307,
            14.670902
          ],
          [
            121.0736478,
            14.6709196
          ]
        ]
      },
      "id": "way/1060853179"
    },
    {
      "type": "Feature",
      "properties": {
        "@id": "way/1060853180",
        "name": "Luzon Creek",
        "waterway": "drain"
      },
      "geometry": {
        "type": "LineString",
        "coordinates": [
          [
            121.0740073,
            14.6709036
          ],
          [
            121.0737307,
            14.670902
          ]
        ]
      },
      "id": "way/1060853180"
    },
    {
      "type": "Feature",
      "properties": {
        "@id": "way/1061153051",
        "boat": "no",
        "layer": "-1",
        "name": "Tandang Sora Creek",
        "tunnel": "yes",
        "waterway": "stream"
      },
      "geometry": {
        "type": "LineString",
        "coordinates": [
          [
            121.0701598,
            14.6657077
          ],
          [
            121.0698538,
            14.6656471
          ]
        ]
      },
      "id": "way/1061153051"
    },
    {
      "type": "Feature",
      "properties": {
        "@id": "way/1061166467",
        "layer": "-1",
        "tunnel": "culvert",
        "waterway": "stream"
      },
      "geometry": {
        "type": "LineString",
        "coordinates": [
          [
            121.066725,
            14.6547648
          ],
          [
            121.0667257,
            14.6547317
          ]
        ]
      },
      "id": "way/1061166467"
    },
    {
      "type": "Feature",
      "properties": {
        "@id": "way/1061166468",
        "waterway": "stream"
      },
      "geometry": {
        "type": "LineString",
        "coordinates": [
          [
            121.0667725,
            14.6548493
          ],
          [
            121.066725,
            14.6547648
          ]
        ]
      },
      "id": "way/1061166468"
    },
    {
      "type": "Feature",
      "properties": {
        "@id": "way/1061166469",
        "layer": "-1",
        "tunnel": "culvert",
        "waterway": "stream"
      },
      "geometry": {
        "type": "LineString",
        "coordinates": [
          [
            121.0647559,
            14.6542332
          ],
          [
            121.0644998,
            14.6541978
          ]
        ]
      },
      "id": "way/1061166469"
    },
    {
      "type": "Feature",
      "properties": {
        "@id": "way/1061166470",
        "waterway": "stream"
      },
      "geometry": {
        "type": "LineString",
        "coordinates": [
          [
            121.0644998,
            14.6541978
          ],
          [
            121.06442,
            14.6541868
          ],
          [
            121.0642491,
            14.6543482
          ],
          [
            121.0642303,
            14.6543925
          ],
          [
            121.0642085,
            14.654417
          ],
          [
            121.0641826,
            14.6544304
          ],
          [
            121.0641448,
            14.6544275
          ],
          [
            121.064115,
            14.6544167
          ],
          [
            121.0640874,
            14.654405
          ],
          [
            121.064056,
            14.6543983
          ],
          [
            121.0640103,
            14.6543837
          ]
        ]
      },
      "id": "way/1061166470"
    },
    {
      "type": "Feature",
      "properties": {
        "@id": "way/1062958706",
        "boat": "no",
        "layer": "-1",
        "name": "Katipunan Creek",
        "tunnel": "culvert",
        "waterway": "stream"
      },
      "geometry": {
        "type": "LineString",
        "coordinates": [
          [
            121.069865,
            14.6498296
          ],
          [
            121.0699121,
            14.6497739
          ]
        ]
      },
      "id": "way/1062958706"
    },
    {
      "type": "Feature",
      "properties": {
        "@id": "way/1062958707",
        "boat": "no",
        "name": "Katipunan Creek",
        "waterway": "stream"
      },
      "geometry": {
        "type": "LineString",
        "coordinates": [
          [
            121.0699121,
            14.6497739
          ],
          [
            121.0699582,
            14.6497195
          ],
          [
            121.070044,
            14.6496208
          ],
          [
            121.0701536,
            14.6494683
          ],
          [
            121.0701965,
            14.6493521
          ],
          [
            121.0702222,
            14.6491943
          ],
          [
            121.0703035,
            14.6490509
          ],
          [
            121.0703866,
            14.6489336
          ],
          [
            121.0704111,
            14.6487708
          ],
          [
            121.0704454,
            14.6485798
          ],
          [
            121.0704797,
            14.6484801
          ],
          [
            121.0705479,
            14.6484128
          ],
          [
            121.0706473,
            14.6483631
          ],
          [
            121.0707507,
            14.6483453
          ],
          [
            121.0707768,
            14.6483213
          ],
          [
            121.0707887,
            14.6482559
          ],
          [
            121.0707887,
            14.6482227
          ],
          [
            121.0708145,
            14.6481729
          ],
          [
            121.0708336,
            14.6481456
          ],
          [
            121.0708657,
            14.6480965
          ],
          [
            121.070888,
            14.6480592
          ],
          [
            121.0709156,
            14.6480124
          ],
          [
            121.0709481,
            14.6479125
          ],
          [
            121.0709754,
            14.6476656
          ],
          [
            121.0710318,
            14.6474333
          ]
        ]
      },
      "id": "way/1062958707"
    },
    {
      "type": "Feature",
      "properties": {
        "@id": "way/1063013276",
        "layer": "-1",
        "name": "Katipunan Creek",
        "tunnel": "culvert",
        "waterway": "stream"
      },
      "geometry": {
        "type": "LineString",
        "coordinates": [
          [
            121.0713601,
            14.6463477
          ],
          [
            121.0714163,
            14.6462612
          ],
          [
            121.0714487,
            14.6461407
          ],
          [
            121.0714708,
            14.6461132
          ]
        ]
      },
      "id": "way/1063013276"
    },
    {
      "type": "Feature",
      "properties": {
        "@id": "way/1063013277",
        "name": "Katipunan Creek",
        "waterway": "stream"
      },
      "geometry": {
        "type": "LineString",
        "coordinates": [
          [
            121.0710632,
            14.6473445
          ],
          [
            121.0711051,
            14.6472274
          ],
          [
            121.0712564,
            14.6469996
          ],
          [
            121.0712624,
            14.6468935
          ],
          [
            121.0713098,
            14.6468173
          ],
          [
            121.0712923,
            14.6467447
          ],
          [
            121.0712423,
            14.6466793
          ],
          [
            121.0712398,
            14.6465994
          ],
          [
            121.0712994,
            14.6465443
          ],
          [
            121.0713451,
            14.6465009
          ],
          [
            121.0713658,
            14.6464405
          ],
          [
            121.0713601,
            14.6463477
          ]
        ]
      },
      "id": "way/1063013277"
    },
    {
      "type": "Feature",
      "properties": {
        "@id": "way/1063013278",
        "boat": "no",
        "layer": "-1",
        "name": "Lagarian Creek",
        "tunnel": "culvert",
        "waterway": "river"
      },
      "geometry": {
        "type": "LineString",
        "coordinates": [
          [
            121.0753619,
            14.6463007
          ],
          [
            121.0753711,
            14.6462044
          ]
        ]
      },
      "id": "way/1063013278"
    },
    {
      "type": "Feature",
      "properties": {
        "@id": "way/1063013279",
        "boat": "no",
        "name": "Lagarian Creek",
        "waterway": "river"
      },
      "geometry": {
        "type": "LineString",
        "coordinates": [
          [
            121.0754242,
            14.6473994
          ],
          [
            121.0754079,
            14.6473506
          ],
          [
            121.0754295,
            14.6472748
          ],
          [
            121.0754593,
            14.6472351
          ],
          [
            121.075455,
            14.6471742
          ],
          [
            121.0754004,
            14.6471554
          ],
          [
            121.0753598,
            14.6471362
          ],
          [
            121.075348,
            14.6464447
          ],
          [
            121.0753619,
            14.6463007
          ]
        ]
      },
      "id": "way/1063013279"
    },
    {
      "type": "Feature",
      "properties": {
        "@id": "way/1063013280",
        "layer": "-1",
        "name": "Katipunan Creek",
        "tunnel": "culvert",
        "waterway": "stream"
      },
      "geometry": {
        "type": "LineString",
        "coordinates": [
          [
            121.0722296,
            14.6454497
          ],
          [
            121.072263,
            14.6454277
          ]
        ]
      },
      "id": "way/1063013280"
    },
    {
      "type": "Feature",
      "properties": {
        "@id": "way/1063013281",
        "name": "Katipunan Creek",
        "waterway": "stream"
      },
      "geometry": {
        "type": "LineString",
        "coordinates": [
          [
            121.072263,
            14.6454277
          ],
          [
            121.0723212,
            14.6453894
          ]
        ]
      },
      "id": "way/1063013281"
    },
    {
      "type": "Feature",
      "properties": {
        "@id": "way/1070505895",
        "layer": "-1",
        "name": "Tañong Creek",
        "tunnel": "culvert",
        "waterway": "stream"
      },
      "geometry": {
        "type": "LineString",
        "coordinates": [
          [
            121.086453,
            14.6335971
          ],
          [
            121.0864021,
            14.6334976
          ],
          [
            121.0863876,
            14.6333218
          ],
          [
            121.0864627,
            14.6330934
          ],
          [
            121.0865056,
            14.6329377
          ],
          [
            121.0864891,
            14.6323765
          ]
        ]
      },
      "id": "way/1070505895"
    },
    {
      "type": "Feature",
      "properties": {
        "@id": "way/1072404380",
        "layer": "-1",
        "name": "Pansol Creek",
        "tunnel": "culvert",
        "waterway": "drain"
      },
      "geometry": {
        "type": "LineString",
        "coordinates": [
          [
            121.0815168,
            14.6560115
          ],
          [
            121.0815518,
            14.6559792
          ],
          [
            121.0816674,
            14.6559371
          ]
        ]
      },
      "id": "way/1072404380"
    },
    {
      "type": "Feature",
      "properties": {
        "@id": "way/1072404381",
        "name": "Pansol Creek",
        "waterway": "drain"
      },
      "geometry": {
        "type": "LineString",
        "coordinates": [
          [
            121.0816674,
            14.6559371
          ],
          [
            121.0817971,
            14.6559161
          ],
          [
            121.0818467,
            14.6559064
          ],
          [
            121.0818969,
            14.6558907
          ],
          [
            121.0819392,
            14.6558552
          ],
          [
            121.082007,
            14.6557575
          ],
          [
            121.0821903,
            14.6555363
          ]
        ]
      },
      "id": "way/1072404381"
    },
    {
      "type": "Feature",
      "properties": {
        "@id": "way/1072707176",
        "boat": "no",
        "layer": "-1",
        "name": "Lagarian Creek",
        "tunnel": "culvert",
        "waterway": "river"
      },
      "geometry": {
        "type": "LineString",
        "coordinates": [
          [
            121.0759872,
            14.6431028
          ],
          [
            121.0759559,
            14.6430088
          ],
          [
            121.0759326,
            14.642879
          ]
        ]
      },
      "id": "way/1072707176"
    },
    {
      "type": "Feature",
      "properties": {
        "@id": "way/1072707177",
        "boat": "no",
        "name": "Lagarian Creek",
        "waterway": "river"
      },
      "geometry": {
        "type": "LineString",
        "coordinates": [
          [
            121.0759326,
            14.642879
          ],
          [
            121.0759042,
            14.6427204
          ],
          [
            121.0756375,
            14.6423231
          ],
          [
            121.0754988,
            14.6420837
          ],
          [
            121.075328,
            14.6419694
          ],
          [
            121.0749639,
            14.6417925
          ],
          [
            121.0747947,
            14.6415713
          ]
        ]
      },
      "id": "way/1072707177"
    },
    {
      "type": "Feature",
      "properties": {
        "@id": "way/1072848958",
        "layer": "-1",
        "tunnel": "culvert",
        "waterway": "stream"
      },
      "geometry": {
        "type": "LineString",
        "coordinates": [
          [
            121.1242656,
            14.6294523
          ],
          [
            121.1242373,
            14.629495
          ]
        ]
      },
      "id": "way/1072848958"
    },
    {
      "type": "Feature",
      "properties": {
        "@id": "way/1072848959",
        "waterway": "stream"
      },
      "geometry": {
        "type": "LineString",
        "coordinates": [
          [
            121.1242373,
            14.629495
          ],
          [
            121.1239056,
            14.6294288
          ],
          [
            121.1238497,
            14.6293866
          ]
        ]
      },
      "id": "way/1072848959"
    },
    {
      "type": "Feature",
      "properties": {
        "@id": "way/1081071423",
        "waterway": "drain",
        "width": "70"
      },
      "geometry": {
        "type": "LineString",
        "coordinates": [
          [
            121.1053884,
            14.6427024
          ],
          [
            121.1053667,
            14.6426616
          ],
          [
            121.1051841,
            14.6421993
          ],
          [
            121.1050976,
            14.6419772
          ],
          [
            121.1041684,
            14.6395909
          ],
          [
            121.1037178,
            14.6383589
          ],
          [
            121.1031031,
            14.6366105
          ],
          [
            121.1030759,
            14.636519
          ]
        ]
      },
      "id": "way/1081071423"
    },
    {
      "type": "Feature",
      "properties": {
        "@id": "way/1081071424",
        "waterway": "drain",
        "width": "70"
      },
      "geometry": {
        "type": "LineString",
        "coordinates": [
          [
            121.1073604,
            14.6447604
          ],
          [
            121.1074464,
            14.6446179
          ],
          [
            121.1074997,
            14.6444872
          ],
          [
            121.1075619,
            14.6443289
          ],
          [
            121.1075624,
            14.6440111
          ]
        ]
      },
      "id": "way/1081071424"
    },
    {
      "type": "Feature",
      "properties": {
        "@id": "way/1081071425",
        "waterway": "drain",
        "width": "70"
      },
      "geometry": {
        "type": "LineString",
        "coordinates": [
          [
            121.1070057,
            14.6458955
          ],
          [
            121.107073,
            14.6457946
          ],
          [
            121.1071336,
            14.6456899
          ],
          [
            121.1071667,
            14.6456156
          ],
          [
            121.107192,
            14.6455852
          ],
          [
            121.107254,
            14.6455276
          ],
          [
            121.1073305,
            14.6455008
          ],
          [
            121.1073728,
            14.6454493
          ],
          [
            121.1073702,
            14.6453824
          ],
          [
            121.107294,
            14.6452644
          ],
          [
            121.107261,
            14.6451574
          ],
          [
            121.1072424,
            14.6450382
          ],
          [
            121.1072891,
            14.6449645
          ],
          [
            121.1073384,
            14.6448861
          ],
          [
            121.1073604,
            14.6447604
          ]
        ]
      },
      "id": "way/1081071425"
    },
    {
      "type": "Feature",
      "properties": {
        "@id": "way/1081071426",
        "waterway": "drain",
        "width": "70"
      },
      "geometry": {
        "type": "LineString",
        "coordinates": [
          [
            121.1075624,
            14.6440111
          ],
          [
            121.1075223,
            14.6439383
          ],
          [
            121.107464,
            14.6438769
          ],
          [
            121.1073815,
            14.6437914
          ],
          [
            121.1072968,
            14.6437101
          ],
          [
            121.1072151,
            14.6436316
          ],
          [
            121.1071541,
            14.6435463
          ],
          [
            121.1071201,
            14.6434631
          ],
          [
            121.1070712,
            14.6433149
          ],
          [
            121.1070654,
            14.6431854
          ],
          [
            121.1071131,
            14.6430486
          ],
          [
            121.1071505,
            14.6429567
          ],
          [
            121.1071681,
            14.6428792
          ],
          [
            121.1071541,
            14.6427967
          ],
          [
            121.1069641,
            14.6425944
          ],
          [
            121.1068606,
            14.6425273
          ],
          [
            121.1067203,
            14.6425102
          ],
          [
            121.1065768,
            14.6425651
          ],
          [
            121.1064981,
            14.6426296
          ],
          [
            121.1064612,
            14.6428067
          ],
          [
            121.106267,
            14.6429517
          ],
          [
            121.1059572,
            14.6430771
          ],
          [
            121.1056917,
            14.6429984
          ],
          [
            121.1056128,
            14.6429659
          ],
          [
            121.1054257,
            14.6427862
          ]
        ]
      },
      "id": "way/1081071426"
    },
    {
      "type": "Feature",
      "properties": {
        "@id": "way/1086484265",
        "boat": "no",
        "layer": "-1",
        "name": "Lagarian Creek",
        "tunnel": "culvert",
        "waterway": "river"
      },
      "geometry": {
        "type": "LineString",
        "coordinates": [
          [
            121.0757468,
            14.6442421
          ],
          [
            121.0757597,
            14.6441831
          ]
        ]
      },
      "id": "way/1086484265"
    },
    {
      "type": "Feature",
      "properties": {
        "@id": "way/1086484266",
        "boat": "no",
        "name": "Lagarian Creek",
        "waterway": "river"
      },
      "geometry": {
        "type": "LineString",
        "coordinates": [
          [
            121.0757597,
            14.6441831
          ],
          [
            121.0758253,
            14.6438822
          ],
          [
            121.0759559,
            14.6435122
          ],
          [
            121.0760266,
            14.6433489
          ],
          [
            121.0760157,
            14.6431884
          ],
          [
            121.0759872,
            14.6431028
          ]
        ]
      },
      "id": "way/1086484266"
    },
    {
      "type": "Feature",
      "properties": {
        "@id": "way/1089994475",
        "boat": "no",
        "layer": "-1",
        "tunnel": "yes",
        "waterway": "river"
      },
      "geometry": {
        "type": "LineString",
        "coordinates": [
          [
            121.0808458,
            14.6461505
          ],
          [
            121.0800362,
            14.6460178
          ]
        ]
      },
      "id": "way/1089994475"
    },
    {
      "type": "Feature",
      "properties": {
        "@id": "way/1089994476",
        "boat": "no",
        "waterway": "river"
      },
      "geometry": {
        "type": "LineString",
        "coordinates": [
          [
            121.0812274,
            14.6470414
          ],
          [
            121.0812342,
            14.6469662
          ]
        ]
      },
      "id": "way/1089994476"
    },
    {
      "type": "Feature",
      "properties": {
        "@id": "way/1101605276",
        "layer": "-1",
        "tunnel": "culvert",
        "waterway": "river"
      },
      "geometry": {
        "type": "LineString",
        "coordinates": [
          [
            121.0596194,
            14.6792394
          ],
          [
            121.0593655,
            14.6790996
          ]
        ]
      },
      "id": "way/1101605276"
    },
    {
      "type": "Feature",
      "properties": {
        "@id": "way/1102738619",
        "layer": "-1",
        "name": "Pasong Tamo Creek",
        "tunnel": "culvert",
        "waterway": "stream"
      },
      "geometry": {
        "type": "LineString",
        "coordinates": [
          [
            121.0697222,
            14.682579
          ],
          [
            121.0696264,
            14.6825575
          ]
        ]
      },
      "id": "way/1102738619"
    },
    {
      "type": "Feature",
      "properties": {
        "@id": "way/1109899676",
        "layer": "-1",
        "tunnel": "culvert",
        "waterway": "drain"
      },
      "geometry": {
        "type": "LineString",
        "coordinates": [
          [
            121.0683606,
            14.6197661
          ],
          [
            121.0683462,
            14.6197866
          ]
        ]
      },
      "id": "way/1109899676"
    },
    {
      "type": "Feature",
      "properties": {
        "@id": "way/1109899677",
        "waterway": "drain"
      },
      "geometry": {
        "type": "LineString",
        "coordinates": [
          [
            121.0683462,
            14.6197866
          ],
          [
            121.0682282,
            14.6198891
          ],
          [
            121.0680861,
            14.6200131
          ]
        ]
      },
      "id": "way/1109899677"
    },
    {
      "type": "Feature",
      "properties": {
        "@id": "way/1109899681",
        "waterway": "drain"
      },
      "geometry": {
        "type": "LineString",
        "coordinates": [
          [
            121.0683656,
            14.6180786
          ],
          [
            121.0684793,
            14.6183675
          ],
          [
            121.0685613,
            14.6185356
          ]
        ]
      },
      "id": "way/1109899681"
    },
    {
      "type": "Feature",
      "properties": {
        "@id": "way/1109899682",
        "layer": "-1",
        "tunnel": "culvert",
        "waterway": "drain"
      },
      "geometry": {
        "type": "LineString",
        "coordinates": [
          [
            121.0685613,
            14.6185356
          ],
          [
            121.0686178,
            14.6186673
          ]
        ]
      },
      "id": "way/1109899682"
    },
    {
      "type": "Feature",
      "properties": {
        "@id": "way/1109899683",
        "waterway": "drain"
      },
      "geometry": {
        "type": "LineString",
        "coordinates": [
          [
            121.0686178,
            14.6186673
          ],
          [
            121.0686372,
            14.6187368
          ],
          [
            121.0686366,
            14.6190488
          ],
          [
            121.0686312,
            14.6191507
          ],
          [
            121.0684521,
            14.6195822
          ],
          [
            121.0683606,
            14.6197661
          ]
        ]
      },
      "id": "way/1109899683"
    },
    {
      "type": "Feature",
      "properties": {
        "@id": "way/1109903094",
        "waterway": "drain"
      },
      "geometry": {
        "type": "LineString",
        "coordinates": [
          [
            121.0671437,
            14.6149021
          ],
          [
            121.0671868,
            14.6150623
          ],
          [
            121.0672606,
            14.6153608
          ],
          [
            121.0673343,
            14.6156223
          ],
          [
            121.0674997,
            14.6161241
          ],
          [
            121.0676927,
            14.6165733
          ],
          [
            121.0679001,
            14.6170401
          ],
          [
            121.068038,
            14.6173414
          ],
          [
            121.0681565,
            14.6176034
          ],
          [
            121.0682449,
            14.6178011
          ],
          [
            121.0683325,
            14.6180042
          ],
          [
            121.0683656,
            14.6180786
          ]
        ]
      },
      "id": "way/1109903094"
    },
    {
      "type": "Feature",
      "properties": {
        "@id": "way/1109904573",
        "layer": "-1",
        "tunnel": "culvert",
        "waterway": "drain"
      },
      "geometry": {
        "type": "LineString",
        "coordinates": [
          [
            121.0676448,
            14.6122573
          ],
          [
            121.0675134,
            14.6128945
          ],
          [
            121.0674329,
            14.6131826
          ],
          [
            121.0673605,
            14.6134616
          ],
          [
            121.0673444,
            14.6136601
          ]
        ]
      },
      "id": "way/1109904573"
    },
    {
      "type": "Feature",
      "properties": {
        "@id": "way/1109904574",
        "layer": "-1",
        "tunnel": "culvert",
        "waterway": "drain"
      },
      "geometry": {
        "type": "LineString",
        "coordinates": [
          [
            121.0673444,
            14.6136601
          ],
          [
            121.067275,
            14.6139239
          ]
        ]
      },
      "id": "way/1109904574"
    },
    {
      "type": "Feature",
      "properties": {
        "@id": "way/1109904575",
        "waterway": "drain"
      },
      "geometry": {
        "type": "LineString",
        "coordinates": [
          [
            121.067275,
            14.6139239
          ],
          [
            121.0671714,
            14.6143291
          ],
          [
            121.0671359,
            14.6144706
          ],
          [
            121.0671085,
            14.6145998
          ],
          [
            121.0671473,
            14.6147818
          ]
        ]
      },
      "id": "way/1109904575"
    },
    {
      "type": "Feature",
      "properties": {
        "@id": "way/1109904576",
        "layer": "-1",
        "tunnel": "culvert",
        "waterway": "drain"
      },
      "geometry": {
        "type": "LineString",
        "coordinates": [
          [
            121.0671473,
            14.6147818
          ],
          [
            121.0671437,
            14.6149021
          ]
        ]
      },
      "id": "way/1109904576"
    },
    {
      "type": "Feature",
      "properties": {
        "@id": "way/1111248769",
        "waterway": "drain"
      },
      "geometry": {
        "type": "LineString",
        "coordinates": [
          [
            121.0700997,
            14.6390492
          ],
          [
            121.0707858,
            14.6389816
          ]
        ]
      },
      "id": "way/1111248769"
    },
    {
      "type": "Feature",
      "properties": {
        "@id": "way/1111248770",
        "layer": "-1",
        "tunnel": "culvert",
        "waterway": "drain"
      },
      "geometry": {
        "type": "LineString",
        "coordinates": [
          [
            121.0699689,
            14.6390686
          ],
          [
            121.0700997,
            14.6390492
          ]
        ]
      },
      "id": "way/1111248770"
    },
    {
      "type": "Feature",
      "properties": {
        "@id": "way/1111248771",
        "source": "UPRI-NOAH",
        "waterway": "drain"
      },
      "geometry": {
        "type": "LineString",
        "coordinates": [
          [
            121.0691388,
            14.6391536
          ],
          [
            121.0697604,
            14.6390939
          ],
          [
            121.0699689,
            14.6390686
          ]
        ]
      },
      "id": "way/1111248771"
    },
    {
      "type": "Feature",
      "properties": {
        "@id": "way/1119778508",
        "layer": "-1",
        "tunnel": "culvert",
        "waterway": "river"
      },
      "geometry": {
        "type": "LineString",
        "coordinates": [
          [
            121.115655,
            14.6327462
          ],
          [
            121.1154766,
            14.6324153
          ],
          [
            121.1145962,
            14.6326365
          ]
        ]
      },
      "id": "way/1119778508"
    },
    {
      "type": "Feature",
      "properties": {
        "@id": "way/1119778536",
        "waterway": "river"
      },
      "geometry": {
        "type": "LineString",
        "coordinates": [
          [
            121.1145962,
            14.6326365
          ],
          [
            121.1143468,
            14.6327942
          ],
          [
            121.1141469,
            14.6328266
          ],
          [
            121.1140182,
            14.6328616
          ]
        ]
      },
      "id": "way/1119778536"
    },
    {
      "type": "Feature",
      "properties": {
        "@id": "way/1119778537",
        "waterway": "river"
      },
      "geometry": {
        "type": "LineString",
        "coordinates": [
          [
            121.1138975,
            14.6328792
          ],
          [
            121.113475,
            14.6329479
          ]
        ]
      },
      "id": "way/1119778537"
    },
    {
      "type": "Feature",
      "properties": {
        "@id": "way/1119778538",
        "layer": "-1",
        "tunnel": "culvert",
        "waterway": "river"
      },
      "geometry": {
        "type": "LineString",
        "coordinates": [
          [
            121.113475,
            14.6329479
          ],
          [
            121.1132994,
            14.6328675
          ]
        ]
      },
      "id": "way/1119778538"
    },
    {
      "type": "Feature",
      "properties": {
        "@id": "way/1119778539",
        "layer": "-1",
        "tunnel": "culvert",
        "waterway": "river"
      },
      "geometry": {
        "type": "LineString",
        "coordinates": [
          [
            121.1140182,
            14.6328616
          ],
          [
            121.1138975,
            14.6328792
          ]
        ]
      },
      "id": "way/1119778539"
    },
    {
      "type": "Feature",
      "properties": {
        "@id": "way/1119778541",
        "waterway": "river"
      },
      "geometry": {
        "type": "LineString",
        "coordinates": [
          [
            121.1132994,
            14.6328675
          ],
          [
            121.1132839,
            14.6327669
          ]
        ]
      },
      "id": "way/1119778541"
    },
    {
      "type": "Feature",
      "properties": {
        "@id": "way/1119778542",
        "layer": "-1",
        "tunnel": "culvert",
        "waterway": "river"
      },
      "geometry": {
        "type": "LineString",
        "coordinates": [
          [
            121.1132839,
            14.6327669
          ],
          [
            121.1133287,
            14.6325563
          ]
        ]
      },
      "id": "way/1119778542"
    },
    {
      "type": "Feature",
      "properties": {
        "@id": "way/1120703120",
        "layer": "-1",
        "tunnel": "culvert",
        "waterway": "drain"
      },
      "geometry": {
        "type": "LineString",
        "coordinates": [
          [
            121.114567,
            14.6783626
          ],
          [
            121.1145125,
            14.6783391
          ]
        ]
      },
      "id": "way/1120703120"
    },
    {
      "type": "Feature",
      "properties": {
        "@id": "way/1120703121",
        "layer": "-1",
        "tunnel": "culvert",
        "waterway": "drain"
      },
      "geometry": {
        "type": "LineString",
        "coordinates": [
          [
            121.1145125,
            14.6783391
          ],
          [
            121.1141798,
            14.6781987
          ],
          [
            121.113753,
            14.6779926
          ],
          [
            121.1133053,
            14.6777762
          ],
          [
            121.112969,
            14.6776663
          ]
        ]
      },
      "id": "way/1120703121"
    },
    {
      "type": "Feature",
      "properties": {
        "@id": "way/1157102023",
        "waterway": "river"
      },
      "geometry": {
        "type": "LineString",
        "coordinates": [
          [
            121.1303106,
            14.634738
          ],
          [
            121.1302563,
            14.6344966
          ],
          [
            121.1301148,
            14.6344616
          ],
          [
            121.1300062,
            14.6344544
          ],
          [
            121.1299045,
            14.6344215
          ],
          [
            121.1297829,
            14.6344038
          ],
          [
            121.1296867,
            14.6343775
          ],
          [
            121.1295368,
            14.634398
          ],
          [
            121.1292786,
            14.6347017
          ],
          [
            121.12868,
            14.634983
          ],
          [
            121.1283905,
            14.635111
          ],
          [
            121.1282527,
            14.6351497
          ],
          [
            121.1280168,
            14.6351586
          ],
          [
            121.1279114,
            14.6351837
          ],
          [
            121.1278649,
            14.6352354
          ],
          [
            121.127803,
            14.6354666
          ],
          [
            121.1276931,
            14.6356013
          ],
          [
            121.1274866,
            14.6357853
          ]
        ]
      },
      "id": "way/1157102023"
    },
    {
      "type": "Feature",
      "properties": {
        "@id": "way/1157111547",
        "layer": "-1",
        "tunnel": "culvert",
        "waterway": "river"
      },
      "geometry": {
        "type": "LineString",
        "coordinates": [
          [
            121.1186594,
            14.6364754
          ],
          [
            121.118659,
            14.636505
          ]
        ]
      },
      "id": "way/1157111547"
    },
    {
      "type": "Feature",
      "properties": {
        "@id": "way/1157111548",
        "waterway": "river"
      },
      "geometry": {
        "type": "LineString",
        "coordinates": [
          [
            121.1206558,
            14.6356875
          ],
          [
            121.1203811,
            14.6356626
          ],
          [
            121.1200807,
            14.6357041
          ],
          [
            121.119643,
            14.6355962
          ],
          [
            121.11954,
            14.635538
          ],
          [
            121.1190593,
            14.6354965
          ],
          [
            121.1187677,
            14.635658
          ],
          [
            121.1186388,
            14.6357872
          ],
          [
            121.1186645,
            14.636111
          ],
          [
            121.1186594,
            14.6364754
          ]
        ]
      },
      "id": "way/1157111548"
    },
    {
      "type": "Feature",
      "properties": {
        "@id": "way/1158350020",
        "waterway": "drain"
      },
      "geometry": {
        "type": "LineString",
        "coordinates": [
          [
            121.1304755,
            14.6641732
          ],
          [
            121.1304648,
            14.664325
          ],
          [
            121.1304849,
            14.6644768
          ],
          [
            121.1305185,
            14.6645832
          ]
        ]
      },
      "id": "way/1158350020"
    },
    {
      "type": "Feature",
      "properties": {
        "@id": "way/1158627297",
        "layer": "-1",
        "tunnel": "culvert",
        "waterway": "drain",
        "width": "70"
      },
      "geometry": {
        "type": "LineString",
        "coordinates": [
          [
            121.1054257,
            14.6427862
          ],
          [
            121.1053884,
            14.6427024
          ]
        ]
      },
      "id": "way/1158627297"
    },
    {
      "type": "Feature",
      "properties": {
        "@id": "way/1159902632",
        "waterway": "drain"
      },
      "geometry": {
        "type": "LineString",
        "coordinates": [
          [
            121.0999829,
            14.6579014
          ],
          [
            121.0997294,
            14.6578462
          ],
          [
            121.0996161,
            14.6578404
          ],
          [
            121.0993271,
            14.6579079
          ],
          [
            121.0990883,
            14.6579131
          ],
          [
            121.0986726,
            14.6579546
          ],
          [
            121.0985265,
            14.6580286
          ],
          [
            121.0978123,
            14.6584677
          ],
          [
            121.0977419,
            14.6584989
          ],
          [
            121.0976607,
            14.6585144
          ],
          [
            121.0974321,
            14.6585099
          ]
        ]
      },
      "id": "way/1159902632"
    },
    {
      "type": "Feature",
      "properties": {
        "@id": "way/1159902633",
        "waterway": "drain"
      },
      "geometry": {
        "type": "LineString",
        "coordinates": [
          [
            121.1005501,
            14.65812
          ],
          [
            121.1004992,
            14.6580525
          ],
          [
            121.1004381,
            14.6579922
          ],
          [
            121.1002893,
            14.6579669
          ],
          [
            121.1000833,
            14.6579235
          ]
        ]
      },
      "id": "way/1159902633"
    },
    {
      "type": "Feature",
      "properties": {
        "@id": "way/1159902634",
        "layer": "-1",
        "tunnel": "culvert",
        "waterway": "drain"
      },
      "geometry": {
        "type": "LineString",
        "coordinates": [
          [
            121.1000833,
            14.6579235
          ],
          [
            121.0999829,
            14.6579014
          ]
        ]
      },
      "id": "way/1159902634"
    },
    {
      "type": "Feature",
      "properties": {
        "@id": "way/1160145197",
        "layer": "-1",
        "tunnel": "culvert",
        "waterway": "drain"
      },
      "geometry": {
        "type": "LineString",
        "coordinates": [
          [
            121.1072221,
            14.6549529
          ],
          [
            121.1068503,
            14.6547697
          ]
        ]
      },
      "id": "way/1160145197"
    },
    {
      "type": "Feature",
      "properties": {
        "@id": "way/1160147202",
        "waterway": "drain"
      },
      "geometry": {
        "type": "LineString",
        "coordinates": [
          [
            121.1070205,
            14.6526167
          ],
          [
            121.1070418,
            14.6525644
          ],
          [
            121.1070557,
            14.6524949
          ],
          [
            121.1071616,
            14.6523823
          ],
          [
            121.1071921,
            14.6521553
          ]
        ]
      },
      "id": "way/1160147202"
    },
    {
      "type": "Feature",
      "properties": {
        "@id": "way/1160147203",
        "layer": "-1",
        "tunnel": "culvert",
        "waterway": "drain"
      },
      "geometry": {
        "type": "LineString",
        "coordinates": [
          [
            121.106975,
            14.6527183
          ],
          [
            121.1070205,
            14.6526167
          ]
        ]
      },
      "id": "way/1160147203"
    },
    {
      "type": "Feature",
      "properties": {
        "@id": "way/1160147204",
        "waterway": "drain"
      },
      "geometry": {
        "type": "LineString",
        "coordinates": [
          [
            121.1072035,
            14.6520991
          ],
          [
            121.1072146,
            14.6520759
          ],
          [
            121.1072796,
            14.6520424
          ],
          [
            121.1072937,
            14.651974
          ],
          [
            121.1073097,
            14.6519198
          ],
          [
            121.1073108,
            14.6518567
          ],
          [
            121.1073224,
            14.6517887
          ],
          [
            121.1073329,
            14.6517317
          ],
          [
            121.1073413,
            14.6516835
          ],
          [
            121.1073507,
            14.6515974
          ],
          [
            121.1073584,
            14.6514651
          ],
          [
            121.1074032,
            14.6512764
          ],
          [
            121.1074783,
            14.6510788
          ]
        ]
      },
      "id": "way/1160147204"
    },
    {
      "type": "Feature",
      "properties": {
        "@id": "way/1160147205",
        "layer": "-1",
        "tunnel": "culvert",
        "waterway": "drain"
      },
      "geometry": {
        "type": "LineString",
        "coordinates": [
          [
            121.1071921,
            14.6521553
          ],
          [
            121.1072035,
            14.6520991
          ]
        ]
      },
      "id": "way/1160147205"
    },
    {
      "type": "Feature",
      "properties": {
        "@id": "way/1190383743",
        "waterway": "drain"
      },
      "geometry": {
        "type": "LineString",
        "coordinates": [
          [
            121.1206522,
            14.6477584
          ],
          [
            121.1197702,
            14.6480369
          ]
        ]
      },
      "id": "way/1190383743"
    },
    {
      "type": "Feature",
      "properties": {
        "@id": "way/1190383746",
        "layer": "-1",
        "tunnel": "culvert",
        "waterway": "drain"
      },
      "geometry": {
        "type": "LineString",
        "coordinates": [
          [
            121.1188815,
            14.6487873
          ],
          [
            121.1183848,
            14.6494201
          ]
        ]
      },
      "id": "way/1190383746"
    },
    {
      "type": "Feature",
      "properties": {
        "@id": "way/1219909331",
        "layer": "-1",
        "name": "Balante Creek",
        "tunnel": "culvert",
        "waterway": "drain"
      },
      "geometry": {
        "type": "LineString",
        "coordinates": [
          [
            121.1028537,
            14.6349117
          ],
          [
            121.1026728,
            14.6347056
          ],
          [
            121.1025979,
            14.6346259
          ],
          [
            121.102411,
            14.6346227
          ],
          [
            121.1022214,
            14.6346614
          ],
          [
            121.1021098,
            14.6346282
          ],
          [
            121.101921,
            14.6337977
          ],
          [
            121.1020104,
            14.6330533
          ],
          [
            121.1019694,
            14.632839
          ]
        ]
      },
      "id": "way/1219909331"
    },
    {
      "type": "Feature",
      "properties": {
        "@id": "way/1220158785",
        "waterway": "stream"
      },
      "geometry": {
        "type": "LineString",
        "coordinates": [
          [
            121.1197969,
            14.6764609
          ],
          [
            121.1198051,
            14.6765516
          ],
          [
            121.1198506,
            14.676787
          ],
          [
            121.1198693,
            14.6768966
          ],
          [
            121.1198693,
            14.6769876
          ],
          [
            121.1198355,
            14.6770895
          ]
        ]
      },
      "id": "way/1220158785"
    },
    {
      "type": "Feature",
      "properties": {
        "@id": "way/1220158786",
        "layer": "-1",
        "tunnel": "culvert",
        "waterway": "stream"
      },
      "geometry": {
        "type": "LineString",
        "coordinates": [
          [
            121.1197335,
            14.6762795
          ],
          [
            121.1197969,
            14.6764609
          ]
        ]
      },
      "id": "way/1220158786"
    },
    {
      "type": "Feature",
      "properties": {
        "@id": "way/1221905516",
        "waterway": "drain"
      },
      "geometry": {
        "type": "LineString",
        "coordinates": [
          [
            121.1319112,
            14.6369419
          ],
          [
            121.1317255,
            14.636868
          ],
          [
            121.1315937,
            14.6368002
          ],
          [
            121.1313919,
            14.6366558
          ],
          [
            121.1312152,
            14.6364887
          ],
          [
            121.1310931,
            14.6363784
          ],
          [
            121.1310321,
            14.6362815
          ],
          [
            121.1310294,
            14.6362302
          ]
        ]
      },
      "id": "way/1221905516"
    },
    {
      "type": "Feature",
      "properties": {
        "@id": "way/1254792387",
        "waterway": "stream"
      },
      "geometry": {
        "type": "LineString",
        "coordinates": [
          [
            121.0727532,
            14.6555005
          ],
          [
            121.0727001,
            14.6555152
          ],
          [
            121.0726831,
            14.6556739
          ],
          [
            121.0726361,
            14.6557998
          ],
          [
            121.0725643,
            14.655869
          ],
          [
            121.0724742,
            14.6558922
          ],
          [
            121.0723742,
            14.6558847
          ],
          [
            121.0722603,
            14.655891
          ],
          [
            121.0721375,
            14.6558999
          ],
          [
            121.0720131,
            14.6558784
          ],
          [
            121.071805,
            14.6558753
          ],
          [
            121.0715779,
            14.6558658
          ],
          [
            121.0714549,
            14.6558748
          ],
          [
            121.0712846,
            14.6558903
          ],
          [
            121.0711639,
            14.6558994
          ],
          [
            121.0709681,
            14.6559007
          ],
          [
            121.0708487,
            14.655889
          ]
        ]
      },
      "id": "way/1254792387"
    },
    {
      "type": "Feature",
      "properties": {
        "@id": "way/1254792388",
        "layer": "-1",
        "tunnel": "culvert",
        "waterway": "stream"
      },
      "geometry": {
        "type": "LineString",
        "coordinates": [
          [
            121.0697972,
            14.6552255
          ],
          [
            121.0697407,
            14.6552233
          ]
        ]
      },
      "id": "way/1254792388"
    },
    {
      "type": "Feature",
      "properties": {
        "@id": "way/1254792389",
        "waterway": "stream"
      },
      "geometry": {
        "type": "LineString",
        "coordinates": [
          [
            121.0697407,
            14.6552233
          ],
          [
            121.0696703,
            14.6552236
          ],
          [
            121.0696306,
            14.6552216
          ],
          [
            121.0696024,
            14.6552046
          ],
          [
            121.0695867,
            14.6551913
          ],
          [
            121.0695685,
            14.655164
          ],
          [
            121.0695655,
            14.6551437
          ],
          [
            121.0695686,
            14.6551264
          ],
          [
            121.0695708,
            14.6551058
          ],
          [
            121.0695706,
            14.6550883
          ]
        ]
      },
      "id": "way/1254792389"
    },
    {
      "type": "Feature",
      "properties": {
        "@id": "way/1266672548",
        "name": "Luzon Creek",
        "waterway": "stream"
      },
      "geometry": {
        "type": "LineString",
        "coordinates": [
          [
            121.0694496,
            14.6703083
          ],
          [
            121.0693818,
            14.6702804
          ],
          [
            121.0693131,
            14.6702444
          ],
          [
            121.0692441,
            14.6701993
          ],
          [
            121.0691157,
            14.6700934
          ],
          [
            121.0689985,
            14.6700146
          ],
          [
            121.0688804,
            14.6699537
          ],
          [
            121.0688317,
            14.6699327
          ],
          [
            121.0687864,
            14.6699178
          ],
          [
            121.0687272,
            14.6699076
          ]
        ]
      },
      "id": "way/1266672548"
    },
    {
      "type": "Feature",
      "properties": {
        "@id": "way/1266672549",
        "layer": "-1",
        "name": "Luzon Creek",
        "tunnel": "culvert",
        "waterway": "stream"
      },
      "geometry": {
        "type": "LineString",
        "coordinates": [
          [
            121.0694969,
            14.6703216
          ],
          [
            121.0694496,
            14.6703083
          ]
        ]
      },
      "id": "way/1266672549"
    },
    {
      "type": "Feature",
      "properties": {
        "@id": "way/1280105499",
        "boat": "yes",
        "name": "Marikina River",
        "name:tl": "Ilog Marikina",
        "waterway": "river",
        "wikidata": "Q3551251"
      },
      "geometry": {
        "type": "LineString",
        "coordinates": [
          [
            121.082733,
            14.6104304
          ],
          [
            121.0846661,
            14.6090753
          ]
        ]
      },
      "id": "way/1280105499"
    },
    {
      "type": "Feature",
      "properties": {
        "@id": "way/1280105505",
        "boat": "yes",
        "name": "Marikina River",
        "name:tl": "Ilog Marikina",
        "waterway": "river",
        "wikidata": "Q3551251"
      },
      "geometry": {
        "type": "LineString",
        "coordinates": [
          [
            121.0784392,
            14.6155269
          ],
          [
            121.0788997,
            14.6141584
          ]
        ]
      },
      "id": "way/1280105505"
    },
    {
      "type": "Feature",
      "properties": {
        "@id": "way/1291380714",
        "layer": "-1",
        "name": "Don Jose Creek",
        "tunnel": "culvert",
        "waterway": "stream"
      },
      "geometry": {
        "type": "LineString",
        "coordinates": [
          [
            121.0622763,
            14.6184694
          ],
          [
            121.0622467,
            14.6185378
          ]
        ]
      },
      "id": "way/1291380714"
    },
    {
      "type": "Feature",
      "properties": {
        "@id": "way/1291380715",
        "name": "Don Jose Creek",
        "waterway": "stream"
      },
      "geometry": {
        "type": "LineString",
        "coordinates": [
          [
            121.062592,
            14.6177371
          ],
          [
            121.0625285,
            14.6178864
          ],
          [
            121.0622763,
            14.6184694
          ]
        ]
      },
      "id": "way/1291380715"
    },
    {
      "type": "Feature",
      "properties": {
        "@id": "way/1291380716",
        "layer": "-1",
        "name": "Don Jose Creek",
        "tunnel": "culvert",
        "waterway": "stream"
      },
      "geometry": {
        "type": "LineString",
        "coordinates": [
          [
            121.0616398,
            14.6199237
          ],
          [
            121.0616119,
            14.6199869
          ],
          [
            121.0615957,
            14.6200251
          ]
        ]
      },
      "id": "way/1291380716"
    },
    {
      "type": "Feature",
      "properties": {
        "@id": "way/1291380717",
        "name": "Don Jose Creek",
        "waterway": "stream"
      },
      "geometry": {
        "type": "LineString",
        "coordinates": [
          [
            121.0615957,
            14.6200251
          ],
          [
            121.0614101,
            14.6204612
          ],
          [
            121.0613555,
            14.6206086
          ]
        ]
      },
      "id": "way/1291380717"
    },
    {
      "type": "Feature",
      "properties": {
        "@id": "way/1291380718",
        "layer": "-1",
        "name": "Don Jose Creek",
        "tunnel": "culvert",
        "waterway": "stream"
      },
      "geometry": {
        "type": "LineString",
        "coordinates": [
          [
            121.0613555,
            14.6206086
          ],
          [
            121.0613181,
            14.6207095
          ],
          [
            121.0613113,
            14.6207334
          ]
        ]
      },
      "id": "way/1291380718"
    },
    {
      "type": "Feature",
      "properties": {
        "@id": "way/1291380719",
        "name": "Don Jose Creek",
        "waterway": "stream"
      },
      "geometry": {
        "type": "LineString",
        "coordinates": [
          [
            121.0622467,
            14.6185378
          ],
          [
            121.0620153,
            14.6190726
          ],
          [
            121.0616398,
            14.6199237
          ]
        ]
      },
      "id": "way/1291380719"
    },
    {
      "type": "Feature",
      "properties": {
        "@id": "way/1291380720",
        "layer": "-1",
        "name": "Don Jose Creek",
        "tunnel": "culvert",
        "waterway": "stream"
      },
      "geometry": {
        "type": "LineString",
        "coordinates": [
          [
            121.0626966,
            14.6174908
          ],
          [
            121.062592,
            14.6177371
          ]
        ]
      },
      "id": "way/1291380720"
    },
    {
      "type": "Feature",
      "properties": {
        "@id": "way/1293562953",
        "layer": "-1",
        "tunnel": "culvert",
        "waterway": "drain",
        "width": "70"
      },
      "geometry": {
        "type": "LineString",
        "coordinates": [
          [
            121.1030759,
            14.636519
          ],
          [
            121.1031076,
            14.6364378
          ],
          [
            121.1031076,
            14.6363366
          ],
          [
            121.1030686,
            14.636153
          ],
          [
            121.1029626,
            14.6357201
          ],
          [
            121.1029579,
            14.635446
          ],
          [
            121.1029923,
            14.6351686
          ],
          [
            121.1029845,
            14.634984
          ],
          [
            121.1028537,
            14.6349117
          ]
        ]
      },
      "id": "way/1293562953"
    },
    {
      "type": "Feature",
      "properties": {
        "@id": "way/1295585284",
        "layer": "-1",
        "tunnel": "culvert",
        "waterway": "river"
      },
      "geometry": {
        "type": "LineString",
        "coordinates": [
          [
            121.1024013,
            14.6534713
          ],
          [
            121.102373,
            14.6532707
          ]
        ]
      },
      "id": "way/1295585284"
    },
    {
      "type": "Feature",
      "properties": {
        "@id": "way/1295585285",
        "waterway": "river"
      },
      "geometry": {
        "type": "LineString",
        "coordinates": [
          [
            121.1032278,
            14.6565192
          ],
          [
            121.1032106,
            14.6564759
          ],
          [
            121.1031162,
            14.6560449
          ],
          [
            121.102987,
            14.6555598
          ],
          [
            121.1027938,
            14.6550262
          ]
        ]
      },
      "id": "way/1295585285"
    },
    {
      "type": "Feature",
      "properties": {
        "@id": "way/1295588537",
        "layer": "-1",
        "tunnel": "culvert",
        "waterway": "drain"
      },
      "geometry": {
        "type": "LineString",
        "coordinates": [
          [
            121.105071,
            14.6578975
          ],
          [
            121.1050566,
            14.6578519
          ],
          [
            121.1048868,
            14.6573799
          ]
        ]
      },
      "id": "way/1295588537"
    },
    {
      "type": "Feature",
      "properties": {
        "@id": "way/1295588538",
        "waterway": "drain"
      },
      "geometry": {
        "type": "LineString",
        "coordinates": [
          [
            121.1052178,
            14.6583715
          ],
          [
            121.1051466,
            14.6582339
          ],
          [
            121.1051119,
            14.6581559
          ],
          [
            121.1050653,
            14.6580588
          ],
          [
            121.1050482,
            14.6579588
          ],
          [
            121.105071,
            14.6578975
          ]
        ]
      },
      "id": "way/1295588538"
    },
    {
      "type": "Feature",
      "properties": {
        "@id": "way/1296481368",
        "waterway": "river"
      },
      "geometry": {
        "type": "LineString",
        "coordinates": [
          [
            121.1274866,
            14.6357853
          ],
          [
            121.1274007,
            14.6358443
          ],
          [
            121.1273596,
            14.6359071
          ],
          [
            121.1272964,
            14.6359568
          ],
          [
            121.1271967,
            14.6360341
          ],
          [
            121.1270963,
            14.63608
          ],
          [
            121.1270227,
            14.6360425
          ],
          [
            121.1268756,
            14.6360058
          ],
          [
            121.1264296,
            14.6359721
          ]
        ]
      },
      "id": "way/1296481368"
    },
    {
      "type": "Feature",
      "properties": {
        "@id": "way/1296549243",
        "waterway": "drain"
      },
      "geometry": {
        "type": "LineString",
        "coordinates": [
          [
            121.1240434,
            14.6483812
          ],
          [
            121.123987,
            14.6484364
          ],
          [
            121.1239505,
            14.648483
          ],
          [
            121.1239542,
            14.6485401
          ],
          [
            121.1240013,
            14.6486183
          ],
          [
            121.1239939,
            14.648675
          ]
        ]
      },
      "id": "way/1296549243"
    },
    {
      "type": "Feature",
      "properties": {
        "@id": "way/1296549244",
        "waterway": "drain"
      },
      "geometry": {
        "type": "LineString",
        "coordinates": [
          [
            121.1247526,
            14.6484606
          ],
          [
            121.1244307,
            14.6482575
          ],
          [
            121.1243729,
            14.6482359
          ],
          [
            121.1243141,
            14.6482425
          ],
          [
            121.1241304,
            14.6483293
          ],
          [
            121.1240434,
            14.6483812
          ]
        ]
      },
      "id": "way/1296549244"
    },
    {
      "type": "Feature",
      "properties": {
        "@id": "way/1296555545",
        "layer": "-1",
        "tunnel": "culvert",
        "waterway": "drain"
      },
      "geometry": {
        "type": "LineString",
        "coordinates": [
          [
            121.1196081,
            14.6481538
          ],
          [
            121.1188815,
            14.6487873
          ]
        ]
      },
      "id": "way/1296555545"
    },
    {
      "type": "Feature",
      "properties": {
        "@id": "way/1296555547",
        "layer": "-1",
        "tunnel": "culvert",
        "waterway": "drain"
      },
      "geometry": {
        "type": "LineString",
        "coordinates": [
          [
            121.1197702,
            14.6480369
          ],
          [
            121.1197192,
            14.648068
          ]
        ]
      },
      "id": "way/1296555547"
    },
    {
      "type": "Feature",
      "properties": {
        "@id": "way/1296555548",
        "waterway": "drain"
      },
      "geometry": {
        "type": "LineString",
        "coordinates": [
          [
            121.1197192,
            14.648068
          ],
          [
            121.1196081,
            14.6481538
          ]
        ]
      },
      "id": "way/1296555548"
    },
    {
      "type": "Feature",
      "properties": {
        "@id": "way/1296599252",
        "layer": "-1",
        "tunnel": "culvert",
        "waterway": "drain"
      },
      "geometry": {
        "type": "LineString",
        "coordinates": [
          [
            121.1171565,
            14.6503972
          ],
          [
            121.1169632,
            14.6504203
          ]
        ]
      },
      "id": "way/1296599252"
    },
    {
      "type": "Feature",
      "properties": {
        "@id": "way/1296599253",
        "waterway": "drain"
      },
      "geometry": {
        "type": "LineString",
        "coordinates": [
          [
            121.1183848,
            14.6494201
          ],
          [
            121.1183541,
            14.6494555
          ],
          [
            121.1182044,
            14.6495291
          ],
          [
            121.1171565,
            14.6503972
          ]
        ]
      },
      "id": "way/1296599253"
    },
    {
      "type": "Feature",
      "properties": {
        "@id": "way/1298042930",
        "layer": "-1",
        "tunnel": "culvert",
        "waterway": "drain"
      },
      "geometry": {
        "type": "LineString",
        "coordinates": [
          [
            121.1210204,
            14.6632062
          ],
          [
            121.1212337,
            14.6634339
          ]
        ]
      },
      "id": "way/1298042930"
    },
    {
      "type": "Feature",
      "properties": {
        "@id": "way/1301838530",
        "boat": "no",
        "waterway": "stream"
      },
      "geometry": {
        "type": "LineString",
        "coordinates": [
          [
            121.0603727,
            14.6095981
          ],
          [
            121.0602977,
            14.6095269
          ],
          [
            121.0602591,
            14.6093734
          ],
          [
            121.0601729,
            14.6091603
          ],
          [
            121.0601014,
            14.6090611
          ],
          [
            121.0600488,
            14.6090211
          ],
          [
            121.0599852,
            14.6089764
          ],
          [
            121.0599236,
            14.6089549
          ],
          [
            121.0598551,
            14.6089428
          ],
          [
            121.0597069,
            14.6089278
          ]
        ]
      },
      "id": "way/1301838530"
    },
    {
      "type": "Feature",
      "properties": {
        "@id": "way/1302289057",
        "boat": "no",
        "layer": "-1",
        "tunnel": "culvert",
        "waterway": "stream"
      },
      "geometry": {
        "type": "LineString",
        "coordinates": [
          [
            121.104991,
            14.6215026
          ],
          [
            121.1050549,
            14.6214115
          ]
        ]
      },
      "id": "way/1302289057"
    },
    {
      "type": "Feature",
      "properties": {
        "@id": "way/1302289058",
        "boat": "no",
        "disputed:admin_level": "3",
        "disputed:boundary": "administrative",
        "disputed:note": "This boundary is claimed by Pasig",
        "layer": "-1",
        "tunnel": "culvert",
        "waterway": "river"
      },
      "geometry": {
        "type": "LineString",
        "coordinates": [
          [
            121.1050549,
            14.6214115
          ],
          [
            121.1050705,
            14.6213437
          ],
          [
            121.1051422,
            14.6212985
          ],
          [
            121.1052213,
            14.6211822
          ]
        ]
      },
      "id": "way/1302289058"
    },
    {
      "type": "Feature",
      "properties": {
        "@id": "way/1303179353",
        "waterway": "drain"
      },
      "geometry": {
        "type": "LineString",
        "coordinates": [
          [
            121.0738936,
            14.6640562
          ],
          [
            121.0738152,
            14.6641382
          ],
          [
            121.0737286,
            14.664195
          ],
          [
            121.0734237,
            14.6643883
          ],
          [
            121.0731524,
            14.6645578
          ]
        ]
      },
      "id": "way/1303179353"
    },
    {
      "type": "Feature",
      "properties": {
        "@id": "way/1303179354",
        "boat": "no",
        "name": "Tandang Sora Creek",
        "waterway": "drain"
      },
      "geometry": {
        "type": "LineString",
        "coordinates": [
          [
            121.0743981,
            14.6634714
          ],
          [
            121.0743395,
            14.6635883
          ],
          [
            121.0742993,
            14.6636747
          ],
          [
            121.0741073,
            14.6638334
          ],
          [
            121.0738936,
            14.6640562
          ]
        ]
      },
      "id": "way/1303179354"
    },
    {
      "type": "Feature",
      "properties": {
        "@id": "way/1320023321",
        "waterway": "stream"
      },
      "geometry": {
        "type": "LineString",
        "coordinates": [
          [
            121.1445803,
            14.6622443
          ],
          [
            121.1445323,
            14.662301
          ],
          [
            121.1444385,
            14.6623432
          ],
          [
            121.1443278,
            14.6623607
          ],
          [
            121.1441912,
            14.6623604
          ],
          [
            121.144022,
            14.6623905
          ],
          [
            121.1438971,
            14.6624579
          ],
          [
            121.1438309,
            14.6625982
          ],
          [
            121.1438417,
            14.6628114
          ],
          [
            121.1438631,
            14.6629478
          ],
          [
            121.143896,
            14.6631093
          ],
          [
            121.1439615,
            14.6632935
          ],
          [
            121.1440462,
            14.6634557
          ],
          [
            121.144117,
            14.6636151
          ],
          [
            121.1441763,
            14.6637554
          ],
          [
            121.1442149,
            14.6639021
          ]
        ]
      },
      "id": "way/1320023321"
    },
    {
      "type": "Feature",
      "properties": {
        "@id": "way/1320023322",
        "layer": "-1",
        "tunnel": "culvert",
        "waterway": "stream"
      },
      "geometry": {
        "type": "LineString",
        "coordinates": [
          [
            121.144595,
            14.6621651
          ],
          [
            121.1445803,
            14.6622443
          ]
        ]
      },
      "id": "way/1320023322"
    },
    {
      "type": "Feature",
      "properties": {
        "@id": "way/1320042676",
        "layer": "-1",
        "name": "Quiling Malaki Creek",
        "tunnel": "culvert",
        "waterway": "stream"
      },
      "geometry": {
        "type": "LineString",
        "coordinates": [
          [
            121.1343346,
            14.6320678
          ],
          [
            121.1342768,
            14.6319993
          ]
        ]
      },
      "id": "way/1320042676"
    },
    {
      "type": "Feature",
      "properties": {
        "@id": "way/1359259921",
        "layer": "-1",
        "tunnel": "culvert",
        "waterway": "drain"
      },
      "geometry": {
        "type": "LineString",
        "coordinates": [
          [
            121.074414,
            14.644258
          ],
          [
            121.0748905,
            14.6439675
          ]
        ]
      },
      "id": "way/1359259921"
    },
    {
      "type": "Feature",
      "properties": {
        "@id": "way/1412963645",
        "admin_level": "6",
        "boat": "no",
        "boundary": "administrative",
        "disputed:admin_level": "3",
        "disputed:note": "This boundary is claimed by Pasig",
        "waterway": "river"
      },
      "geometry": {
        "type": "LineString",
        "coordinates": [
          [
            121.1062029,
            14.6202059
          ],
          [
            121.1061877,
            14.6200115
          ],
          [
            121.1062307,
            14.6198787
          ]
        ]
      },
      "id": "way/1412963645"
    },
    {
      "type": "Feature",
      "properties": {
        "@id": "way/1412963648",
        "admin_level": "6",
        "boat": "no",
        "boundary": "administrative",
        "disputed:admin_level": "3",
        "disputed:note": "This boundary is claimed by Pasig",
        "waterway": "river"
      },
      "geometry": {
        "type": "LineString",
        "coordinates": [
          [
            121.1063623,
            14.6206824
          ],
          [
            121.1063663,
            14.6206137
          ],
          [
            121.1063567,
            14.6205311
          ],
          [
            121.1062029,
            14.6202059
          ]
        ]
      },
      "id": "way/1412963648"
    },
    {
      "type": "Feature",
      "properties": {
        "@id": "way/1428409732",
        "waterway": "ditch"
      },
      "geometry": {
        "type": "LineString",
        "coordinates": [
          [
            121.073771,
            14.6611139
          ],
          [
            121.073832,
            14.6612086
          ],
          [
            121.0739976,
            14.6612728
          ],
          [
            121.0741619,
            14.6613863
          ],
          [
            121.0742518,
            14.6614908
          ],
          [
            121.074347,
            14.6615738
          ],
          [
            121.0744636,
            14.6617133
          ]
        ]
      },
      "id": "way/1428409732"
    },
    {
      "type": "Feature",
      "properties": {
        "@id": "way/1428409733",
        "layer": "-1",
        "tunnel": "culvert",
        "waterway": "ditch"
      },
      "geometry": {
        "type": "LineString",
        "coordinates": [
          [
            121.0744762,
            14.6617283
          ],
          [
            121.0744636,
            14.6617133
          ]
        ]
      },
      "id": "way/1428409733"
    },
    {
      "type": "Feature",
      "properties": {
        "@id": "way/1428409734",
        "waterway": "ditch"
      },
      "geometry": {
        "type": "LineString",
        "coordinates": [
          [
            121.0744762,
            14.6617283
          ],
          [
            121.0746085,
            14.6618865
          ],
          [
            121.0747007,
            14.6619838
          ],
          [
            121.0748385,
            14.6621881
          ]
        ]
      },
      "id": "way/1428409734"
    },
    {
      "type": "Feature",
      "properties": {
        "@id": "way/1434564566",
        "boat": "no",
        "layer": "-1",
        "tunnel": "culvert",
        "waterway": "river"
      },
      "geometry": {
        "type": "LineString",
        "coordinates": [
          [
            121.0812342,
            14.6469662
          ],
          [
            121.0812382,
            14.6469207
          ]
        ]
      },
      "id": "way/1434564566"
    },
    {
      "type": "Feature",
      "properties": {
        "@id": "way/1434564567",
        "boat": "no",
        "waterway": "river"
      },
      "geometry": {
        "type": "LineString",
        "coordinates": [
          [
            121.0812382,
            14.6469207
          ],
          [
            121.0813253,
            14.6462185
          ],
          [
            121.0808458,
            14.6461505
          ]
        ]
      },
      "id": "way/1434564567"
    },
    {
      "type": "Feature",
      "properties": {
        "@id": "way/1434564568",
        "boat": "no",
        "layer": "-1",
        "name": "Katipunan Creek",
        "tunnel": "culvert",
        "waterway": "stream"
      },
      "geometry": {
        "type": "LineString",
        "coordinates": [
          [
            121.0710318,
            14.6474333
          ],
          [
            121.0710632,
            14.6473445
          ]
        ]
      },
      "id": "way/1434564568"
    },
    {
      "type": "Feature",
      "properties": {
        "@id": "way/1436147515",
        "layer": "-1",
        "name": "Balante Creek",
        "tunnel": "culvert",
        "waterway": "drain"
      },
      "geometry": {
        "type": "LineString",
        "coordinates": [
          [
            121.1019694,
            14.632839
          ],
          [
            121.1019705,
            14.6327285
          ]
        ]
      },
      "id": "way/1436147515"
    },
    {
      "type": "Feature",
      "properties": {
        "@id": "way/1443515412",
        "layer": "-1",
        "tunnel": "culvert",
        "waterway": "drain"
      },
      "geometry": {
        "type": "LineString",
        "coordinates": [
          [
            121.1213346,
            14.663217
          ],
          [
            121.1212705,
            14.6634165
          ]
        ]
      },
      "id": "way/1443515412"
    },
    {
      "type": "Feature",
      "properties": {
        "@id": "way/1443515413",
        "waterway": "drain"
      },
      "geometry": {
        "type": "LineString",
        "coordinates": [
          [
            121.1237361,
            14.6630961
          ],
          [
            121.1220536,
            14.6631073
          ],
          [
            121.1214425,
            14.6631154
          ],
          [
            121.1213346,
            14.663217
          ]
        ]
      },
      "id": "way/1443515413"
    },
    {
      "type": "Feature",
      "properties": {
        "@id": "way/1443515414",
        "waterway": "drain"
      },
      "geometry": {
        "type": "LineString",
        "coordinates": [
          [
            121.1212337,
            14.6634339
          ],
          [
            121.1212569,
            14.6634587
          ]
        ]
      },
      "id": "way/1443515414"
    },
    {
      "type": "Feature",
      "properties": {
        "@id": "way/1444540455",
        "waterway": "drain"
      },
      "geometry": {
        "type": "LineString",
        "coordinates": [
          [
            121.0971478,
            14.6585047
          ],
          [
            121.0966381,
            14.6584645
          ],
          [
            121.0964424,
            14.6584234
          ]
        ]
      },
      "id": "way/1444540455"
    },
    {
      "type": "Feature",
      "properties": {
        "@id": "way/1444540456",
        "layer": "-1",
        "tunnel": "culvert",
        "waterway": "drain"
      },
      "geometry": {
        "type": "LineString",
        "coordinates": [
          [
            121.0974321,
            14.6585099
          ],
          [
            121.0971478,
            14.6585047
          ]
        ]
      },
      "id": "way/1444540456"
    },
    {
      "type": "Feature",
      "properties": {
        "@id": "way/1451227724",
        "boat": "no",
        "waterway": "stream"
      },
      "geometry": {
        "type": "LineString",
        "coordinates": [
          [
            121.1049959,
            14.6299342
          ],
          [
            121.1049519,
            14.6291611
          ]
        ]
      },
      "id": "way/1451227724"
    },
    {
      "type": "Feature",
      "properties": {
        "@id": "way/1477341308",
        "layer": "-1",
        "waterway": "stream"
      },
      "geometry": {
        "type": "LineString",
        "coordinates": [
          [
            121.0603379,
            14.627439
          ],
          [
            121.060372,
            14.627538
          ],
          [
            121.0602675,
            14.6276746
          ],
          [
            121.060074,
            14.6281096
          ],
          [
            121.0599329,
            14.6284536
          ],
          [
            121.059844,
            14.6286407
          ],
          [
            121.0598138,
            14.6286929
          ],
          [
            121.0596232,
            14.629007
          ]
        ]
      },
      "id": "way/1477341308"
    },
    {
      "type": "Feature",
      "properties": {
        "@id": "way/1482270851",
        "layer": "-1",
        "name": "Banaba Creek",
        "tunnel": "culvert",
        "waterway": "stream"
      },
      "geometry": {
        "type": "LineString",
        "coordinates": [
          [
            121.1284211,
            14.6736763
          ],
          [
            121.1284067,
            14.6736951
          ]
        ]
      },
      "id": "way/1482270851"
    },
    {
      "type": "Feature",
      "properties": {
        "@id": "way/1484644666",
        "layer": "-1",
        "tunnel": "culvert",
        "waterway": "stream"
      },
      "geometry": {
        "type": "LineString",
        "coordinates": [
          [
            121.106619,
            14.6341434
          ],
          [
            121.1065121,
            14.634098
          ],
          [
            121.1063726,
            14.6339476
          ],
          [
            121.1062158,
            14.6338143
          ],
          [
            121.1059101,
            14.6334536
          ]
        ]
      },
      "id": "way/1484644666"
    },
    {
      "type": "Feature",
      "properties": {
        "@id": "way/1484673439",
        "layer": "-1",
        "tunnel": "culvert",
        "waterway": "canal"
      },
      "geometry": {
        "type": "LineString",
        "coordinates": [
          [
            121.0986582,
            14.6695501
          ],
          [
            121.0988488,
            14.6690602
          ],
          [
            121.0989234,
            14.6689966
          ],
          [
            121.0989522,
            14.6689721
          ],
          [
            121.0991505,
            14.6688157
          ]
        ]
      },
      "id": "way/1484673439"
    },
    {
      "type": "Feature",
      "properties": {
        "@id": "way/1484939445",
        "waterway": "stream"
      },
      "geometry": {
        "type": "LineString",
        "coordinates": [
          [
            121.1066285,
            14.6341601
          ],
          [
            121.1066023,
            14.6341637
          ]
        ]
      },
      "id": "way/1484939445"
    },
    {
      "type": "Feature",
      "properties": {
        "@id": "way/1486348511",
        "waterway": "stream"
      },
      "geometry": {
        "type": "LineString",
        "coordinates": [
          [
            121.0633481,
            14.6833076
          ],
          [
            121.0632846,
            14.6832655
          ],
          [
            121.0632014,
            14.6832446
          ],
          [
            121.0630935,
            14.6832371
          ],
          [
            121.0629749,
            14.6832431
          ],
          [
            121.0628809,
            14.6832416
          ],
          [
            121.0627824,
            14.6832222
          ],
          [
            121.0627022,
            14.6831731
          ],
          [
            121.0626067,
            14.6830911
          ],
          [
            121.0625528,
            14.6830538
          ],
          [
            121.0625071,
            14.6830332
          ],
          [
            121.0624595,
            14.68302
          ],
          [
            121.0624244,
            14.6830067
          ],
          [
            121.062388,
            14.6829868
          ],
          [
            121.0623341,
            14.682951
          ],
          [
            121.0622793,
            14.6829123
          ],
          [
            121.0622527,
            14.6828937
          ]
        ]
      },
      "id": "way/1486348511"
    },
    {
      "type": "Feature",
      "properties": {
        "@id": "way/1486348512",
        "waterway": "stream"
      },
      "geometry": {
        "type": "LineString",
        "coordinates": [
          [
            121.0621076,
            14.6827946
          ],
          [
            121.0620598,
            14.6827782
          ],
          [
            121.0620093,
            14.6827832
          ],
          [
            121.0619592,
            14.6827989
          ]
        ]
      },
      "id": "way/1486348512"
    },
    {
      "type": "Feature",
      "properties": {
        "@id": "way/1486348513",
        "layer": "-1",
        "tunnel": "culvert",
        "waterway": "stream"
      },
      "geometry": {
        "type": "LineString",
        "coordinates": [
          [
            121.0622527,
            14.6828937
          ],
          [
            121.062144,
            14.6828129
          ],
          [
            121.0621076,
            14.6827946
          ]
        ]
      },
      "id": "way/1486348513"
    },
    {
      "type": "Feature",
      "properties": {
        "@id": "way/1486348514",
        "description": "No idea where the culvert leads to",
        "waterway": "stream"
      },
      "geometry": {
        "type": "LineString",
        "coordinates": [
          [
            121.0613859,
            14.6826761
          ],
          [
            121.0613559,
            14.6826512
          ],
          [
            121.0613302,
            14.6826306
          ],
          [
            121.0612992,
            14.6826127
          ],
          [
            121.0612692,
            14.6825981
          ],
          [
            121.0612417,
            14.6825861
          ],
          [
            121.0612125,
            14.682575
          ]
        ]
      },
      "id": "way/1486348514"
    },
    {
      "type": "Feature",
      "properties": {
        "@id": "way/1486348515",
        "description": "No idea where the culvert leads to",
        "layer": "-1",
        "tunnel": "culvert",
        "waterway": "stream"
      },
      "geometry": {
        "type": "LineString",
        "coordinates": [
          [
            121.0612125,
            14.682575
          ],
          [
            121.061109,
            14.6825562
          ]
        ]
      },
      "id": "way/1486348515"
    },
    {
      "type": "Feature",
      "properties": {
        "@id": "way/1489430064",
        "layer": "-1",
        "tunnel": "yes",
        "waterway": "stream"
      },
      "geometry": {
        "type": "LineString",
        "coordinates": [
          [
            121.0752776,
            14.6336198
          ],
          [
            121.0756697,
            14.6333618
          ],
          [
            121.0760287,
            14.6330246
          ],
          [
            121.0761908,
            14.632743
          ],
          [
            121.0764373,
            14.6326838
          ],
          [
            121.0768181,
            14.6326355
          ],
          [
            121.0772938,
            14.6324723
          ],
          [
            121.0775113,
            14.6323686
          ],
          [
            121.0777396,
            14.6322586
          ],
          [
            121.0780102,
            14.632135
          ],
          [
            121.0782087,
            14.63193
          ],
          [
            121.078398,
            14.631767
          ],
          [
            121.0790777,
            14.631154
          ],
          [
            121.0794961,
            14.6307076
          ],
          [
            121.0797751,
            14.6306038
          ],
          [
            121.0801399,
            14.6305
          ],
          [
            121.0805071,
            14.629938
          ],
          [
            121.0807836,
            14.6291712
          ],
          [
            121.0811484,
            14.6288183
          ],
          [
            121.081481,
            14.6286314
          ],
          [
            121.0818887,
            14.6285068
          ],
          [
            121.082682,
            14.6282218
          ]
        ]
      },
      "id": "way/1489430064"
    },
    {
      "type": "Feature",
      "properties": {
        "@id": "way/1489431953",
        "layer": "-1",
        "tunnel": "yes",
        "waterway": "drain"
      },
      "geometry": {
        "type": "LineString",
        "coordinates": [
          [
            121.0846582,
            14.623713
          ],
          [
            121.0822468,
            14.6263952
          ]
        ]
      },
      "id": "way/1489431953"
    },
    {
      "type": "Feature",
      "properties": {
        "@id": "way/1489431954",
        "layer": "-1",
        "tunnel": "yes",
        "waterway": "drain"
      },
      "geometry": {
        "type": "LineString",
        "coordinates": [
          [
            121.0858791,
            14.6230022
          ],
          [
            121.0822969,
            14.6265918
          ]
        ]
      },
      "id": "way/1489431954"
    },
    {
      "type": "Feature",
      "properties": {
        "@id": "way/1489441115",
        "layer": "-1",
        "tunnel": "yes",
        "waterway": "stream"
      },
      "geometry": {
        "type": "LineString",
        "coordinates": [
          [
            121.071151,
            14.6228661
          ],
          [
            121.0707253,
            14.6228569
          ],
          [
            121.0702202,
            14.6227706
          ],
          [
            121.0694784,
            14.6224712
          ],
          [
            121.0693165,
            14.6223622
          ],
          [
            121.0689497,
            14.6220497
          ],
          [
            121.068483,
            14.6218162
          ],
          [
            121.06766,
            14.6215048
          ],
          [
            121.0671902,
            14.6213386
          ],
          [
            121.0668067,
            14.621186
          ]
        ]
      },
      "id": "way/1489441115"
    },
    {
      "type": "Feature",
      "properties": {
        "@id": "way/1491446758",
        "waterway": "river"
      },
      "geometry": {
        "type": "LineString",
        "coordinates": [
          [
            121.1027938,
            14.6550262
          ],
          [
            121.1027249,
            14.6548318
          ],
          [
            121.1025018,
            14.6541841
          ],
          [
            121.1024502,
            14.6538178
          ],
          [
            121.1024013,
            14.6534713
          ]
        ]
      },
      "id": "way/1491446758"
    },
    {
      "type": "Feature",
      "properties": {
        "@id": "way/1491446766",
        "boat": "yes",
        "name": "Marikina River",
        "name:tl": "Ilog Marikina",
        "waterway": "river",
        "wikidata": "Q3551251"
      },
      "geometry": {
        "type": "LineString",
        "coordinates": [
          [
            121.0953166,
            14.654028
          ],
          [
            121.0950108,
            14.6537619
          ],
          [
            121.0942299,
            14.6533329
          ],
          [
            121.0934184,
            14.6530062
          ]
        ]
      },
      "id": "way/1491446766"
    },
    {
      "type": "Feature",
      "properties": {
        "@id": "way/1491446767",
        "boat": "yes",
        "name": "Marikina River",
        "name:tl": "Ilog Marikina",
        "waterway": "river",
        "wikidata": "Q3551251"
      },
      "geometry": {
        "type": "LineString",
        "coordinates": [
          [
            121.0934184,
            14.6530062
          ],
          [
            121.0929164,
            14.6528415
          ],
          [
            121.0923019,
            14.6526566
          ],
          [
            121.0912578,
            14.6523455
          ],
          [
            121.0901189,
            14.6515461
          ],
          [
            121.0894596,
            14.6508558
          ],
          [
            121.0891969,
            14.6500251
          ],
          [
            121.0891499,
            14.6495309
          ],
          [
            121.0891835,
            14.6489012
          ],
          [
            121.0893006,
            14.6484836
          ],
          [
            121.0894064,
            14.6476813
          ],
          [
            121.0895925,
            14.646864
          ]
        ]
      },
      "id": "way/1491446767"
    },
    {
      "type": "Feature",
      "properties": {
        "@id": "way/1491446768",
        "name": "Tumana Creek",
        "waterway": "river"
      },
      "geometry": {
        "type": "LineString",
        "coordinates": [
          [
            121.101386,
            14.6510452
          ],
          [
            121.1008281,
            14.650821
          ],
          [
            121.0992917,
            14.6506715
          ],
          [
            121.0990807,
            14.6506786
          ],
          [
            121.0989999,
            14.6506964
          ],
          [
            121.098934,
            14.6507319
          ],
          [
            121.0988797,
            14.6507795
          ],
          [
            121.098811,
            14.6509538
          ],
          [
            121.0983827,
            14.6514718
          ]
        ]
      },
      "id": "way/1491446768"
    },
    {
      "type": "Feature",
      "properties": {
        "@id": "way/1498977460",
        "name": "Iglesia Ni Cristo Creek",
        "waterway": "stream",
        "width": "1.5"
      },
      "geometry": {
        "type": "LineString",
        "coordinates": [
          [
            121.0608371,
            14.6636861
          ],
          [
            121.060783,
            14.6640682
          ],
          [
            121.0607614,
            14.6641457
          ],
          [
            121.0606968,
            14.6642245
          ],
          [
            121.0605766,
            14.6642454
          ],
          [
            121.0603262,
            14.6642529
          ],
          [
            121.0601732,
            14.6642455
          ],
          [
            121.0600685,
            14.6643399
          ],
          [
            121.0599487,
            14.664368
          ],
          [
            121.0597565,
            14.6644159
          ],
          [
            121.0597318,
            14.6644207
          ]
        ]
      },
      "id": "way/1498977460"
    },
    {
      "type": "Feature",
      "properties": {
        "@id": "way/1498977461",
        "name": "Iglesia Ni Cristo Creek",
        "waterway": "stream",
        "width": "1.5"
      },
      "geometry": {
        "type": "LineString",
        "coordinates": [
          [
            121.0608402,
            14.6636641
          ],
          [
            121.0608371,
            14.6636861
          ]
        ]
      },
      "id": "way/1498977461"
    },
    {
      "type": "Feature",
      "properties": {
        "@id": "way/1498977462",
        "layer": "-1",
        "name": "Iglesia Ni Cristo Creek",
        "tunnel": "culvert",
        "waterway": "stream",
        "width": "1.5"
      },
      "geometry": {
        "type": "LineString",
        "coordinates": [
          [
            121.0608489,
            14.6636024
          ],
          [
            121.0608402,
            14.6636641
          ]
        ]
      },
      "id": "way/1498977462"
    },
    {
      "type": "Feature",
      "properties": {
        "@id": "way/1498977463",
        "name": "Iglesia Ni Cristo Creek",
        "waterway": "stream",
        "width": "1.5"
      },
      "geometry": {
        "type": "LineString",
        "coordinates": [
          [
            121.0608782,
            14.6635903
          ],
          [
            121.0608489,
            14.6636024
          ]
        ]
      },
      "id": "way/1498977463"
    },
    {
      "type": "Feature",
      "properties": {
        "@id": "way/1498977464",
        "layer": "-1",
        "name": "Iglesia Ni Cristo Creek",
        "tunnel": "culvert",
        "waterway": "stream",
        "width": "1.5"
      },
      "geometry": {
        "type": "LineString",
        "coordinates": [
          [
            121.0609863,
            14.6635459
          ],
          [
            121.0608782,
            14.6635903
          ]
        ]
      },
      "id": "way/1498977464"
    },
    {
      "type": "Feature",
      "properties": {
        "@id": "way/1498977465",
        "layer": "-1",
        "name": "Iglesia Ni Cristo Creek",
        "tunnel": "culvert",
        "waterway": "stream",
        "width": "1.5"
      },
      "geometry": {
        "type": "LineString",
        "coordinates": [
          [
            121.0613403,
            14.6630926
          ],
          [
            121.0613343,
            14.6631007
          ],
          [
            121.0612458,
            14.663329
          ],
          [
            121.0611412,
            14.6634821
          ],
          [
            121.0609863,
            14.6635459
          ]
        ]
      },
      "id": "way/1498977465"
    },
    {
      "type": "Feature",
      "properties": {
        "@id": "way/1498977466",
        "layer": "-1",
        "name": "Iglesia Ni Cristo Creek",
        "tunnel": "culvert",
        "waterway": "stream",
        "width": "1.5"
      },
      "geometry": {
        "type": "LineString",
        "coordinates": [
          [
            121.061449,
            14.6629169
          ],
          [
            121.0614003,
            14.6630041
          ]
        ]
      },
      "id": "way/1498977466"
    },
    {
      "type": "Feature",
      "properties": {
        "@id": "way/1498977467",
        "layer": "-1",
        "name": "Iglesia Ni Cristo Creek",
        "tunnel": "culvert",
        "waterway": "stream",
        "width": "1.5"
      },
      "geometry": {
        "type": "LineString",
        "coordinates": [
          [
            121.0613826,
            14.6630358
          ],
          [
            121.0613403,
            14.6630926
          ]
        ]
      },
      "id": "way/1498977467"
    },
    {
      "type": "Feature",
      "properties": {
        "@id": "way/1498977468",
        "layer": "-1",
        "name": "Iglesia Ni Cristo Creek",
        "tunnel": "culvert",
        "waterway": "stream",
        "width": "1.5"
      },
      "geometry": {
        "type": "LineString",
        "coordinates": [
          [
            121.0614003,
            14.6630041
          ],
          [
            121.0613826,
            14.6630358
          ]
        ]
      },
      "id": "way/1498977468"
    },
    {
      "type": "Feature",
      "properties": {
        "@id": "way/1498977469",
        "layer": "-1",
        "name": "Iglesia Ni Cristo Creek",
        "tunnel": "culvert",
        "waterway": "stream",
        "width": "1.5"
      },
      "geometry": {
        "type": "LineString",
        "coordinates": [
          [
            121.0615971,
            14.6626518
          ],
          [
            121.061449,
            14.6629169
          ]
        ]
      },
      "id": "way/1498977469"
    },
    {
      "type": "Feature",
      "properties": {
        "@id": "way/1498977470",
        "layer": "-1",
        "name": "Iglesia Ni Cristo Creek",
        "tunnel": "culvert",
        "waterway": "stream",
        "width": "1.5"
      },
      "geometry": {
        "type": "LineString",
        "coordinates": [
          [
            121.061643,
            14.6625773
          ],
          [
            121.0615971,
            14.6626518
          ]
        ]
      },
      "id": "way/1498977470"
    },
    {
      "type": "Feature",
      "properties": {
        "@id": "way/1498977471",
        "layer": "-1",
        "name": "Iglesia Ni Cristo Creek",
        "tunnel": "culvert",
        "waterway": "stream",
        "width": "1.5"
      },
      "geometry": {
        "type": "LineString",
        "coordinates": [
          [
            121.0621403,
            14.6618681
          ],
          [
            121.0621363,
            14.6619226
          ],
          [
            121.0621309,
            14.6619849
          ],
          [
            121.0620236,
            14.662125
          ],
          [
            121.0617473,
            14.6624079
          ],
          [
            121.061643,
            14.6625773
          ]
        ]
      },
      "id": "way/1498977471"
    },
    {
      "type": "Feature",
      "properties": {
        "@id": "way/1498977472",
        "layer": "-1",
        "name": "Iglesia Ni Cristo Creek",
        "tunnel": "culvert",
        "waterway": "stream",
        "width": "1.5"
      },
      "geometry": {
        "type": "LineString",
        "coordinates": [
          [
            121.0621483,
            14.6617599
          ],
          [
            121.0621403,
            14.6618681
          ]
        ]
      },
      "id": "way/1498977472"
    },
    {
      "type": "Feature",
      "properties": {
        "@id": "way/1498977473",
        "layer": "-1",
        "name": "Iglesia Ni Cristo Creek",
        "tunnel": "culvert",
        "waterway": "stream",
        "width": "1.5"
      },
      "geometry": {
        "type": "LineString",
        "coordinates": [
          [
            121.0621524,
            14.6617046
          ],
          [
            121.0621483,
            14.6617599
          ]
        ]
      },
      "id": "way/1498977473"
    },
    {
      "type": "Feature",
      "properties": {
        "@id": "way/1498977474",
        "layer": "-1",
        "name": "Iglesia Ni Cristo Creek",
        "tunnel": "culvert",
        "waterway": "stream",
        "width": "1.5"
      },
      "geometry": {
        "type": "LineString",
        "coordinates": [
          [
            121.0623531,
            14.6616742
          ],
          [
            121.0621524,
            14.6617046
          ]
        ]
      },
      "id": "way/1498977474"
    },
    {
      "type": "Feature",
      "properties": {
        "@id": "way/1498977475",
        "layer": "-1",
        "name": "Iglesia Ni Cristo Creek",
        "tunnel": "culvert",
        "waterway": "stream",
        "width": "1.5"
      },
      "geometry": {
        "type": "LineString",
        "coordinates": [
          [
            121.0624242,
            14.6616653
          ],
          [
            121.0624095,
            14.6616657
          ],
          [
            121.0623531,
            14.6616742
          ]
        ]
      },
      "id": "way/1498977475"
    },
    {
      "type": "Feature",
      "properties": {
        "@id": "way/1498977476",
        "layer": "-1",
        "name": "Iglesia Ni Cristo Creek",
        "tunnel": "culvert",
        "waterway": "stream",
        "width": "1.5"
      },
      "geometry": {
        "type": "LineString",
        "coordinates": [
          [
            121.0625264,
            14.6616625
          ],
          [
            121.0624242,
            14.6616653
          ]
        ]
      },
      "id": "way/1498977476"
    },
    {
      "type": "Feature",
      "properties": {
        "@id": "way/1499785380",
        "layer": "-1",
        "tunnel": "culvert",
        "waterway": "drain"
      },
      "geometry": {
        "type": "LineString",
        "coordinates": [
          [
            121.0960651,
            14.6673772
          ],
          [
            121.0961476,
            14.6674752
          ],
          [
            121.0962841,
            14.6676309
          ],
          [
            121.0965328,
            14.6677016
          ],
          [
            121.0966959,
            14.6677296
          ]
        ]
      },
      "id": "way/1499785380"
    },
    {
      "type": "Feature",
      "properties": {
        "@id": "way/1499785381",
        "layer": "-1",
        "tunnel": "culvert",
        "waterway": "drain"
      },
      "geometry": {
        "type": "LineString",
        "coordinates": [
          [
            121.0959827,
            14.6672791
          ],
          [
            121.0960446,
            14.6673528
          ]
        ]
      },
      "id": "way/1499785381"
    },
    {
      "type": "Feature",
      "properties": {
        "@id": "way/1499785382",
        "layer": "-1",
        "tunnel": "culvert",
        "waterway": "drain"
      },
      "geometry": {
        "type": "LineString",
        "coordinates": [
          [
            121.0960446,
            14.6673528
          ],
          [
            121.0960651,
            14.6673772
          ]
        ]
      },
      "id": "way/1499785382"
    },
    {
      "type": "Feature",
      "properties": {
        "@id": "way/1499804860",
        "name": "Katipunan Creek",
        "waterway": "drain"
      },
      "geometry": {
        "type": "LineString",
        "coordinates": [
          [
            121.0748905,
            14.6439675
          ],
          [
            121.0750347,
            14.643873
          ]
        ]
      },
      "id": "way/1499804860"
    },
    {
      "type": "Feature",
      "properties": {
        "@id": "way/1499804861",
        "layer": "-1",
        "name": "Katipunan Creek",
        "tunnel": "culvert",
        "waterway": "drain"
      },
      "geometry": {
        "type": "LineString",
        "coordinates": [
          [
            121.0750347,
            14.643873
          ],
          [
            121.0751581,
            14.6438309
          ]
        ]
      },
      "id": "way/1499804861"
    },
    {
      "type": "Feature",
      "properties": {
        "@id": "way/1499804862",
        "name": "Katipunan Creek",
        "waterway": "drain"
      },
      "geometry": {
        "type": "LineString",
        "coordinates": [
          [
            121.0753302,
            14.6436868
          ],
          [
            121.0756314,
            14.6435922
          ]
        ]
      },
      "id": "way/1499804862"
    },
    {
      "type": "Feature",
      "properties": {
        "@id": "way/1499804863",
        "layer": "-1",
        "name": "Katipunan Creek",
        "tunnel": "culvert",
        "waterway": "drain"
      },
      "geometry": {
        "type": "LineString",
        "coordinates": [
          [
            121.0756314,
            14.6435922
          ],
          [
            121.0757618,
            14.6435726
          ]
        ]
      },
      "id": "way/1499804863"
    },
    {
      "type": "Feature",
      "properties": {
        "@id": "way/1501256000",
        "boat": "no",
        "layer": "-1",
        "name": "Lagarian Creek",
        "tunnel": "culvert",
        "waterway": "river"
      },
      "geometry": {
        "type": "LineString",
        "coordinates": [
          [
            121.0754726,
            14.6487689
          ],
          [
            121.0755403,
            14.6485088
          ]
        ]
      },
      "id": "way/1501256000"
    },
    {
      "type": "Feature",
      "properties": {
        "@id": "way/1501256001",
        "boat": "no",
        "layer": "-1",
        "name": "Lagarian Creek",
        "tunnel": "culvert",
        "waterway": "river"
      },
      "geometry": {
        "type": "LineString",
        "coordinates": [
          [
            121.075484,
            14.6474867
          ],
          [
            121.0754401,
            14.6474373
          ]
        ]
      },
      "id": "way/1501256001"
    },
    {
      "type": "Feature",
      "properties": {
        "@id": "way/1501256002",
        "boat": "no",
        "layer": "-1",
        "name": "Lagarian Creek",
        "tunnel": "culvert",
        "waterway": "river"
      },
      "geometry": {
        "type": "LineString",
        "coordinates": [
          [
            121.0754401,
            14.6474373
          ],
          [
            121.0754242,
            14.6473994
          ]
        ]
      },
      "id": "way/1501256002"
    },
    {
      "type": "Feature",
      "properties": {
        "@id": "way/1505475695",
        "waterway": "drain"
      },
      "geometry": {
        "type": "LineString",
        "coordinates": [
          [
            121.088799,
            14.6152319
          ],
          [
            121.0888536,
            14.6151728
          ],
          [
            121.0888841,
            14.6151246
          ],
          [
            121.0889468,
            14.6150749
          ],
          [
            121.0889789,
            14.6150267
          ],
          [
            121.0890255,
            14.61498
          ],
          [
            121.0890657,
            14.6149287
          ],
          [
            121.089101,
            14.6148836
          ],
          [
            121.0891508,
            14.6148277
          ],
          [
            121.0891958,
            14.6147795
          ],
          [
            121.0892533,
            14.6147259
          ]
        ]
      },
      "id": "way/1505475695"
    },
    {
      "type": "Feature",
      "properties": {
        "@id": "way/1505506835",
        "waterway": "drain"
      },
      "geometry": {
        "type": "LineString",
        "coordinates": [
          [
            121.0936614,
            14.6304633
          ],
          [
            121.0939502,
            14.6304762
          ]
        ]
      },
      "id": "way/1505506835"
    },
    {
      "type": "Feature",
      "properties": {
        "@id": "way/1509685431",
        "waterway": "stream"
      },
      "geometry": {
        "type": "LineString",
        "coordinates": [
          [
            121.0707025,
            14.6557593
          ],
          [
            121.0706732,
            14.6556972
          ],
          [
            121.0706728,
            14.6556951
          ],
          [
            121.0706378,
            14.6555038
          ],
          [
            121.0705985,
            14.6554026
          ],
          [
            121.0705929,
            14.6552833
          ],
          [
            121.0705705,
            14.6552544
          ],
          [
            121.0705369,
            14.6552273
          ],
          [
            121.0704454,
            14.6552128
          ],
          [
            121.0703221,
            14.6552436
          ],
          [
            121.0700886,
            14.655258
          ],
          [
            121.0698812,
            14.6552345
          ],
          [
            121.0697972,
            14.6552255
          ]
        ]
      },
      "id": "way/1509685431"
    },
    {
      "type": "Feature",
      "properties": {
        "@id": "way/1509685432",
        "layer": "-1",
        "waterway": "stream"
      },
      "geometry": {
        "type": "LineString",
        "coordinates": [
          [
            121.0708487,
            14.655889
          ],
          [
            121.0707897,
            14.6558631
          ],
          [
            121.0707025,
            14.6557593
          ]
        ]
      },
      "id": "way/1509685432"
    },
    {
      "type": "Feature",
      "properties": {
        "@id": "way/1509693888",
        "waterway": "stream"
      },
      "geometry": {
        "type": "LineString",
        "coordinates": [
          [
            121.0674019,
            14.6316764
          ],
          [
            121.0673389,
            14.6317002
          ],
          [
            121.0672928,
            14.6317315
          ],
          [
            121.0672636,
            14.631788
          ],
          [
            121.067262,
            14.6318096
          ],
          [
            121.0672208,
            14.6318625
          ],
          [
            121.0671713,
            14.6318944
          ],
          [
            121.0671151,
            14.6319191
          ],
          [
            121.0670709,
            14.6319082
          ],
          [
            121.0670177,
            14.631898
          ],
          [
            121.0669563,
            14.6319147
          ],
          [
            121.0668739,
            14.6319524
          ],
          [
            121.066826,
            14.631993
          ],
          [
            121.0667743,
            14.6320647
          ],
          [
            121.0667473,
            14.632109
          ],
          [
            121.0666911,
            14.632188
          ],
          [
            121.0666364,
            14.6322634
          ],
          [
            121.066584,
            14.6323315
          ],
          [
            121.0665695,
            14.6323531
          ]
        ]
      },
      "id": "way/1509693888"
    },
    {
      "type": "Feature",
      "properties": {
        "@id": "way/1509693889",
        "layer": "-1",
        "tunnel": "culvert",
        "waterway": "stream"
      },
      "geometry": {
        "type": "LineString",
        "coordinates": [
          [
            121.0665695,
            14.6323531
          ],
          [
            121.0665671,
            14.6323567
          ]
        ]
      },
      "id": "way/1509693889"
    },
    {
      "type": "Feature",
      "properties": {
        "@id": "way/1509693890",
        "boat": "no",
        "layer": "-1",
        "tunnel": "culvert",
        "waterway": "stream"
      },
      "geometry": {
        "type": "LineString",
        "coordinates": [
          [
            121.0665671,
            14.6323567
          ],
          [
            121.0665642,
            14.6323604
          ]
        ]
      },
      "id": "way/1509693890"
    },
    {
      "type": "Feature",
      "properties": {
        "@id": "way/1512313237",
        "boat": "no",
        "name": "Katipunan Creek",
        "source": "UPRI-NOAH",
        "waterway": "stream"
      },
      "geometry": {
        "type": "LineString",
        "coordinates": [
          [
            121.0725693,
            14.6524883
          ],
          [
            121.0724299,
            14.6524533
          ],
          [
            121.0724004,
            14.6523443
          ],
          [
            121.0723521,
            14.6522509
          ],
          [
            121.07223,
            14.652186
          ],
          [
            121.0722166,
            14.6521263
          ],
          [
            121.0721241,
            14.6520589
          ],
          [
            121.0719202,
            14.6520057
          ],
          [
            121.071644,
            14.6519901
          ],
          [
            121.0715327,
            14.651981
          ],
          [
            121.0714821,
            14.651943
          ]
        ]
      },
      "id": "way/1512313237"
    },
    {
      "type": "Feature",
      "properties": {
        "@id": "way/1513902866",
        "fixme": "waterway",
        "fixme:source": "UPRI-NOAH",
        "layer": "-1",
        "tunnel": "culvert",
        "waterway": "stream"
      },
      "geometry": {
        "type": "LineString",
        "coordinates": [
          [
            121.0888731,
            14.6663114
          ],
          [
            121.0891421,
            14.6663151
          ],
          [
            121.0892445,
            14.6661566
          ],
          [
            121.0894977,
            14.6663298
          ],
          [
            121.0895479,
            14.6663315
          ],
          [
            121.0897152,
            14.6661958
          ],
          [
            121.0899182,
            14.6658255
          ],
          [
            121.0900138,
            14.6657984
          ],
          [
            121.0901148,
            14.6658823
          ],
          [
            121.0901939,
            14.6659437
          ],
          [
            121.0901498,
            14.6660301
          ],
          [
            121.0902484,
            14.6660787
          ],
          [
            121.0903491,
            14.666134
          ],
          [
            121.0904493,
            14.6660935
          ],
          [
            121.090793,
            14.6659561
          ],
          [
            121.0911262,
            14.6659792
          ],
          [
            121.0914266,
            14.6657716
          ],
          [
            121.0917592,
            14.6655018
          ],
          [
            121.0920489,
            14.6652527
          ],
          [
            121.092242,
            14.6650036
          ],
          [
            121.0924356,
            14.6649278
          ],
          [
            121.092639,
            14.6650451
          ],
          [
            121.0929005,
            14.6652706
          ]
        ]
      },
      "id": "way/1513902866"
    },
    {
      "type": "Feature",
      "properties": {
        "@id": "way/1531659450",
        "layer": "-1",
        "tunnel": "culvert",
        "waterway": "stream"
      },
      "geometry": {
        "type": "LineString",
        "coordinates": [
          [
            121.0911482,
            14.6632864
          ],
          [
            121.0915854,
            14.6630874
          ],
          [
            121.0918329,
            14.662791
          ],
          [
            121.0922452,
            14.6625175
          ],
          [
            121.0925044,
            14.6621641
          ],
          [
            121.0927518,
            14.6617196
          ],
          [
            121.0931171,
            14.6612523
          ],
          [
            121.0936119,
            14.6609673
          ],
          [
            121.0946369,
            14.6610015
          ],
          [
            121.0947194,
            14.6605228
          ],
          [
            121.0948254,
            14.6600669
          ],
          [
            121.0950375,
            14.6599871
          ],
          [
            121.0950728,
            14.6597477
          ],
          [
            121.0952967,
            14.6597705
          ],
          [
            121.0955912,
            14.6598731
          ],
          [
            121.0957422,
            14.6600384
          ]
        ]
      },
      "id": "way/1531659450"
    },
    {
      "type": "Feature",
      "properties": {
        "@id": "way/1531659451",
        "layer": "-1",
        "tunnel": "culvert",
        "waterway": "stream"
      },
      "geometry": {
        "type": "LineString",
        "coordinates": [
          [
            121.0910607,
            14.6633263
          ],
          [
            121.0911482,
            14.6632864
          ]
        ]
      },
      "id": "way/1531659451"
    },
    {
      "type": "Feature",
      "properties": {
        "@id": "way/1531659452",
        "layer": "-1",
        "tunnel": "culvert",
        "waterway": "stream"
      },
      "geometry": {
        "type": "LineString",
        "coordinates": [
          [
            121.0909846,
            14.6633609
          ],
          [
            121.0910607,
            14.6633263
          ]
        ]
      },
      "id": "way/1531659452"
    },
    {
      "type": "Feature",
      "properties": {
        "@id": "way/1531659453",
        "waterway": "stream"
      },
      "geometry": {
        "type": "LineString",
        "coordinates": [
          [
            121.0921408,
            14.6642263
          ],
          [
            121.0923855,
            14.663895
          ],
          [
            121.0923619,
            14.663553
          ],
          [
            121.0927978,
            14.6636214
          ],
          [
            121.0933751,
            14.6635416
          ],
          [
            121.093811,
            14.6632681
          ],
          [
            121.0945062,
            14.6626412
          ],
          [
            121.0944826,
            14.6622081
          ],
          [
            121.0945415,
            14.6620257
          ],
          [
            121.0942705,
            14.6616724
          ],
          [
            121.0946476,
            14.6614672
          ],
          [
            121.0948007,
            14.6610797
          ],
          [
            121.0947548,
            14.6603707
          ]
        ]
      },
      "id": "way/1531659453"
    },
    {
      "type": "Feature",
      "properties": {
        "@id": "way/1531659454",
        "waterway": "stream"
      },
      "geometry": {
        "type": "LineString",
        "coordinates": [
          [
            121.0924356,
            14.6649278
          ],
          [
            121.0923383,
            14.66467
          ],
          [
            121.0921263,
            14.6644877
          ],
          [
            121.091926,
            14.6643509
          ],
          [
            121.0920909,
            14.6642939
          ]
        ]
      },
      "id": "way/1531659454"
    },
    {
      "type": "Feature",
      "properties": {
        "@id": "way/1531659455",
        "layer": "-1",
        "tunnel": "culvert",
        "waterway": "stream"
      },
      "geometry": {
        "type": "LineString",
        "coordinates": [
          [
            121.0920909,
            14.6642939
          ],
          [
            121.0921408,
            14.6642263
          ]
        ]
      },
      "id": "way/1531659455"
    },
    {
      "type": "Feature",
      "properties": {
        "@id": "way/1531659456",
        "waterway": "stream"
      },
      "geometry": {
        "type": "LineString",
        "coordinates": [
          [
            121.0945297,
            14.6642255
          ],
          [
            121.0946004,
            14.6634276
          ],
          [
            121.0948832,
            14.6629033
          ],
          [
            121.0946476,
            14.662379
          ],
          [
            121.0946449,
            14.6623699
          ]
        ]
      },
      "id": "way/1531659456"
    },
    {
      "type": "Feature",
      "properties": {
        "@id": "way/1531659457",
        "waterway": "stream"
      },
      "geometry": {
        "type": "LineString",
        "coordinates": [
          [
            121.0946189,
            14.6622833
          ],
          [
            121.0945415,
            14.6620257
          ]
        ]
      },
      "id": "way/1531659457"
    },
    {
      "type": "Feature",
      "properties": {
        "@id": "way/1531659458",
        "layer": "-1",
        "tunnel": "culvert",
        "waterway": "stream"
      },
      "geometry": {
        "type": "LineString",
        "coordinates": [
          [
            121.0946449,
            14.6623699
          ],
          [
            121.0946189,
            14.6622833
          ]
        ]
      },
      "id": "way/1531659458"
    },
    {
      "type": "Feature",
      "properties": {
        "@id": "way/1531659460",
        "waterway": "stream"
      },
      "geometry": {
        "type": "LineString",
        "coordinates": [
          [
            121.0871938,
            14.6757823
          ],
          [
            121.0875685,
            14.6750427
          ]
        ]
      },
      "id": "way/1531659460"
    },
    {
      "type": "Feature",
      "properties": {
        "@id": "way/1531659461",
        "layer": "-1",
        "tunnel": "culvert",
        "waterway": "stream"
      },
      "geometry": {
        "type": "LineString",
        "coordinates": [
          [
            121.0875685,
            14.6750427
          ],
          [
            121.0877735,
            14.6746383
          ]
        ]
      },
      "id": "way/1531659461"
    },
    {
      "type": "Feature",
      "properties": {
        "@id": "way/1531808981",
        "layer": "-1",
        "tunnel": "culvert",
        "waterway": "stream"
      },
      "geometry": {
        "type": "LineString",
        "coordinates": [
          [
            121.0928106,
            14.6774238
          ],
          [
            121.0928781,
            14.6773969
          ]
        ]
      },
      "id": "way/1531808981"
    },
    {
      "type": "Feature",
      "properties": {
        "@id": "way/1531808984",
        "layer": "-1",
        "tunnel": "culvert",
        "waterway": "stream"
      },
      "geometry": {
        "type": "LineString",
        "coordinates": [
          [
            121.0912222,
            14.6733973
          ],
          [
            121.0912892,
            14.6733406
          ]
        ]
      },
      "id": "way/1531808984"
    },
    {
      "type": "Feature",
      "properties": {
        "@id": "way/1531808988",
        "layer": "-1",
        "waterway": "stream"
      },
      "geometry": {
        "type": "LineString",
        "coordinates": [
          [
            121.0919676,
            14.6738735
          ],
          [
            121.0919558,
            14.6738719
          ]
        ]
      },
      "id": "way/1531808988"
    },
    {
      "type": "Feature",
      "properties": {
        "@id": "way/1545465882",
        "name": "Ruisseau",
        "waterway": "stream"
      },
      "geometry": {
        "type": "LineString",
        "coordinates": [
          [
            121.0619677,
            14.6700975
          ],
          [
            121.0618928,
            14.6701724
          ],
          [
            121.061815,
            14.6702982
          ],
          [
            121.0617641,
            14.6704085
          ],
          [
            121.0617332,
            14.6705058
          ],
          [
            121.061807,
            14.6706239
          ],
          [
            121.0618338,
            14.6707874
          ]
        ]
      },
      "id": "way/1545465882"
    }
  ]
}