{
"type": "FeatureCollection",
"name": "points",
"crs": { "type": "name", "properties": { "name": "urn:ogc:def:crs:OGC:1.3:CRS84" } },
"features": [
{"type":"Feature","properties":{"osm_id":"251004898","name":"Capri","ref":"1381300136","place":"quarter","other_tags":"\"admin_level\"=>\"10\",\"admin_type:PH\"=>\"barangay\",\"is_in:city\"=>\"Quezon City\",\"old_ref\"=>\"137404136\",\"population\"=>\"12903\",\"population:date\"=>\"2020-05-01\",\"postal_code\"=>\"1117\""},"geometry":{"type":"Point","coordinates":[121.0286145,14.7173008]}},
{"type":"Feature","properties":{"osm_id":"251004899","name":"Nagkaisang Nayon","ref":"1381300068","place":"quarter","other_tags":"\"admin_level\"=>\"10\",\"admin_type:PH\"=>\"barangay\",\"old_ref\"=>\"137404068\",\"population\"=>\"53781\",\"population:date\"=>\"2020-05-01\",\"postal_code\"=>\"1125\""},"geometry":{"type":"Point","coordinates":[121.0285977,14.7193491]}},
{"type":"Feature","properties":{"osm_id":"255051621","name":"Holy Steel Manufacturing Corporation","other_tags":"\"addr:city\"=>\"Caloocan\",\"addr:postcode\"=>\"1400\",\"addr:province\"=>\"Metro Manila\",\"building\"=>\"yes\""},"geometry":{"type":"Point","coordinates":[121.02803,14.71466]}},
{"type":"Feature","properties":{"osm_id":"255058849","name":"Amparo Capri Subdivision","place":"city_block"},"geometry":{"type":"Point","coordinates":[121.02716,14.719571]}},
{"type":"Feature","properties":{"osm_id":"255059859","name":"Philippine Resin Sand Incorporated","other_tags":"\"addr:city\"=>\"Caloocan\",\"addr:postcode\"=>\"1400\",\"addr:province\"=>\"Metro Manila\",\"building\"=>\"yes\""},"geometry":{"type":"Point","coordinates":[121.02463920000001,14.7131439]}},
{"type":"Feature","properties":{"osm_id":"255060721","name":"Nutrative Snack Food Incorporated","other_tags":"\"addr:city\"=>\"Caloocan\",\"addr:postcode\"=>\"1400\",\"addr:province\"=>\"Metro Manila\",\"building\"=>\"yes\""},"geometry":{"type":"Point","coordinates":[121.0236376,14.7190559]}},
{"type":"Feature","properties":{"osm_id":"255062063","name":"July Manufacturing Corporation","man_made":"works","other_tags":"\"addr:city\"=>\"Caloocan\",\"addr:postcode\"=>\"1400\",\"addr:province\"=>\"Metro Manila\""},"geometry":{"type":"Point","coordinates":[121.026161,14.720521]}},
{"type":"Feature","properties":{"osm_id":"255064484","name":"California Village","place":"neighbourhood","other_tags":"\"is_in:barangay\"=>\"San Bartolome\",\"is_in:city\"=>\"Quezon City\",\"operator\"=>\"California Village Homeowners Association Inc.\",\"operator:short\"=>\"CVHAI\""},"geometry":{"type":"Point","coordinates":[121.0210736,14.7109285]}},
{"type":"Feature","properties":{"osm_id":"255068395","name":"Pioneer Food Manufacturing Incorporated","other_tags":"\"addr:city\"=>\"Caloocan\",\"addr:postcode\"=>\"1400\",\"addr:province\"=>\"Metro Manila\",\"building\"=>\"yes\""},"geometry":{"type":"Point","coordinates":[121.027061,14.719571]}},
{"type":"Feature","properties":{"osm_id":"255069060","name":"Cathay Pacific Steel Corporation","other_tags":"\"addr:city\"=>\"Kalookan\",\"addr:province\"=>\"Metro Manila\",\"garmin:description\"=>\"building\",\"source:url\"=>\"http://www.freewebs.com/phroadguide/\""},"geometry":{"type":"Point","coordinates":[121.02304,14.71221]}},
{"type":"Feature","properties":{"osm_id":"255072289","name":"Caloocan Industrial Subdivision","place":"neighbourhood","other_tags":"\"garmin:description\"=>\"subdivision\",\"is_in:city\"=>\"Valenzuela\",\"is_in:region\"=>\"NCR\",\"is_in:zip\"=>\"1440\",\"source:url\"=>\"http://www.freewebs.com/phroadguide/\""},"geometry":{"type":"Point","coordinates":[121.018096,14.72489]}},
{"type":"Feature","properties":{"osm_id":"255072404","name":"Balanced Food Corporation","other_tags":"\"addr:city\"=>\"Caloocan\",\"addr:postcode\"=>\"1400\",\"addr:province\"=>\"Metro Manila\",\"building\"=>\"yes\""},"geometry":{"type":"Point","coordinates":[121.02526,14.714361]}},
{"type":"Feature","properties":{"osm_id":"260895873","other_tags":"\"noexit\"=>\"yes\""},"geometry":{"type":"Point","coordinates":[121.033587700000012,14.7158914]}},
{"type":"Feature","properties":{"osm_id":"260896210","other_tags":"\"noexit\"=>\"yes\""},"geometry":{"type":"Point","coordinates":[121.0331016,14.7167364]}},
{"type":"Feature","properties":{"osm_id":"260898255","other_tags":"\"noexit\"=>\"yes\""},"geometry":{"type":"Point","coordinates":[121.033131,14.7154019]}},
{"type":"Feature","properties":{"osm_id":"260898432","other_tags":"\"noexit\"=>\"yes\""},"geometry":{"type":"Point","coordinates":[121.032158700000011,14.7183899]}},
{"type":"Feature","properties":{"osm_id":"260900036","barrier":"gate","other_tags":"\"access\"=>\"no\""},"geometry":{"type":"Point","coordinates":[121.0297586,14.7100456]}},
{"type":"Feature","properties":{"osm_id":"260900845","other_tags":"\"noexit\"=>\"yes\""},"geometry":{"type":"Point","coordinates":[121.0316619,14.712972]}},
{"type":"Feature","properties":{"osm_id":"260900876","other_tags":"\"noexit\"=>\"yes\""},"geometry":{"type":"Point","coordinates":[121.0319146,14.7132849]}},
{"type":"Feature","properties":{"osm_id":"260900882","other_tags":"\"noexit\"=>\"yes\""},"geometry":{"type":"Point","coordinates":[121.0322059,14.7134464]}},
{"type":"Feature","properties":{"osm_id":"260900910","other_tags":"\"noexit\"=>\"yes\""},"geometry":{"type":"Point","coordinates":[121.032445900000013,14.713238]}},
{"type":"Feature","properties":{"osm_id":"260900919","other_tags":"\"noexit\"=>\"yes\""},"geometry":{"type":"Point","coordinates":[121.030683900000014,14.7157925]}},
{"type":"Feature","properties":{"osm_id":"260900958","other_tags":"\"noexit\"=>\"yes\""},"geometry":{"type":"Point","coordinates":[121.0338327,14.7109697]}},
{"type":"Feature","properties":{"osm_id":"260901058","other_tags":"\"traffic_calming\"=>\"bump\""},"geometry":{"type":"Point","coordinates":[121.0224082,14.7146664]}},
{"type":"Feature","properties":{"osm_id":"260901118","other_tags":"\"traffic_calming\"=>\"bump\""},"geometry":{"type":"Point","coordinates":[121.0230053,14.7146838]}},
{"type":"Feature","properties":{"osm_id":"260901120","other_tags":"\"traffic_calming\"=>\"bump\""},"geometry":{"type":"Point","coordinates":[121.0233561,14.7143653]}},
{"type":"Feature","properties":{"osm_id":"260901125","other_tags":"\"traffic_calming\"=>\"bump\""},"geometry":{"type":"Point","coordinates":[121.0225611,14.7148382]}},
{"type":"Feature","properties":{"osm_id":"260901241","other_tags":"\"noexit\"=>\"yes\""},"geometry":{"type":"Point","coordinates":[121.022714,14.7102828]}},
{"type":"Feature","properties":{"osm_id":"260901272","other_tags":"\"noexit\"=>\"yes\""},"geometry":{"type":"Point","coordinates":[121.027162800000013,14.7095721]}},
{"type":"Feature","properties":{"osm_id":"260905172","other_tags":"\"traffic_calming\"=>\"bump\""},"geometry":{"type":"Point","coordinates":[121.0230176,14.7261377]}},
{"type":"Feature","properties":{"osm_id":"260905355","other_tags":"\"traffic_calming\"=>\"bump\""},"geometry":{"type":"Point","coordinates":[121.0258648,14.7262096]}},
{"type":"Feature","properties":{"osm_id":"260905421","other_tags":"\"noexit\"=>\"yes\""},"geometry":{"type":"Point","coordinates":[121.0292765,14.7185638]}},
{"type":"Feature","properties":{"osm_id":"260905448","barrier":"gate","other_tags":"\"access\"=>\"destination\""},"geometry":{"type":"Point","coordinates":[121.0274401,14.7193886]}},
{"type":"Feature","properties":{"osm_id":"309624210","other_tags":"\"traffic_calming\"=>\"bump\""},"geometry":{"type":"Point","coordinates":[121.022422600000013,14.7267098]}},
{"type":"Feature","properties":{"osm_id":"312255344","barrier":"gate","other_tags":"\"access\"=>\"private\""},"geometry":{"type":"Point","coordinates":[121.011965800000013,14.7170393]}},
{"type":"Feature","properties":{"osm_id":"312721196","other_tags":"\"noexit\"=>\"yes\""},"geometry":{"type":"Point","coordinates":[121.027196,14.7217367]}},
{"type":"Feature","properties":{"osm_id":"312721199","barrier":"gate","other_tags":"\"access\"=>\"private\""},"geometry":{"type":"Point","coordinates":[121.027160400000014,14.7206559]}},
{"type":"Feature","properties":{"osm_id":"312726640","other_tags":"\"noexit\"=>\"yes\""},"geometry":{"type":"Point","coordinates":[121.015094100000013,14.704826]}},
{"type":"Feature","properties":{"osm_id":"313283622","other_tags":"\"noexit\"=>\"yes\""},"geometry":{"type":"Point","coordinates":[121.018643200000014,14.7088865]}},
{"type":"Feature","properties":{"osm_id":"316414254","barrier":"gate","other_tags":"\"access\"=>\"private\",\"barrier:personnel\"=>\"yes\""},"geometry":{"type":"Point","coordinates":[121.013887700000012,14.7194714]}},
{"type":"Feature","properties":{"osm_id":"316414258","other_tags":"\"noexit\"=>\"yes\""},"geometry":{"type":"Point","coordinates":[121.01301740000001,14.7162886]}},
{"type":"Feature","properties":{"osm_id":"316414479","other_tags":"\"noexit\"=>\"yes\""},"geometry":{"type":"Point","coordinates":[121.016374700000014,14.7216858]}},
{"type":"Feature","properties":{"osm_id":"316414491","barrier":"gate","other_tags":"\"access\"=>\"private\""},"geometry":{"type":"Point","coordinates":[121.0161252,14.7203855]}},
{"type":"Feature","properties":{"osm_id":"317199622","other_tags":"\"noexit\"=>\"yes\""},"geometry":{"type":"Point","coordinates":[121.0136319,14.7268616]}},
{"type":"Feature","properties":{"osm_id":"317207496","other_tags":"\"direction\"=>\"backward\",\"traffic_calming\"=>\"bump\""},"geometry":{"type":"Point","coordinates":[121.0142504,14.7260815]}},
{"type":"Feature","properties":{"osm_id":"482889674","name":"Jm Ecotech"},"geometry":{"type":"Point","coordinates":[121.018585,14.720582]}},
{"type":"Feature","properties":{"osm_id":"599587531","barrier":"gate","other_tags":"\"access\"=>\"private\""},"geometry":{"type":"Point","coordinates":[121.0297699,14.7128882]}},
{"type":"Feature","properties":{"osm_id":"599587535","barrier":"gate","other_tags":"\"access\"=>\"yes\",\"access:conditional\"=>\"permissive @ Mo-Su 22:00-05:00\",\"opening_hours\"=>\"Mo-Su 06:00-21:00\""},"geometry":{"type":"Point","coordinates":[121.0334444,14.7140279]}},
{"type":"Feature","properties":{"osm_id":"614523933","highway":"turning_circle"},"geometry":{"type":"Point","coordinates":[121.0190225,14.7151211]}},
{"type":"Feature","properties":{"osm_id":"614523952","highway":"turning_circle"},"geometry":{"type":"Point","coordinates":[121.0211737,14.7133807]}},
{"type":"Feature","properties":{"osm_id":"614523992","barrier":"gate","other_tags":"\"access\"=>\"private\""},"geometry":{"type":"Point","coordinates":[121.021125,14.7163343]}},
{"type":"Feature","properties":{"osm_id":"614524040"},"geometry":{"type":"Point","coordinates":[121.0222526,14.7181784]}},
{"type":"Feature","properties":{"osm_id":"614524043","barrier":"gate","other_tags":"\"access\"=>\"private\""},"geometry":{"type":"Point","coordinates":[121.0223007,14.7191835]}},
{"type":"Feature","properties":{"osm_id":"670394348","highway":"crossing"},"geometry":{"type":"Point","coordinates":[121.0116229,14.7195498]}},
{"type":"Feature","properties":{"osm_id":"670394361","highway":"crossing","other_tags":"\"crossing\"=>\"uncontrolled\",\"crossing:markings\"=>\"zebra\""},"geometry":{"type":"Point","coordinates":[121.0178175,14.7204877]}},
{"type":"Feature","properties":{"osm_id":"714833458","highway":"crossing"},"geometry":{"type":"Point","coordinates":[121.005192400000013,14.7190126]}},
{"type":"Feature","properties":{"osm_id":"1066089575","name":"Mater Carmelli Pre-School","other_tags":"\"amenity\"=>\"school\""},"geometry":{"type":"Point","coordinates":[121.0318144,14.7230254]}},
{"type":"Feature","properties":{"osm_id":"1066368890","other_tags":"\"noexit\"=>\"yes\""},"geometry":{"type":"Point","coordinates":[121.0289673,14.720317]}},
{"type":"Feature","properties":{"osm_id":"1066394345","other_tags":"\"noexit\"=>\"yes\""},"geometry":{"type":"Point","coordinates":[121.0329676,14.7239749]}},
{"type":"Feature","properties":{"osm_id":"1066959636","name":"Ina ng Buhay Elementay and High School","other_tags":"\"amenity\"=>\"school\""},"geometry":{"type":"Point","coordinates":[121.024778700000013,14.7247427]}},
{"type":"Feature","properties":{"osm_id":"1072878710","barrier":"gate","other_tags":"\"access\"=>\"destination\""},"geometry":{"type":"Point","coordinates":[121.027805500000014,14.7241328]}},
{"type":"Feature","properties":{"osm_id":"1094163572","other_tags":"\"noexit\"=>\"yes\""},"geometry":{"type":"Point","coordinates":[121.0319419,14.7229503]}},
{"type":"Feature","properties":{"osm_id":"1312443374","other_tags":"\"noexit\"=>\"yes\""},"geometry":{"type":"Point","coordinates":[121.0310604,14.7124232]}},
{"type":"Feature","properties":{"osm_id":"1333640588","other_tags":"\"noexit\"=>\"yes\""},"geometry":{"type":"Point","coordinates":[121.0220177,14.7099647]}},
{"type":"Feature","properties":{"osm_id":"1333640613","other_tags":"\"noexit\"=>\"yes\""},"geometry":{"type":"Point","coordinates":[121.0248973,14.7093965]}},
{"type":"Feature","properties":{"osm_id":"1333640623","other_tags":"\"noexit\"=>\"yes\""},"geometry":{"type":"Point","coordinates":[121.0252015,14.7095141]}},
{"type":"Feature","properties":{"osm_id":"1354834842","other_tags":"\"traffic_calming\"=>\"bump\""},"geometry":{"type":"Point","coordinates":[121.0226257,14.7264019]}},
{"type":"Feature","properties":{"osm_id":"1704242989","other_tags":"\"noexit\"=>\"yes\""},"geometry":{"type":"Point","coordinates":[121.031677,14.7181963]}},
{"type":"Feature","properties":{"osm_id":"1846698315","name":"7-Eleven","other_tags":"\"opening_hours\"=>\"24/7\",\"shop\"=>\"convenience\""},"geometry":{"type":"Point","coordinates":[121.015064400000014,14.7199021]}},
{"type":"Feature","properties":{"osm_id":"1988085404","highway":"turning_circle"},"geometry":{"type":"Point","coordinates":[121.0203347,14.7165267]}},
{"type":"Feature","properties":{"osm_id":"2508919792","other_tags":"\"noexit\"=>\"yes\""},"geometry":{"type":"Point","coordinates":[121.0322222,14.7133005]}},
{"type":"Feature","properties":{"osm_id":"2508923159","name":"Nabigla Po Water Silo","man_made":"water_tower","other_tags":"\"description\"=>\"Submersible Franklin Pumps\""},"geometry":{"type":"Point","coordinates":[121.031078400000013,14.7117432]}},
{"type":"Feature","properties":{"osm_id":"2508923163","name":"Nabigla Po Home Owners Association","other_tags":"\"office\"=>\"association\""},"geometry":{"type":"Point","coordinates":[121.0313775,14.7120879]}},
{"type":"Feature","properties":{"osm_id":"2508927841","other_tags":"\"power\"=>\"substation\""},"geometry":{"type":"Point","coordinates":[121.0317785,14.7118444]}},
{"type":"Feature","properties":{"osm_id":"2508927842","other_tags":"\"power\"=>\"pole\""},"geometry":{"type":"Point","coordinates":[121.0311937,14.7116939]}},
{"type":"Feature","properties":{"osm_id":"2508927843","other_tags":"\"power\"=>\"pole\""},"geometry":{"type":"Point","coordinates":[121.0315264,14.7121038]}},
{"type":"Feature","properties":{"osm_id":"2508927844","other_tags":"\"power\"=>\"pole\""},"geometry":{"type":"Point","coordinates":[121.03099730000001,14.7123561]}},
{"type":"Feature","properties":{"osm_id":"2508927846","other_tags":"\"power\"=>\"pole\""},"geometry":{"type":"Point","coordinates":[121.030881900000011,14.7121737]}},
{"type":"Feature","properties":{"osm_id":"2508927847","other_tags":"\"power\"=>\"pole\""},"geometry":{"type":"Point","coordinates":[121.03086110000001,14.7119222]}},
{"type":"Feature","properties":{"osm_id":"2508927848","other_tags":"\"power\"=>\"pole\""},"geometry":{"type":"Point","coordinates":[121.0311886,14.7122231]}},
{"type":"Feature","properties":{"osm_id":"2508927849","other_tags":"\"power\"=>\"pole\""},"geometry":{"type":"Point","coordinates":[121.0316336,14.7119793]}},
{"type":"Feature","properties":{"osm_id":"2508927850","other_tags":"\"power\"=>\"tower\""},"geometry":{"type":"Point","coordinates":[121.0313724,14.7122682]}},
{"type":"Feature","properties":{"osm_id":"2508927851","other_tags":"\"power\"=>\"pole\""},"geometry":{"type":"Point","coordinates":[121.0310489,14.7118132]}},
{"type":"Feature","properties":{"osm_id":"2508927852","other_tags":"\"power\"=>\"pole\""},"geometry":{"type":"Point","coordinates":[121.03144850000001,14.7118496]}},
{"type":"Feature","properties":{"osm_id":"2508927853","other_tags":"\"power\"=>\"pole\""},"geometry":{"type":"Point","coordinates":[121.031183,14.7119404]}},
{"type":"Feature","properties":{"osm_id":"2508927854","other_tags":"\"power\"=>\"pole\""},"geometry":{"type":"Point","coordinates":[121.030700200000013,14.7120364]}},
{"type":"Feature","properties":{"osm_id":"2508951802","name":"Northwind Water Tank","man_made":"storage_tank","other_tags":"\"content\"=>\"water\""},"geometry":{"type":"Point","coordinates":[121.03185830000001,14.7155151]}},
{"type":"Feature","properties":{"osm_id":"2508956778","other_tags":"\"amenity\"=>\"bicycle_rental\""},"geometry":{"type":"Point","coordinates":[121.0314881,14.711136]}},
{"type":"Feature","properties":{"osm_id":"2508963728","other_tags":"\"amenity\"=>\"toilets\""},"geometry":{"type":"Point","coordinates":[121.0318744,14.7160806]}},
{"type":"Feature","properties":{"osm_id":"2508963730","other_tags":"\"amenity\"=>\"waste_basket\""},"geometry":{"type":"Point","coordinates":[121.032067500000011,14.71166]}},
{"type":"Feature","properties":{"osm_id":"2508967267","other_tags":"\"addr:street\"=>\"Tree Aisle\",\"building\"=>\"house\",\"craft\"=>\"electrician\""},"geometry":{"type":"Point","coordinates":[121.03164910000001,14.7119765]}},
{"type":"Feature","properties":{"osm_id":"2508971843","other_tags":"\"shop\"=>\"bakery\""},"geometry":{"type":"Point","coordinates":[121.0317772,14.7120064]}},
{"type":"Feature","properties":{"osm_id":"2508972872","name":"Kasama Po Water Tower","man_made":"water_tower"},"geometry":{"type":"Point","coordinates":[121.031653100000014,14.7124059]}},
{"type":"Feature","properties":{"osm_id":"3967922591","other_tags":"\"noexit\"=>\"yes\""},"geometry":{"type":"Point","coordinates":[121.029259,14.7126522]}},
{"type":"Feature","properties":{"osm_id":"4256879892","name":"lugtu carwash","other_tags":"\"addr:street\"=>\"Elenita Road\",\"amenity\"=>\"car_wash\""},"geometry":{"type":"Point","coordinates":[121.0326888,14.7222742]}},
{"type":"Feature","properties":{"osm_id":"4256880091","name":"Donya Masel Store","other_tags":"\"addr:housenumber\"=>\"22\",\"addr:street\"=>\"Emerald Street\",\"internet_access\"=>\"wlan\",\"opening_hours\"=>\"Mo-Su 10:00-22:00\",\"shop\"=>\"convenience\""},"geometry":{"type":"Point","coordinates":[121.027701400000012,14.7235727]}},
{"type":"Feature","properties":{"osm_id":"4256895189","name":"nova food park","other_tags":"\"addr:street\"=>\"General Luis Street\",\"amenity\"=>\"fast_food\""},"geometry":{"type":"Point","coordinates":[121.032479900000013,14.7220535]}},
{"type":"Feature","properties":{"osm_id":"4313782903","name":"Sacred Heart Parish","other_tags":"\"addr:city\"=>\"Caloocan\",\"addr:postcode\"=>\"1420\",\"addr:province\"=>\"National Capital Region\",\"addr:street\"=>\"General Luis Street\",\"addr:unit\"=>\"350\",\"amenity\"=>\"place_of_worship\",\"denomination\"=>\"catholic\",\"religion\"=>\"christian\""},"geometry":{"type":"Point","coordinates":[121.013075500000014,14.7192665]}},
{"type":"Feature","properties":{"osm_id":"4382278591","other_tags":"\"addr:housenumber\"=>\"B22 L38\",\"addr:postcode\"=>\"1125\",\"addr:street\"=>\"Saint Mathew Street\",\"email\"=>\"nibkicks.ph@gmail.com\",\"name:en\"=>\"NIB Kicks\",\"opening_hours\"=>\"Mo-Fr 09:00-21:00\",\"phone\"=>\"+639956580134\",\"shop\"=>\"shoes\",\"website\"=>\"https://www.instagram.com/nibkicksph\""},"geometry":{"type":"Point","coordinates":[121.0272067,14.7233169]}},
{"type":"Feature","properties":{"osm_id":"4421806862","other_tags":"\"noexit\"=>\"yes\""},"geometry":{"type":"Point","coordinates":[121.0138847,14.7272346]}},
{"type":"Feature","properties":{"osm_id":"4421806874","other_tags":"\"noexit\"=>\"yes\""},"geometry":{"type":"Point","coordinates":[121.0141796,14.7275303]}},
{"type":"Feature","properties":{"osm_id":"4421806884","other_tags":"\"noexit\"=>\"yes\""},"geometry":{"type":"Point","coordinates":[121.0138383,14.7270124]}},
{"type":"Feature","properties":{"osm_id":"4421806886","other_tags":"\"noexit\"=>\"yes\""},"geometry":{"type":"Point","coordinates":[121.0156326,14.7264999]}},
{"type":"Feature","properties":{"osm_id":"4511505089","name":"jhon monument","other_tags":"\"historic\"=>\"monument\""},"geometry":{"type":"Point","coordinates":[121.0217932,14.7254339]}},
{"type":"Feature","properties":{"osm_id":"4588971692","name":"Rjd warehouse","other_tags":"\"name:en\"=>\"Rjd warehouse\",\"shop\"=>\"supermarket\""},"geometry":{"type":"Point","coordinates":[121.02505330000001,14.7116964]}},
{"type":"Feature","properties":{"osm_id":"4601937489","name":"Crowley Food","other_tags":"\"addr:housenumber\"=>\"16\",\"addr:street\"=>\"Diamond Road\",\"office\"=>\"company\""},"geometry":{"type":"Point","coordinates":[121.017956,14.7249876]}},
{"type":"Feature","properties":{"osm_id":"4601938089","name":"CSS Manpower Services","other_tags":"\"addr:street\"=>\"Saint Joseph Street\",\"name:en\"=>\"CSS Manpower Services\",\"office\"=>\"employment_agency\""},"geometry":{"type":"Point","coordinates":[121.0275112,14.7225676]}},
{"type":"Feature","properties":{"osm_id":"4650538398","name":"Baluran house","other_tags":"\"addr:street\"=>\"Saint Vincent\",\"amenity\"=>\"kindergarten\",\"name:en\"=>\"Baluran house\""},"geometry":{"type":"Point","coordinates":[121.019503500000013,14.7183933]}},
{"type":"Feature","properties":{"osm_id":"4682342651","name":"Be Cool AirCon Repair Shop","other_tags":"\"car_repair\"=>\"aircondition\",\"shop\"=>\"car_repair\""},"geometry":{"type":"Point","coordinates":[121.0285108,14.7116312]}},
{"type":"Feature","properties":{"osm_id":"4747686123","name":"Jesus Is Alive Community","other_tags":"\"amenity\"=>\"place_of_worship\",\"name:en\"=>\"Jesus Is Alive Community\",\"phone\"=>\"+63 6323598309\",\"religion\"=>\"christian\""},"geometry":{"type":"Point","coordinates":[121.031557400000011,14.7122491]}},
{"type":"Feature","properties":{"osm_id":"4876741721","name":"Jesus Is Alive Community Dormitory Ph.3","other_tags":"\"addr:housenumber\"=>\"B4L14\",\"addr:postcode\"=>\"1125\""},"geometry":{"type":"Point","coordinates":[121.03158470000001,14.7122279]}},
{"type":"Feature","properties":{"osm_id":"4906196522","name":"Carpel Novaliches","other_tags":"\"amenity\"=>\"recycling\",\"name:en\"=>\"Carpel Novaliches\",\"recycling_type\"=>\"centre\""},"geometry":{"type":"Point","coordinates":[121.026837500000013,14.7194662]}},
{"type":"Feature","properties":{"osm_id":"5051224542","name":"Trixia capor","other_tags":"\"amenity\"=>\"restaurant\",\"name:en\"=>\"Trixia capor\""},"geometry":{"type":"Point","coordinates":[121.0275526,14.7185241]}},
{"type":"Feature","properties":{"osm_id":"5051558821","name":"ttbtc garage","other_tags":"\"addr:housenumber\"=>\"21\",\"addr:street\"=>\"Samonte Road\",\"name:en\"=>\"ttbtc garage\",\"office\"=>\"company\",\"opening_hours\"=>\"24/7\",\"phone\"=>\"+63 2 937 2710\""},"geometry":{"type":"Point","coordinates":[121.0221812,14.7181027]}},
{"type":"Feature","properties":{"osm_id":"5158656258","name":"AquaVirgo Business Management Consultancy Services","other_tags":"\"addr:city\"=>\"Quezon City\",\"addr:housenumber\"=>\"Lot 6 and 7 Blk 4\",\"addr:postcode\"=>\"1125\",\"addr:street\"=>\"Queens Avenue\",\"office\"=>\"accountant\",\"opening_hours\"=>\"24/7\""},"geometry":{"type":"Point","coordinates":[121.0329665,14.7124753]}},
{"type":"Feature","properties":{"osm_id":"5344986388","barrier":"gate","other_tags":"\"access\"=>\"private\""},"geometry":{"type":"Point","coordinates":[121.026161300000012,14.7092916]}},
{"type":"Feature","properties":{"osm_id":"5345210886","other_tags":"\"noexit\"=>\"yes\""},"geometry":{"type":"Point","coordinates":[121.019322100000011,14.709944]}},
{"type":"Feature","properties":{"osm_id":"5346319859","other_tags":"\"noexit\"=>\"yes\""},"geometry":{"type":"Point","coordinates":[121.01569640000001,14.7269883]}},
{"type":"Feature","properties":{"osm_id":"5363544596","name":"Caybiga","place":"borough"},"geometry":{"type":"Point","coordinates":[121.0170865,14.7233405]}},
{"type":"Feature","properties":{"osm_id":"5365154734","other_tags":"\"traffic_calming\"=>\"bump\""},"geometry":{"type":"Point","coordinates":[121.0132247,14.7244412]}},
{"type":"Feature","properties":{"osm_id":"5518094922","name":"Followers of Christ Fellowship SBC","other_tags":"\"addr:city\"=>\"Quezon City\",\"addr:housenumber\"=>\"13\",\"addr:postcode\"=>\"1125\",\"addr:quarter\"=>\"Nagkaisang Nayon\",\"addr:street\"=>\"North Street\",\"amenity\"=>\"place_of_worship\",\"religion\"=>\"christian\""},"geometry":{"type":"Point","coordinates":[121.0297818,14.7197164]}},
{"type":"Feature","properties":{"osm_id":"5529580489","barrier":"lift_gate","other_tags":"\"access\"=>\"permissive\""},"geometry":{"type":"Point","coordinates":[121.02706,14.7271168]}},
{"type":"Feature","properties":{"osm_id":"5634693704","other_tags":"\"noexit\"=>\"yes\""},"geometry":{"type":"Point","coordinates":[121.032265200000012,14.7192041]}},
{"type":"Feature","properties":{"osm_id":"5634901558","barrier":"swing_gate","other_tags":"\"access\"=>\"destination\""},"geometry":{"type":"Point","coordinates":[121.02893250000001,14.7210531]}},
{"type":"Feature","properties":{"osm_id":"5637469221","name":"BDO Gen. Luis","other_tags":"\"amenity\"=>\"bank\",\"name:en\"=>\"BDO Gen. Luis\""},"geometry":{"type":"Point","coordinates":[121.017838,14.7206051]}},
{"type":"Feature","properties":{"osm_id":"5641806721","man_made":"water_tower"},"geometry":{"type":"Point","coordinates":[121.0122766,14.7256486]}},
{"type":"Feature","properties":{"osm_id":"5643290204","other_tags":"\"noexit\"=>\"yes\""},"geometry":{"type":"Point","coordinates":[121.021581200000014,14.7208721]}},
{"type":"Feature","properties":{"osm_id":"5643290212","other_tags":"\"noexit\"=>\"yes\""},"geometry":{"type":"Point","coordinates":[121.024129300000013,14.7209397]}},
{"type":"Feature","properties":{"osm_id":"5643295479","other_tags":"\"noexit\"=>\"yes\""},"geometry":{"type":"Point","coordinates":[121.026497,14.7214079]}},
{"type":"Feature","properties":{"osm_id":"5645915512","other_tags":"\"traffic_calming\"=>\"bump\""},"geometry":{"type":"Point","coordinates":[121.030985,14.7087474]}},
{"type":"Feature","properties":{"osm_id":"5645915513","other_tags":"\"traffic_calming\"=>\"bump\""},"geometry":{"type":"Point","coordinates":[121.030651100000014,14.7091021]}},
{"type":"Feature","properties":{"osm_id":"5645915622","barrier":"gate","other_tags":"\"access\"=>\"private\""},"geometry":{"type":"Point","coordinates":[121.0289788,14.7097604]}},
{"type":"Feature","properties":{"osm_id":"5645915641","other_tags":"\"noexit\"=>\"yes\""},"geometry":{"type":"Point","coordinates":[121.0319731,14.7131265]}},
{"type":"Feature","properties":{"osm_id":"5646899997","other_tags":"\"traffic_calming\"=>\"bump\""},"geometry":{"type":"Point","coordinates":[121.02264120000001,14.7267052]}},
{"type":"Feature","properties":{"osm_id":"5646899999","barrier":"gate","other_tags":"\"access\"=>\"no\""},"geometry":{"type":"Point","coordinates":[121.0234501,14.7255839]}},
{"type":"Feature","properties":{"osm_id":"5646911803","other_tags":"\"noexit\"=>\"yes\""},"geometry":{"type":"Point","coordinates":[121.0190446,14.721596]}},
{"type":"Feature","properties":{"osm_id":"5646911804","other_tags":"\"noexit\"=>\"yes\""},"geometry":{"type":"Point","coordinates":[121.0195408,14.7216868]}},
{"type":"Feature","properties":{"osm_id":"5646911808","other_tags":"\"noexit\"=>\"yes\""},"geometry":{"type":"Point","coordinates":[121.019479600000011,14.7215778]}},
{"type":"Feature","properties":{"osm_id":"5646911810","other_tags":"\"noexit\"=>\"yes\""},"geometry":{"type":"Point","coordinates":[121.0197627,14.721275]}},
{"type":"Feature","properties":{"osm_id":"5646920569","highway":"turning_circle"},"geometry":{"type":"Point","coordinates":[121.019872,14.7162519]}},
{"type":"Feature","properties":{"osm_id":"5646926108","barrier":"gate","other_tags":"\"access\"=>\"private\""},"geometry":{"type":"Point","coordinates":[121.0254629,14.7134238]}},
{"type":"Feature","properties":{"osm_id":"5648725400","other_tags":"\"noexit\"=>\"yes\""},"geometry":{"type":"Point","coordinates":[121.032750600000014,14.7229709]}},
{"type":"Feature","properties":{"osm_id":"5695470028","barrier":"entrance"},"geometry":{"type":"Point","coordinates":[121.0116179,14.7131459]}},
{"type":"Feature","properties":{"osm_id":"5817156711","other_tags":"\"noexit\"=>\"yes\""},"geometry":{"type":"Point","coordinates":[121.0227526,14.7204525]}},
{"type":"Feature","properties":{"osm_id":"5819950578","barrier":"gate","other_tags":"\"access\"=>\"private\""},"geometry":{"type":"Point","coordinates":[121.0154279,14.7168421]}},
{"type":"Feature","properties":{"osm_id":"5822242316","barrier":"gate","other_tags":"\"access\"=>\"private\""},"geometry":{"type":"Point","coordinates":[121.02164710000001,14.7098368]}},
{"type":"Feature","properties":{"osm_id":"5822280105","other_tags":"\"noexit\"=>\"yes\""},"geometry":{"type":"Point","coordinates":[121.0223092,14.7143048]}},
{"type":"Feature","properties":{"osm_id":"5831023147","barrier":"gate","other_tags":"\"access\"=>\"private\""},"geometry":{"type":"Point","coordinates":[121.025175,14.7137053]}},
{"type":"Feature","properties":{"osm_id":"5831023157","barrier":"gate","other_tags":"\"access\"=>\"private\""},"geometry":{"type":"Point","coordinates":[121.0279304,14.7111798]}},
{"type":"Feature","properties":{"osm_id":"5831023158","other_tags":"\"noexit\"=>\"yes\""},"geometry":{"type":"Point","coordinates":[121.029327,14.71318]}},
{"type":"Feature","properties":{"osm_id":"5831314790","barrier":"gate","other_tags":"\"access\"=>\"private\""},"geometry":{"type":"Point","coordinates":[121.0254136,14.7240343]}},
{"type":"Feature","properties":{"osm_id":"5831314798","barrier":"gate","other_tags":"\"access\"=>\"private\""},"geometry":{"type":"Point","coordinates":[121.025595700000011,14.7236953]}},
{"type":"Feature","properties":{"osm_id":"5831314817","other_tags":"\"traffic_calming\"=>\"bump\""},"geometry":{"type":"Point","coordinates":[121.026733400000012,14.7254627]}},
{"type":"Feature","properties":{"osm_id":"5831314826","other_tags":"\"noexit\"=>\"yes\""},"geometry":{"type":"Point","coordinates":[121.022330200000013,14.7242355]}},
{"type":"Feature","properties":{"osm_id":"5831334107","barrier":"gate","other_tags":"\"access\"=>\"private\",\"barrier:personnel\"=>\"no\",\"gate:type\"=>\"double\",\"material\"=>\"metal\""},"geometry":{"type":"Point","coordinates":[121.021207,14.7103972]}},
{"type":"Feature","properties":{"osm_id":"5831409698","other_tags":"\"noexit\"=>\"yes\""},"geometry":{"type":"Point","coordinates":[121.0319701,14.7188293]}},
{"type":"Feature","properties":{"osm_id":"5831409700","barrier":"gate","other_tags":"\"access\"=>\"private\",\"mapillary\"=>\"351608103650682\""},"geometry":{"type":"Point","coordinates":[121.0329411,14.7196457]}},
{"type":"Feature","properties":{"osm_id":"5833583282","other_tags":"\"operator\"=>\"Meralco\",\"operator:wikidata\"=>\"Q6817918\",\"power\"=>\"pole\""},"geometry":{"type":"Point","coordinates":[121.0445014,14.7306844]}},
{"type":"Feature","properties":{"osm_id":"6126607396","other_tags":"\"noexit\"=>\"yes\""},"geometry":{"type":"Point","coordinates":[121.0148985,14.7114299]}},
{"type":"Feature","properties":{"osm_id":"6128615858","other_tags":"\"noexit\"=>\"yes\""},"geometry":{"type":"Point","coordinates":[121.0121309,14.7164333]}},
{"type":"Feature","properties":{"osm_id":"6140173388","barrier":"gate","other_tags":"\"access\"=>\"private\""},"geometry":{"type":"Point","coordinates":[121.0278554,14.7204752]}},
{"type":"Feature","properties":{"osm_id":"6167494742","other_tags":"\"material\"=>\"steel\",\"operator\"=>\"Meralco\",\"operator:wikidata\"=>\"Q6817918\",\"power\"=>\"pole\""},"geometry":{"type":"Point","coordinates":[121.0216463,14.7144399]}},
{"type":"Feature","properties":{"osm_id":"6167494743","other_tags":"\"material\"=>\"steel\",\"operator\"=>\"Meralco\",\"operator:wikidata\"=>\"Q6817918\",\"power\"=>\"pole\""},"geometry":{"type":"Point","coordinates":[121.021775,14.7151922]}},
{"type":"Feature","properties":{"osm_id":"6167494744","other_tags":"\"material\"=>\"steel\",\"operator\"=>\"Meralco\",\"operator:wikidata\"=>\"Q6817918\",\"power\"=>\"pole\""},"geometry":{"type":"Point","coordinates":[121.021976200000012,14.7158563]}},
{"type":"Feature","properties":{"osm_id":"6167494745","other_tags":"\"material\"=>\"steel\",\"operator\"=>\"Meralco\",\"operator:wikidata\"=>\"Q6817918\",\"power\"=>\"pole\""},"geometry":{"type":"Point","coordinates":[121.022623900000013,14.7193663]}},
{"type":"Feature","properties":{"osm_id":"6167494746","other_tags":"\"material\"=>\"steel\",\"operator\"=>\"Meralco\",\"operator:wikidata\"=>\"Q6817918\",\"power\"=>\"pole\""},"geometry":{"type":"Point","coordinates":[121.022347700000012,14.7194194]}},
{"type":"Feature","properties":{"osm_id":"6167494747","other_tags":"\"material\"=>\"steel\",\"operator\"=>\"Meralco\",\"operator:wikidata\"=>\"Q6817918\",\"power\"=>\"pole\""},"geometry":{"type":"Point","coordinates":[121.022249800000012,14.7187073]}},
{"type":"Feature","properties":{"osm_id":"6167494748","other_tags":"\"material\"=>\"steel\",\"operator\"=>\"Meralco\",\"operator:wikidata\"=>\"Q6817918\",\"power\"=>\"pole\""},"geometry":{"type":"Point","coordinates":[121.0222236,14.7181308]}},
{"type":"Feature","properties":{"osm_id":"6167494749","other_tags":"\"material\"=>\"steel\",\"operator\"=>\"Meralco\",\"operator:wikidata\"=>\"Q6817918\",\"power\"=>\"pole\""},"geometry":{"type":"Point","coordinates":[121.0225891,14.7186139]}},
{"type":"Feature","properties":{"osm_id":"6167494750","other_tags":"\"material\"=>\"steel\",\"operator\"=>\"Meralco\",\"operator:wikidata\"=>\"Q6817918\",\"power\"=>\"pole\""},"geometry":{"type":"Point","coordinates":[121.0216543,14.7172961]}},
{"type":"Feature","properties":{"osm_id":"6167494751","other_tags":"\"material\"=>\"steel\",\"operator\"=>\"Meralco\",\"operator:wikidata\"=>\"Q6817918\",\"power\"=>\"pole\""},"geometry":{"type":"Point","coordinates":[121.021199700000011,14.7166865]}},
{"type":"Feature","properties":{"osm_id":"6167494752","other_tags":"\"material\"=>\"steel\",\"operator\"=>\"Meralco\",\"operator:wikidata\"=>\"Q6817918\",\"power\"=>\"pole\""},"geometry":{"type":"Point","coordinates":[121.0226454,14.7180212]}},
{"type":"Feature","properties":{"osm_id":"6167494753","other_tags":"\"material\"=>\"steel\",\"operator\"=>\"Meralco\",\"operator:wikidata\"=>\"Q6817918\",\"power\"=>\"pole\""},"geometry":{"type":"Point","coordinates":[121.0222471,14.7180121]}},
{"type":"Feature","properties":{"osm_id":"6167494754","other_tags":"\"material\"=>\"steel\",\"operator\"=>\"Meralco\",\"operator:wikidata\"=>\"Q6817918\",\"power\"=>\"pole\""},"geometry":{"type":"Point","coordinates":[121.0218327,14.7174038]}},
{"type":"Feature","properties":{"osm_id":"6167494755","other_tags":"\"material\"=>\"steel\",\"operator\"=>\"Meralco\",\"operator:wikidata\"=>\"Q6817918\",\"power\"=>\"pole\""},"geometry":{"type":"Point","coordinates":[121.0213003,14.7166385]}},
{"type":"Feature","properties":{"osm_id":"6167494756","other_tags":"\"material\"=>\"steel\",\"operator\"=>\"Meralco\",\"operator:wikidata\"=>\"Q6817918\",\"power\"=>\"pole\""},"geometry":{"type":"Point","coordinates":[121.0220486,14.7158537]}},
{"type":"Feature","properties":{"osm_id":"6167494757","other_tags":"\"material\"=>\"steel\",\"operator\"=>\"Meralco\",\"operator:wikidata\"=>\"Q6817918\",\"power\"=>\"pole\""},"geometry":{"type":"Point","coordinates":[121.021826,14.7151429]}},
{"type":"Feature","properties":{"osm_id":"6167494758","other_tags":"\"material\"=>\"steel\",\"operator\"=>\"Meralco\",\"operator:wikidata\"=>\"Q6817918\",\"power\"=>\"pole\""},"geometry":{"type":"Point","coordinates":[121.0217106,14.7144917]}},
{"type":"Feature","properties":{"osm_id":"6233041019","other_tags":"\"addr:city\"=>\"Quezon City\",\"addr:housenumber\"=>\"003\",\"addr:street\"=>\"Sampaguita Street\",\"description\"=>\"Private residance along Sampaguita Street\""},"geometry":{"type":"Point","coordinates":[121.0331105,14.7243788]}},
{"type":"Feature","properties":{"osm_id":"6608967029","barrier":"swing_gate","other_tags":"\"access\"=>\"destination\""},"geometry":{"type":"Point","coordinates":[121.02905220000001,14.7210949]}},
{"type":"Feature","properties":{"osm_id":"6957644291","name":"Therester","other_tags":"\"tourism\"=>\"guest_house\""},"geometry":{"type":"Point","coordinates":[121.022573,14.711426]}},
{"type":"Feature","properties":{"osm_id":"6958974237","other_tags":"\"addr:housenumber\"=>\"Lot 3 Block 25\",\"addr:street\"=>\"Saint Anthony Street\""},"geometry":{"type":"Point","coordinates":[121.0253521,14.7217782]}},
{"type":"Feature","properties":{"osm_id":"6958974238","other_tags":"\"addr:housenumber\"=>\"Block 26\",\"addr:street\"=>\"Saint Anthony Street\""},"geometry":{"type":"Point","coordinates":[121.0259278,14.7226053]}},
{"type":"Feature","properties":{"osm_id":"6958974239","other_tags":"\"addr:housenumber\"=>\"Block 27\",\"addr:street\"=>\"Saint Anthony Street\""},"geometry":{"type":"Point","coordinates":[121.02656420000001,14.7235045]}},
{"type":"Feature","properties":{"osm_id":"6958974253","other_tags":"\"addr:housenumber\"=>\"3\",\"addr:street\"=>\"Sampaguita Street\""},"geometry":{"type":"Point","coordinates":[121.031862600000011,14.7232364]}},
{"type":"Feature","properties":{"osm_id":"6958974299","other_tags":"\"addr:housenumber\"=>\"2\",\"addr:street\"=>\"Sampaguita Street\""},"geometry":{"type":"Point","coordinates":[121.03188990000001,14.7230453]}},
{"type":"Feature","properties":{"osm_id":"6958974387","other_tags":"\"addr:housenumber\"=>\"10\",\"addr:street\"=>\"Luisito Street\""},"geometry":{"type":"Point","coordinates":[121.033443,14.7224398]}},
{"type":"Feature","properties":{"osm_id":"6958974507","other_tags":"\"addr:housenumber\"=>\"18\",\"addr:street\"=>\"Dantes\""},"geometry":{"type":"Point","coordinates":[121.0318275,14.723225]}},
{"type":"Feature","properties":{"osm_id":"6959176910","other_tags":"\"addr:housenumber\"=>\"33\",\"addr:street\"=>\"Walters Road\""},"geometry":{"type":"Point","coordinates":[121.0246804,14.7205581]}},
{"type":"Feature","properties":{"osm_id":"6959176912","other_tags":"\"addr:housenumber\"=>\"10\",\"addr:street\"=>\"West Street\""},"geometry":{"type":"Point","coordinates":[121.0293452,14.7193604]}},
{"type":"Feature","properties":{"osm_id":"6959176926","other_tags":"\"addr:housenumber\"=>\"53\",\"addr:street\"=>\"Dominga Street\""},"geometry":{"type":"Point","coordinates":[121.02662,14.7265199]}},
{"type":"Feature","properties":{"osm_id":"6959191029","other_tags":"\"addr:housenumber\"=>\"28\",\"addr:street\"=>\"Rebisco Road\""},"geometry":{"type":"Point","coordinates":[121.0251441,14.7215607]}},
{"type":"Feature","properties":{"osm_id":"6959191030","name":"Genearal Metal Container Corporation","other_tags":"\"addr:city\"=>\"Quezon City\",\"addr:housenumber\"=>\"62\",\"addr:street\"=>\"General Luis Street\",\"office\"=>\"company\",\"phone\"=>\"9361495\""},"geometry":{"type":"Point","coordinates":[121.0242266,14.7190032]}},
{"type":"Feature","properties":{"osm_id":"6959201903","other_tags":"\"addr:housenumber\"=>\"Block 1 Lot 39\",\"addr:street\"=>\"Ruby Street\""},"geometry":{"type":"Point","coordinates":[121.028890800000013,14.7238197]}},
{"type":"Feature","properties":{"osm_id":"6991401185","other_tags":"\"addr:housenumber\"=>\"3\",\"addr:street\"=>\"Juan Street\",\"shop\"=>\"laundry\""},"geometry":{"type":"Point","coordinates":[121.0313255,14.7238552]}},
{"type":"Feature","properties":{"osm_id":"6994065085","other_tags":"\"addr:housenumber\"=>\"136\",\"addr:street\"=>\"Pablo dela Cruz Street\""},"geometry":{"type":"Point","coordinates":[121.0285927,14.7100133]}},
{"type":"Feature","properties":{"osm_id":"7007128485","other_tags":"\"addr:housenumber\"=>\"44\",\"addr:street\"=>\"Narra Street\""},"geometry":{"type":"Point","coordinates":[121.028749800000014,14.712771]}},
{"type":"Feature","properties":{"osm_id":"7018363386","name":"B15"},"geometry":{"type":"Point","coordinates":[121.0331441,14.7152321]}},
{"type":"Feature","properties":{"osm_id":"7018363485","name":"B14"},"geometry":{"type":"Point","coordinates":[121.0331684,14.7151445]}},
{"type":"Feature","properties":{"osm_id":"7018363585","name":"B13"},"geometry":{"type":"Point","coordinates":[121.033248,14.7150119]}},
{"type":"Feature","properties":{"osm_id":"7018363586","name":"B11"},"geometry":{"type":"Point","coordinates":[121.0333027,14.7148939]}},
{"type":"Feature","properties":{"osm_id":"7018391687","other_tags":"\"addr:housenumber\"=>\"Block 16 Lot 8\",\"addr:street\"=>\"Abbey Road\""},"geometry":{"type":"Point","coordinates":[121.030734400000014,14.7146669]}},
{"type":"Feature","properties":{"osm_id":"7018391691","name":"Gresan Compound","other_tags":"\"addr:housenumber\"=>\"5\",\"addr:street\"=>\"General Luis Street\""},"geometry":{"type":"Point","coordinates":[121.0213839,14.7197343]}},
{"type":"Feature","properties":{"osm_id":"7018392685","other_tags":"\"addr:housenumber\"=>\"Lot 7 Block 10\",\"addr:street\"=>\"Babylonia Street\""},"geometry":{"type":"Point","coordinates":[121.028308900000013,14.7224135]}},
{"type":"Feature","properties":{"osm_id":"7087259585","other_tags":"\"addr:city\"=>\"Quezon City\",\"addr:housenumber\"=>\"Block 1 Lot 2\",\"addr:neighbourhood\"=>\"Maries 1 Village\",\"addr:street\"=>\"Saint Joseph\""},"geometry":{"type":"Point","coordinates":[121.0246069,14.7143699]}},
{"type":"Feature","properties":{"osm_id":"7223809885","other_tags":"\"addr:barangay\"=>\"San Bartolome\",\"addr:city\"=>\"Quezon City\",\"addr:housenumber\"=>\"50\",\"addr:postcode\"=>\"1116\",\"addr:province\"=>\"Metro Manila\",\"addr:street\"=>\"Magsaysay Avenue\",\"addr:suburb\"=>\"Novaliches\""},"geometry":{"type":"Point","coordinates":[121.0260782,14.7092248]}},
{"type":"Feature","properties":{"osm_id":"7223810085","other_tags":"\"addr:housenumber\"=>\"Lot 25 Block 23\",\"addr:street\"=>\"Saint James Street\""},"geometry":{"type":"Point","coordinates":[121.026580200000012,14.7230085]}},
{"type":"Feature","properties":{"osm_id":"7262496187","other_tags":"\"addr:city\"=>\"Quezon City\",\"addr:housenumber\"=>\"44\",\"addr:quarter\"=>\"Nagkaisang Nayon\",\"addr:street\"=>\"Samonte Road\""},"geometry":{"type":"Point","coordinates":[121.0217771,14.7174428]}},
{"type":"Feature","properties":{"osm_id":"7474834942","barrier":"gate","other_tags":"\"access\"=>\"private\""},"geometry":{"type":"Point","coordinates":[121.015747800000014,14.7176334]}},
{"type":"Feature","properties":{"osm_id":"7474954901","other_tags":"\"addr:housenumber\"=>\"B17\""},"geometry":{"type":"Point","coordinates":[121.033464200000012,14.7153857]}},
{"type":"Feature","properties":{"osm_id":"7543182485","name":"JCJ Junkshop","other_tags":"\"addr:street\"=>\"General Luis Street\",\"amenity\"=>\"recycling\",\"recycling_type\"=>\"centre\""},"geometry":{"type":"Point","coordinates":[121.028064300000011,14.7203735]}},
{"type":"Feature","properties":{"osm_id":"7543255186","name":"Maf Junkshop","other_tags":"\"addr:street\"=>\"Pascual Road\",\"amenity\"=>\"recycling\",\"description\"=>\"junkshop\",\"recycling_type\"=>\"centre\""},"geometry":{"type":"Point","coordinates":[121.027151800000013,14.7203528]}},
{"type":"Feature","properties":{"osm_id":"7543255187","name":"CLE Junkshop","other_tags":"\"addr:city\"=>\"Quezon City\",\"addr:street\"=>\"General Luis Street\",\"amenity\"=>\"recycling\",\"description\"=>\"junkshop\",\"recycling_type\"=>\"centre\""},"geometry":{"type":"Point","coordinates":[121.0301934,14.7218314]}},
{"type":"Feature","properties":{"osm_id":"7543256385","name":"CP Junkshop","other_tags":"\"addr:street\"=>\"Pascual Road\",\"amenity\"=>\"recycling\",\"description\"=>\"junkshop\",\"recycling_type\"=>\"centre\""},"geometry":{"type":"Point","coordinates":[121.02706160000001,14.7204007]}},
{"type":"Feature","properties":{"osm_id":"7543258085","name":"M.D.O Junk Shop","other_tags":"\"addr:city\"=>\"Quezon City\",\"addr:street\"=>\"General Luis Street\",\"amenity\"=>\"recycling\",\"description\"=>\"junkshop\",\"recycling_type\"=>\"centre\""},"geometry":{"type":"Point","coordinates":[121.0286077,14.7206023]}},
{"type":"Feature","properties":{"osm_id":"7543263285","name":"Jen Junk Shop","other_tags":"\"amenity\"=>\"recycling\",\"description\"=>\"junkshop\""},"geometry":{"type":"Point","coordinates":[121.026386800000012,14.7251243]}},
{"type":"Feature","properties":{"osm_id":"7543473686","name":"Boss \"A\" Junkshop","other_tags":"\"addr:barangay\"=>\"San Bartolome\",\"addr:city\"=>\"Quezon City\",\"addr:neighbourhood\"=>\"California Village\",\"addr:postcode\"=>\"1116\",\"addr:province\"=>\"Metro Manila\",\"addr:street\"=>\"East Berkely Street\",\"addr:suburb\"=>\"Novaliches\",\"amenity\"=>\"recycling\",\"recycling_type\"=>\"centre\""},"geometry":{"type":"Point","coordinates":[121.0257301,14.7106757]}},
{"type":"Feature","properties":{"osm_id":"7562033587","barrier":"entrance"},"geometry":{"type":"Point","coordinates":[121.012842400000011,14.7117656]}},
{"type":"Feature","properties":{"osm_id":"7684177618","barrier":"gate","other_tags":"\"access\"=>\"destination\""},"geometry":{"type":"Point","coordinates":[121.0283353,14.7117806]}},
{"type":"Feature","properties":{"osm_id":"7915405785","other_tags":"\"addr:housenumber\"=>\"17\",\"addr:street\"=>\"Abbey Road\""},"geometry":{"type":"Point","coordinates":[121.0305634,14.7150375]}},
{"type":"Feature","properties":{"osm_id":"7915405803","name":"11"},"geometry":{"type":"Point","coordinates":[121.0281487,14.7225486]}},
{"type":"Feature","properties":{"osm_id":"7915405807","other_tags":"\"addr:housenumber\"=>\"13\",\"addr:street\"=>\"P. Dela Cruz Street\""},"geometry":{"type":"Point","coordinates":[121.0156553,14.7134992]}},
{"type":"Feature","properties":{"osm_id":"7915406094","name":"12"},"geometry":{"type":"Point","coordinates":[121.0279055,14.7225496]}},
{"type":"Feature","properties":{"osm_id":"7915406490","other_tags":"\"addr:city\"=>\"Quezon City\",\"addr:housenumber\"=>\"14\",\"addr:street\"=>\"Imperial Bend\""},"geometry":{"type":"Point","coordinates":[121.019105900000014,14.7138058]}},
{"type":"Feature","properties":{"osm_id":"7915406603","other_tags":"\"addr:city\"=>\"Quezon City\",\"addr:housenumber\"=>\"15\",\"addr:street\"=>\"Imperial Bend\""},"geometry":{"type":"Point","coordinates":[121.0188356,14.7138151]}},
{"type":"Feature","properties":{"osm_id":"8152853812","name":"Southway Trading","other_tags":"\"addr:city\"=>\"Quezon City\",\"addr:housenumber\"=>\"8\",\"addr:neighbourhood\"=>\"California Village\",\"addr:street\"=>\"Katipunan Avenue\",\"addr:suburb\"=>\"Novaliches\",\"addr:village\"=>\"San Bartolome\",\"contact:email\"=>\"sw.southwaytrading@yahoo.com\",\"contact:facebook\"=>\"SouthwayTradingQC\",\"contact:phone\"=>\"+63289119882\",\"contact:twitter\"=>\"SouthwayTrading\",\"contact:website\"=>\"https://southwaytrading.com\",\"opening_hours\"=>\"Mo-Sa 08:00-17:00\",\"postal_code\"=>\"1116\",\"shop\"=>\"hardware\",\"source:name\"=>\"extrapolated from Note 2437146\""},"geometry":{"type":"Point","coordinates":[121.020783900000012,14.7119156]}},
{"type":"Feature","properties":{"osm_id":"8152946752","name":"China Bank","other_tags":"\"addr:street\"=>\"General Luis Street\",\"amenity\"=>\"bank\",\"brand\"=>\"China Bank\",\"brand:wikidata\"=>\"Q5100080\",\"brand:wikipedia\"=>\"en:Chinabank\",\"mapillary\"=>\"478920809986143\""},"geometry":{"type":"Point","coordinates":[121.021313600000013,14.7194324]}},
{"type":"Feature","properties":{"osm_id":"8152946753","barrier":"gate","other_tags":"\"access\"=>\"no\",\"mapillary\"=>\"171968194839410\""},"geometry":{"type":"Point","coordinates":[121.0206995,14.7131027]}},
{"type":"Feature","properties":{"osm_id":"8281991475","name":"Klong’s Store","other_tags":"\"shop\"=>\"convenience\""},"geometry":{"type":"Point","coordinates":[121.0265865,14.7106636]}},
{"type":"Feature","properties":{"osm_id":"8281991476","other_tags":"\"traffic_calming\"=>\"hump\""},"geometry":{"type":"Point","coordinates":[121.026309700000013,14.7103795]}},
{"type":"Feature","properties":{"osm_id":"8281991477","name":"Shaina Junk Shop","other_tags":"\"addr:barangay\"=>\"San Bartolome\",\"addr:city\"=>\"Quezon City\",\"addr:postcode\"=>\"1116\",\"addr:province\"=>\"Metro Manila\",\"addr:street\"=>\"Magsaysay Avenue\",\"addr:suburb\"=>\"Novaliches\",\"amenity\"=>\"recycling\",\"recycling_type\"=>\"centre\""},"geometry":{"type":"Point","coordinates":[121.026128300000011,14.7100552]}},
{"type":"Feature","properties":{"osm_id":"8281991478","name":"Holy Star Hardware and Construction Supply","other_tags":"\"addr:barangay\"=>\"San Bartolome\",\"addr:city\"=>\"Quezon City\",\"addr:postcode\"=>\"1116\",\"addr:province\"=>\"Metro Manila\",\"addr:street\"=>\"Magsaysay Avenue\",\"addr:suburb\"=>\"Novaliches\",\"shop\"=>\"hardware\""},"geometry":{"type":"Point","coordinates":[121.0263293,14.7092518]}},
{"type":"Feature","properties":{"osm_id":"8281991479","name":"Eunice Store","other_tags":"\"addr:barangay\"=>\"San Bartolome\",\"addr:city\"=>\"Quezon City\",\"addr:postcode\"=>\"1116\",\"addr:province\"=>\"Metro Manila\",\"addr:street\"=>\"Magsaysay Avenue\",\"addr:suburb\"=>\"Novaliches\",\"shop\"=>\"convenience\""},"geometry":{"type":"Point","coordinates":[121.026288900000011,14.7091721]}},
{"type":"Feature","properties":{"osm_id":"8281991481","name":"AMS Motorcycle Parts & Accessories Shop","other_tags":"\"addr:city\"=>\"Quezon City\",\"addr:street\"=>\"Magsaysay Avenue\",\"repair\"=>\"motorcycle\",\"shop\"=>\"motorcycle_parts\""},"geometry":{"type":"Point","coordinates":[121.0270607,14.7104215]}},
{"type":"Feature","properties":{"osm_id":"8281996662","name":"7-Eleven","other_tags":"\"addr:street\"=>\"Pablo dela Cruz Street\",\"brand\"=>\"7-Eleven\",\"brand:wikidata\"=>\"Q259340\",\"brand:wikipedia\"=>\"en:7-Eleven\",\"mapillary\"=>\"205981154851652\",\"opening_hours\"=>\"24/7\",\"shop\"=>\"convenience\""},"geometry":{"type":"Point","coordinates":[121.0281541,14.7106145]}},
{"type":"Feature","properties":{"osm_id":"8281996663","name":"Tasia Store","other_tags":"\"shop\"=>\"convenience\""},"geometry":{"type":"Point","coordinates":[121.027599200000012,14.710591]}},
{"type":"Feature","properties":{"osm_id":"8282004324","other_tags":"\"shop\"=>\"motorcycle_repair\""},"geometry":{"type":"Point","coordinates":[121.028815,14.7099594]}},
{"type":"Feature","properties":{"osm_id":"8282004325","other_tags":"\"shop\"=>\"motorcycle_repair\""},"geometry":{"type":"Point","coordinates":[121.0283009,14.7104048]}},
{"type":"Feature","properties":{"osm_id":"8310602368","barrier":"gate","other_tags":"\"access\"=>\"private\""},"geometry":{"type":"Point","coordinates":[121.013892,14.7138534]}},
{"type":"Feature","properties":{"osm_id":"8310750776","other_tags":"\"noexit\"=>\"yes\""},"geometry":{"type":"Point","coordinates":[121.0190807,14.7183156]}},
{"type":"Feature","properties":{"osm_id":"8310750787","barrier":"gate","other_tags":"\"access\"=>\"private\""},"geometry":{"type":"Point","coordinates":[121.0154193,14.7183781]}},
{"type":"Feature","properties":{"osm_id":"8310750793","other_tags":"\"noexit\"=>\"yes\""},"geometry":{"type":"Point","coordinates":[121.0169041,14.7166255]}},
{"type":"Feature","properties":{"osm_id":"8310750795","barrier":"gate","other_tags":"\"access\"=>\"private\""},"geometry":{"type":"Point","coordinates":[121.0155462,14.7168409]}},
{"type":"Feature","properties":{"osm_id":"8310750799","barrier":"gate","other_tags":"\"access\"=>\"private\""},"geometry":{"type":"Point","coordinates":[121.0155308,14.7115226]}},
{"type":"Feature","properties":{"osm_id":"8310750801","barrier":"gate","other_tags":"\"access\"=>\"private\""},"geometry":{"type":"Point","coordinates":[121.02063,14.7113341]}},
{"type":"Feature","properties":{"osm_id":"8310958639","barrier":"gate","other_tags":"\"access\"=>\"private\""},"geometry":{"type":"Point","coordinates":[121.021762900000013,14.7172037]}},
{"type":"Feature","properties":{"osm_id":"8310958640","barrier":"gate","other_tags":"\"access\"=>\"private\""},"geometry":{"type":"Point","coordinates":[121.025542,14.7136006]}},
{"type":"Feature","properties":{"osm_id":"8311314142","barrier":"gate","other_tags":"\"access\"=>\"private\",\"mapillary\"=>\"143886334800661\""},"geometry":{"type":"Point","coordinates":[121.021073300000012,14.720017]}},
{"type":"Feature","properties":{"osm_id":"8311314145","barrier":"gate","other_tags":"\"access\"=>\"private\""},"geometry":{"type":"Point","coordinates":[121.023589800000011,14.7192089]}},
{"type":"Feature","properties":{"osm_id":"8311667530","barrier":"gate","other_tags":"\"access\"=>\"private\""},"geometry":{"type":"Point","coordinates":[121.0258515,14.7130156]}},
{"type":"Feature","properties":{"osm_id":"8311902985","barrier":"gate","other_tags":"\"access\"=>\"private\""},"geometry":{"type":"Point","coordinates":[121.024044,14.7191357]}},
{"type":"Feature","properties":{"osm_id":"8311902986","barrier":"gate","other_tags":"\"access\"=>\"private\",\"barrier:personnel\"=>\"no\""},"geometry":{"type":"Point","coordinates":[121.0220884,14.7194251]}},
{"type":"Feature","properties":{"osm_id":"8311902987","barrier":"gate","other_tags":"\"access\"=>\"no\""},"geometry":{"type":"Point","coordinates":[121.0207143,14.7173489]}},
{"type":"Feature","properties":{"osm_id":"8311902988","barrier":"gate","other_tags":"\"access\"=>\"no\""},"geometry":{"type":"Point","coordinates":[121.0207534,14.7176393]}},
{"type":"Feature","properties":{"osm_id":"8311902989","barrier":"gate","other_tags":"\"access\"=>\"no\""},"geometry":{"type":"Point","coordinates":[121.0207869,14.717931]}},
{"type":"Feature","properties":{"osm_id":"8311902990","barrier":"gate","other_tags":"\"access\"=>\"no\""},"geometry":{"type":"Point","coordinates":[121.02085,14.7140066]}},
{"type":"Feature","properties":{"osm_id":"8311902991","barrier":"gate","other_tags":"\"access\"=>\"private\""},"geometry":{"type":"Point","coordinates":[121.0211225,14.7121986]}},
{"type":"Feature","properties":{"osm_id":"8314051444","other_tags":"\"noexit\"=>\"yes\""},"geometry":{"type":"Point","coordinates":[121.0139014,14.7166475]}},
{"type":"Feature","properties":{"osm_id":"8314073714","other_tags":"\"noexit\"=>\"yes\""},"geometry":{"type":"Point","coordinates":[121.024423,14.7210103]}},
{"type":"Feature","properties":{"osm_id":"8314328471","barrier":"gate","other_tags":"\"access\"=>\"private\""},"geometry":{"type":"Point","coordinates":[121.0155777,14.7139403]}},
{"type":"Feature","properties":{"osm_id":"8314877529","other_tags":"\"noexit\"=>\"yes\""},"geometry":{"type":"Point","coordinates":[121.0286448,14.7246778]}},
{"type":"Feature","properties":{"osm_id":"8317728577","barrier":"gate","other_tags":"\"access\"=>\"private\""},"geometry":{"type":"Point","coordinates":[121.013284500000012,14.7130338]}},
{"type":"Feature","properties":{"osm_id":"8317754703","barrier":"entrance"},"geometry":{"type":"Point","coordinates":[121.0116955,14.7129617]}},
{"type":"Feature","properties":{"osm_id":"8323238798","barrier":"gate","other_tags":"\"access\"=>\"private\""},"geometry":{"type":"Point","coordinates":[121.0264786,14.7125933]}},
{"type":"Feature","properties":{"osm_id":"8334154364","barrier":"gate","other_tags":"\"access\"=>\"private\""},"geometry":{"type":"Point","coordinates":[121.0259202,14.7195772]}},
{"type":"Feature","properties":{"osm_id":"8334154365","barrier":"gate","other_tags":"\"access\"=>\"private\""},"geometry":{"type":"Point","coordinates":[121.02631190000001,14.7193751]}},
{"type":"Feature","properties":{"osm_id":"8334164033","barrier":"gate","other_tags":"\"access\"=>\"private\""},"geometry":{"type":"Point","coordinates":[121.0274233,14.7186618]}},
{"type":"Feature","properties":{"osm_id":"8334281777","barrier":"gate","other_tags":"\"access\"=>\"private\""},"geometry":{"type":"Point","coordinates":[121.031659800000014,14.7172835]}},
{"type":"Feature","properties":{"osm_id":"8334337633","barrier":"gate","other_tags":"\"access\"=>\"private\""},"geometry":{"type":"Point","coordinates":[121.026986,14.7119438]}},
{"type":"Feature","properties":{"osm_id":"8337007930","other_tags":"\"noexit\"=>\"yes\""},"geometry":{"type":"Point","coordinates":[121.027497,14.7182854]}},
{"type":"Feature","properties":{"osm_id":"8337167859","barrier":"gate","other_tags":"\"access\"=>\"private\""},"geometry":{"type":"Point","coordinates":[121.0338537,14.7137976]}},
{"type":"Feature","properties":{"osm_id":"8338470123","barrier":"gate","other_tags":"\"access\"=>\"private\""},"geometry":{"type":"Point","coordinates":[121.0319874,14.7174652]}},
{"type":"Feature","properties":{"osm_id":"8338470124","barrier":"gate","other_tags":"\"access\"=>\"private\",\"mapillary\"=>\"339552711534181\""},"geometry":{"type":"Point","coordinates":[121.0318575,14.7165938]}},
{"type":"Feature","properties":{"osm_id":"8338470126","barrier":"gate","other_tags":"\"access\"=>\"private\""},"geometry":{"type":"Point","coordinates":[121.030548200000013,14.7192034]}},
{"type":"Feature","properties":{"osm_id":"8340791539","barrier":"gate","other_tags":"\"access\"=>\"private\""},"geometry":{"type":"Point","coordinates":[121.026262100000011,14.7128728]}},
{"type":"Feature","properties":{"osm_id":"8341307246","barrier":"gate","other_tags":"\"access\"=>\"private\",\"locked\"=>\"yes\",\"material\"=>\"metal\""},"geometry":{"type":"Point","coordinates":[121.0319474,14.7117332]}},
{"type":"Feature","properties":{"osm_id":"8348888460","barrier":"gate","other_tags":"\"access\"=>\"private\""},"geometry":{"type":"Point","coordinates":[121.030982400000013,14.7213561]}},
{"type":"Feature","properties":{"osm_id":"8353771765","barrier":"gate","other_tags":"\"access\"=>\"private\""},"geometry":{"type":"Point","coordinates":[121.0293273,14.7241801]}},
{"type":"Feature","properties":{"osm_id":"8353877884","barrier":"gate","other_tags":"\"access\"=>\"private\""},"geometry":{"type":"Point","coordinates":[121.0321284,14.7221646]}},
{"type":"Feature","properties":{"osm_id":"8360392130","barrier":"gate","other_tags":"\"access\"=>\"private\""},"geometry":{"type":"Point","coordinates":[121.020112700000013,14.7221228]}},
{"type":"Feature","properties":{"osm_id":"8366698745","barrier":"gate","other_tags":"\"access\"=>\"private\""},"geometry":{"type":"Point","coordinates":[121.0159546,14.7200994]}},
{"type":"Feature","properties":{"osm_id":"8383748725","other_tags":"\"noexit\"=>\"yes\""},"geometry":{"type":"Point","coordinates":[121.0314132,14.7182599]}},
{"type":"Feature","properties":{"osm_id":"8383796561","other_tags":"\"noexit\"=>\"yes\""},"geometry":{"type":"Point","coordinates":[121.028976500000013,14.7135578]}},
{"type":"Feature","properties":{"osm_id":"8446516654","barrier":"gate","other_tags":"\"access\"=>\"private\""},"geometry":{"type":"Point","coordinates":[121.017652700000014,14.7253586]}},
{"type":"Feature","properties":{"osm_id":"8446516662","barrier":"gate","other_tags":"\"access\"=>\"private\""},"geometry":{"type":"Point","coordinates":[121.0175872,14.7256606]}},
{"type":"Feature","properties":{"osm_id":"8459372431","barrier":"gate","other_tags":"\"access\"=>\"private\",\"gate:type\"=>\"sliding_gate\""},"geometry":{"type":"Point","coordinates":[121.0151538,14.7151216]}},
{"type":"Feature","properties":{"osm_id":"8575060790","barrier":"gate","other_tags":"\"access\"=>\"private\""},"geometry":{"type":"Point","coordinates":[121.017525600000013,14.7247787]}},
{"type":"Feature","properties":{"osm_id":"8575060797","barrier":"gate","other_tags":"\"access\"=>\"private\""},"geometry":{"type":"Point","coordinates":[121.0177744,14.7256576]}},
{"type":"Feature","properties":{"osm_id":"8577452167","barrier":"gate","other_tags":"\"access\"=>\"private\""},"geometry":{"type":"Point","coordinates":[121.0220208,14.7200474]}},
{"type":"Feature","properties":{"osm_id":"8577452169","other_tags":"\"noexit\"=>\"yes\""},"geometry":{"type":"Point","coordinates":[121.0224905,14.7151215]}},
{"type":"Feature","properties":{"osm_id":"8577452170","other_tags":"\"noexit\"=>\"yes\""},"geometry":{"type":"Point","coordinates":[121.0231033,14.7151612]}},
{"type":"Feature","properties":{"osm_id":"8578353416","barrier":"gate","other_tags":"\"access\"=>\"private\""},"geometry":{"type":"Point","coordinates":[121.0116194,14.7158493]}},
{"type":"Feature","properties":{"osm_id":"8581431105","barrier":"gate","other_tags":"\"access\"=>\"private\""},"geometry":{"type":"Point","coordinates":[121.02020730000001,14.7211121]}},
{"type":"Feature","properties":{"osm_id":"8581431106","barrier":"gate","other_tags":"\"access\"=>\"private\""},"geometry":{"type":"Point","coordinates":[121.020223300000012,14.7205907]}},
{"type":"Feature","properties":{"osm_id":"8581431109","barrier":"gate","other_tags":"\"access\"=>\"private\""},"geometry":{"type":"Point","coordinates":[121.0194489,14.7249068]}},
{"type":"Feature","properties":{"osm_id":"8581431110","barrier":"gate","other_tags":"\"access\"=>\"private\""},"geometry":{"type":"Point","coordinates":[121.018290900000011,14.7216987]}},
{"type":"Feature","properties":{"osm_id":"8581433417","barrier":"gate","other_tags":"\"access\"=>\"private\""},"geometry":{"type":"Point","coordinates":[121.0199711,14.7201973]}},
{"type":"Feature","properties":{"osm_id":"8581543375","other_tags":"\"noexit\"=>\"yes\""},"geometry":{"type":"Point","coordinates":[121.0195376,14.7229131]}},
{"type":"Feature","properties":{"osm_id":"8581543384","barrier":"gate","other_tags":"\"access\"=>\"private\""},"geometry":{"type":"Point","coordinates":[121.020217300000013,14.7227931]}},
{"type":"Feature","properties":{"osm_id":"8581546410","other_tags":"\"noexit\"=>\"yes\""},"geometry":{"type":"Point","coordinates":[121.021396200000012,14.723669]}},
{"type":"Feature","properties":{"osm_id":"8628053759","barrier":"gate","other_tags":"\"access\"=>\"private\""},"geometry":{"type":"Point","coordinates":[121.0311633,14.7216815]}},
{"type":"Feature","properties":{"osm_id":"8629209469","barrier":"gate","other_tags":"\"access\"=>\"private\""},"geometry":{"type":"Point","coordinates":[121.0330476,14.7270792]}},
{"type":"Feature","properties":{"osm_id":"8629209474","other_tags":"\"noexit\"=>\"yes\""},"geometry":{"type":"Point","coordinates":[121.033316700000015,14.7232682]}},
{"type":"Feature","properties":{"osm_id":"8634644315","barrier":"gate","other_tags":"\"access\"=>\"private\""},"geometry":{"type":"Point","coordinates":[121.0262646,14.7099506]}},
{"type":"Feature","properties":{"osm_id":"8634644316","other_tags":"\"noexit\"=>\"yes\""},"geometry":{"type":"Point","coordinates":[121.0266184,14.7099537]}},
{"type":"Feature","properties":{"osm_id":"8634696035","barrier":"gate","other_tags":"\"access\"=>\"private\""},"geometry":{"type":"Point","coordinates":[121.0319319,14.7175477]}},
{"type":"Feature","properties":{"osm_id":"8634696036","other_tags":"\"noexit\"=>\"yes\""},"geometry":{"type":"Point","coordinates":[121.0320231,14.7178136]}},
{"type":"Feature","properties":{"osm_id":"8645831540","barrier":"block","other_tags":"\"access\"=>\"no\",\"foot\"=>\"yes\",\"material\"=>\"concrete\""},"geometry":{"type":"Point","coordinates":[121.0248883,14.7102036]}},
{"type":"Feature","properties":{"osm_id":"8656507070","barrier":"gate","other_tags":"\"access\"=>\"permissive\""},"geometry":{"type":"Point","coordinates":[121.0278243,14.7245309]}},
{"type":"Feature","properties":{"osm_id":"8656564484","other_tags":"\"traffic_calming\"=>\"bump\""},"geometry":{"type":"Point","coordinates":[121.0228687,14.7266903]}},
{"type":"Feature","properties":{"osm_id":"8656564485","barrier":"gate","other_tags":"\"access\"=>\"permissive\""},"geometry":{"type":"Point","coordinates":[121.023386300000013,14.7270482]}},
{"type":"Feature","properties":{"osm_id":"8657088955","barrier":"gate","other_tags":"\"access\"=>\"private\",\"barrier:personnel\"=>\"no\""},"geometry":{"type":"Point","coordinates":[121.0319422,14.7161929]}},
{"type":"Feature","properties":{"osm_id":"8658265344","barrier":"gate","other_tags":"\"access\"=>\"private\""},"geometry":{"type":"Point","coordinates":[121.028273,14.7186588]}},
{"type":"Feature","properties":{"osm_id":"8658272902","barrier":"gate","other_tags":"\"access\"=>\"private\",\"addr:barangay\"=>\"Nagkaisang Nayon\",\"addr:city\"=>\"Quezon City\",\"addr:housenumber\"=>\"33\",\"addr:postcode\"=>\"1125\",\"addr:province\"=>\"Metro Manila\",\"addr:street\"=>\"Pasacola Road\""},"geometry":{"type":"Point","coordinates":[121.0326787,14.7186643]}},
{"type":"Feature","properties":{"osm_id":"8658918546","barrier":"gate","other_tags":"\"access\"=>\"private\""},"geometry":{"type":"Point","coordinates":[121.025990600000014,14.7195898]}},
{"type":"Feature","properties":{"osm_id":"8661681064","barrier":"gate","other_tags":"\"access\"=>\"private\""},"geometry":{"type":"Point","coordinates":[121.0265217,14.7203673]}},
{"type":"Feature","properties":{"osm_id":"9455047860","other_tags":"\"noexit\"=>\"yes\""},"geometry":{"type":"Point","coordinates":[121.0135841,14.7260949]}},
{"type":"Feature","properties":{"osm_id":"9495793472","name":"Regasco","other_tags":"\"shop\"=>\"gas\""},"geometry":{"type":"Point","coordinates":[121.0140683,14.7197606]}},
{"type":"Feature","properties":{"osm_id":"9495793473","name":"H3B Trading","other_tags":"\"shop\"=>\"trade\""},"geometry":{"type":"Point","coordinates":[121.0135158,14.7194331]}},
{"type":"Feature","properties":{"osm_id":"9495793474","name":"JMaster Auto Supply","other_tags":"\"shop\"=>\"car_parts\""},"geometry":{"type":"Point","coordinates":[121.01343940000001,14.7194357]}},
{"type":"Feature","properties":{"osm_id":"9495793475","name":"LB Alap Motorcycle Parts & Accessories","other_tags":"\"shop\"=>\"motorcycle\""},"geometry":{"type":"Point","coordinates":[121.0133535,14.719437]}},
{"type":"Feature","properties":{"osm_id":"9495793476","name":"TBH Builders","other_tags":"\"shop\"=>\"trade\",\"trade\"=>\"building_supplies\""},"geometry":{"type":"Point","coordinates":[121.0132872,14.7194376]}},
{"type":"Feature","properties":{"osm_id":"9495793484","barrier":"gate","other_tags":"\"access\"=>\"destination\",\"barrier:personnel\"=>\"yes\",\"operator\"=>\"Tamara Lane\""},"geometry":{"type":"Point","coordinates":[121.0130277,14.7196967]}},
{"type":"Feature","properties":{"osm_id":"9495793485","barrier":"gate","other_tags":"\"access\"=>\"yes\",\"barrier:personnel\"=>\"yes\",\"operator\"=>\"Tamara Lane\""},"geometry":{"type":"Point","coordinates":[121.0129332,14.7197648]}},
{"type":"Feature","properties":{"osm_id":"9495818276","name":"Majesty Driving School","other_tags":"\"amenity\"=>\"driving_school\""},"geometry":{"type":"Point","coordinates":[121.01518080000001,14.7202068]}},
{"type":"Feature","properties":{"osm_id":"9495818277","name":"Angel's Burger","other_tags":"\"amenity\"=>\"fast_food\""},"geometry":{"type":"Point","coordinates":[121.015077,14.7200666]}},
{"type":"Feature","properties":{"osm_id":"9495818278","name":"Ponggay Bakery","other_tags":"\"shop\"=>\"bakery\""},"geometry":{"type":"Point","coordinates":[121.015036400000014,14.7200574]}},
{"type":"Feature","properties":{"osm_id":"9495818279","name":"Grease Monkey Motorshop","other_tags":"\"parts\"=>\"yes\",\"shop\"=>\"motorcycle\""},"geometry":{"type":"Point","coordinates":[121.014986400000012,14.7200554]}},
{"type":"Feature","properties":{"osm_id":"9495818287","name":"Aero's & Aeron Store","other_tags":"\"shop\"=>\"convenience\""},"geometry":{"type":"Point","coordinates":[121.0147879,14.7198624]}},
{"type":"Feature","properties":{"osm_id":"9495818288","name":"Magallanes Store","other_tags":"\"shop\"=>\"convenience\""},"geometry":{"type":"Point","coordinates":[121.014705400000011,14.7199941]}},
{"type":"Feature","properties":{"osm_id":"9495818291","barrier":"gate","other_tags":"\"access\"=>\"private\""},"geometry":{"type":"Point","coordinates":[121.0147555,14.7200201]}},
{"type":"Feature","properties":{"osm_id":"9495818294","barrier":"gate","other_tags":"\"access\"=>\"private\""},"geometry":{"type":"Point","coordinates":[121.014408,14.7199476]}},
{"type":"Feature","properties":{"osm_id":"9495871207","name":"Eastwest Unibank","other_tags":"\"amenity\"=>\"bank\",\"atm\"=>\"yes\""},"geometry":{"type":"Point","coordinates":[121.0183941,14.7203092]}},
{"type":"Feature","properties":{"osm_id":"9495871208","name":"WL Manzanero Machine Shop","man_made":"works","other_tags":"\"addr:city\"=>\"Caloocan\",\"addr:street\"=>\"Silver Road\",\"craft\"=>\"machine_shop\""},"geometry":{"type":"Point","coordinates":[121.0182345,14.7207191]}},
{"type":"Feature","properties":{"osm_id":"9495871209","name":"Golden Jade Construction Supply","other_tags":"\"shop\"=>\"trade\",\"trade\"=>\"building_supplies\""},"geometry":{"type":"Point","coordinates":[121.0183176,14.7207217]}},
{"type":"Feature","properties":{"osm_id":"9495871210","name":"Silver Link School of Caloocan, Inc.","other_tags":"\"amenity\"=>\"school\""},"geometry":{"type":"Point","coordinates":[121.01823850000001,14.720402]}},
{"type":"Feature","properties":{"osm_id":"9495871211","name":"Philippine Business Bank","other_tags":"\"amenity\"=>\"bank\",\"atm\"=>\"yes\""},"geometry":{"type":"Point","coordinates":[121.0180816,14.7205823]}},
{"type":"Feature","properties":{"osm_id":"9495871212","name":"AUB","other_tags":"\"amenity\"=>\"bank\",\"atm\"=>\"yes\""},"geometry":{"type":"Point","coordinates":[121.0180025,14.7205803]}},
{"type":"Feature","properties":{"osm_id":"9495946117","barrier":"gate","other_tags":"\"access\"=>\"private\""},"geometry":{"type":"Point","coordinates":[121.0179327,14.7205968]}},
{"type":"Feature","properties":{"osm_id":"9495946123","name":"Chrisson Store","other_tags":"\"addr:city\"=>\"Quezon City\",\"addr:street\"=>\"General Luis Street\",\"mapillary\"=>\"955650285314659\",\"shop\"=>\"greengrocer\""},"geometry":{"type":"Point","coordinates":[121.017568,14.7204007]}},
{"type":"Feature","properties":{"osm_id":"9495946125","name":"Palawan Express","other_tags":"\"addr:city\"=>\"Quezon City\",\"addr:street\"=>\"General Luis Street\",\"amenity\"=>\"money_transfer\",\"mapillary\"=>\"955650285314659\",\"money_transfer\"=>\"palawan_express;western_union\""},"geometry":{"type":"Point","coordinates":[121.0175981,14.7204007]}},
{"type":"Feature","properties":{"osm_id":"9495946126","name":"Motoflex Hydraulic Hose","other_tags":"\"shop\"=>\"hardware\""},"geometry":{"type":"Point","coordinates":[121.017621600000012,14.720402]}},
{"type":"Feature","properties":{"osm_id":"9495946127","name":"MDGC Poultry Supply","other_tags":"\"addr:city\"=>\"Quezon City\",\"addr:street\"=>\"General Luis Street\",\"mapillary\"=>\"319299340339877\",\"shop\"=>\"trade\",\"trade\"=>\"agricultural_supplies\""},"geometry":{"type":"Point","coordinates":[121.017483500000012,14.720402]}},
{"type":"Feature","properties":{"osm_id":"9496025844","name":"Lampano Merchandising","other_tags":"\"shop\"=>\"trade\""},"geometry":{"type":"Point","coordinates":[121.019988700000013,14.7200057]}},
{"type":"Feature","properties":{"osm_id":"9496025847","name":"Don Benito's Cassava Cake & Pichi-pichi","other_tags":"\"addr:street\"=>\"General Luis Street\",\"amenity\"=>\"fast_food\",\"cuisine\"=>\"regional\",\"mapillary\"=>\"857249441827387\""},"geometry":{"type":"Point","coordinates":[121.0192336,14.7204072]}},
{"type":"Feature","properties":{"osm_id":"9496025848","name":"John Eduard Motorcycle Parts Supply","other_tags":"\"addr:street\"=>\"General Luis Street\",\"mapillary\"=>\"994636817796842\",\"parts\"=>\"yes\",\"shop\"=>\"motorcycle\""},"geometry":{"type":"Point","coordinates":[121.0191666,14.7204214]}},
{"type":"Feature","properties":{"osm_id":"9496025849","name":"JL & Shitake Eatery","other_tags":"\"amenity\"=>\"fast_food\""},"geometry":{"type":"Point","coordinates":[121.018952700000014,14.7203384]}},
{"type":"Feature","properties":{"osm_id":"9496025850","name":"Belmont Funeral Services","other_tags":"\"shop\"=>\"funeral_directors\""},"geometry":{"type":"Point","coordinates":[121.0186898,14.720295]}},
{"type":"Feature","properties":{"osm_id":"9496025856","barrier":"gate","other_tags":"\"access\"=>\"private\""},"geometry":{"type":"Point","coordinates":[121.018602,14.7205414]}},
{"type":"Feature","properties":{"osm_id":"9496086876","name":"Gio's Corner","other_tags":"\"shop\"=>\"convenience\""},"geometry":{"type":"Point","coordinates":[121.0228989,14.7194454]}},
{"type":"Feature","properties":{"osm_id":"9496086877","name":"Alfamart","other_tags":"\"shop\"=>\"convenience\""},"geometry":{"type":"Point","coordinates":[121.022773500000014,14.71928]}},
{"type":"Feature","properties":{"osm_id":"9496086878","name":"Andok's","other_tags":"\"amenity\"=>\"fast_food\",\"takeaway\"=>\"only\""},"geometry":{"type":"Point","coordinates":[121.0228734,14.7192975]}},
{"type":"Feature","properties":{"osm_id":"9496086879","name":"Haus Motors","other_tags":"\"parts\"=>\"yes\",\"shop\"=>\"motorcycle\""},"geometry":{"type":"Point","coordinates":[121.022948500000012,14.7192865]}},
{"type":"Feature","properties":{"osm_id":"9496086880","name":"7-Eleven","other_tags":"\"addr:city\"=>\"Quezon City\",\"addr:street\"=>\"General Luis Street\",\"brand\"=>\"7-Eleven\",\"brand:website\"=>\"https://7-eleven.com.ph\",\"brand:wikidata\"=>\"Q259340\",\"opening_hours\"=>\"24/7\",\"shop\"=>\"convenience\""},"geometry":{"type":"Point","coordinates":[121.0231114,14.7192521]}},
{"type":"Feature","properties":{"osm_id":"9496086881","name":"Visaya's Lechon","other_tags":"\"amenity\"=>\"fast_food\""},"geometry":{"type":"Point","coordinates":[121.023191200000014,14.719389]}},
{"type":"Feature","properties":{"osm_id":"9496086889","barrier":"gate","other_tags":"\"access\"=>\"private\""},"geometry":{"type":"Point","coordinates":[121.020393700000014,14.7199305]}},
{"type":"Feature","properties":{"osm_id":"9500943027","highway":"crossing","other_tags":"\"button_operated\"=>\"no\",\"crossing\"=>\"uncontrolled\",\"crossing:markings\"=>\"zebra\",\"kerb\"=>\"yes\",\"tactile_paving\"=>\"no\",\"wheelchair\"=>\"limited\""},"geometry":{"type":"Point","coordinates":[121.02904430000001,14.7209228]}},
{"type":"Feature","properties":{"osm_id":"9500943029","name":"Jay-Pee-R-K Auto Supply Co.","other_tags":"\"shop\"=>\"car_parts\""},"geometry":{"type":"Point","coordinates":[121.02871660000001,14.7206854]}},
{"type":"Feature","properties":{"osm_id":"9500943034","barrier":"gate","other_tags":"\"access\"=>\"private\""},"geometry":{"type":"Point","coordinates":[121.028657,14.7209332]}},
{"type":"Feature","properties":{"osm_id":"9500943036","barrier":"gate","other_tags":"\"access\"=>\"private\",\"mapillary\"=>\"241803354480816\""},"geometry":{"type":"Point","coordinates":[121.028130800000014,14.7206507]}},
{"type":"Feature","properties":{"osm_id":"9500943038","highway":"crossing","other_tags":"\"crossing\"=>\"uncontrolled\",\"crossing:markings\"=>\"no\""},"geometry":{"type":"Point","coordinates":[121.0280754,14.7205033]}},
{"type":"Feature","properties":{"osm_id":"9500943039","name":"MAC Cafe","other_tags":"\"amenity\"=>\"cafe\""},"geometry":{"type":"Point","coordinates":[121.027472,14.7200991]}},
{"type":"Feature","properties":{"osm_id":"9500943040","name":"Edna Bicycle Trading","other_tags":"\"addr:street\"=>\"General Luis Street\",\"mapillary\"=>\"825162368366288\",\"shop\"=>\"bicycle\""},"geometry":{"type":"Point","coordinates":[121.0274988,14.7202904]}},
{"type":"Feature","properties":{"osm_id":"9500943041","name":"Jarencio Trading","other_tags":"\"shop\"=>\"trade\""},"geometry":{"type":"Point","coordinates":[121.027816,14.7202924]}},
{"type":"Feature","properties":{"osm_id":"9500943042","name":"L&J Motor Parts","other_tags":"\"shop\"=>\"car_parts\""},"geometry":{"type":"Point","coordinates":[121.0278509,14.7203073]}},
{"type":"Feature","properties":{"osm_id":"9500961039","name":"New World Diagnostics","other_tags":"\"addr:floor\"=>\"1\",\"addr:street\"=>\"General Luis Street\",\"healthcare\"=>\"laboratory\",\"level\"=>\"0\",\"mapillary\"=>\"977791359795034\""},"geometry":{"type":"Point","coordinates":[121.0335895,14.7216592]}},
{"type":"Feature","properties":{"osm_id":"9500961040","name":"Saint Mariam Thresia School Inc.","other_tags":"\"addr2:street\"=>\"Luisito Street\",\"addr:street\"=>\"General Luis Street\",\"amenity\"=>\"school\""},"geometry":{"type":"Point","coordinates":[121.033228,14.7219332]}},
{"type":"Feature","properties":{"osm_id":"9500961041","name":"Josefinal Village","place":"neighbourhood"},"geometry":{"type":"Point","coordinates":[121.033316500000012,14.7226297]}},
{"type":"Feature","properties":{"osm_id":"9500961056","name":"Labada Avenue","other_tags":"\"shop\"=>\"laundry\""},"geometry":{"type":"Point","coordinates":[121.0318507,14.7215882]}},
{"type":"Feature","properties":{"osm_id":"9500961057","name":"General Luis Glass Aluminum & Iron Works","other_tags":"\"craft\"=>\"metal_construction\""},"geometry":{"type":"Point","coordinates":[121.0319003,14.721594]}},
{"type":"Feature","properties":{"osm_id":"9500961058","name":"Ocampo Dental Clinic","other_tags":"\"amenity\"=>\"dentist\""},"geometry":{"type":"Point","coordinates":[121.031939200000011,14.7215979]}},
{"type":"Feature","properties":{"osm_id":"9500961073","name":"General Luis Steel & Hardware Supply Inc.","other_tags":"\"shop\"=>\"trade\""},"geometry":{"type":"Point","coordinates":[121.0313304,14.7217335]}},
{"type":"Feature","properties":{"osm_id":"9500961074","name":"AJ3 Canteen","other_tags":"\"addr:street\"=>\"General Luis Street\",\"amenity\"=>\"fast_food\""},"geometry":{"type":"Point","coordinates":[121.0309619,14.7215859]}},
{"type":"Feature","properties":{"osm_id":"9500961075","name":"AJZ Paint Center","other_tags":"\"addr:street\"=>\"General Luis Street\",\"shop\"=>\"paint\""},"geometry":{"type":"Point","coordinates":[121.0309086,14.7215859]}},
{"type":"Feature","properties":{"osm_id":"9500961091","name":"Joy Eatery & Store","other_tags":"\"amenity\"=>\"fast_food\",\"shop\"=>\"convenience\""},"geometry":{"type":"Point","coordinates":[121.0305203,14.7214974]}},
{"type":"Feature","properties":{"osm_id":"9500961092","name":"MJ Power Tools Retailing","other_tags":"\"shop\"=>\"hardware\""},"geometry":{"type":"Point","coordinates":[121.0304828,14.7214896]}},
{"type":"Feature","properties":{"osm_id":"9500961094","barrier":"gate","other_tags":"\"access\"=>\"private\""},"geometry":{"type":"Point","coordinates":[121.0303884,14.7213109]}},
{"type":"Feature","properties":{"osm_id":"9500961096","name":"Jasp Truckparts Trading","other_tags":"\"parts\"=>\"yes\",\"shop\"=>\"truck\""},"geometry":{"type":"Point","coordinates":[121.0303923,14.7214662]}},
{"type":"Feature","properties":{"osm_id":"9727829065","barrier":"gate","other_tags":"\"access\"=>\"private\",\"barrier:personnel\"=>\"no\",\"gate:type\"=>\"double\""},"geometry":{"type":"Point","coordinates":[121.034381900000014,14.7148533]}},
{"type":"Feature","properties":{"osm_id":"9727932868","other_tags":"\"noexit\"=>\"yes\""},"geometry":{"type":"Point","coordinates":[121.031716300000014,14.7163613]}},
{"type":"Feature","properties":{"osm_id":"9727932869","barrier":"gate","other_tags":"\"access\"=>\"private\",\"barrier:personnel\"=>\"no\",\"gate:type\"=>\"double\",\"locked\"=>\"no\",\"mapillary\"=>\"730869508099255\",\"material\"=>\"metal\""},"geometry":{"type":"Point","coordinates":[121.0318064,14.716173]}},
{"type":"Feature","properties":{"osm_id":"9727932870","barrier":"gate","other_tags":"\"access\"=>\"yes\",\"access:conditional\"=>\"permissive @ Mo-Su 22:00-05:00\",\"gate:type\"=>\"double\",\"hgv\"=>\"no\",\"mapillary\"=>\"158819396533326\",\"opening_hours\"=>\"Mo-Su 05:00-22:00\",\"operator\"=>\"Northwind Subdivision\""},"geometry":{"type":"Point","coordinates":[121.0319101,14.7160646]}},
{"type":"Feature","properties":{"osm_id":"9727932873","barrier":"gate","other_tags":"\"access\"=>\"yes\",\"access:conditional\"=>\"permissive @ Mo-Su 22:00-05:00\",\"gate:type\"=>\"double\",\"opening_hours\"=>\"Mo-Su 05:00-22:00\""},"geometry":{"type":"Point","coordinates":[121.0314689,14.7134112]}},
{"type":"Feature","properties":{"osm_id":"9727932874","barrier":"gate","other_tags":"\"access\"=>\"destination\""},"geometry":{"type":"Point","coordinates":[121.0330765,14.7195947]}},
{"type":"Feature","properties":{"osm_id":"9727944548","barrier":"gate","other_tags":"\"access\"=>\"private\",\"barrier:personnel\"=>\"no\""},"geometry":{"type":"Point","coordinates":[121.0324815,14.7180574]}},
{"type":"Feature","properties":{"osm_id":"9727944549","barrier":"gate","other_tags":"\"access\"=>\"private\""},"geometry":{"type":"Point","coordinates":[121.032217800000012,14.7174675]}},
{"type":"Feature","properties":{"osm_id":"9727955802","barrier":"gate","other_tags":"\"access\"=>\"private\""},"geometry":{"type":"Point","coordinates":[121.0251595,14.7231656]}},
{"type":"Feature","properties":{"osm_id":"9727955803","barrier":"gate","other_tags":"\"access\"=>\"private\""},"geometry":{"type":"Point","coordinates":[121.025033400000012,14.7230469]}},
{"type":"Feature","properties":{"osm_id":"9732952613","barrier":"lift_gate","other_tags":"\"access\"=>\"private\",\"foot\"=>\"permissive\""},"geometry":{"type":"Point","coordinates":[121.0318351,14.7257096]}},
{"type":"Feature","properties":{"osm_id":"9732952614","barrier":"gate","other_tags":"\"access\"=>\"permissive\""},"geometry":{"type":"Point","coordinates":[121.033798,14.7243878]}},
{"type":"Feature","properties":{"osm_id":"9735532007","barrier":"gate","other_tags":"\"access\"=>\"private\""},"geometry":{"type":"Point","coordinates":[121.02422510000001,14.7193026]}},
{"type":"Feature","properties":{"osm_id":"9735583347","barrier":"gate","other_tags":"\"access\"=>\"private\""},"geometry":{"type":"Point","coordinates":[121.0236816,14.7110887]}},
{"type":"Feature","properties":{"osm_id":"9735862473","barrier":"gate","other_tags":"\"access\"=>\"private\""},"geometry":{"type":"Point","coordinates":[121.015897900000013,14.7141246]}},
{"type":"Feature","properties":{"osm_id":"9735862475","barrier":"gate","other_tags":"\"access\"=>\"private\""},"geometry":{"type":"Point","coordinates":[121.0158463,14.7128181]}},
{"type":"Feature","properties":{"osm_id":"9738192994","barrier":"swing_gate","other_tags":"\"access\"=>\"private\""},"geometry":{"type":"Point","coordinates":[121.029601500000012,14.7210487]}},
{"type":"Feature","properties":{"osm_id":"9890077649","other_tags":"\"traffic_calming\"=>\"bump\""},"geometry":{"type":"Point","coordinates":[121.02676670000001,14.7244178]}},
{"type":"Feature","properties":{"osm_id":"9890077650","other_tags":"\"traffic_calming\"=>\"bump\""},"geometry":{"type":"Point","coordinates":[121.026612500000013,14.7243128]}},
{"type":"Feature","properties":{"osm_id":"9890077651","other_tags":"\"traffic_calming\"=>\"bump\""},"geometry":{"type":"Point","coordinates":[121.0263799,14.7241545]}},
{"type":"Feature","properties":{"osm_id":"9890077652","other_tags":"\"traffic_calming\"=>\"bump\""},"geometry":{"type":"Point","coordinates":[121.026243900000011,14.7240619]}},
{"type":"Feature","properties":{"osm_id":"9890077653","other_tags":"\"traffic_calming\"=>\"bump\""},"geometry":{"type":"Point","coordinates":[121.0260805,14.7239507]}},
{"type":"Feature","properties":{"osm_id":"9890077654","other_tags":"\"traffic_calming\"=>\"bump\""},"geometry":{"type":"Point","coordinates":[121.0258665,14.723805]}},
{"type":"Feature","properties":{"osm_id":"9890077655","other_tags":"\"direction\"=>\"forward\",\"traffic_calming\"=>\"bump\""},"geometry":{"type":"Point","coordinates":[121.025684500000011,14.7236879]}},
{"type":"Feature","properties":{"osm_id":"9890077660","other_tags":"\"traffic_calming\"=>\"bump\""},"geometry":{"type":"Point","coordinates":[121.0254727,14.7233244]}},
{"type":"Feature","properties":{"osm_id":"9890077661","other_tags":"\"traffic_calming\"=>\"bump\""},"geometry":{"type":"Point","coordinates":[121.0252756,14.7231635]}},
{"type":"Feature","properties":{"osm_id":"9890077662","other_tags":"\"traffic_calming\"=>\"bump\""},"geometry":{"type":"Point","coordinates":[121.0251468,14.7230618]}},
{"type":"Feature","properties":{"osm_id":"9890077663","name":"7-Eleven","other_tags":"\"addr:city\"=>\"Quezon City\",\"addr:street\"=>\"Katipunan Avenue\",\"brand\"=>\"7-Eleven\",\"brand:wikidata\"=>\"Q259340\",\"shop\"=>\"convenience\""},"geometry":{"type":"Point","coordinates":[121.0254161,14.7256584]}},
{"type":"Feature","properties":{"osm_id":"9945910373","barrier":"gate","other_tags":"\"access\"=>\"private\",\"addr:city\"=>\"Quezon City\",\"addr:housenumber\"=>\"49\",\"addr:street\"=>\"General Luis Street\""},"geometry":{"type":"Point","coordinates":[121.0226478,14.7195758]}},
{"type":"Feature","properties":{"osm_id":"9963274440","barrier":"gate","other_tags":"\"access\"=>\"private\""},"geometry":{"type":"Point","coordinates":[121.03098390000001,14.7133642]}},
{"type":"Feature","properties":{"osm_id":"9963274445","barrier":"gate","other_tags":"\"access\"=>\"private\""},"geometry":{"type":"Point","coordinates":[121.0301905,14.7130882]}},
{"type":"Feature","properties":{"osm_id":"9963283766","barrier":"gate","other_tags":"\"access\"=>\"private\""},"geometry":{"type":"Point","coordinates":[121.029624500000011,14.7127341]}},
{"type":"Feature","properties":{"osm_id":"9970651250","other_tags":"\"amenity\"=>\"atm\",\"brand\"=>\"BDO\""},"geometry":{"type":"Point","coordinates":[121.0157498,14.7142615]}},
{"type":"Feature","properties":{"osm_id":"9984507987","other_tags":"\"noexit\"=>\"yes\""},"geometry":{"type":"Point","coordinates":[121.032572,14.7166336]}},
{"type":"Feature","properties":{"osm_id":"9991995943","other_tags":"\"noexit\"=>\"yes\""},"geometry":{"type":"Point","coordinates":[121.022062,14.7243198]}},
{"type":"Feature","properties":{"osm_id":"9992021897","barrier":"gate","other_tags":"\"access\"=>\"private\""},"geometry":{"type":"Point","coordinates":[121.01866,14.7276051]}},
{"type":"Feature","properties":{"osm_id":"9992351418","barrier":"gate","other_tags":"\"access\"=>\"private\""},"geometry":{"type":"Point","coordinates":[121.01706440000001,14.7223515]}},
{"type":"Feature","properties":{"osm_id":"10054316884","name":"Koneksiyon Famous Wings","other_tags":"\"amenity\"=>\"restaurant\""},"geometry":{"type":"Point","coordinates":[121.0211641,14.7104466]}},
{"type":"Feature","properties":{"osm_id":"10054316889","other_tags":"\"traffic_calming\"=>\"bump\""},"geometry":{"type":"Point","coordinates":[121.0210442,14.7106378]}},
{"type":"Feature","properties":{"osm_id":"10059875890","other_tags":"\"noexit\"=>\"yes\""},"geometry":{"type":"Point","coordinates":[121.02149150000001,14.7099627]}},
{"type":"Feature","properties":{"osm_id":"10096924172","other_tags":"\"noexit\"=>\"yes\""},"geometry":{"type":"Point","coordinates":[121.0257365,14.7199193]}},
{"type":"Feature","properties":{"osm_id":"10097193858","other_tags":"\"noexit\"=>\"yes\""},"geometry":{"type":"Point","coordinates":[121.022487500000011,14.7149461]}},
{"type":"Feature","properties":{"osm_id":"10097893931","barrier":"gate","other_tags":"\"access\"=>\"private\""},"geometry":{"type":"Point","coordinates":[121.0256535,14.7194869]}},
{"type":"Feature","properties":{"osm_id":"10097893932","barrier":"gate","other_tags":"\"access\"=>\"private\""},"geometry":{"type":"Point","coordinates":[121.025018800000012,14.7193609]}},
{"type":"Feature","properties":{"osm_id":"10100030905","barrier":"gate","other_tags":"\"access\"=>\"no\",\"gate:type\"=>\"sliding\""},"geometry":{"type":"Point","coordinates":[121.015772500000011,14.7132248]}},
{"type":"Feature","properties":{"osm_id":"10100030906","barrier":"gate","other_tags":"\"access\"=>\"permissive\",\"gate:type\"=>\"sliding\""},"geometry":{"type":"Point","coordinates":[121.0157171,14.7130225]}},
{"type":"Feature","properties":{"osm_id":"10107486244","barrier":"gate","other_tags":"\"access\"=>\"private\""},"geometry":{"type":"Point","coordinates":[121.0195307,14.716202]}},
{"type":"Feature","properties":{"osm_id":"10107496293","name":"Fernando Electrical & Motor Rewinding Service","man_made":"works","other_tags":"\"addr:city\"=>\"Quezon City\",\"addr:street\"=>\"General Luis Street\",\"craft\"=>\"motor_repair\",\"mapillary\"=>\"319299340339877\""},"geometry":{"type":"Point","coordinates":[121.0174553,14.7204004]}},
{"type":"Feature","properties":{"osm_id":"10107496295","barrier":"gate","other_tags":"\"access\"=>\"private\""},"geometry":{"type":"Point","coordinates":[121.0174137,14.7203508]}},
{"type":"Feature","properties":{"osm_id":"10107496297","barrier":"gate","other_tags":"\"access\"=>\"private\",\"mapillary\"=>\"1458197064614852\",\"source:name\"=>\"extrapolation\""},"geometry":{"type":"Point","coordinates":[121.017552,14.7203433]}},
{"type":"Feature","properties":{"osm_id":"10107497279","man_made":"tower","other_tags":"\"communication:mobile_phone\"=>\"yes\",\"location\"=>\"roof\",\"mapillary\"=>\"1082953415600237\",\"tower:type\"=>\"communication\""},"geometry":{"type":"Point","coordinates":[121.0193724,14.7206063]}},
{"type":"Feature","properties":{"osm_id":"10107515916","other_tags":"\"noexit\"=>\"yes\""},"geometry":{"type":"Point","coordinates":[121.021450500000014,14.7212872]}},
{"type":"Feature","properties":{"osm_id":"10107517578","name":"Kapre","is_in":"Nagkaisang Nayon;Quezon City","place":"city_block","other_tags":"\"admin_type:PH\"=>\"sitio\",\"is_in:city\"=>\"Quezon City\""},"geometry":{"type":"Point","coordinates":[121.0250258,14.7216971]}},
{"type":"Feature","properties":{"osm_id":"10107517584","other_tags":"\"access\"=>\"customers\",\"amenity\"=>\"parking\",\"mapillary\"=>\"562405725303188\""},"geometry":{"type":"Point","coordinates":[121.0225113,14.7195258]}},
{"type":"Feature","properties":{"osm_id":"10107578259","other_tags":"\"noexit\"=>\"yes\""},"geometry":{"type":"Point","coordinates":[121.0244257,14.7208132]}},
{"type":"Feature","properties":{"osm_id":"10107583784","other_tags":"\"leisure\"=>\"swimming_pool\""},"geometry":{"type":"Point","coordinates":[121.0282136,14.719398]}},
{"type":"Feature","properties":{"osm_id":"10107885266","other_tags":"\"noexit\"=>\"yes\""},"geometry":{"type":"Point","coordinates":[121.0294233,14.7230947]}},
{"type":"Feature","properties":{"osm_id":"10107973559","other_tags":"\"noexit\"=>\"yes\""},"geometry":{"type":"Point","coordinates":[121.0299276,14.7263776]}},
{"type":"Feature","properties":{"osm_id":"10107973560","other_tags":"\"noexit\"=>\"yes\""},"geometry":{"type":"Point","coordinates":[121.030240100000015,14.72629]}},
{"type":"Feature","properties":{"osm_id":"10108004034","barrier":"gate","other_tags":"\"access\"=>\"private\",\"mapillary\"=>\"398116735556377\""},"geometry":{"type":"Point","coordinates":[121.026039700000013,14.7251571]}},
{"type":"Feature","properties":{"osm_id":"10108004036","name":"Riren Marketing","other_tags":"\"addr:city\"=>\"Quezon City\",\"addr:street\"=>\"Damong Maliit Road\",\"mapillary\"=>\"968883733787079\",\"shop\"=>\"trade\",\"trade\"=>\"building_supplies\""},"geometry":{"type":"Point","coordinates":[121.0260867,14.7251272]}},
{"type":"Feature","properties":{"osm_id":"10110264776","other_tags":"\"addr:city\"=>\"Quezon City\",\"addr:housenumber\"=>\"73\",\"addr:quarter\"=>\"Nagkaisang Nayon\",\"addr:street\"=>\"Pasacola Road\",\"mapillary\"=>\"346321110794522\""},"geometry":{"type":"Point","coordinates":[121.032428700000011,14.7177047]}},
{"type":"Feature","properties":{"osm_id":"10110291190","barrier":"chain","other_tags":"\"access\"=>\"private\",\"mapillary\"=>\"511558410458304\""},"geometry":{"type":"Point","coordinates":[121.032434,14.7178667]}},
{"type":"Feature","properties":{"osm_id":"10110291191","barrier":"gate","other_tags":"\"access\"=>\"private\",\"mapillary\"=>\"511558410458304\""},"geometry":{"type":"Point","coordinates":[121.032394200000013,14.7178726]}},
{"type":"Feature","properties":{"osm_id":"10110291197","other_tags":"\"noexit\"=>\"yes\""},"geometry":{"type":"Point","coordinates":[121.0313297,14.7187125]}},
{"type":"Feature","properties":{"osm_id":"10110345467","other_tags":"\"addr:barangay\"=>\"Nagkaisang Nayon\",\"addr:city\"=>\"Quezon City\",\"addr:housenumber\"=>\"43\",\"addr:postcode\"=>\"1125\",\"addr:province\"=>\"Metro Manila\",\"addr:street\"=>\"Pasacola Road\",\"mapillary\"=>\"4963537833681366\""},"geometry":{"type":"Point","coordinates":[121.0329437,14.7194752]}},
{"type":"Feature","properties":{"osm_id":"10110345469","barrier":"gate","other_tags":"\"access\"=>\"private\",\"addr:barangay\"=>\"Nagkaisang Nayon\",\"addr:city\"=>\"Quezon City\",\"addr:housenumber\"=>\"39\",\"addr:postcode\"=>\"1125\",\"addr:province\"=>\"Metro Manila\",\"addr:street\"=>\"Pasacola Road\",\"mapillary\"=>\"1010797306506773\""},"geometry":{"type":"Point","coordinates":[121.032885400000012,14.7193637]}},
{"type":"Feature","properties":{"osm_id":"10110426695","barrier":"gate","other_tags":"\"access\"=>\"private\",\"mapillary\"=>\"557612265449173\""},"geometry":{"type":"Point","coordinates":[121.0304191,14.7130335]}},
{"type":"Feature","properties":{"osm_id":"10110426696","other_tags":"\"noexit\"=>\"yes\""},"geometry":{"type":"Point","coordinates":[121.0305928,14.7125616]}},
{"type":"Feature","properties":{"osm_id":"10110426698","other_tags":"\"noexit\"=>\"yes\""},"geometry":{"type":"Point","coordinates":[121.0307497,14.7126706]}},
{"type":"Feature","properties":{"osm_id":"10110426699","barrier":"gate","other_tags":"\"access\"=>\"private\",\"mapillary\"=>\"377094707377689\""},"geometry":{"type":"Point","coordinates":[121.030610900000013,14.7130902]}},
{"type":"Feature","properties":{"osm_id":"10110636016","name":"Symphony Technologies","man_made":"works","other_tags":"\"addr:city\"=>\"Quezon City\",\"addr:street\"=>\"Atlas Road\",\"product\"=>\"appliances\""},"geometry":{"type":"Point","coordinates":[121.0307041,14.7129222]}},
{"type":"Feature","properties":{"osm_id":"10110644019","barrier":"gate","other_tags":"\"access\"=>\"private\",\"addr:housenumber\"=>\"6\",\"addr:street\"=>\"Atlas Road\",\"mapillary\"=>\"1434008580368162\""},"geometry":{"type":"Point","coordinates":[121.03119190000001,14.7132776]}},
{"type":"Feature","properties":{"osm_id":"10210861434","barrier":"entrance"},"geometry":{"type":"Point","coordinates":[121.012564,14.712209]}},
{"type":"Feature","properties":{"osm_id":"10213031083","other_tags":"\"noexit\"=>\"yes\""},"geometry":{"type":"Point","coordinates":[121.019813,14.7183454]}},
{"type":"Feature","properties":{"osm_id":"10222928303","other_tags":"\"traffic_calming\"=>\"bump\""},"geometry":{"type":"Point","coordinates":[121.0228299,14.726284]}},
{"type":"Feature","properties":{"osm_id":"10222928304","other_tags":"\"traffic_calming\"=>\"bump\""},"geometry":{"type":"Point","coordinates":[121.022968100000014,14.7261763]}},
{"type":"Feature","properties":{"osm_id":"10222928305","other_tags":"\"traffic_calming\"=>\"bump\""},"geometry":{"type":"Point","coordinates":[121.0233541,14.7258647]}},
{"type":"Feature","properties":{"osm_id":"10222928306","other_tags":"\"traffic_calming\"=>\"bump\""},"geometry":{"type":"Point","coordinates":[121.023180900000014,14.7260105]}},
{"type":"Feature","properties":{"osm_id":"10233438317","other_tags":"\"amenity\"=>\"toilets\""},"geometry":{"type":"Point","coordinates":[121.027677200000014,14.7235733]}},
{"type":"Feature","properties":{"osm_id":"10233442117","other_tags":"\"amenity\"=>\"cafe\",\"internet_access\"=>\"wlan\",\"name:en\"=>\"Donya Masel Residence\""},"geometry":{"type":"Point","coordinates":[121.027719600000012,14.7235906]}},
{"type":"Feature","properties":{"osm_id":"10233444617","name":"Yoh's Mansion","other_tags":"\"amenity\"=>\"bar\",\"internet_access\"=>\"wlan\",\"opening_hours\"=>\"24/7\""},"geometry":{"type":"Point","coordinates":[121.02757050000001,14.7235229]}},
{"type":"Feature","properties":{"osm_id":"10233445117","other_tags":"\"amenity\"=>\"fast_food\",\"name:en\"=>\"Marco's Thin Hotdogs\",\"opening_hours\"=>\"Th-Fr 11:00-02:00; Sa-We 00:00-24:00\""},"geometry":{"type":"Point","coordinates":[121.0282011,14.7236933]}},
{"type":"Feature","properties":{"osm_id":"10233447317","other_tags":"\"amenity\"=>\"bar\",\"name:en\"=>\"Gigolo ng Nova\""},"geometry":{"type":"Point","coordinates":[121.0283734,14.7236459]}},
{"type":"Feature","properties":{"osm_id":"10264293383","name":"Banahaw Street","highway":"bus_stop","other_tags":"\"bus\"=>\"yes\",\"network\"=>\"QCityBus\",\"operator\"=>\"Lungsod Quezon\",\"public_transport\"=>\"platform\",\"route_ref\"=>\"QC4\""},"geometry":{"type":"Point","coordinates":[121.0284289,14.7206319]}},
{"type":"Feature","properties":{"osm_id":"10264293393","name":"Banahaw Street","highway":"bus_stop","other_tags":"\"bus\"=>\"yes\",\"network\"=>\"QCityBus\",\"operator\"=>\"Lungsod Quezon\",\"public_transport\"=>\"platform\",\"route_ref\"=>\"QC4\""},"geometry":{"type":"Point","coordinates":[121.02810980000001,14.7206057]}},
{"type":"Feature","properties":{"osm_id":"10264298610","name":"General Luis Street Terminal","highway":"bus_stop","other_tags":"\"bus\"=>\"yes\",\"network\"=>\"LTFRB National Capital Region\",\"network:short\"=>\"LTFRB NCR\",\"network:wikidata\"=>\"Q6483998\",\"operator\"=>\"Lungsod Quezon\",\"public_transport\"=>\"platform\",\"route_ref\"=>\"QC4\""},"geometry":{"type":"Point","coordinates":[121.0212195,14.7194822]}},
{"type":"Feature","properties":{"osm_id":"10285777978","name":"Diamond Road","highway":"bus_stop","other_tags":"\"bus\"=>\"yes\",\"network\"=>\"LTFRB National Capital Region\",\"network:short\"=>\"LTFRB NCR\",\"network:wikidata\"=>\"Q6483998\",\"public_transport\"=>\"platform\""},"geometry":{"type":"Point","coordinates":[121.016650700000014,14.7203656]}},
{"type":"Feature","properties":{"osm_id":"10285777984","name":"Diamond Road","highway":"bus_stop","other_tags":"\"bus\"=>\"yes\",\"network\"=>\"LTFRB National Capital Region\",\"network:short\"=>\"LTFRB NCR\",\"network:wikidata\"=>\"Q6483998\",\"public_transport\"=>\"platform\""},"geometry":{"type":"Point","coordinates":[121.0176633,14.7204306]}},
{"type":"Feature","properties":{"osm_id":"10857438761","ref":"R6 95T","other_tags":"\"height\"=>\"32\",\"operator\"=>\"Meralco\",\"operator:wikidata\"=>\"Q6817918\",\"power\"=>\"pole\""},"geometry":{"type":"Point","coordinates":[121.0148235,14.7098247]}},
{"type":"Feature","properties":{"osm_id":"10857511856","ref":"R5 29T","other_tags":"\"design\"=>\"flag\",\"height\"=>\"27.5\",\"material\"=>\"steel\",\"operator\"=>\"Meralco\",\"operator:wikidata\"=>\"Q6817918\",\"power\"=>\"pole\""},"geometry":{"type":"Point","coordinates":[121.000166,14.7142858]}},
{"type":"Feature","properties":{"osm_id":"10857511858","ref":"R5 66T","other_tags":"\"design\"=>\"flag\",\"height\"=>\"32\",\"material\"=>\"steel\",\"operator\"=>\"Meralco\",\"operator:wikidata\"=>\"Q6817918\",\"power\"=>\"pole\""},"geometry":{"type":"Point","coordinates":[120.9986233,14.7131652]}},
{"type":"Feature","properties":{"osm_id":"10857511865","ref":"R5 135T","other_tags":"\"design\"=>\"flag\",\"height\"=>\"27.5\",\"material\"=>\"steel\",\"operator\"=>\"Meralco\",\"operator:wikidata\"=>\"Q6817918\",\"power\"=>\"pole\""},"geometry":{"type":"Point","coordinates":[121.000847900000011,14.7147732]}},
{"type":"Feature","properties":{"osm_id":"10857511875","ref":"R5 133T","other_tags":"\"design\"=>\"flag\",\"height\"=>\"27.5\",\"material\"=>\"steel\",\"operator\"=>\"Meralco\",\"operator:wikidata\"=>\"Q6817918\",\"power\"=>\"pole\""},"geometry":{"type":"Point","coordinates":[120.9998218,14.7140389]}},
{"type":"Feature","properties":{"osm_id":"10857511879","ref":"R5 55T","other_tags":"\"design\"=>\"flag\",\"height\"=>\"27.5\",\"material\"=>\"steel\",\"operator\"=>\"Meralco\",\"operator:wikidata\"=>\"Q6817918\",\"power\"=>\"pole\""},"geometry":{"type":"Point","coordinates":[120.9990381,14.7134644]}},
{"type":"Feature","properties":{"osm_id":"10857511893","ref":"R5 134T","other_tags":"\"design\"=>\"flag\",\"height\"=>\"27.5\",\"material\"=>\"steel\",\"operator\"=>\"Meralco\",\"operator:wikidata\"=>\"Q6817918\",\"power\"=>\"pole\""},"geometry":{"type":"Point","coordinates":[121.0005437,14.7145692]}},
{"type":"Feature","properties":{"osm_id":"10857511895","ref":"R5 54T","other_tags":"\"design\"=>\"flag\",\"height\"=>\"27.5\",\"material\"=>\"steel\",\"operator\"=>\"Meralco\",\"operator:wikidata\"=>\"Q6817918\",\"power\"=>\"pole\""},"geometry":{"type":"Point","coordinates":[120.999294100000014,14.7136551]}},
{"type":"Feature","properties":{"osm_id":"10857511897","ref":"R5 130T","other_tags":"\"design\"=>\"flag\",\"height\"=>\"27.5\",\"material\"=>\"steel\",\"operator\"=>\"Meralco\",\"operator:wikidata\"=>\"Q6817918\",\"power\"=>\"pole\""},"geometry":{"type":"Point","coordinates":[120.9988868,14.7133467]}},
{"type":"Feature","properties":{"osm_id":"10857511898","ref":"R5 132T","other_tags":"\"design\"=>\"flag\",\"height\"=>\"27.5\",\"material\"=>\"steel\",\"operator\"=>\"Meralco\",\"operator:wikidata\"=>\"Q6817918\",\"power\"=>\"pole\""},"geometry":{"type":"Point","coordinates":[120.999563900000012,14.71385]}},
{"type":"Feature","properties":{"osm_id":"10857511904","ref":"R5 136T","other_tags":"\"design\"=>\"flag\",\"height\"=>\"27.5\",\"material\"=>\"steel\",\"operator\"=>\"Meralco\",\"operator:wikidata\"=>\"Q6817918\",\"power\"=>\"pole\""},"geometry":{"type":"Point","coordinates":[121.001161900000014,14.715]}},
{"type":"Feature","properties":{"osm_id":"10895335553","barrier":"gate","other_tags":"\"access\"=>\"private\",\"addr:barangay\"=>\"San Bartolome\",\"addr:city\"=>\"Quezon City\",\"addr:housenumber\"=>\"4-D\",\"addr:neighbourhood\"=>\"California Village\",\"addr:postcode\"=>\"1116\",\"addr:province\"=>\"Metro Manila\",\"addr:street\"=>\"Oregon Street\",\"addr:suburb\"=>\"Novaliches\""},"geometry":{"type":"Point","coordinates":[121.0249811,14.7098771]}},
{"type":"Feature","properties":{"osm_id":"10895335556","name":"Lagundino's Bike Shop","other_tags":"\"addr:barangay\"=>\"San Bartolome\",\"addr:city\"=>\"Quezon City\",\"addr:neighbourhood\"=>\"California Village\",\"addr:postcode\"=>\"1116\",\"addr:province\"=>\"Metro Manila\",\"addr:street\"=>\"Oregon Street\",\"addr:suburb\"=>\"Novaliches\",\"contact:facebook\"=>\"https://www.facebook.com/Lagundinosbikeshop\",\"contact:phone\"=>\"+639190036680;+639602721699;+639277618589\",\"service:bicycle:second_hand\"=>\"yes\",\"shop\"=>\"second_hand\",\"start_date\"=>\"2014\""},"geometry":{"type":"Point","coordinates":[121.0249208,14.7099666]}},
{"type":"Feature","properties":{"osm_id":"10895335557","other_tags":"\"noexit\"=>\"yes\""},"geometry":{"type":"Point","coordinates":[121.0250471,14.7096506]}},
{"type":"Feature","properties":{"osm_id":"10895346575","other_tags":"\"noexit\"=>\"yes\""},"geometry":{"type":"Point","coordinates":[121.0249584,14.7096476]}},
{"type":"Feature","properties":{"osm_id":"10895346581","name":"Pedalife15","other_tags":"\"addr:barangay\"=>\"San Bartolome\",\"addr:city\"=>\"Quezon City\",\"addr:housenumber\"=>\"4-D\",\"addr:neighbourhood\"=>\"California Village\",\"addr:postcode\"=>\"1116\",\"addr:province\"=>\"Metro Manila\",\"addr:street\"=>\"Oregon Street\",\"addr:suburb\"=>\"Novaliches\",\"contact:facebook\"=>\"https://www.facebook.com/profile.php?id=100063916776135\",\"service:bicycle:second_hand\"=>\"yes\",\"shop\"=>\"second_hand\",\"start_date\"=>\"2013\""},"geometry":{"type":"Point","coordinates":[121.0249038,14.7098049]}},
{"type":"Feature","properties":{"osm_id":"10956346268","barrier":"gate","other_tags":"\"access\"=>\"no\",\"foot\"=>\"yes\""},"geometry":{"type":"Point","coordinates":[121.0326974,14.7249093]}},
{"type":"Feature","properties":{"osm_id":"10968045104","barrier":"gate","other_tags":"\"access\"=>\"private\""},"geometry":{"type":"Point","coordinates":[121.029882300000011,14.7211241]}},
{"type":"Feature","properties":{"osm_id":"10968066209","barrier":"gate","other_tags":"\"access\"=>\"private\""},"geometry":{"type":"Point","coordinates":[121.028967,14.7208172]}},
{"type":"Feature","properties":{"osm_id":"11090947996","other_tags":"\"noexit\"=>\"yes\""},"geometry":{"type":"Point","coordinates":[121.0320812,14.7224913]}},
{"type":"Feature","properties":{"osm_id":"11451514226","other_tags":"\"addr:province\"=>\"Metro Manila\""},"geometry":{"type":"Point","coordinates":[121.0211891,14.7135536]}},
{"type":"Feature","properties":{"osm_id":"11451514227","other_tags":"\"addr:province\"=>\"Metro Manila\""},"geometry":{"type":"Point","coordinates":[121.021281300000012,14.7135599]}},
{"type":"Feature","properties":{"osm_id":"11451514228","other_tags":"\"addr:province\"=>\"Metro Manila\""},"geometry":{"type":"Point","coordinates":[121.021289900000014,14.71351]}},
{"type":"Feature","properties":{"osm_id":"11451514229","other_tags":"\"addr:province\"=>\"Metro Manila\""},"geometry":{"type":"Point","coordinates":[121.0211912,14.71351]}},
{"type":"Feature","properties":{"osm_id":"11504788292","other_tags":"\"noexit\"=>\"yes\""},"geometry":{"type":"Point","coordinates":[121.0179233,14.7254317]}},
{"type":"Feature","properties":{"osm_id":"11504788293","other_tags":"\"noexit\"=>\"yes\""},"geometry":{"type":"Point","coordinates":[121.0176905,14.7245679]}},
{"type":"Feature","properties":{"osm_id":"11504805887","other_tags":"\"noexit\"=>\"yes\""},"geometry":{"type":"Point","coordinates":[121.0219842,14.7240954]}},
{"type":"Feature","properties":{"osm_id":"11504805889","other_tags":"\"noexit\"=>\"yes\""},"geometry":{"type":"Point","coordinates":[121.0216476,14.7238879]}},
{"type":"Feature","properties":{"osm_id":"11505242362","man_made":"surveillance","other_tags":"\"operator\"=>\"Tamara Lane\",\"surveillance:type\"=>\"guard\""},"geometry":{"type":"Point","coordinates":[121.012987400000014,14.7197185]}},
{"type":"Feature","properties":{"osm_id":"11505279807","other_tags":"\"noexit\"=>\"yes\""},"geometry":{"type":"Point","coordinates":[121.0125454,14.7155818]}},
{"type":"Feature","properties":{"osm_id":"11505279808","other_tags":"\"noexit\"=>\"yes\""},"geometry":{"type":"Point","coordinates":[121.0132959,14.7157935]}},
{"type":"Feature","properties":{"osm_id":"11505279809","man_made":"surveillance","other_tags":"\"surveillance:type\"=>\"guard\""},"geometry":{"type":"Point","coordinates":[121.0139177,14.7194724]}},
{"type":"Feature","properties":{"osm_id":"11505279811","other_tags":"\"noexit\"=>\"yes\""},"geometry":{"type":"Point","coordinates":[121.0130484,14.7190217]}},
{"type":"Feature","properties":{"osm_id":"11505279814","other_tags":"\"noexit\"=>\"yes\""},"geometry":{"type":"Point","coordinates":[121.01302410000001,14.7185717]}},
{"type":"Feature","properties":{"osm_id":"11505279815","other_tags":"\"noexit\"=>\"yes\""},"geometry":{"type":"Point","coordinates":[121.0127407,14.7183173]}},
{"type":"Feature","properties":{"osm_id":"11505280240","other_tags":"\"noexit\"=>\"yes\""},"geometry":{"type":"Point","coordinates":[121.0154804,14.7225464]}},
{"type":"Feature","properties":{"osm_id":"11508043690","other_tags":"\"noexit\"=>\"yes\""},"geometry":{"type":"Point","coordinates":[121.014081100000013,14.7131492]}},
{"type":"Feature","properties":{"osm_id":"11542527614","other_tags":"\"traffic_calming\"=>\"bump\""},"geometry":{"type":"Point","coordinates":[121.027565200000012,14.7264152]}},
{"type":"Feature","properties":{"osm_id":"11542527628","other_tags":"\"traffic_calming\"=>\"bump\""},"geometry":{"type":"Point","coordinates":[121.026712300000014,14.7261441]}},
{"type":"Feature","properties":{"osm_id":"11542527634","other_tags":"\"traffic_calming\"=>\"bump\""},"geometry":{"type":"Point","coordinates":[121.028365900000011,14.7248146]}},
{"type":"Feature","properties":{"osm_id":"11542537754"},"geometry":{"type":"Point","coordinates":[121.0255101,14.7238547]}},
{"type":"Feature","properties":{"osm_id":"11563422020","barrier":"bollard"},"geometry":{"type":"Point","coordinates":[121.0328584,14.7251624]}},
{"type":"Feature","properties":{"osm_id":"11565846379","other_tags":"\"noexit\"=>\"yes\""},"geometry":{"type":"Point","coordinates":[121.0304153,14.7225518]}},
{"type":"Feature","properties":{"osm_id":"11565900358","barrier":"gate","other_tags":"\"access\"=>\"private\""},"geometry":{"type":"Point","coordinates":[121.033960900000011,14.7188434]}},
{"type":"Feature","properties":{"osm_id":"11565900359","barrier":"gate","other_tags":"\"access\"=>\"private\""},"geometry":{"type":"Point","coordinates":[121.0339303,14.7188647]}},
{"type":"Feature","properties":{"osm_id":"11565900360","barrier":"gate","other_tags":"\"access\"=>\"private\""},"geometry":{"type":"Point","coordinates":[121.0338195,14.7189457]}},
{"type":"Feature","properties":{"osm_id":"11565900363","other_tags":"\"noexit\"=>\"yes\""},"geometry":{"type":"Point","coordinates":[121.03393530000001,14.7188085]}},
{"type":"Feature","properties":{"osm_id":"11565900365","other_tags":"\"noexit\"=>\"yes\""},"geometry":{"type":"Point","coordinates":[121.033904600000014,14.7188296]}},
{"type":"Feature","properties":{"osm_id":"11565900367","other_tags":"\"noexit\"=>\"yes\""},"geometry":{"type":"Point","coordinates":[121.0337913,14.7189072]}},
{"type":"Feature","properties":{"osm_id":"11565900368","barrier":"gate","other_tags":"\"access\"=>\"permissive\""},"geometry":{"type":"Point","coordinates":[121.034139900000014,14.7187152]}},
{"type":"Feature","properties":{"osm_id":"11576158268","other_tags":"\"noexit\"=>\"yes\""},"geometry":{"type":"Point","coordinates":[121.0222504,14.7205356]}},
{"type":"Feature","properties":{"osm_id":"11593162394","barrier":"gate","other_tags":"\"access\"=>\"private\""},"geometry":{"type":"Point","coordinates":[121.0210079,14.7121888]}},
{"type":"Feature","properties":{"osm_id":"11593233172","other_tags":"\"noexit\"=>\"yes\""},"geometry":{"type":"Point","coordinates":[121.0220553,14.710193]}},
{"type":"Feature","properties":{"osm_id":"11593233178","barrier":"gate","other_tags":"\"access\"=>\"private\""},"geometry":{"type":"Point","coordinates":[121.0221592,14.7097637]}},
{"type":"Feature","properties":{"osm_id":"11593234568","other_tags":"\"noexit\"=>\"yes\""},"geometry":{"type":"Point","coordinates":[121.026778600000014,14.7097775]}},
{"type":"Feature","properties":{"osm_id":"11593387191","barrier":"gate","other_tags":"\"access\"=>\"private\""},"geometry":{"type":"Point","coordinates":[121.025444400000012,14.71058]}},
{"type":"Feature","properties":{"osm_id":"11593387193","barrier":"gate","other_tags":"\"access\"=>\"private\""},"geometry":{"type":"Point","coordinates":[121.025302200000013,14.7100223]}},
{"type":"Feature","properties":{"osm_id":"11593387194","other_tags":"\"noexit\"=>\"yes\""},"geometry":{"type":"Point","coordinates":[121.0253801,14.7102381]}},
{"type":"Feature","properties":{"osm_id":"11593387199","barrier":"gate","other_tags":"\"access\"=>\"private\""},"geometry":{"type":"Point","coordinates":[121.0251855,14.7100474]}},
{"type":"Feature","properties":{"osm_id":"11593387200","other_tags":"\"noexit\"=>\"yes\""},"geometry":{"type":"Point","coordinates":[121.0251982,14.7100922]}},
{"type":"Feature","properties":{"osm_id":"11593387201","barrier":"gate","other_tags":"\"access\"=>\"private\""},"geometry":{"type":"Point","coordinates":[121.0249876,14.7100616]}},
{"type":"Feature","properties":{"osm_id":"11593387202","other_tags":"\"noexit\"=>\"yes\""},"geometry":{"type":"Point","coordinates":[121.0249921,14.710351]}},
{"type":"Feature","properties":{"osm_id":"11593387203","barrier":"gate","other_tags":"\"access\"=>\"private\""},"geometry":{"type":"Point","coordinates":[121.0250744,14.7098674]}},
{"type":"Feature","properties":{"osm_id":"11593390024","other_tags":"\"noexit\"=>\"yes\""},"geometry":{"type":"Point","coordinates":[121.0260911,14.7091576]}},
{"type":"Feature","properties":{"osm_id":"11593395370","barrier":"gate","other_tags":"\"access\"=>\"private\""},"geometry":{"type":"Point","coordinates":[121.0262404,14.7097446]}},
{"type":"Feature","properties":{"osm_id":"11600255969","name":"KimKen Wek 1","other_tags":"\"shop\"=>\"variety_store\""},"geometry":{"type":"Point","coordinates":[121.026199100000014,14.719692]}},
{"type":"Feature","properties":{"osm_id":"11600708369","name":"Ining Store Week 1","other_tags":"\"shop\"=>\"convenience\""},"geometry":{"type":"Point","coordinates":[121.020228300000014,14.7213955]}},
{"type":"Feature","properties":{"osm_id":"11600708370","name":"Irene Store Week 1","other_tags":"\"shop\"=>\"convenience\""},"geometry":{"type":"Point","coordinates":[121.0202081,14.7215485]}},
{"type":"Feature","properties":{"osm_id":"11600708469","name":"Macaria Store Week 1","other_tags":"\"shop\"=>\"convenience\""},"geometry":{"type":"Point","coordinates":[121.020206300000012,14.7219027]}},
{"type":"Feature","properties":{"osm_id":"11600794369","name":"Edliz-Anna Liza Tolentino Week 1","other_tags":"\"shop\"=>\"convenience\""},"geometry":{"type":"Point","coordinates":[121.02125190000001,14.7227973]}},
{"type":"Feature","properties":{"osm_id":"11600794370","name":"Maysha Store Week 1","other_tags":"\"shop\"=>\"convenience\""},"geometry":{"type":"Point","coordinates":[121.0189273,14.7204488]}},
{"type":"Feature","properties":{"osm_id":"11600794371","name":"Eddie Store Week 1","other_tags":"\"shop\"=>\"convenience\""},"geometry":{"type":"Point","coordinates":[121.021844500000014,14.7195783]}},
{"type":"Feature","properties":{"osm_id":"11600794469","name":"F&M Store Week 1","other_tags":"\"shop\"=>\"convenience\""},"geometry":{"type":"Point","coordinates":[121.0188619,14.7204678]}},
{"type":"Feature","properties":{"osm_id":"11600890769","name":"Laisa San Diego Week 1","other_tags":"\"shop\"=>\"convenience\""},"geometry":{"type":"Point","coordinates":[121.0222767,14.7194469]}},
{"type":"Feature","properties":{"osm_id":"11600890869","name":"JoAnne Store Week 1","other_tags":"\"shop\"=>\"convenience\""},"geometry":{"type":"Point","coordinates":[121.0228148,14.7193351]}},
{"type":"Feature","properties":{"osm_id":"11600890870","name":"Rainde Store","other_tags":"\"shop\"=>\"convenience\""},"geometry":{"type":"Point","coordinates":[121.023732,14.7209157]}},
{"type":"Feature","properties":{"osm_id":"11600890969","name":"Leticia Sevilla Week 1","other_tags":"\"shop\"=>\"convenience\""},"geometry":{"type":"Point","coordinates":[121.0231126,14.7193996]}},
{"type":"Feature","properties":{"osm_id":"11600895370","name":"CheChe Store","other_tags":"\"shop\"=>\"convenience\""},"geometry":{"type":"Point","coordinates":[121.0238654,14.721298]}},
{"type":"Feature","properties":{"osm_id":"11600895371","name":"Rey Pinda Store Week 1","other_tags":"\"shop\"=>\"convenience\""},"geometry":{"type":"Point","coordinates":[121.023918200000011,14.7214299]}},
{"type":"Feature","properties":{"osm_id":"11601086869","name":"Dren Repizo","other_tags":"\"shop\"=>\"convenience\""},"geometry":{"type":"Point","coordinates":[121.0243317,14.7224315]}},
{"type":"Feature","properties":{"osm_id":"11601086870","name":"Julie Gozar","other_tags":"\"shop\"=>\"convenience\""},"geometry":{"type":"Point","coordinates":[121.0244597,14.7216762]}},
{"type":"Feature","properties":{"osm_id":"11601086969","name":"Joseph Bien","other_tags":"\"shop\"=>\"convenience\""},"geometry":{"type":"Point","coordinates":[121.0244382,14.721513]}},
{"type":"Feature","properties":{"osm_id":"11601087069","name":"Kuya Ding Store","other_tags":"\"shop\"=>\"convenience\""},"geometry":{"type":"Point","coordinates":[121.0257011,14.7227792]}},
{"type":"Feature","properties":{"osm_id":"11747438069","other_tags":"\"addr:housenumber\"=>\"#2\",\"addr:postcode\"=>\"1117\",\"addr:street\"=>\"Waling-waling Street\""},"geometry":{"type":"Point","coordinates":[121.0284694,14.7173299]}},
{"type":"Feature","properties":{"osm_id":"11962612135","man_made":"survey_point","other_tags":"\"description\"=>\"proposed_Drainage_Canal_Solar_Pump_over_Dike\""},"geometry":{"type":"Point","coordinates":[121.030929,14.7116446]}},
{"type":"Feature","properties":{"osm_id":"11962616896","other_tags":"\"description\"=>\"PNP_Police_Outpost\",\"office\"=>\"security\""},"geometry":{"type":"Point","coordinates":[121.031927700000011,14.7119184]}},
{"type":"Feature","properties":{"osm_id":"11962625812","man_made":"surveillance","other_tags":"\"surveillance\"=>\"northwind\",\"surveillance:type\"=>\"camera\""},"geometry":{"type":"Point","coordinates":[121.031478,14.7134111]}},
{"type":"Feature","properties":{"osm_id":"11965047074","other_tags":"\"natural\"=>\"tree\""},"geometry":{"type":"Point","coordinates":[121.031116,14.7116782]}},
{"type":"Feature","properties":{"osm_id":"12062654445","barrier":"gate","other_tags":"\"access\"=>\"private\""},"geometry":{"type":"Point","coordinates":[121.0291176,14.7208767]}},
{"type":"Feature","properties":{"osm_id":"12062675602","other_tags":"\"advertising\"=>\"totem\",\"brand\"=>\"Flying V\",\"brand:wikidata\"=>\"Q62275048\""},"geometry":{"type":"Point","coordinates":[121.0316013,14.721751]}},
{"type":"Feature","properties":{"osm_id":"12062686824","other_tags":"\"addr:street\"=>\"General Luis Street\",\"amenity\"=>\"doctors\",\"healthcare:speciality\"=>\"paediatrics\",\"mapillary\"=>\"977791359795034\""},"geometry":{"type":"Point","coordinates":[121.0336414,14.7216595]}},
{"type":"Feature","properties":{"osm_id":"12062686825","name":"Unibatlube Trading","other_tags":"\"addr:street\"=>\"General Luis Street\",\"car_parts\"=>\"battery\",\"mapillary\"=>\"992025778150699\",\"shop\"=>\"car_parts\""},"geometry":{"type":"Point","coordinates":[121.0323811,14.7216718]}},
{"type":"Feature","properties":{"osm_id":"12062686827","barrier":"gate","other_tags":"\"access\"=>\"private\",\"mapillary\"=>\"952094025462009\""},"geometry":{"type":"Point","coordinates":[121.0325246,14.7215642]}},
{"type":"Feature","properties":{"osm_id":"12062823691","other_tags":"\"hoops\"=>\"1\",\"leisure\"=>\"pitch\",\"mapillary\"=>\"8122787351065272\",\"sport\"=>\"basketball\""},"geometry":{"type":"Point","coordinates":[121.0292302,14.7177708]}},
{"type":"Feature","properties":{"osm_id":"12062823697","other_tags":"\"hoops\"=>\"1\",\"leisure\"=>\"pitch\",\"sport\"=>\"basketball\""},"geometry":{"type":"Point","coordinates":[121.030156600000012,14.7166884]}},
{"type":"Feature","properties":{"osm_id":"12072127940","highway":"crossing"},"geometry":{"type":"Point","coordinates":[121.00593090000001,14.7190576]}},
{"type":"Feature","properties":{"osm_id":"12072127945","highway":"crossing","other_tags":"\"crossing\"=>\"uncontrolled\",\"crossing:markings\"=>\"zebra\""},"geometry":{"type":"Point","coordinates":[121.0073732,14.7191677]}},
{"type":"Feature","properties":{"osm_id":"12072258400","other_tags":"\"noexit\"=>\"yes\""},"geometry":{"type":"Point","coordinates":[121.0159316,14.7160804]}},
{"type":"Feature","properties":{"osm_id":"12072258402","barrier":"gate","other_tags":"\"access\"=>\"private\""},"geometry":{"type":"Point","coordinates":[121.0154911,14.7161019]}},
{"type":"Feature","properties":{"osm_id":"12072258410","barrier":"gate","other_tags":"\"access\"=>\"private\""},"geometry":{"type":"Point","coordinates":[121.0146912,14.7198164]}},
{"type":"Feature","properties":{"osm_id":"12072258414","barrier":"gate","other_tags":"\"access\"=>\"private\""},"geometry":{"type":"Point","coordinates":[121.014497,14.7197712]}},
{"type":"Feature","properties":{"osm_id":"12072305646","barrier":"gate","other_tags":"\"access\"=>\"private\""},"geometry":{"type":"Point","coordinates":[121.01480140000001,14.7142776]}},
{"type":"Feature","properties":{"osm_id":"12072325334","highway":"crossing","other_tags":"\"crossing\"=>\"uncontrolled\",\"crossing:markings\"=>\"zebra\""},"geometry":{"type":"Point","coordinates":[121.0142706,14.7197693]}},
{"type":"Feature","properties":{"osm_id":"12072325338","barrier":"gate","other_tags":"\"access\"=>\"private\""},"geometry":{"type":"Point","coordinates":[121.012294,14.7196032]}},
{"type":"Feature","properties":{"osm_id":"12072372029","barrier":"jersey_barrier","other_tags":"\"access\"=>\"yes\""},"geometry":{"type":"Point","coordinates":[121.0122723,14.7194934]}},
{"type":"Feature","properties":{"osm_id":"12072393936","barrier":"gate","other_tags":"\"access\"=>\"private\""},"geometry":{"type":"Point","coordinates":[121.0176873,14.7205194]}},
{"type":"Feature","properties":{"osm_id":"12072485610","barrier":"gate","other_tags":"\"access\"=>\"private\""},"geometry":{"type":"Point","coordinates":[121.023136400000013,14.7192138]}},
{"type":"Feature","properties":{"osm_id":"12072485620","barrier":"gate","other_tags":"\"access\"=>\"private\""},"geometry":{"type":"Point","coordinates":[121.0194952,14.7203693]}},
{"type":"Feature","properties":{"osm_id":"12072493513","barrier":"gate","other_tags":"\"access\"=>\"destination\""},"geometry":{"type":"Point","coordinates":[121.028120300000012,14.7187792]}},
{"type":"Feature","properties":{"osm_id":"12072493514","barrier":"gate","other_tags":"\"access\"=>\"destination\""},"geometry":{"type":"Point","coordinates":[121.028351500000014,14.719974]}},
{"type":"Feature","properties":{"osm_id":"12072493517","barrier":"gate","other_tags":"\"access\"=>\"private\",\"gate:type\"=>\"sliding_gate\""},"geometry":{"type":"Point","coordinates":[121.0267567,14.7198877]}},
{"type":"Feature","properties":{"osm_id":"12072493520","barrier":"gate","other_tags":"\"access\"=>\"private\""},"geometry":{"type":"Point","coordinates":[121.0239308,14.719287]}},
{"type":"Feature","properties":{"osm_id":"12073868026","barrier":"gate","other_tags":"\"access\"=>\"permissive\""},"geometry":{"type":"Point","coordinates":[121.0183534,14.710415]}},
{"type":"Feature","properties":{"osm_id":"12073868027","barrier":"gate","other_tags":"\"access\"=>\"private\""},"geometry":{"type":"Point","coordinates":[121.0183181,14.7107864]}},
{"type":"Feature","properties":{"osm_id":"12073926683","barrier":"gate","other_tags":"\"access\"=>\"private\""},"geometry":{"type":"Point","coordinates":[121.0229453,14.7115555]}},
{"type":"Feature","properties":{"osm_id":"12073926684","barrier":"gate","other_tags":"\"access\"=>\"private\""},"geometry":{"type":"Point","coordinates":[121.02157480000001,14.7117806]}},
{"type":"Feature","properties":{"osm_id":"12073933905","barrier":"lift_gate","other_tags":"\"access\"=>\"permissive\""},"geometry":{"type":"Point","coordinates":[121.0245886,14.7145677]}},
{"type":"Feature","properties":{"osm_id":"12073933906","barrier":"gate","other_tags":"\"access\"=>\"private\",\"barrier:personnel\"=>\"yes\""},"geometry":{"type":"Point","coordinates":[121.024590100000012,14.7145647]}},
{"type":"Feature","properties":{"osm_id":"12073933907","other_tags":"\"traffic_calming\"=>\"bump\""},"geometry":{"type":"Point","coordinates":[121.024476,14.7146492]}},
{"type":"Feature","properties":{"osm_id":"12073933912","other_tags":"\"traffic_calming\"=>\"bump\""},"geometry":{"type":"Point","coordinates":[121.0246065,14.7144105]}},
{"type":"Feature","properties":{"osm_id":"12073941283","barrier":"gate","other_tags":"\"access\"=>\"destination\""},"geometry":{"type":"Point","coordinates":[121.02718680000001,14.7119479]}},
{"type":"Feature","properties":{"osm_id":"12073961608","other_tags":"\"traffic_calming\"=>\"bump\""},"geometry":{"type":"Point","coordinates":[121.0228618,14.7141137]}},
{"type":"Feature","properties":{"osm_id":"12073961613","other_tags":"\"noexit\"=>\"yes\""},"geometry":{"type":"Point","coordinates":[121.0230561,14.7151088]}},
{"type":"Feature","properties":{"osm_id":"12073961806","barrier":"gate","other_tags":"\"access\"=>\"private\""},"geometry":{"type":"Point","coordinates":[121.0201894,14.7159757]}},
{"type":"Feature","properties":{"osm_id":"12073961807","barrier":"lift_gate","other_tags":"\"access\"=>\"private\""},"geometry":{"type":"Point","coordinates":[121.0201882,14.7160095]}},
{"type":"Feature","properties":{"osm_id":"12073961808","barrier":"gate","other_tags":"\"access\"=>\"private\""},"geometry":{"type":"Point","coordinates":[121.0196156,14.7161555]}},
{"type":"Feature","properties":{"osm_id":"12073961809","barrier":"lift_gate","other_tags":"\"access\"=>\"private\""},"geometry":{"type":"Point","coordinates":[121.0196135,14.7161192]}},
{"type":"Feature","properties":{"osm_id":"12073961813","barrier":"gate","other_tags":"\"access\"=>\"permissive\""},"geometry":{"type":"Point","coordinates":[121.0179602,14.7165101]}},
{"type":"Feature","properties":{"osm_id":"12074051749","barrier":"gate","other_tags":"\"access\"=>\"private\""},"geometry":{"type":"Point","coordinates":[121.0155933,14.7125836]}},
{"type":"Feature","properties":{"osm_id":"12074180821","highway":"turning_circle"},"geometry":{"type":"Point","coordinates":[121.02146230000001,14.7143458]}},
{"type":"Feature","properties":{"osm_id":"12074180823","barrier":"lift_gate","other_tags":"\"access\"=>\"private\""},"geometry":{"type":"Point","coordinates":[121.021105600000013,14.7163658]}},
{"type":"Feature","properties":{"osm_id":"12075676226","barrier":"gate","other_tags":"\"access\"=>\"private\""},"geometry":{"type":"Point","coordinates":[121.0223797,14.7110428]}},
{"type":"Feature","properties":{"osm_id":"12080199530","highway":"crossing","other_tags":"\"button_operated\"=>\"no\",\"crossing\"=>\"uncontrolled\",\"kerb\"=>\"lowered\",\"tactile_paving\"=>\"no\",\"wheelchair\"=>\"limited\""},"geometry":{"type":"Point","coordinates":[121.034527,14.7218441]}},
{"type":"Feature","properties":{"osm_id":"12105505578","barrier":"gate","other_tags":"\"access\"=>\"private\""},"geometry":{"type":"Point","coordinates":[121.0155799,14.7169689]}},
{"type":"Feature","properties":{"osm_id":"12203537260","name":"DELA CRUZ, JUAN CASTRO","other_tags":"\"addr:city\"=>\"Novaliches\",\"addr:district\"=>\"5\",\"addr:housename\"=>\"1125\",\"addr:housenumber\"=>\"San Ildenfonso, Quezon City, Metro Manila\",\"addr:neighbourhood\"=>\"Nagkaisang Nayon\",\"addr:street\"=>\"San Ildefonso Street\",\"description\"=>\"Convenor\""},"geometry":{"type":"Point","coordinates":[121.019809400000014,14.7193687]}},
{"type":"Feature","properties":{"osm_id":"12284884126","other_tags":"\"traffic_calming\"=>\"bump\""},"geometry":{"type":"Point","coordinates":[121.027975200000014,14.7260297]}},
{"type":"Feature","properties":{"osm_id":"12284884127","other_tags":"\"traffic_calming\"=>\"bump\""},"geometry":{"type":"Point","coordinates":[121.0277339,14.7262843]}},
{"type":"Feature","properties":{"osm_id":"12284884128","other_tags":"\"traffic_calming\"=>\"bump\""},"geometry":{"type":"Point","coordinates":[121.0276556,14.726345]}},
{"type":"Feature","properties":{"osm_id":"12287561080","other_tags":"\"traffic_calming\"=>\"bump\""},"geometry":{"type":"Point","coordinates":[121.030815100000012,14.7089279]}},
{"type":"Feature","properties":{"osm_id":"12287561081","other_tags":"\"traffic_calming\"=>\"bump\""},"geometry":{"type":"Point","coordinates":[121.031201700000011,14.7085218]}},
{"type":"Feature","properties":{"osm_id":"12287607127","other_tags":"\"traffic_calming\"=>\"bump\""},"geometry":{"type":"Point","coordinates":[121.0297881,14.7274869]}},
{"type":"Feature","properties":{"osm_id":"12320238701","other_tags":"\"amenity\"=>\"atm\""},"geometry":{"type":"Point","coordinates":[121.023134,14.7111732]}},
{"type":"Feature","properties":{"osm_id":"12320240001","name":"anabelstore","other_tags":"\"shop\"=>\"bakery\""},"geometry":{"type":"Point","coordinates":[121.0227688,14.71121]}},
{"type":"Feature","properties":{"osm_id":"12320243301","name":"Anna's store","other_tags":"\"shop\"=>\"bakery\""},"geometry":{"type":"Point","coordinates":[121.02257010000001,14.7114161]}},
{"type":"Feature","properties":{"osm_id":"12320243302","name":"ema store","other_tags":"\"shop\"=>\"bakery\""},"geometry":{"type":"Point","coordinates":[121.0232808,14.7115062]}},
{"type":"Feature","properties":{"osm_id":"12320245301","name":"China store","other_tags":"\"shop\"=>\"bakery\""},"geometry":{"type":"Point","coordinates":[121.0230087,14.711393]}},
{"type":"Feature","properties":{"osm_id":"12373491710","other_tags":"\"traffic_calming\"=>\"bump\""},"geometry":{"type":"Point","coordinates":[121.027188400000014,14.720618]}},
{"type":"Feature","properties":{"osm_id":"12378236329","other_tags":"\"traffic_calming\"=>\"bump\""},"geometry":{"type":"Point","coordinates":[121.0283548,14.7200902]}},
{"type":"Feature","properties":{"osm_id":"12378700845","other_tags":"\"traffic_calming\"=>\"bump\""},"geometry":{"type":"Point","coordinates":[121.0239217,14.7148401]}},
{"type":"Feature","properties":{"osm_id":"12381788671","other_tags":"\"traffic_calming\"=>\"bump\""},"geometry":{"type":"Point","coordinates":[121.027833,14.7267128]}},
{"type":"Feature","properties":{"osm_id":"12381936963","other_tags":"\"traffic_calming\"=>\"bump\""},"geometry":{"type":"Point","coordinates":[121.0254782,14.7264421]}},
{"type":"Feature","properties":{"osm_id":"12381936964","other_tags":"\"traffic_calming\"=>\"bump\""},"geometry":{"type":"Point","coordinates":[121.0263225,14.7272245]}},
{"type":"Feature","properties":{"osm_id":"12382217050","other_tags":"\"traffic_calming\"=>\"bump\""},"geometry":{"type":"Point","coordinates":[121.031596400000012,14.7253523]}},
{"type":"Feature","properties":{"osm_id":"12384056398","other_tags":"\"traffic_calming\"=>\"bump\""},"geometry":{"type":"Point","coordinates":[121.0267835,14.7255404]}},
{"type":"Feature","properties":{"osm_id":"12384056399","other_tags":"\"traffic_calming\"=>\"bump\""},"geometry":{"type":"Point","coordinates":[121.0267235,14.7256394]}},
{"type":"Feature","properties":{"osm_id":"12389683769","other_tags":"\"direction\"=>\"backward\",\"traffic_calming\"=>\"bump\""},"geometry":{"type":"Point","coordinates":[121.019058,14.718947]}},
{"type":"Feature","properties":{"osm_id":"12389683770","other_tags":"\"direction\"=>\"backward\",\"traffic_calming\"=>\"bump\""},"geometry":{"type":"Point","coordinates":[121.0189514,14.7189559]}},
{"type":"Feature","properties":{"osm_id":"12389882894","other_tags":"\"direction\"=>\"backward\",\"traffic_calming\"=>\"bump\""},"geometry":{"type":"Point","coordinates":[121.024389,14.7098336]}},
{"type":"Feature","properties":{"osm_id":"12389882895","other_tags":"\"direction\"=>\"forward\",\"traffic_calming\"=>\"bump\""},"geometry":{"type":"Point","coordinates":[121.024341,14.7100854]}},
{"type":"Feature","properties":{"osm_id":"12389963273","other_tags":"\"traffic_calming\"=>\"bump\""},"geometry":{"type":"Point","coordinates":[121.0245952,14.7145577]}},
{"type":"Feature","properties":{"osm_id":"12393552370","other_tags":"\"traffic_calming\"=>\"bump\""},"geometry":{"type":"Point","coordinates":[121.02163130000001,14.7099915]}},
{"type":"Feature","properties":{"osm_id":"12397820484","other_tags":"\"traffic_calming\"=>\"bump\""},"geometry":{"type":"Point","coordinates":[121.028260100000011,14.7247414]}},
{"type":"Feature","properties":{"osm_id":"12397834001","other_tags":"\"traffic_calming\"=>\"bump\""},"geometry":{"type":"Point","coordinates":[121.0283134,14.7250997]}},
{"type":"Feature","properties":{"osm_id":"12397834002","other_tags":"\"traffic_calming\"=>\"bump\""},"geometry":{"type":"Point","coordinates":[121.028255500000014,14.7253837]}},
{"type":"Feature","properties":{"osm_id":"12397834003","other_tags":"\"traffic_calming\"=>\"bump\""},"geometry":{"type":"Point","coordinates":[121.0281518,14.7253084]}},
{"type":"Feature","properties":{"osm_id":"12399609560","other_tags":"\"traffic_calming\"=>\"bump\""},"geometry":{"type":"Point","coordinates":[121.029926100000012,14.7192221]}},
{"type":"Feature","properties":{"osm_id":"12399609561","other_tags":"\"traffic_calming\"=>\"bump\""},"geometry":{"type":"Point","coordinates":[121.029784400000011,14.7191459]}},
{"type":"Feature","properties":{"osm_id":"12399683485","other_tags":"\"traffic_calming\"=>\"bump\""},"geometry":{"type":"Point","coordinates":[121.0318979,14.7173353]}},
{"type":"Feature","properties":{"osm_id":"12399722080","other_tags":"\"traffic_calming\"=>\"bump\""},"geometry":{"type":"Point","coordinates":[121.029781500000013,14.7231903]}},
{"type":"Feature","properties":{"osm_id":"12399722081","other_tags":"\"traffic_calming\"=>\"bump\""},"geometry":{"type":"Point","coordinates":[121.029818,14.7230879]}},
{"type":"Feature","properties":{"osm_id":"12406440789","other_tags":"\"traffic_calming\"=>\"bump\""},"geometry":{"type":"Point","coordinates":[121.0267912,14.7260778]}},
{"type":"Feature","properties":{"osm_id":"12406488096","other_tags":"\"traffic_calming\"=>\"bump\""},"geometry":{"type":"Point","coordinates":[121.026598,14.7265017]}},
{"type":"Feature","properties":{"osm_id":"12406909681","other_tags":"\"traffic_calming\"=>\"bump\""},"geometry":{"type":"Point","coordinates":[121.0302876,14.724177]}},
{"type":"Feature","properties":{"osm_id":"12406909682","other_tags":"\"traffic_calming\"=>\"bump\""},"geometry":{"type":"Point","coordinates":[121.030377,14.7243337]}},
{"type":"Feature","properties":{"osm_id":"12406909683","other_tags":"\"traffic_calming\"=>\"bump\""},"geometry":{"type":"Point","coordinates":[121.0305461,14.7246151]}},
{"type":"Feature","properties":{"osm_id":"12406909684","other_tags":"\"traffic_calming\"=>\"bump\""},"geometry":{"type":"Point","coordinates":[121.0307884,14.7248338]}},
{"type":"Feature","properties":{"osm_id":"12406909685","other_tags":"\"traffic_calming\"=>\"bump\""},"geometry":{"type":"Point","coordinates":[121.0310166,14.7250398]}},
{"type":"Feature","properties":{"osm_id":"12406909686","other_tags":"\"traffic_calming\"=>\"bump\""},"geometry":{"type":"Point","coordinates":[121.0312406,14.7252672]}},
{"type":"Feature","properties":{"osm_id":"12409016672","other_tags":"\"traffic_calming\"=>\"bump\""},"geometry":{"type":"Point","coordinates":[121.032113700000011,14.7272971]}},
{"type":"Feature","properties":{"osm_id":"12409024015","other_tags":"\"traffic_calming\"=>\"bump\""},"geometry":{"type":"Point","coordinates":[121.027504900000011,14.7259698]}},
{"type":"Feature","properties":{"osm_id":"12409026175","other_tags":"\"traffic_calming\"=>\"hump\""},"geometry":{"type":"Point","coordinates":[121.0208747,14.7131666]}},
{"type":"Feature","properties":{"osm_id":"12409026176","other_tags":"\"traffic_calming\"=>\"hump\""},"geometry":{"type":"Point","coordinates":[121.0207756,14.7131597]}},
{"type":"Feature","properties":{"osm_id":"12409219017","other_tags":"\"traffic_calming\"=>\"bump\""},"geometry":{"type":"Point","coordinates":[121.0271321,14.7265531]}},
{"type":"Feature","properties":{"osm_id":"12409224937","other_tags":"\"traffic_calming\"=>\"bump\""},"geometry":{"type":"Point","coordinates":[121.026863100000014,14.7265985]}},
{"type":"Feature","properties":{"osm_id":"12409250045","other_tags":"\"traffic_calming\"=>\"bump\""},"geometry":{"type":"Point","coordinates":[121.029628,14.7209912]}},
{"type":"Feature","properties":{"osm_id":"12409250046","other_tags":"\"traffic_calming\"=>\"bump\""},"geometry":{"type":"Point","coordinates":[121.0299762,14.720235]}},
{"type":"Feature","properties":{"osm_id":"12409250047","other_tags":"\"traffic_calming\"=>\"bump\""},"geometry":{"type":"Point","coordinates":[121.0300329,14.72012]}},
{"type":"Feature","properties":{"osm_id":"12409250048","other_tags":"\"traffic_calming\"=>\"bump\""},"geometry":{"type":"Point","coordinates":[121.0301596,14.719837]}},
{"type":"Feature","properties":{"osm_id":"12409403125","other_tags":"\"traffic_calming\"=>\"bump\""},"geometry":{"type":"Point","coordinates":[121.0275946,14.7248507]}},
{"type":"Feature","properties":{"osm_id":"12409432865","other_tags":"\"traffic_calming\"=>\"bump\""},"geometry":{"type":"Point","coordinates":[121.025843900000012,14.7273228]}},
{"type":"Feature","properties":{"osm_id":"12415083465","other_tags":"\"traffic_calming\"=>\"bump\""},"geometry":{"type":"Point","coordinates":[121.0273695,14.7203453]}},
{"type":"Feature","properties":{"osm_id":"12415087494","other_tags":"\"traffic_calming\"=>\"bump\""},"geometry":{"type":"Point","coordinates":[121.0271253,14.7212763]}},
{"type":"Feature","properties":{"osm_id":"12415258467","other_tags":"\"traffic_calming\"=>\"bump\""},"geometry":{"type":"Point","coordinates":[121.01389970000001,14.7257843]}},
{"type":"Feature","properties":{"osm_id":"12419227351","other_tags":"\"traffic_calming\"=>\"bump\""},"geometry":{"type":"Point","coordinates":[121.0224228,14.7145125]}},
{"type":"Feature","properties":{"osm_id":"12419227352","other_tags":"\"traffic_calming\"=>\"bump\""},"geometry":{"type":"Point","coordinates":[121.0233093,14.7141477]}},
{"type":"Feature","properties":{"osm_id":"12433578681","other_tags":"\"traffic_calming\"=>\"bump\""},"geometry":{"type":"Point","coordinates":[121.0222641,14.7249207]}},
{"type":"Feature","properties":{"osm_id":"12433578682","other_tags":"\"traffic_calming\"=>\"bump\""},"geometry":{"type":"Point","coordinates":[121.022945900000011,14.7255687]}},
{"type":"Feature","properties":{"osm_id":"12433589643","other_tags":"\"traffic_calming\"=>\"bump\""},"geometry":{"type":"Point","coordinates":[121.0221151,14.7246559]}},
{"type":"Feature","properties":{"osm_id":"12433590500","other_tags":"\"traffic_calming\"=>\"bump\""},"geometry":{"type":"Point","coordinates":[121.0223347,14.7245398]}},
{"type":"Feature","properties":{"osm_id":"12433618175","other_tags":"\"traffic_calming\"=>\"bump\""},"geometry":{"type":"Point","coordinates":[121.021594900000011,14.7247627]}},
{"type":"Feature","properties":{"osm_id":"12598774635","barrier":"jersey_barrier","other_tags":"\"access\"=>\"yes\""},"geometry":{"type":"Point","coordinates":[121.0124325,14.7194815]}},
{"type":"Feature","properties":{"osm_id":"12755487034","man_made":"surveillance","other_tags":"\"surveillance\"=>\"public\",\"surveillance:type\"=>\"camera\",\"surveillance:zone\"=>\"traffic\""},"geometry":{"type":"Point","coordinates":[121.0212003,14.7193137]}},
{"type":"Feature","properties":{"osm_id":"12755489030","man_made":"surveillance","other_tags":"\"surveillance\"=>\"public\",\"surveillance:type\"=>\"camera\",\"surveillance:zone\"=>\"traffic\""},"geometry":{"type":"Point","coordinates":[121.021035700000013,14.7196756]}},
{"type":"Feature","properties":{"osm_id":"13130105852","barrier":"gate"},"geometry":{"type":"Point","coordinates":[121.0198921,14.7112723]}},
{"type":"Feature","properties":{"osm_id":"13130107735","barrier":"gate","other_tags":"\"access\"=>\"permissive\""},"geometry":{"type":"Point","coordinates":[121.0205533,14.7105056]}},
{"type":"Feature","properties":{"osm_id":"13130491690","barrier":"gate"},"geometry":{"type":"Point","coordinates":[121.0282559,14.7098097]}},
{"type":"Feature","properties":{"osm_id":"13146264814","barrier":"gate","other_tags":"\"access\"=>\"permissive\""},"geometry":{"type":"Point","coordinates":[121.0172649,14.7229758]}},
{"type":"Feature","properties":{"osm_id":"13146264817","barrier":"gate"},"geometry":{"type":"Point","coordinates":[121.01702,14.7220183]}},
{"type":"Feature","properties":{"osm_id":"13146264825","barrier":"gate","other_tags":"\"access\"=>\"permissive\""},"geometry":{"type":"Point","coordinates":[121.0172215,14.7217038]}},
{"type":"Feature","properties":{"osm_id":"13146321997","barrier":"gate"},"geometry":{"type":"Point","coordinates":[121.0170044,14.7210744]}},
{"type":"Feature","properties":{"osm_id":"13146322203","barrier":"gate"},"geometry":{"type":"Point","coordinates":[121.0170111,14.7213828]}},
{"type":"Feature","properties":{"osm_id":"13146362990","barrier":"gate"},"geometry":{"type":"Point","coordinates":[121.018244200000012,14.7208678]}},
{"type":"Feature","properties":{"osm_id":"13146417721","barrier":"gate"},"geometry":{"type":"Point","coordinates":[121.0221453,14.7180456]}},
{"type":"Feature","properties":{"osm_id":"13146443022","barrier":"gate","other_tags":"\"access\"=>\"private\""},"geometry":{"type":"Point","coordinates":[121.0136892,14.7189383]}},
{"type":"Feature","properties":{"osm_id":"13146514959","barrier":"gate"},"geometry":{"type":"Point","coordinates":[121.026591700000012,14.7195601]}},
{"type":"Feature","properties":{"osm_id":"13146539391","barrier":"gate"},"geometry":{"type":"Point","coordinates":[121.0307604,14.7262219]}},
{"type":"Feature","properties":{"osm_id":"13146683139","barrier":"gate"},"geometry":{"type":"Point","coordinates":[121.0316898,14.7223768]}},
{"type":"Feature","properties":{"osm_id":"13146683150","barrier":"gate"},"geometry":{"type":"Point","coordinates":[121.0320765,14.7255838]}},
{"type":"Feature","properties":{"osm_id":"13148654701","barrier":"gate"},"geometry":{"type":"Point","coordinates":[121.0246879,14.7250987]}},
{"type":"Feature","properties":{"osm_id":"13148699745","barrier":"gate"},"geometry":{"type":"Point","coordinates":[121.0329786,14.7257586]}},
{"type":"Feature","properties":{"osm_id":"13148828480","barrier":"gate"},"geometry":{"type":"Point","coordinates":[121.0321696,14.7218236]}},
{"type":"Feature","properties":{"osm_id":"13148828497","barrier":"gate"},"geometry":{"type":"Point","coordinates":[121.0327017,14.721642]}},
{"type":"Feature","properties":{"osm_id":"13161347402","barrier":"gate","other_tags":"\"access\"=>\"private\""},"geometry":{"type":"Point","coordinates":[121.0320029,14.7114963]}},
{"type":"Feature","properties":{"osm_id":"13161347406","barrier":"gate","other_tags":"\"access\"=>\"private\""},"geometry":{"type":"Point","coordinates":[121.0328183,14.7117587]}},
{"type":"Feature","properties":{"osm_id":"13179430087","barrier":"lift_gate","other_tags":"\"access\"=>\"private\""},"geometry":{"type":"Point","coordinates":[121.02785320000001,14.7204783]}},
{"type":"Feature","properties":{"osm_id":"13179468980","barrier":"gate","other_tags":"\"access\"=>\"permissive\""},"geometry":{"type":"Point","coordinates":[121.0212305,14.7228969]}},
{"type":"Feature","properties":{"osm_id":"13188231153","name":"General Luis Street Terminal","highway":"bus_stop","other_tags":"\"bus\"=>\"yes\",\"network\"=>\"LTFRB National Capital Region\",\"network:short\"=>\"LTFRB NCR\",\"network:wikidata\"=>\"Q6483998\",\"operator\"=>\"Lungsod Quezon\",\"public_transport\"=>\"platform\",\"route_ref\"=>\"QC4\""},"geometry":{"type":"Point","coordinates":[121.021087200000011,14.7194924]}},
{"type":"Feature","properties":{"osm_id":"13646540892","barrier":"lift_gate","other_tags":"\"access\"=>\"destination\",\"barrier:personnel\"=>\"yes\",\"lift_gate:type\"=>\"single\""},"geometry":{"type":"Point","coordinates":[121.00972320000001,14.7256114]}},
{"type":"Feature","properties":{"osm_id":"13829451060","name":"Llano Road","highway":"bus_stop","other_tags":"\"bus\"=>\"yes\",\"network\"=>\"LTFRB National Capital Region\",\"network:short\"=>\"LTFRB NCR\",\"network:wikidata\"=>\"Q6483998\",\"public_transport\"=>\"platform\""},"geometry":{"type":"Point","coordinates":[121.0315615,14.7217074]}},
{"type":"Feature","properties":{"osm_id":"13829451061","name":"Llano Road","highway":"bus_stop","other_tags":"\"bus\"=>\"yes\",\"network\"=>\"LTFRB National Capital Region\",\"network:short\"=>\"LTFRB NCR\",\"network:wikidata\"=>\"Q6483998\",\"public_transport\"=>\"platform\""},"geometry":{"type":"Point","coordinates":[121.0316087,14.7216183]}},
{"type":"Feature","properties":{"osm_id":"13829451062","name":"Banahaw Street","highway":"bus_stop","other_tags":"\"bus\"=>\"yes\",\"network\"=>\"LTFRB National Capital Region\",\"network:short\"=>\"LTFRB NCR\",\"network:wikidata\"=>\"Q6483998\",\"operator\"=>\"Lungsod Quezon\",\"public_transport\"=>\"platform\",\"route_ref\"=>\"QC4\""},"geometry":{"type":"Point","coordinates":[121.0279873,14.720512]}},
{"type":"Feature","properties":{"osm_id":"13829451063","name":"Banahaw Street","highway":"bus_stop","other_tags":"\"bus\"=>\"yes\",\"network\"=>\"LTFRB National Capital Region\",\"network:short\"=>\"LTFRB NCR\",\"network:wikidata\"=>\"Q6483998\",\"public_transport\"=>\"platform\""},"geometry":{"type":"Point","coordinates":[121.028567700000011,14.7206869]}},
{"type":"Feature","properties":{"osm_id":"13973651914","other_tags":"\"fixme:source\"=>\"UPRI NOAH\",\"fixme:waterway\"=>\"stream\",\"layer\"=>\"-1\""},"geometry":{"type":"Point","coordinates":[121.0342219,14.7227938]}},
{"type":"Feature","properties":{"osm_id":"13973783833","name":"Gitna","place":"neighbourhood","other_tags":"\"admin_level\"=>\"11\",\"admin_type:PH\"=>\"sitio\",\"official_name\"=>\"Sitio Gitna\""},"geometry":{"type":"Point","coordinates":[121.015578800000014,14.7121255]}},
{"type":"Feature","properties":{"osm_id":"14047704301","other_tags":"\"shop\"=>\"bakery\""},"geometry":{"type":"Point","coordinates":[121.022990600000014,14.7113548]}},
{"type":"Feature","properties":{"osm_id":"14047704401","other_tags":"\"shop\"=>\"bakery\""},"geometry":{"type":"Point","coordinates":[121.022976,14.7114218]}},
{"type":"Feature","properties":{"osm_id":"14211731801","name":"Rose Store","other_tags":"\"tourism\"=>\"apartment\""},"geometry":{"type":"Point","coordinates":[121.019620800000013,14.7107705]}},
{"type":"Feature","properties":{"osm_id":"14211760501","name":"Big brew milk tea","other_tags":"\"amenity\"=>\"cafe\""},"geometry":{"type":"Point","coordinates":[121.0175427,14.7204046]}},
{"type":"Feature","properties":{"osm_id":"14218517676","other_tags":"\"operator\"=>\"Meralco\",\"operator:wikidata\"=>\"Q6817918\",\"power\"=>\"pole\""},"geometry":{"type":"Point","coordinates":[121.0014855,14.7152378]}},
{"type":"Feature","properties":{"osm_id":"14218517677","other_tags":"\"operator\"=>\"Meralco\",\"operator:wikidata\"=>\"Q6817918\",\"power\"=>\"pole\""},"geometry":{"type":"Point","coordinates":[121.0018059,14.7154891]}},
{"type":"Feature","properties":{"osm_id":"14218517678","other_tags":"\"operator\"=>\"Meralco\",\"operator:wikidata\"=>\"Q6817918\",\"power\"=>\"pole\""},"geometry":{"type":"Point","coordinates":[121.0020456,14.7156918]}},
{"type":"Feature","properties":{"osm_id":"14218517679","other_tags":"\"operator\"=>\"Meralco\",\"operator:wikidata\"=>\"Q6817918\",\"power\"=>\"pole\""},"geometry":{"type":"Point","coordinates":[121.0025776,14.7160942]}},
{"type":"Feature","properties":{"osm_id":"14218517680","other_tags":"\"operator\"=>\"Meralco\",\"operator:wikidata\"=>\"Q6817918\",\"power\"=>\"pole\""},"geometry":{"type":"Point","coordinates":[121.002745800000014,14.716254]}},
{"type":"Feature","properties":{"osm_id":"14218517681","other_tags":"\"operator\"=>\"Meralco\",\"operator:wikidata\"=>\"Q6817918\",\"power\"=>\"pole\""},"geometry":{"type":"Point","coordinates":[121.0032374,14.7165531]}},
{"type":"Feature","properties":{"osm_id":"14218517682","other_tags":"\"operator\"=>\"Meralco\",\"operator:wikidata\"=>\"Q6817918\",\"power\"=>\"pole\""},"geometry":{"type":"Point","coordinates":[121.003593,14.7168513]}},
{"type":"Feature","properties":{"osm_id":"14218517683","other_tags":"\"operator\"=>\"Meralco\",\"operator:wikidata\"=>\"Q6817918\",\"power\"=>\"pole\""},"geometry":{"type":"Point","coordinates":[121.00393050000001,14.7171095]}},
{"type":"Feature","properties":{"osm_id":"14218517684","other_tags":"\"operator\"=>\"Meralco\",\"operator:wikidata\"=>\"Q6817918\",\"power\"=>\"pole\""},"geometry":{"type":"Point","coordinates":[121.0043133,14.7174866]}},
{"type":"Feature","properties":{"osm_id":"14218517685","other_tags":"\"operator\"=>\"Meralco\",\"operator:wikidata\"=>\"Q6817918\",\"power\"=>\"pole\""},"geometry":{"type":"Point","coordinates":[121.0044402,14.7177789]}},
{"type":"Feature","properties":{"osm_id":"14218517686","other_tags":"\"operator\"=>\"Meralco\",\"operator:wikidata\"=>\"Q6817918\",\"power\"=>\"pole\""},"geometry":{"type":"Point","coordinates":[121.0046266,14.7180907]}},
{"type":"Feature","properties":{"osm_id":"14218517687","other_tags":"\"operator\"=>\"Meralco\",\"operator:wikidata\"=>\"Q6817918\",\"power\"=>\"pole\""},"geometry":{"type":"Point","coordinates":[121.004827100000014,14.7185301]}},
{"type":"Feature","properties":{"osm_id":"14218517688","other_tags":"\"operator\"=>\"Meralco\",\"operator:wikidata\"=>\"Q6817918\",\"power\"=>\"pole\""},"geometry":{"type":"Point","coordinates":[121.004954,14.7188049]}},
{"type":"Feature","properties":{"osm_id":"14218517689","other_tags":"\"operator\"=>\"Meralco\",\"operator:wikidata\"=>\"Q6817918\",\"power\"=>\"pole\""},"geometry":{"type":"Point","coordinates":[121.0054104,14.7191381]}},
{"type":"Feature","properties":{"osm_id":"14218517690","other_tags":"\"operator\"=>\"Meralco\",\"operator:wikidata\"=>\"Q6817918\",\"power\"=>\"pole\""},"geometry":{"type":"Point","coordinates":[121.0059302,14.7190114]}},
{"type":"Feature","properties":{"osm_id":"14218517691","other_tags":"\"operator\"=>\"Meralco\",\"operator:wikidata\"=>\"Q6817918\",\"power\"=>\"pole\""},"geometry":{"type":"Point","coordinates":[121.0066082,14.7191488]}},
{"type":"Feature","properties":{"osm_id":"14218517692","other_tags":"\"operator\"=>\"Meralco\",\"operator:wikidata\"=>\"Q6817918\",\"power\"=>\"pole\""},"geometry":{"type":"Point","coordinates":[121.007029300000013,14.7191709]}},
{"type":"Feature","properties":{"osm_id":"14218517693","other_tags":"\"design\"=>\"h-frame\",\"operator\"=>\"Meralco\",\"operator:wikidata\"=>\"Q6817918\",\"power\"=>\"pole\""},"geometry":{"type":"Point","coordinates":[121.0074247,14.7192201]}},
{"type":"Feature","properties":{"osm_id":"14218517694","other_tags":"\"design\"=>\"h-frame\",\"operator\"=>\"Meralco\",\"operator:wikidata\"=>\"Q6817918\",\"power\"=>\"pole\""},"geometry":{"type":"Point","coordinates":[121.0077511,14.7192512]}},
{"type":"Feature","properties":{"osm_id":"14218517695","other_tags":"\"operator\"=>\"Meralco\",\"operator:wikidata\"=>\"Q6817918\",\"power\"=>\"pole\""},"geometry":{"type":"Point","coordinates":[121.0080613,14.7192785]}},
{"type":"Feature","properties":{"osm_id":"14218517696","other_tags":"\"operator\"=>\"Meralco\",\"operator:wikidata\"=>\"Q6817918\",\"power\"=>\"pole\""},"geometry":{"type":"Point","coordinates":[121.0084542,14.7193311]}},
{"type":"Feature","properties":{"osm_id":"14218517697","other_tags":"\"operator\"=>\"Meralco\",\"operator:wikidata\"=>\"Q6817918\",\"power\"=>\"pole\""},"geometry":{"type":"Point","coordinates":[121.0087393,14.7193394]}},
{"type":"Feature","properties":{"osm_id":"14218517698","other_tags":"\"operator\"=>\"Meralco\",\"operator:wikidata\"=>\"Q6817918\",\"power\"=>\"pole\""},"geometry":{"type":"Point","coordinates":[121.009154400000014,14.7193867]}},
{"type":"Feature","properties":{"osm_id":"14218517699","other_tags":"\"operator\"=>\"Meralco\",\"operator:wikidata\"=>\"Q6817918\",\"power\"=>\"pole\""},"geometry":{"type":"Point","coordinates":[121.0094415,14.7194101]}},
{"type":"Feature","properties":{"osm_id":"14218517700","other_tags":"\"operator\"=>\"Meralco\",\"operator:wikidata\"=>\"Q6817918\",\"power\"=>\"pole\""},"geometry":{"type":"Point","coordinates":[121.0097432,14.719432]}},
{"type":"Feature","properties":{"osm_id":"14218602101","other_tags":"\"operator\"=>\"Meralco\",\"operator:wikidata\"=>\"Q6817918\",\"power\"=>\"pole\""},"geometry":{"type":"Point","coordinates":[121.0100197,14.719449]}},
{"type":"Feature","properties":{"osm_id":"14218602102","other_tags":"\"operator\"=>\"Meralco\",\"operator:wikidata\"=>\"Q6817918\",\"power\"=>\"pole\""},"geometry":{"type":"Point","coordinates":[121.0105688,14.7195016]}},
{"type":"Feature","properties":{"osm_id":"14218602103","other_tags":"\"operator\"=>\"Meralco\",\"operator:wikidata\"=>\"Q6817918\",\"power\"=>\"pole\""},"geometry":{"type":"Point","coordinates":[121.0109919,14.7195474]}},
{"type":"Feature","properties":{"osm_id":"14218602104","other_tags":"\"operator\"=>\"Meralco\",\"operator:wikidata\"=>\"Q6817918\",\"power\"=>\"pole\""},"geometry":{"type":"Point","coordinates":[121.0113732,14.7195889]}},
{"type":"Feature","properties":{"osm_id":"14218602105","other_tags":"\"operator\"=>\"Meralco\",\"operator:wikidata\"=>\"Q6817918\",\"power\"=>\"pole\""},"geometry":{"type":"Point","coordinates":[121.011783200000011,14.719602]}},
{"type":"Feature","properties":{"osm_id":"14218602106","other_tags":"\"operator\"=>\"Meralco\",\"operator:wikidata\"=>\"Q6817918\",\"power\"=>\"pole\""},"geometry":{"type":"Point","coordinates":[121.012246100000013,14.719602]}},
{"type":"Feature","properties":{"osm_id":"14218602107","other_tags":"\"operator\"=>\"Meralco\",\"operator:wikidata\"=>\"Q6817918\",\"power\"=>\"pole\""},"geometry":{"type":"Point","coordinates":[121.012778,14.7195806]}},
{"type":"Feature","properties":{"osm_id":"14218602108","other_tags":"\"operator\"=>\"Meralco\",\"operator:wikidata\"=>\"Q6817918\",\"power\"=>\"pole\""},"geometry":{"type":"Point","coordinates":[121.0132056,14.7195314]}},
{"type":"Feature","properties":{"osm_id":"14218602109","other_tags":"\"operator\"=>\"Meralco\",\"operator:wikidata\"=>\"Q6817918\",\"power\"=>\"pole\""},"geometry":{"type":"Point","coordinates":[121.0135809,14.7195484]}},
{"type":"Feature","properties":{"osm_id":"14218602110","other_tags":"\"operator\"=>\"Meralco\",\"operator:wikidata\"=>\"Q6817918\",\"power\"=>\"pole\""},"geometry":{"type":"Point","coordinates":[121.013960700000013,14.7196809]}},
{"type":"Feature","properties":{"osm_id":"14218602111","other_tags":"\"operator\"=>\"Meralco\",\"operator:wikidata\"=>\"Q6817918\",\"power\"=>\"pole\""},"geometry":{"type":"Point","coordinates":[121.0142856,14.7198222]}},
{"type":"Feature","properties":{"osm_id":"14218602112","other_tags":"\"operator\"=>\"Meralco\",\"operator:wikidata\"=>\"Q6817918\",\"power\"=>\"pole\""},"geometry":{"type":"Point","coordinates":[121.014685,14.7199762]}},
{"type":"Feature","properties":{"osm_id":"14218602113","other_tags":"\"operator\"=>\"Meralco\",\"operator:wikidata\"=>\"Q6817918\",\"power\"=>\"pole\""},"geometry":{"type":"Point","coordinates":[121.014953,14.7200351]}},
{"type":"Feature","properties":{"osm_id":"14218602114","other_tags":"\"operator\"=>\"Meralco\",\"operator:wikidata\"=>\"Q6817918\",\"power\"=>\"pole\""},"geometry":{"type":"Point","coordinates":[121.015096,14.7200599]}},
{"type":"Feature","properties":{"osm_id":"14218602115","other_tags":"\"operator\"=>\"Meralco\",\"operator:wikidata\"=>\"Q6817918\",\"power\"=>\"pole\""},"geometry":{"type":"Point","coordinates":[121.015158500000013,14.7191251]}},
{"type":"Feature","properties":{"osm_id":"14218602116","other_tags":"\"operator\"=>\"Meralco\",\"operator:wikidata\"=>\"Q6817918\",\"power\"=>\"pole\""},"geometry":{"type":"Point","coordinates":[121.0152512,14.7186433]}},
{"type":"Feature","properties":{"osm_id":"14218602117","other_tags":"\"operator\"=>\"Meralco\",\"operator:wikidata\"=>\"Q6817918\",\"power\"=>\"pole\""},"geometry":{"type":"Point","coordinates":[121.015369,14.7180723]}},
{"type":"Feature","properties":{"osm_id":"14218602118","other_tags":"\"operator\"=>\"Meralco\",\"operator:wikidata\"=>\"Q6817918\",\"power\"=>\"pole\""},"geometry":{"type":"Point","coordinates":[121.015464200000011,14.7176709]}},
{"type":"Feature","properties":{"osm_id":"14218602119","other_tags":"\"operator\"=>\"Meralco\",\"operator:wikidata\"=>\"Q6817918\",\"power\"=>\"pole\""},"geometry":{"type":"Point","coordinates":[121.0154607,14.7170858]}},
{"type":"Feature","properties":{"osm_id":"14218602120","other_tags":"\"operator\"=>\"Meralco\",\"operator:wikidata\"=>\"Q6817918\",\"power\"=>\"pole\""},"geometry":{"type":"Point","coordinates":[121.0153882,14.7162405]}},
{"type":"Feature","properties":{"osm_id":"14218602121","other_tags":"\"operator\"=>\"Meralco\",\"operator:wikidata\"=>\"Q6817918\",\"power\"=>\"pole\""},"geometry":{"type":"Point","coordinates":[121.0152094,14.7153899]}},
{"type":"Feature","properties":{"osm_id":"14218602122","other_tags":"\"operator\"=>\"Meralco\",\"operator:wikidata\"=>\"Q6817918\",\"power\"=>\"pole\""},"geometry":{"type":"Point","coordinates":[121.015161,14.7150328]}},
{"type":"Feature","properties":{"osm_id":"14218602123","other_tags":"\"operator\"=>\"Meralco\",\"operator:wikidata\"=>\"Q6817918\",\"power\"=>\"pole\""},"geometry":{"type":"Point","coordinates":[121.015270300000012,14.7146221]}},
{"type":"Feature","properties":{"osm_id":"14218602124","other_tags":"\"operator\"=>\"Meralco\",\"operator:wikidata\"=>\"Q6817918\",\"power\"=>\"pole\""},"geometry":{"type":"Point","coordinates":[121.0156859,14.7143205]}},
{"type":"Feature","properties":{"osm_id":"14218602125","other_tags":"\"operator\"=>\"Meralco\",\"operator:wikidata\"=>\"Q6817918\",\"power\"=>\"pole\""},"geometry":{"type":"Point","coordinates":[121.0159261,14.7136243]}},
{"type":"Feature","properties":{"osm_id":"14218602126","other_tags":"\"operator\"=>\"Meralco\",\"operator:wikidata\"=>\"Q6817918\",\"power\"=>\"pole\""},"geometry":{"type":"Point","coordinates":[121.015695400000013,14.7126251]}},
{"type":"Feature","properties":{"osm_id":"14218602127","other_tags":"\"operator\"=>\"Meralco\",\"operator:wikidata\"=>\"Q6817918\",\"power\"=>\"pole\""},"geometry":{"type":"Point","coordinates":[121.015562,14.7119202]}},
{"type":"Feature","properties":{"osm_id":"14218602128","other_tags":"\"operator\"=>\"Meralco\",\"operator:wikidata\"=>\"Q6817918\",\"power\"=>\"pole\""},"geometry":{"type":"Point","coordinates":[121.0154406,14.7112362]}},
{"type":"Feature","properties":{"osm_id":"14218602129","other_tags":"\"operator\"=>\"Meralco\",\"operator:wikidata\"=>\"Q6817918\",\"power\"=>\"pole\""},"geometry":{"type":"Point","coordinates":[121.015197300000011,14.7105322]}},
{"type":"Feature","properties":{"osm_id":"14219160964","other_tags":"\"operator\"=>\"Meralco\",\"operator:wikidata\"=>\"Q6817918\",\"power\"=>\"pole\""},"geometry":{"type":"Point","coordinates":[121.0214124,14.7196918]}},
{"type":"Feature","properties":{"osm_id":"14219160965","other_tags":"\"operator\"=>\"Meralco\",\"operator:wikidata\"=>\"Q6817918\",\"power\"=>\"pole\""},"geometry":{"type":"Point","coordinates":[121.0210437,14.7198447]}},
{"type":"Feature","properties":{"osm_id":"14219160966","other_tags":"\"operator\"=>\"Meralco\",\"operator:wikidata\"=>\"Q6817918\",\"power\"=>\"pole\""},"geometry":{"type":"Point","coordinates":[121.020677,14.7199977]}},
{"type":"Feature","properties":{"osm_id":"14219160967","other_tags":"\"operator\"=>\"Meralco\",\"operator:wikidata\"=>\"Q6817918\",\"power\"=>\"pole\""},"geometry":{"type":"Point","coordinates":[121.0201804,14.720138]}},
{"type":"Feature","properties":{"osm_id":"14219160968","other_tags":"\"operator\"=>\"Meralco\",\"operator:wikidata\"=>\"Q6817918\",\"power\"=>\"pole\""},"geometry":{"type":"Point","coordinates":[121.019963800000014,14.7201731]}},
{"type":"Feature","properties":{"osm_id":"14219160969","other_tags":"\"operator\"=>\"Meralco\",\"operator:wikidata\"=>\"Q6817918\",\"power\"=>\"pole\""},"geometry":{"type":"Point","coordinates":[121.019515500000011,14.7203037]}},
{"type":"Feature","properties":{"osm_id":"14219160970","other_tags":"\"operator\"=>\"Meralco\",\"operator:wikidata\"=>\"Q6817918\",\"power\"=>\"pole\""},"geometry":{"type":"Point","coordinates":[121.0190793,14.7204147]}},
{"type":"Feature","properties":{"osm_id":"14219160971","other_tags":"\"operator\"=>\"Meralco\",\"operator:wikidata\"=>\"Q6817918\",\"power\"=>\"pole\""},"geometry":{"type":"Point","coordinates":[121.0186451,14.7204995]}},
{"type":"Feature","properties":{"osm_id":"14219160972","other_tags":"\"operator\"=>\"Meralco\",\"operator:wikidata\"=>\"Q6817918\",\"power\"=>\"pole\""},"geometry":{"type":"Point","coordinates":[121.0181364,14.7205433]}},
{"type":"Feature","properties":{"osm_id":"14219160973","other_tags":"\"operator\"=>\"Meralco\",\"operator:wikidata\"=>\"Q6817918\",\"power\"=>\"pole\""},"geometry":{"type":"Point","coordinates":[121.0176236,14.7205083]}},
{"type":"Feature","properties":{"osm_id":"14219160974","other_tags":"\"operator\"=>\"Meralco\",\"operator:wikidata\"=>\"Q6817918\",\"power\"=>\"pole\""},"geometry":{"type":"Point","coordinates":[121.0170856,14.720442]}},
{"type":"Feature","properties":{"osm_id":"14219160975","other_tags":"\"operator\"=>\"Meralco\",\"operator:wikidata\"=>\"Q6817918\",\"power\"=>\"pole\""},"geometry":{"type":"Point","coordinates":[121.016591,14.7203183]}},
{"type":"Feature","properties":{"osm_id":"14219160976","other_tags":"\"operator\"=>\"Meralco\",\"operator:wikidata\"=>\"Q6817918\",\"power\"=>\"pole\""},"geometry":{"type":"Point","coordinates":[121.0163261,14.7202764]}},
{"type":"Feature","properties":{"osm_id":"14219160977","other_tags":"\"operator\"=>\"Meralco\",\"operator:wikidata\"=>\"Q6817918\",\"power\"=>\"pole\""},"geometry":{"type":"Point","coordinates":[121.0160077,14.7202277]}},
{"type":"Feature","properties":{"osm_id":"14219160978","other_tags":"\"operator\"=>\"Meralco\",\"operator:wikidata\"=>\"Q6817918\",\"power\"=>\"pole\""},"geometry":{"type":"Point","coordinates":[121.0154919,14.7201224]}},
{"type":"Feature","properties":{"osm_id":"14222040107","other_tags":"\"operator\"=>\"Meralco\",\"operator:wikidata\"=>\"Q6817918\",\"power\"=>\"pole\""},"geometry":{"type":"Point","coordinates":[121.023482500000014,14.7192241]}},
{"type":"Feature","properties":{"osm_id":"14222040108","other_tags":"\"operator\"=>\"Meralco\",\"operator:wikidata\"=>\"Q6817918\",\"power\"=>\"pole\""},"geometry":{"type":"Point","coordinates":[121.0241574,14.7191442]}},
{"type":"Feature","properties":{"osm_id":"14222040109","other_tags":"\"operator\"=>\"Meralco\",\"operator:wikidata\"=>\"Q6817918\",\"power\"=>\"pole\""},"geometry":{"type":"Point","coordinates":[121.0251024,14.719339]}},
{"type":"Feature","properties":{"osm_id":"14222040110","other_tags":"\"operator\"=>\"Meralco\",\"operator:wikidata\"=>\"Q6817918\",\"power\"=>\"pole\""},"geometry":{"type":"Point","coordinates":[121.025860900000012,14.7194452]}},
{"type":"Feature","properties":{"osm_id":"14222040111","other_tags":"\"operator\"=>\"Meralco\",\"operator:wikidata\"=>\"Q6817918\",\"power\"=>\"pole\""},"geometry":{"type":"Point","coordinates":[121.02651680000001,14.7196284]}},
{"type":"Feature","properties":{"osm_id":"14222040112","other_tags":"\"operator\"=>\"Meralco\",\"operator:wikidata\"=>\"Q6817918\",\"power\"=>\"pole\""},"geometry":{"type":"Point","coordinates":[121.0267807,14.7197755]}},
{"type":"Feature","properties":{"osm_id":"14222040113","other_tags":"\"operator\"=>\"Meralco\",\"operator:wikidata\"=>\"Q6817918\",\"power\"=>\"pole\""},"geometry":{"type":"Point","coordinates":[121.0274002,14.7201146]}},
{"type":"Feature","properties":{"osm_id":"14222040114","other_tags":"\"operator\"=>\"Meralco\",\"operator:wikidata\"=>\"Q6817918\",\"power\"=>\"pole\""},"geometry":{"type":"Point","coordinates":[121.0280943,14.7204654]}},
{"type":"Feature","properties":{"osm_id":"14222040115","other_tags":"\"operator\"=>\"Meralco\",\"operator:wikidata\"=>\"Q6817918\",\"power\"=>\"pole\""},"geometry":{"type":"Point","coordinates":[121.0284338,14.7206232]}},
{"type":"Feature","properties":{"osm_id":"14222040116","other_tags":"\"operator\"=>\"Meralco\",\"operator:wikidata\"=>\"Q6817918\",\"power\"=>\"pole\""},"geometry":{"type":"Point","coordinates":[121.028974800000015,14.7208346]}},
{"type":"Feature","properties":{"osm_id":"14222040117","other_tags":"\"operator\"=>\"Meralco\",\"operator:wikidata\"=>\"Q6817918\",\"power\"=>\"pole\""},"geometry":{"type":"Point","coordinates":[121.029375800000011,14.7209905]}},
{"type":"Feature","properties":{"osm_id":"14222040118","other_tags":"\"operator\"=>\"Meralco\",\"operator:wikidata\"=>\"Q6817918\",\"power\"=>\"pole\""},"geometry":{"type":"Point","coordinates":[121.029956,14.7211796]}},
{"type":"Feature","properties":{"osm_id":"14222040119","other_tags":"\"operator\"=>\"Meralco\",\"operator:wikidata\"=>\"Q6817918\",\"power\"=>\"pole\""},"geometry":{"type":"Point","coordinates":[121.0303953,14.7212994]}},
{"type":"Feature","properties":{"osm_id":"14222040120","other_tags":"\"operator\"=>\"Meralco\",\"operator:wikidata\"=>\"Q6817918\",\"power\"=>\"pole\""},"geometry":{"type":"Point","coordinates":[121.030903,14.7214592]}},
{"type":"Feature","properties":{"osm_id":"14222040121","other_tags":"\"operator\"=>\"Meralco\",\"operator:wikidata\"=>\"Q6817918\",\"power\"=>\"pole\""},"geometry":{"type":"Point","coordinates":[121.0314742,14.7215732]}},
{"type":"Feature","properties":{"osm_id":"14222040122","other_tags":"\"operator\"=>\"Meralco\",\"operator:wikidata\"=>\"Q6817918\",\"power\"=>\"pole\""},"geometry":{"type":"Point","coordinates":[121.0319829,14.7216677]}},
{"type":"Feature","properties":{"osm_id":"14222040123","other_tags":"\"operator\"=>\"Meralco\",\"operator:wikidata\"=>\"Q6817918\",\"power\"=>\"pole\""},"geometry":{"type":"Point","coordinates":[121.0325672,14.7218265]}},
{"type":"Feature","properties":{"osm_id":"14222040124","other_tags":"\"operator\"=>\"Meralco\",\"operator:wikidata\"=>\"Q6817918\",\"power\"=>\"pole\""},"geometry":{"type":"Point","coordinates":[121.033346900000012,14.7218577]}},
{"type":"Feature","properties":{"osm_id":"14222040125","other_tags":"\"operator\"=>\"Meralco\",\"operator:wikidata\"=>\"Q6817918\",\"power\"=>\"pole\""},"geometry":{"type":"Point","coordinates":[121.033866800000013,14.721882]}},
{"type":"Feature","properties":{"osm_id":"14222040126","other_tags":"\"operator\"=>\"Meralco\",\"operator:wikidata\"=>\"Q6817918\",\"power\"=>\"pole\""},"geometry":{"type":"Point","coordinates":[121.034577,14.7219142]}},
{"type":"Feature","properties":{"osm_id":"14222040127","other_tags":"\"operator\"=>\"Meralco\",\"operator:wikidata\"=>\"Q6817918\",\"power\"=>\"pole\""},"geometry":{"type":"Point","coordinates":[121.0352419,14.7219308]}},
{"type":"Feature","properties":{"osm_id":"14222040128","other_tags":"\"operator\"=>\"Meralco\",\"operator:wikidata\"=>\"Q6817918\",\"power\"=>\"pole\""},"geometry":{"type":"Point","coordinates":[121.0359753,14.7219532]}},
{"type":"Feature","properties":{"osm_id":"14222040129","other_tags":"\"operator\"=>\"Meralco\",\"operator:wikidata\"=>\"Q6817918\",\"power\"=>\"pole\""},"geometry":{"type":"Point","coordinates":[121.0365077,14.7219894]}},
{"type":"Feature","properties":{"osm_id":"14222040130","other_tags":"\"operator\"=>\"Meralco\",\"operator:wikidata\"=>\"Q6817918\",\"power\"=>\"pole\""},"geometry":{"type":"Point","coordinates":[121.0370144,14.7219743]}},
{"type":"Feature","properties":{"osm_id":"14222040131","other_tags":"\"operator\"=>\"Meralco\",\"operator:wikidata\"=>\"Q6817918\",\"power\"=>\"pole\""},"geometry":{"type":"Point","coordinates":[121.03762540000001,14.7218562]}},
{"type":"Feature","properties":{"osm_id":"14222040132","other_tags":"\"operator\"=>\"Meralco\",\"operator:wikidata\"=>\"Q6817918\",\"power\"=>\"pole\""},"geometry":{"type":"Point","coordinates":[121.0383759,14.7218309]}},
{"type":"Feature","properties":{"osm_id":"14222040133","other_tags":"\"operator\"=>\"Meralco\",\"operator:wikidata\"=>\"Q6817918\",\"power\"=>\"pole\""},"geometry":{"type":"Point","coordinates":[121.038962200000014,14.7218153]}},
{"type":"Feature","properties":{"osm_id":"14222040134","other_tags":"\"operator\"=>\"Meralco\",\"operator:wikidata\"=>\"Q6817918\",\"power\"=>\"pole\""},"geometry":{"type":"Point","coordinates":[121.039456800000011,14.7218192]}},
{"type":"Feature","properties":{"osm_id":"14222040135","other_tags":"\"operator\"=>\"Meralco\",\"operator:wikidata\"=>\"Q6817918\",\"power\"=>\"pole\""},"geometry":{"type":"Point","coordinates":[121.0404773,14.7219917]}},
{"type":"Feature","properties":{"osm_id":"14222040136","other_tags":"\"operator\"=>\"Meralco\",\"operator:wikidata\"=>\"Q6817918\",\"power\"=>\"pole\""},"geometry":{"type":"Point","coordinates":[121.0412591,14.7220871]}},
{"type":"Feature","properties":{"osm_id":"14222040137","other_tags":"\"operator\"=>\"Meralco\",\"operator:wikidata\"=>\"Q6817918\",\"power\"=>\"pole\""},"geometry":{"type":"Point","coordinates":[121.0411452,14.7228315]}},
{"type":"Feature","properties":{"osm_id":"14222040138","other_tags":"\"operator\"=>\"Meralco\",\"operator:wikidata\"=>\"Q6817918\",\"power\"=>\"pole\""},"geometry":{"type":"Point","coordinates":[121.04142130000001,14.7229368]}},
{"type":"Feature","properties":{"osm_id":"14222040139","other_tags":"\"operator\"=>\"Meralco\",\"operator:wikidata\"=>\"Q6817918\",\"power\"=>\"pole\""},"geometry":{"type":"Point","coordinates":[121.0413598,14.7235136]}},
{"type":"Feature","properties":{"osm_id":"14222040140","other_tags":"\"operator\"=>\"Meralco\",\"operator:wikidata\"=>\"Q6817918\",\"power\"=>\"pole\""},"geometry":{"type":"Point","coordinates":[121.0412661,14.724446]}},
{"type":"Feature","properties":{"osm_id":"14222040141","other_tags":"\"operator\"=>\"Meralco\",\"operator:wikidata\"=>\"Q6817918\",\"power\"=>\"pole\""},"geometry":{"type":"Point","coordinates":[121.0411624,14.7252683]}},
{"type":"Feature","properties":{"osm_id":"14222040142","other_tags":"\"operator\"=>\"Meralco\",\"operator:wikidata\"=>\"Q6817918\",\"power\"=>\"pole\""},"geometry":{"type":"Point","coordinates":[121.0411241,14.7258987]}},
{"type":"Feature","properties":{"osm_id":"14222040143","other_tags":"\"operator\"=>\"Meralco\",\"operator:wikidata\"=>\"Q6817918\",\"power\"=>\"pole\""},"geometry":{"type":"Point","coordinates":[121.041247,14.7264862]}},
{"type":"Feature","properties":{"osm_id":"14222040144","other_tags":"\"operator\"=>\"Meralco\",\"operator:wikidata\"=>\"Q6817918\",\"power\"=>\"pole\""},"geometry":{"type":"Point","coordinates":[121.041379,14.7270669]}},
{"type":"Feature","properties":{"osm_id":"14222040145","other_tags":"\"operator\"=>\"Meralco\",\"operator:wikidata\"=>\"Q6817918\",\"power\"=>\"pole\""},"geometry":{"type":"Point","coordinates":[121.0415502,14.727895]}},
{"type":"Feature","properties":{"osm_id":"14222040146","other_tags":"\"operator\"=>\"Meralco\",\"operator:wikidata\"=>\"Q6817918\",\"power\"=>\"pole\""},"geometry":{"type":"Point","coordinates":[121.041919900000011,14.7286404]}},
{"type":"Feature","properties":{"osm_id":"14222040147","other_tags":"\"operator\"=>\"Meralco\",\"operator:wikidata\"=>\"Q6817918\",\"power\"=>\"pole\""},"geometry":{"type":"Point","coordinates":[121.042588900000013,14.7290905]}},
{"type":"Feature","properties":{"osm_id":"14222040148","other_tags":"\"operator\"=>\"Meralco\",\"operator:wikidata\"=>\"Q6817918\",\"power\"=>\"pole\""},"geometry":{"type":"Point","coordinates":[121.043052300000014,14.729413]}},
{"type":"Feature","properties":{"osm_id":"14222040149","other_tags":"\"operator\"=>\"Meralco\",\"operator:wikidata\"=>\"Q6817918\",\"power\"=>\"pole\""},"geometry":{"type":"Point","coordinates":[121.043763500000011,14.7298875]}},
{"type":"Feature","properties":{"osm_id":"14222040150","other_tags":"\"operator\"=>\"Meralco\",\"operator:wikidata\"=>\"Q6817918\",\"power\"=>\"pole\""},"geometry":{"type":"Point","coordinates":[121.0441342,14.7301564]}},
{"type":"Feature","properties":{"osm_id":"14222040151","other_tags":"\"operator\"=>\"Meralco\",\"operator:wikidata\"=>\"Q6817918\",\"power\"=>\"pole\""},"geometry":{"type":"Point","coordinates":[121.044622800000013,14.7305549]}},
{"type":"Feature","properties":{"osm_id":"14222040152","other_tags":"\"power\"=>\"portal\""},"geometry":{"type":"Point","coordinates":[121.0443695,14.7308839]}}
]
}
