{
"type": "FeatureCollection",
"name": "lines",
"crs": { "type": "name", "properties": { "name": "urn:ogc:def:crs:OGC:1.3:CRS84" } },
"features": [
{"type":"Feature","properties":{"osm_id":"23213762","name":"Katipunan Extension","highway":"secondary","z_order":6,"other_tags":"\"designation\"=>\"city_road\",\"lanes\"=>\"4\",\"lanes:backward\"=>\"2\",\"lanes:forward\"=>\"2\",\"lit\"=>\"yes\",\"maxspeed\"=>\"30\",\"maxspeed:type\"=>\"PH:urban\",\"surface\"=>\"concrete\""},"geometry":{"type":"LineString","coordinates":[[121.0210033,14.71851],[121.0211213,14.7192204],[121.0211383,14.7193764]]}},
{"type":"Feature","properties":{"osm_id":"23213805","name":"West Los Angeles Street","highway":"residential","z_order":3,"other_tags":"\"old_name\"=>\"Sampaguita\""},"geometry":{"type":"LineString","coordinates":[[121.017995,14.7111715],[121.0182692,14.711187],[121.0183565,14.7111913],[121.0192162,14.7112491],[121.0198907,14.7113131],[121.0206257,14.7113829],[121.0209674,14.7114154]]}},
{"type":"Feature","properties":{"osm_id":"23213934","name":"Pablo dela Cruz Street","highway":"tertiary","z_order":4,"other_tags":"\"designation\"=>\"barangay_road\",\"lanes\"=>\"2\",\"lit\"=>\"yes\",\"maxspeed\"=>\"20\",\"maxspeed:type\"=>\"PH:urban\",\"oneway\"=>\"no\",\"short_name\"=>\"P. dela Cruz Street\",\"sidewalk\"=>\"no\",\"surface\"=>\"concrete\""},"geometry":{"type":"LineString","coordinates":[[121.0347582,14.7018658],[121.0347399,14.7021281],[121.0347115,14.702514],[121.034707,14.7026966],[121.0347051,14.7027726],[121.0347144,14.7029635],[121.0347395,14.7032692],[121.0347411,14.7032938],[121.0347739,14.7036431],[121.0347793,14.7037008],[121.0348072,14.7039971],[121.034822,14.7042339],[121.0348325,14.7044567],[121.0348315,14.7044936],[121.0348272,14.7045331],[121.0348208,14.7045705],[121.0348119,14.7046123],[121.0347478,14.7048457],[121.0345431,14.7055397],[121.0344987,14.705699],[121.0344586,14.705829],[121.0343524,14.706173],[121.0343228,14.7062527],[121.0342357,14.7064455],[121.034167,14.7065598],[121.0340969,14.7066503],[121.0339768,14.7067552],[121.0336697,14.7070096],[121.0334831,14.7071574],[121.0333044,14.707299],[121.0332696,14.707327],[121.0329321,14.7076095],[121.0328024,14.7077182],[121.0326498,14.7078459],[121.0326002,14.7078874],[121.0325221,14.7079486],[121.0324615,14.707987],[121.0324069,14.7080092],[121.0323401,14.7080186],[121.0322783,14.7080209],[121.0322027,14.7080152],[121.0321137,14.708003],[121.0320281,14.7079905],[121.0319129,14.7079694],[121.0316489,14.707919],[121.0315231,14.707897],[121.0314054,14.7078826],[121.0313006,14.7078809],[121.031166,14.7078884],[121.0310591,14.7079063],[121.0307781,14.7079847],[121.0306402,14.7080388],[121.0305251,14.7081071],[121.0304234,14.7081723],[121.0303275,14.7082444],[121.0302199,14.7083381],[121.0301467,14.7083978],[121.0298887,14.7086027],[121.0297148,14.7087427],[121.0296185,14.7088267],[121.0295608,14.7089033],[121.0295101,14.7089896],[121.0293504,14.7092555],[121.0292151,14.7095027],[121.0291868,14.7095531],[121.0291655,14.7095909],[121.0290877,14.7096969],[121.0290124,14.7097846],[121.028908,14.7099059],[121.0288525,14.7099598],[121.0286868,14.7100974],[121.0284035,14.7103467],[121.0283008,14.7104635],[121.0282491,14.7105423],[121.0281517,14.7107348],[121.0280606,14.7109003],[121.0278935,14.7111497],[121.0277771,14.7112865],[121.0276897,14.7113728]]}},
{"type":"Feature","properties":{"osm_id":"24053298","highway":"service","z_order":0,"other_tags":"\"access\"=>\"private\",\"service\"=>\"driveway\""},"geometry":{"type":"LineString","coordinates":[[121.0334721,14.7171398],[121.0335915,14.7170685],[121.0337853,14.7170224],[121.0339068,14.7169815],[121.0339754,14.7169342],[121.0340052,14.7169393],[121.0341756,14.7171319],[121.0343358,14.7173438],[121.0344165,14.7173712]]}},
{"type":"Feature","properties":{"osm_id":"24053313","name":"Saint Matthew Street","highway":"residential","z_order":3,"other_tags":"\"access\"=>\"destination\",\"lanes\"=>\"2\",\"lit\"=>\"yes\",\"sidewalk\"=>\"no\",\"surface\"=>\"concrete\""},"geometry":{"type":"LineString","coordinates":[[121.0330765,14.7195947],[121.0332082,14.7196009],[121.0337244,14.7196218],[121.0338758,14.7196328],[121.0339968,14.7196551]]}},
{"type":"Feature","properties":{"osm_id":"24053314","name":"Pasacola B","highway":"residential","z_order":3,"other_tags":"\"alt_name\"=>\"Area B\",\"sidewalk\"=>\"no\",\"surface\"=>\"concrete\""},"geometry":{"type":"LineString","coordinates":[[121.0333031,14.71744],[121.0332626,14.7174341],[121.0330571,14.7174517],[121.0328186,14.7174763],[121.0326219,14.7175153],[121.0325508,14.7175348],[121.0324743,14.7175685],[121.0324002,14.7176201],[121.0323631,14.7176506]]}},
{"type":"Feature","properties":{"osm_id":"24053327","name":"Merry Mount Street","highway":"residential","z_order":3},"geometry":{"type":"LineString","coordinates":[[121.0329363,14.7155777],[121.032715,14.7156458],[121.032413,14.715743],[121.0319563,14.7159049]]}},
{"type":"Feature","properties":{"osm_id":"24053330","name":"East Street","highway":"residential","z_order":3,"other_tags":"\"access\"=>\"private\",\"lanes\"=>\"2\",\"surface\"=>\"concrete\""},"geometry":{"type":"LineString","coordinates":[[121.0321587,14.7183899],[121.0318489,14.7184583],[121.0318138,14.7184732],[121.0317736,14.7185005],[121.0317381,14.7185433],[121.031649,14.7186677],[121.0315906,14.7187314],[121.0315175,14.7188001],[121.0314611,14.7188448],[121.0314083,14.7188779],[121.0309872,14.7190943],[121.0308368,14.7191717],[121.0307845,14.7191963],[121.0307349,14.7192158],[121.0306817,14.7192305],[121.0305771,14.7192479],[121.0305177,14.7192696],[121.0304707,14.7192949],[121.0304193,14.7193401],[121.0303809,14.719389],[121.0303439,14.7194368]]}},
{"type":"Feature","properties":{"osm_id":"24053357","name":"Pasacola A","highway":"residential","z_order":3,"other_tags":"\"alt_name\"=>\"Area A\",\"lanes\"=>\"2\",\"lit\"=>\"yes\",\"mapillary\"=>\"720342408982330\",\"sidewalk\"=>\"no\",\"surface\"=>\"concrete\""},"geometry":{"type":"LineString","coordinates":[[121.033859,14.7183772],[121.0335453,14.7185106],[121.0327598,14.7187532]]}},
{"type":"Feature","properties":{"osm_id":"24053368","highway":"residential","z_order":3,"other_tags":"\"access\"=>\"private\",\"lanes\"=>\"2\",\"surface\"=>\"concrete\""},"geometry":{"type":"LineString","coordinates":[[121.033131,14.7154019],[121.0332182,14.7152208],[121.0333055,14.7150071],[121.0333428,14.7149228],[121.0333827,14.7148318],[121.0334983,14.7145381],[121.0335122,14.714535]]}},
{"type":"Feature","properties":{"osm_id":"24053402","highway":"residential","z_order":3,"other_tags":"\"access\"=>\"private\",\"lanes\"=>\"2\",\"surface\"=>\"concrete\""},"geometry":{"type":"LineString","coordinates":[[121.0340878,14.7147464],[121.0339505,14.7150749],[121.0339116,14.7151604],[121.0338744,14.7152478],[121.0337633,14.7154764],[121.0335877,14.7158914]]}},
{"type":"Feature","properties":{"osm_id":"24053406","name":"Broadway Street","highway":"residential","z_order":3},"geometry":{"type":"LineString","coordinates":[[121.0331832,14.7139464],[121.0332619,14.7136412],[121.033339,14.7133409],[121.0333672,14.7132309],[121.033416,14.7130406],[121.0334931,14.7127402],[121.0335701,14.7124399]]}},
{"type":"Feature","properties":{"osm_id":"24053478","name":"Pasacola C","highway":"residential","z_order":3,"other_tags":"\"access\"=>\"private\",\"alt_name\"=>\"Area C\",\"source:name\"=>\"extrapolation\",\"source_ref\"=>\"https://osm.org/node/6958974505\""},"geometry":{"type":"LineString","coordinates":[[121.0331016,14.7167364],[121.0329885,14.7167857],[121.0327614,14.7169311],[121.0325693,14.7170581],[121.0323959,14.717227],[121.0323007,14.7173438],[121.0322178,14.7174675]]}},
{"type":"Feature","properties":{"osm_id":"24053493","name":"Pasacola Road","highway":"tertiary","z_order":4,"other_tags":"\"designation\"=>\"barangay_road\",\"lanes\"=>\"2\",\"lit\"=>\"yes\",\"maxspeed\"=>\"20\",\"maxspeed:type\"=>\"PH:urban\",\"sidewalk\"=>\"no\",\"surface\"=>\"asphalt\""},"geometry":{"type":"LineString","coordinates":[[121.0325174,14.7217665],[121.0326805,14.7214657],[121.032753,14.7213429],[121.0327791,14.7212606],[121.0327975,14.7211394],[121.0328007,14.7210197],[121.0327843,14.72071],[121.0327627,14.7204052],[121.0327764,14.7202904],[121.0328049,14.7202223],[121.0328617,14.7201529],[121.0329303,14.7200485],[121.0329483,14.7199731],[121.0329807,14.7196447],[121.0329826,14.7195764],[121.0329782,14.7194063],[121.0329596,14.71933],[121.0327598,14.7187532],[121.0327265,14.7186532],[121.032594,14.718256],[121.0325294,14.7180492],[121.0324702,14.7178614],[121.0324454,14.7177957],[121.0324017,14.7177126],[121.0323631,14.7176506],[121.0323182,14.7175953],[121.0322547,14.7175383],[121.0321996,14.7175001],[121.0321372,14.7174596],[121.0320794,14.7174271],[121.0319645,14.717365],[121.0318979,14.7173353],[121.0318454,14.7173119],[121.0317483,14.7172675],[121.0316985,14.7172368]]}},
{"type":"Feature","properties":{"osm_id":"24053520","name":"Saint John Street","highway":"residential","z_order":3,"other_tags":"\"access\"=>\"destination\",\"lanes\"=>\"2\",\"lit\"=>\"yes\",\"sidewalk\"=>\"no\",\"surface\"=>\"concrete\""},"geometry":{"type":"LineString","coordinates":[[121.0332082,14.7196009],[121.033465,14.7197933],[121.0336831,14.7199449],[121.033807,14.7200288],[121.033904,14.7200701],[121.0346013,14.7202753],[121.0346506,14.7202698]]}},
{"type":"Feature","properties":{"osm_id":"24053522","highway":"residential","z_order":3,"other_tags":"\"access\"=>\"private\",\"lanes\"=>\"2\",\"surface\"=>\"concrete\""},"geometry":{"type":"LineString","coordinates":[[121.0337633,14.7154764],[121.0332182,14.7152208]]}},
{"type":"Feature","properties":{"osm_id":"24053544","highway":"service","z_order":0,"other_tags":"\"access\"=>\"private\",\"service\"=>\"driveway\""},"geometry":{"type":"LineString","coordinates":[[121.0296834,14.7180767],[121.0304608,14.7175978],[121.0309455,14.7174076],[121.0314769,14.7173099],[121.0315839,14.7172961],[121.0316598,14.7172835]]}},
{"type":"Feature","properties":{"osm_id":"24053648","name":"General Ricarte Street","highway":"tertiary","z_order":4,"other_tags":"\"destination:backward\"=>\"Novaliches\",\"destination:street:backward\"=>\"General Luis\""},"geometry":{"type":"LineString","coordinates":[[121.0358942,14.715813],[121.0355011,14.7154253],[121.0353918,14.7153417],[121.0352714,14.7152992],[121.0350359,14.7152722],[121.034918,14.715233],[121.0348029,14.7151619],[121.034615,14.7149922],[121.0344992,14.714847],[121.0344525,14.7147573],[121.0344311,14.7146781],[121.0344169,14.7145378],[121.0344111,14.7144662],[121.0343912,14.7144099],[121.0342057,14.7142038],[121.0341105,14.7141117],[121.0340354,14.7140636],[121.0339764,14.7140533],[121.0338242,14.7140585],[121.0337229,14.7140611],[121.0335821,14.7140494],[121.0334444,14.7140279]]}},
{"type":"Feature","properties":{"osm_id":"24053655","name":"A. Ramirez Street","highway":"residential","z_order":3,"other_tags":"\"lanes\"=>\"2\",\"motorcar\"=>\"yes\",\"surface\"=>\"concrete\""},"geometry":{"type":"LineString","coordinates":[[121.0288525,14.7099598],[121.0291149,14.7102975],[121.029135,14.7103128],[121.0291585,14.7103221],[121.0291886,14.7103257],[121.0292205,14.7103211],[121.029416,14.7102666],[121.0294991,14.7102495],[121.0295749,14.7102423],[121.0296574,14.710247],[121.0297329,14.7102601],[121.0301717,14.7104038],[121.030225,14.7104171],[121.0302686,14.7104204],[121.0303143,14.7104199]]}},
{"type":"Feature","properties":{"osm_id":"24053656","name":"Emerald Street","highway":"residential","z_order":3,"other_tags":"\"access\"=>\"private\",\"lanes\"=>\"2\",\"surface\"=>\"asphalt\""},"geometry":{"type":"LineString","coordinates":[[121.0336026,14.7087239],[121.0334862,14.7085684],[121.0334132,14.7085033],[121.0333407,14.7084685],[121.0332643,14.7084542],[121.0331663,14.7084535],[121.0330762,14.7084622],[121.0329612,14.7084938],[121.0328369,14.7085281],[121.0326997,14.7085378],[121.0325414,14.7085308],[121.0323543,14.7085067],[121.0320842,14.7084644],[121.0318336,14.7084251],[121.0314456,14.7083868],[121.031376,14.7084004],[121.0312787,14.7084491],[121.0312017,14.7085218],[121.030985,14.7087474],[121.0308151,14.7089279],[121.0306511,14.7091021],[121.0300151,14.7097627],[121.0297586,14.7100456]]}},
{"type":"Feature","properties":{"osm_id":"24053662","highway":"residential","z_order":3},"geometry":{"type":"LineString","coordinates":[[121.0305429,14.7108455],[121.0299443,14.7106976],[121.0296941,14.7106295]]}},
{"type":"Feature","properties":{"osm_id":"24053663","highway":"residential","z_order":3},"geometry":{"type":"LineString","coordinates":[[121.0299443,14.7106976],[121.0299645,14.7106607],[121.0299819,14.7106399],[121.030008,14.7106276],[121.030045,14.7106191],[121.0303351,14.7105894],[121.0305808,14.7105643],[121.0306038,14.7105682],[121.0306232,14.7105809]]}},
{"type":"Feature","properties":{"osm_id":"24053726","name":"Friendly Avenue","highway":"residential","z_order":3,"other_tags":"\"alt_name\"=>\"Biglang Awa\""},"geometry":{"type":"LineString","coordinates":[[121.0299807,14.7154148],[121.0299882,14.7154484],[121.0302373,14.7158577],[121.0302701,14.7158963],[121.0303477,14.7159684],[121.0304353,14.7160385],[121.0305233,14.7160909],[121.0306088,14.716125],[121.0306997,14.7161498],[121.0312931,14.7162766],[121.0317163,14.7163613]]}},
{"type":"Feature","properties":{"osm_id":"24053727","name":"Blueridge Avenue","highway":"residential","z_order":3},"geometry":{"type":"LineString","coordinates":[[121.0316619,14.712972],[121.0315298,14.7133585],[121.0315199,14.7134278]]}},
{"type":"Feature","properties":{"osm_id":"24053728","name":"Abbey Road","highway":"residential","z_order":3,"other_tags":"\"source:name\"=>\"extrapolation\",\"source_ref\"=>\"https://osm.org/node/7915405685\""},"geometry":{"type":"LineString","coordinates":[[121.0309337,14.7140173],[121.0309228,14.7140356],[121.0308087,14.7143627],[121.0306981,14.7147337],[121.0306618,14.7147852],[121.0306243,14.7148607],[121.0306039,14.7149435],[121.0306077,14.7150331],[121.0306511,14.7151179]]}},
{"type":"Feature","properties":{"osm_id":"24053729","name":"Morning Sun Street","highway":"residential","z_order":3,"other_tags":"\"oneway\"=>\"no\""},"geometry":{"type":"LineString","coordinates":[[121.0318426,14.7135279],[121.0318247,14.7135884],[121.0314547,14.7148634]]}},
{"type":"Feature","properties":{"osm_id":"24053730","name":"Sundance Drive","highway":"residential","z_order":3,"other_tags":"\"access\"=>\"private\",\"bicycle\"=>\"yes\",\"foot\"=>\"yes\",\"lanes\"=>\"2\",\"surface\"=>\"paved\""},"geometry":{"type":"LineString","coordinates":[[121.0325769,14.7120449],[121.0325732,14.7120359],[121.0323649,14.7119849],[121.0319036,14.711845],[121.0317707,14.7117823],[121.031138,14.7114136]]}},
{"type":"Feature","properties":{"osm_id":"24053732","name":"Windy Avenue","highway":"residential","z_order":3},"geometry":{"type":"LineString","coordinates":[[121.032413,14.715743],[121.0324039,14.715689],[121.0323845,14.7155132],[121.0323871,14.7154204],[121.0324136,14.7153225],[121.0326173,14.7145009],[121.0326955,14.7142416],[121.0327724,14.7139746],[121.0328166,14.7138357]]}},
{"type":"Feature","properties":{"osm_id":"24053735","name":"Yellowstone Street","highway":"residential","z_order":3},"geometry":{"type":"LineString","coordinates":[[121.0306839,14.7157925],[121.0305974,14.7157279],[121.0305238,14.7156525],[121.0302817,14.7152743]]}},
{"type":"Feature","properties":{"osm_id":"24053738","name":"Gozum Street","highway":"residential","z_order":3,"other_tags":"\"access\"=>\"private\",\"oneway\"=>\"no\""},"geometry":{"type":"LineString","coordinates":[[121.0336284,14.7120667],[121.0332774,14.7119323],[121.0328575,14.7118116],[121.0328044,14.7117957],[121.0319946,14.7115534],[121.0316148,14.7113227],[121.0314763,14.7112313],[121.031388,14.7111557],[121.0313381,14.7110681],[121.0311501,14.7106641],[121.0311324,14.7106348]]}},
{"type":"Feature","properties":{"osm_id":"24053739","name":"Saint Benedict Street","highway":"residential","z_order":3,"other_tags":"\"access\"=>\"private\",\"oneway\"=>\"no\""},"geometry":{"type":"LineString","coordinates":[[121.0338327,14.7109697],[121.0335997,14.7109781],[121.0331173,14.7109937],[121.0321611,14.7110215]]}},
{"type":"Feature","properties":{"osm_id":"24053740","name":"Dormitory Road","highway":"residential","z_order":3,"other_tags":"\"access\"=>\"private\""},"geometry":{"type":"LineString","coordinates":[[121.0316394,14.7124422],[121.0316589,14.7123606],[121.0317046,14.7122512],[121.0318056,14.7120523],[121.0319036,14.711845],[121.0319474,14.7117332],[121.0319946,14.7115534]]}},
{"type":"Feature","properties":{"osm_id":"24053742","name":"Santa Editha Street","highway":"residential","z_order":3,"other_tags":"\"access\"=>\"private\""},"geometry":{"type":"LineString","coordinates":[[121.0332774,14.7119323],[121.0333045,14.7118028],[121.0333052,14.7117444],[121.0332562,14.7115181],[121.0332374,14.7114967],[121.0332079,14.7114825]]}},
{"type":"Feature","properties":{"osm_id":"24053743","name":"West Berkeley Street","highway":"residential","z_order":3,"other_tags":"\"lanes\"=>\"2\",\"motorcar\"=>\"yes\",\"surface\"=>\"concrete\""},"geometry":{"type":"LineString","coordinates":[[121.0192873,14.7104516],[121.019746,14.7104857],[121.0205482,14.7105455],[121.0210496,14.7105828]]}},
{"type":"Feature","properties":{"osm_id":"24053744","name":"East Berkely Street","highway":"tertiary","z_order":4,"other_tags":"\"designation\"=>\"barangay_road\",\"lane_markings\"=>\"no\",\"lanes\"=>\"2\",\"lit\"=>\"yes\",\"maxspeed\"=>\"20\",\"sidewalk\"=>\"both\",\"source:maxspeed\"=>\"sign\",\"surface\"=>\"concrete\""},"geometry":{"type":"LineString","coordinates":[[121.0210222,14.7108604],[121.0223852,14.7110098],[121.0229516,14.7110719],[121.0235063,14.7111342],[121.0236797,14.7111538],[121.0240026,14.7111904],[121.0243467,14.7112236],[121.0244498,14.7112282],[121.0245183,14.7112199],[121.0245799,14.7111983],[121.0246336,14.7111652],[121.0246795,14.7111199],[121.0248528,14.7109233],[121.0248991,14.7108773],[121.0249409,14.7108448],[121.0250037,14.7108131],[121.0250741,14.7107839],[121.0254677,14.7106412],[121.0257496,14.7105427],[121.0260651,14.7104373],[121.026191,14.7104008],[121.0263097,14.7103795],[121.026374,14.7103835],[121.0264342,14.7103921]]}},
{"type":"Feature","properties":{"osm_id":"24053745","name":"Calugas Street","highway":"residential","z_order":3,"other_tags":"\"lit\"=>\"yes\",\"mapillary\"=>\"209402611088089\",\"sidewalk\"=>\"both\",\"source:name\"=>\"extrapolation\",\"surface\"=>\"concrete\""},"geometry":{"type":"LineString","coordinates":[[121.0278028,14.7104992],[121.0275495,14.7109081]]}},
{"type":"Feature","properties":{"osm_id":"24053746","highway":"service","z_order":0,"other_tags":"\"access\"=>\"private\",\"service\"=>\"driveway\""},"geometry":{"type":"LineString","coordinates":[[121.0289927,14.7151626],[121.0289216,14.7141952],[121.0288922,14.7139612],[121.0288654,14.7138912],[121.0288271,14.7138359],[121.0285974,14.7136435],[121.028506,14.7135954],[121.0284183,14.7135593],[121.0283089,14.7135409],[121.0278428,14.7134969],[121.0277865,14.7134942],[121.0277516,14.7134826],[121.0276755,14.7134368]]}},
{"type":"Feature","properties":{"osm_id":"24053748","highway":"service","z_order":0,"other_tags":"\"access\"=>\"private\",\"service\"=>\"driveway\""},"geometry":{"type":"LineString","coordinates":[[121.0297699,14.7128882],[121.0295966,14.7131775],[121.0295812,14.7132162],[121.0295702,14.7132672],[121.0295657,14.7133287],[121.0295561,14.7134501],[121.0295485,14.7134927],[121.02953,14.7135293],[121.0291779,14.7139469],[121.029082,14.7140494],[121.0289995,14.7141285],[121.0289216,14.7141952]]}},
{"type":"Feature","properties":{"osm_id":"24053749","name":"Saint Peter Street","highway":"residential","z_order":3,"other_tags":"\"access\"=>\"private\""},"geometry":{"type":"LineString","coordinates":[[121.023086,14.7157562],[121.0232826,14.7152457],[121.0233469,14.7150846],[121.0233965,14.7150255],[121.0234749,14.7149902],[121.0239217,14.7148401],[121.0242974,14.7147139],[121.024476,14.7146492],[121.0245212,14.7146229],[121.0245675,14.714609]]}},
{"type":"Feature","properties":{"osm_id":"24053750","name":"Saint Andrew Street","highway":"residential","z_order":3,"other_tags":"\"access\"=>\"private\""},"geometry":{"type":"LineString","coordinates":[[121.0224905,14.7151215],[121.0225144,14.715239],[121.022556,14.7153524],[121.0226124,14.7154491],[121.0226899,14.7155327],[121.0227706,14.715593],[121.0228503,14.7156426],[121.023086,14.7157562],[121.0234624,14.7159411],[121.0238158,14.7161216],[121.0239431,14.7161891],[121.0240085,14.7162084],[121.0240774,14.7162143],[121.0241939,14.7161873],[121.0243665,14.716108],[121.024562,14.7160025],[121.024721,14.7158459],[121.0248166,14.7157152],[121.0248476,14.7155931],[121.0248605,14.7154775],[121.0248603,14.7153252],[121.02479,14.7149903],[121.0247382,14.7147773],[121.0246744,14.7146897],[121.0246106,14.7146315],[121.0245675,14.714609]]}},
{"type":"Feature","properties":{"osm_id":"24053751","name":"Saint John Street","highway":"residential","z_order":3,"other_tags":"\"access\"=>\"private\""},"geometry":{"type":"LineString","coordinates":[[121.02479,14.7149903],[121.0243875,14.7151136],[121.0239591,14.7152407],[121.0237479,14.7153125],[121.0237087,14.7153409],[121.0236842,14.715375],[121.0234624,14.7159411]]}},
{"type":"Feature","properties":{"osm_id":"24053752","name":"Saint Matthew Street","highway":"residential","z_order":3,"other_tags":"\"access\"=>\"private\""},"geometry":{"type":"LineString","coordinates":[[121.0238158,14.7161216],[121.0239065,14.715881],[121.0239512,14.7158427],[121.0240833,14.7157781],[121.0242793,14.7157009],[121.0243823,14.7156267]]}},
{"type":"Feature","properties":{"osm_id":"24053753","name":"Saint Mark Street","highway":"residential","z_order":3},"geometry":{"type":"LineString","coordinates":[[121.022885,14.7150143],[121.022922,14.7149202],[121.0230053,14.7146838],[121.0230473,14.7145689],[121.0230799,14.7145242],[121.0231492,14.7144784],[121.0232804,14.714455],[121.0233195,14.7144386],[121.0233403,14.7144091],[121.0233561,14.7143653],[121.0233983,14.7141583]]}},
{"type":"Feature","properties":{"osm_id":"24053754","name":"Saint James Street","highway":"residential","z_order":3},"geometry":{"type":"LineString","coordinates":[[121.0224382,14.7147688],[121.0225611,14.7148382],[121.0228346,14.7149864],[121.022885,14.7150143]]}},
{"type":"Feature","properties":{"osm_id":"24053755","name":"East Los Angeles Street","highway":"residential","z_order":3},"geometry":{"type":"LineString","coordinates":[[121.0209417,14.7116752],[121.0215778,14.7117499],[121.0228067,14.7118945],[121.0228398,14.7118819]]}},
{"type":"Feature","properties":{"osm_id":"24053759","name":"Quezon Street","highway":"residential","z_order":3,"other_tags":"\"lanes\"=>\"2\",\"source_ref\"=>\"https://osm.org/node/7891831389\",\"surface\"=>\"concrete\""},"geometry":{"type":"LineString","coordinates":[[121.0248973,14.7093965],[121.0245695,14.7093324],[121.0239654,14.7092109],[121.0238859,14.7091864],[121.0238161,14.7091529],[121.0235645,14.7090165],[121.0227433,14.7085823]]}},
{"type":"Feature","properties":{"osm_id":"24053763","name":"Magsaysay Avenue","highway":"tertiary","z_order":4,"other_tags":"\"alt_name\"=>\"East San Francisco Street\",\"designation\"=>\"barangay_road\",\"lanes\"=>\"2\",\"lit\"=>\"yes\",\"maxspeed\"=>\"20\",\"sidewalk\"=>\"both\",\"source:maxspeed\"=>\"sign\",\"surface\"=>\"concrete\""},"geometry":{"type":"LineString","coordinates":[[121.0255323,14.7070418],[121.0255705,14.707087],[121.0255972,14.707146],[121.0256673,14.7073921],[121.0257445,14.707642],[121.0259106,14.7081532],[121.0259829,14.7083624],[121.0261274,14.7087803],[121.0262184,14.7091074],[121.0262323,14.7091942],[121.0262345,14.7092917],[121.0262133,14.709449],[121.0261733,14.7097262],[121.0261765,14.7098761],[121.0261979,14.70995],[121.0262448,14.7100526],[121.0263676,14.7102813],[121.0264342,14.7103921]]}},
{"type":"Feature","properties":{"osm_id":"24053764","name":"E. Aguinaldo Street","highway":"residential","z_order":3,"other_tags":"\"lanes\"=>\"2\",\"lit\"=>\"yes\",\"name:etymology\"=>\"Gen. Emilio Aguinaldo\",\"name:etymology:wikidata\"=>\"Q188939\",\"name:etymology:wikipedia\"=>\"en:Emilio Aguinaldo\",\"sidewalk\"=>\"both\",\"surface\"=>\"concrete\""},"geometry":{"type":"LineString","coordinates":[[121.0233637,14.7094686],[121.023633,14.7095932],[121.023733,14.7096268],[121.0238322,14.7096494],[121.0244044,14.7097529],[121.0246356,14.7097948],[121.0246648,14.7098065],[121.0246872,14.709824],[121.0247013,14.7098474],[121.0247282,14.7099349],[121.024743,14.7099629],[121.0247721,14.7099866],[121.024824,14.710003],[121.0249128,14.7100159]]}},
{"type":"Feature","properties":{"osm_id":"24053766","name":"Santa Barbara Street","highway":"residential","z_order":3,"other_tags":"\"lanes\"=>\"2\",\"short_name\"=>\"Sta. Barbara Street\",\"surface\"=>\"concrete\""},"geometry":{"type":"LineString","coordinates":[[121.0249128,14.7100159],[121.0248883,14.7102036],[121.0248562,14.71045],[121.0248508,14.7105449],[121.0248589,14.7106341],[121.0248837,14.7107177],[121.0249409,14.7108448]]}},
{"type":"Feature","properties":{"osm_id":"24053767","name":"J. P. Rizal Street","highway":"residential","z_order":3,"other_tags":"\"lanes\"=>\"2\",\"surface\"=>\"concrete\""},"geometry":{"type":"LineString","coordinates":[[121.022714,14.7102828],[121.0229176,14.710308],[121.0234464,14.7103735],[121.0237842,14.7104192],[121.0238777,14.7104396],[121.0239731,14.7104719],[121.0240546,14.7105124],[121.0241231,14.7105335],[121.0241796,14.7105271],[121.0242272,14.7105081],[121.0242675,14.7104658],[121.0242896,14.7104025],[121.0243022,14.7103266],[121.0243322,14.7101313],[121.024341,14.7100854],[121.024389,14.7098336],[121.0244044,14.7097529]]}},
{"type":"Feature","properties":{"osm_id":"24053769","name":"A. Bonifacio Street","highway":"residential","z_order":3,"other_tags":"\"lanes\"=>\"2\",\"surface\"=>\"concrete\""},"geometry":{"type":"LineString","coordinates":[[121.0234464,14.7103735],[121.0236364,14.710017],[121.0238322,14.7096494]]}},
{"type":"Feature","properties":{"osm_id":"24053771","name":"Quirino Street","highway":"residential","z_order":3,"other_tags":"\"lanes\"=>\"2\",\"surface\"=>\"concrete\""},"geometry":{"type":"LineString","coordinates":[[121.0240508,14.7074998],[121.0241373,14.7078367],[121.0241494,14.7079023],[121.0241539,14.7079704],[121.0241437,14.7083645],[121.0241474,14.7084224],[121.0241602,14.7084735],[121.0241838,14.708525],[121.0243378,14.708802],[121.0245457,14.7091826],[121.0245645,14.7092383],[121.0245699,14.7092895],[121.0245695,14.7093324]]}},
{"type":"Feature","properties":{"osm_id":"24053776","name":"Osmeña Street","highway":"residential","z_order":3,"other_tags":"\"lanes\"=>\"2\",\"surface\"=>\"concrete\""},"geometry":{"type":"LineString","coordinates":[[121.0236364,14.710017],[121.0243322,14.7101313]]}},
{"type":"Feature","properties":{"osm_id":"24054143","name":"P. Rivera Street","highway":"residential","z_order":3},"geometry":{"type":"LineString","coordinates":[[121.0307943,14.7276642],[121.0309172,14.7274905],[121.0309555,14.7273604],[121.0309575,14.7269489],[121.030942,14.7266391],[121.0307162,14.7262482],[121.0305581,14.72595]]}},
{"type":"Feature","properties":{"osm_id":"24054144","name":"M. Roxas Street","highway":"residential","z_order":3,"other_tags":"\"lanes\"=>\"2\",\"surface\"=>\"concrete\""},"geometry":{"type":"LineString","coordinates":[[121.0329157,14.725762],[121.0321008,14.7262641],[121.0315305,14.7265872]]}},
{"type":"Feature","properties":{"osm_id":"24054145","name":"M. L. Quezon Street","highway":"residential","z_order":3,"other_tags":"\"lanes\"=>\"2\",\"surface\"=>\"concrete\""},"geometry":{"type":"LineString","coordinates":[[121.0321008,14.7262641],[121.0321137,14.7272971],[121.0321212,14.7278953]]}},
{"type":"Feature","properties":{"osm_id":"24054150","name":"Ambrosia Street","highway":"tertiary","z_order":4,"other_tags":"\"designation\"=>\"barangay_road\",\"lanes\"=>\"2\",\"lit\"=>\"yes\",\"maxspeed\"=>\"20\",\"maxspeed:type\"=>\"PH:urban\",\"sidewalk\"=>\"both\",\"surface\"=>\"concrete\""},"geometry":{"type":"LineString","coordinates":[[121.0312875,14.7261067],[121.0318614,14.725749],[121.0320943,14.7256059],[121.0327414,14.7252134],[121.0328095,14.7251963],[121.0328592,14.7251934],[121.0328786,14.7251942],[121.0329148,14.7251956],[121.0334754,14.7252077],[121.0335983,14.7251846],[121.0336782,14.7251361],[121.0337321,14.7250892],[121.0337909,14.7249984],[121.0338198,14.7248921],[121.0338369,14.7247381],[121.0338394,14.7243884],[121.0338473,14.7242373],[121.0338604,14.7241745],[121.0339762,14.7239463],[121.0341618,14.7235811],[121.0343358,14.7232497],[121.0343895,14.7231388],[121.0344391,14.7230325],[121.0344918,14.7228539],[121.0346166,14.7221205],[121.0346369,14.7219919],[121.0346641,14.7218493]]}},
{"type":"Feature","properties":{"osm_id":"24054158","name":"Pulong Gubat","highway":"residential","z_order":3},"geometry":{"type":"LineString","coordinates":[[121.0329903,14.7235414],[121.0327582,14.7233073],[121.032536,14.7231006],[121.0324938,14.7230843],[121.0324543,14.7230894]]}},
{"type":"Feature","properties":{"osm_id":"24054163","name":"Sampaguita Street","highway":"residential","z_order":3,"other_tags":"\"lanes\"=>\"2\",\"lit\"=>\"yes\",\"sidewalk\"=>\"no\""},"geometry":{"type":"LineString","coordinates":[[121.033798,14.7243878],[121.0337732,14.7243874],[121.0333851,14.7243813],[121.0330443,14.7242796],[121.0325263,14.7241617],[121.0324415,14.7241326],[121.03212,14.7237807],[121.0320526,14.7237361],[121.0318188,14.7236498]]}},
{"type":"Feature","properties":{"osm_id":"24054164","name":"Ilang-ilang Street","highway":"residential","z_order":3},"geometry":{"type":"LineString","coordinates":[[121.0325263,14.7241617],[121.0326383,14.7242907],[121.0330817,14.7245962],[121.0331787,14.7246403],[121.0332817,14.7246674]]}},
{"type":"Feature","properties":{"osm_id":"24054166","name":"Luisito Street","highway":"residential","z_order":3,"other_tags":"\"alt_name\"=>\"Luisito Road\",\"lane_markings\"=>\"no\",\"lanes\"=>\"2\",\"lit\"=>\"yes\",\"sidewalk\"=>\"both\",\"surface\"=>\"concrete\""},"geometry":{"type":"LineString","coordinates":[[121.0333819,14.7218021],[121.0334036,14.7229285]]}},
{"type":"Feature","properties":{"osm_id":"24054167","name":"Elenita Road","highway":"residential","z_order":3,"other_tags":"\"lane_markings\"=>\"no\",\"lanes\"=>\"2\",\"lit\"=>\"yes\",\"sidewalk\"=>\"both\",\"surface\"=>\"concrete\""},"geometry":{"type":"LineString","coordinates":[[121.0328178,14.721786],[121.0328173,14.7219241],[121.032803,14.7228647]]}},
{"type":"Feature","properties":{"osm_id":"24054168","name":"Dominga Street","highway":"unclassified","z_order":3,"other_tags":"\"lanes\"=>\"2\",\"oneway\"=>\"no\",\"surface\"=>\"concrete\""},"geometry":{"type":"LineString","coordinates":[[121.0278732,14.7248049],[121.0275946,14.7248507],[121.0273759,14.7248866],[121.027275,14.7249101],[121.027205,14.7249356],[121.0271481,14.7249683],[121.027098,14.7250161],[121.0270284,14.725098],[121.0267747,14.725388],[121.0267334,14.7254627],[121.026723,14.725504],[121.0267173,14.7255516],[121.0267235,14.7256394],[121.0267486,14.7259935],[121.0267451,14.7260397],[121.0267347,14.7260864],[121.0267123,14.7261441],[121.0266801,14.7262025],[121.0266224,14.7263212],[121.0266029,14.7263957],[121.0265957,14.7264827],[121.026598,14.7265017],[121.0266057,14.726565],[121.0266292,14.7266379],[121.0268145,14.7270854],[121.026834,14.727116]]}},
{"type":"Feature","properties":{"osm_id":"24054170","name":"Pablo Street","highway":"residential","z_order":3,"other_tags":"\"lanes\"=>\"2\",\"surface\"=>\"concrete\""},"geometry":{"type":"LineString","coordinates":[[121.028084,14.7258822],[121.0275049,14.7259698],[121.0267912,14.7260778],[121.0267347,14.7260864]]}},
{"type":"Feature","properties":{"osm_id":"24054171","name":"Terio Street","highway":"residential","z_order":3,"other_tags":"\"lanes\"=>\"2\",\"surface\"=>\"concrete\""},"geometry":{"type":"LineString","coordinates":[[121.0282757,14.7252874],[121.0281518,14.7253084],[121.0267835,14.7255404],[121.0267173,14.7255516]]}},
{"type":"Feature","properties":{"osm_id":"24054177","name":"San Roque Street","highway":"unclassified","z_order":3,"other_tags":"\"lanes\"=>\"2\",\"oneway\"=>\"no\",\"surface\"=>\"concrete\""},"geometry":{"type":"LineString","coordinates":[[121.0298967,14.7275401],[121.0297881,14.7274869],[121.0280496,14.7266359],[121.0280229,14.7266299],[121.0279953,14.7266298]]}},
{"type":"Feature","properties":{"osm_id":"24054180","name":"Saint Martin Street","highway":"residential","z_order":3},"geometry":{"type":"LineString","coordinates":[[121.027526,14.7269029],[121.0291819,14.7277387],[121.0292201,14.7277661],[121.0292543,14.727805],[121.0292845,14.7278523],[121.0293216,14.7279263]]}},
{"type":"Feature","properties":{"osm_id":"24054185","name":"Trinidad Avenue","highway":"residential","z_order":3},"geometry":{"type":"LineString","coordinates":[[121.0236195,14.7233535],[121.0239081,14.7234715],[121.0240361,14.7235238],[121.0244242,14.7236824],[121.0247437,14.723813],[121.0251544,14.7239808],[121.025388,14.7240818],[121.0255824,14.7241658],[121.0260218,14.7243885],[121.0265813,14.724708]]}},
{"type":"Feature","properties":{"osm_id":"24054188","name":"Katipunan Avenue","highway":"residential","z_order":3},"geometry":{"type":"LineString","coordinates":[[121.0234501,14.7242253],[121.0237671,14.7245722],[121.0241629,14.7248951],[121.0246345,14.7251505],[121.0246539,14.7251609],[121.0247234,14.7252019],[121.0253477,14.7255403],[121.0254858,14.7256207],[121.0256165,14.7257342]]}},
{"type":"Feature","properties":{"osm_id":"24054193","name":"Ligaya Street","highway":"residential","z_order":3},"geometry":{"type":"LineString","coordinates":[[121.0242306,14.7262949],[121.0240326,14.7261365],[121.023558,14.7256931],[121.0234501,14.7255839]]}},
{"type":"Feature","properties":{"osm_id":"24054194","name":"Gethsemane Street","highway":"residential","z_order":3},"geometry":{"type":"LineString","coordinates":[[121.0230009,14.7242911],[121.0231443,14.7245953],[121.0234421,14.7248807],[121.0237918,14.725219],[121.0238257,14.7254483]]}},
{"type":"Feature","properties":{"osm_id":"24054195","highway":"residential","z_order":3},"geometry":{"type":"LineString","coordinates":[[121.0223334,14.7266566],[121.0223328,14.7266178],[121.0223531,14.7265851],[121.0224777,14.7264628],[121.0226257,14.7264019],[121.0226843,14.7263841],[121.022756,14.7263416],[121.0228299,14.726284],[121.0229681,14.7261763],[121.0230176,14.7261377],[121.0231809,14.7260105],[121.0233541,14.7258647],[121.023558,14.7256931]]}},
{"type":"Feature","properties":{"osm_id":"24054196","name":"Victory Street","highway":"residential","z_order":3},"geometry":{"type":"LineString","coordinates":[[121.0233058,14.7265994],[121.0236051,14.7265059],[121.0238279,14.7264029],[121.0239148,14.7263334],[121.0239758,14.726223],[121.0240326,14.7261365]]}},
{"type":"Feature","properties":{"osm_id":"24054214","name":"Queen Victoria Street","highway":"residential","z_order":3},"geometry":{"type":"LineString","coordinates":[[121.0254613,14.7264014],[121.0258153,14.7262047],[121.0258648,14.7262096],[121.0258909,14.7262212],[121.0259239,14.7262531],[121.0263225,14.7272245],[121.0263653,14.7273288]]}},
{"type":"Feature","properties":{"osm_id":"24054219","name":"Queen Elizabeth Street","highway":"residential","z_order":3},"geometry":{"type":"LineString","coordinates":[[121.0248921,14.7275215],[121.0250117,14.7270361],[121.0250862,14.7266454],[121.0251621,14.7265746],[121.0254613,14.7264014]]}},
{"type":"Feature","properties":{"osm_id":"24054220","name":"Princess Diana","highway":"residential","z_order":3,"other_tags":"\"alt_name\"=>\"Princess Dianne\""},"geometry":{"type":"LineString","coordinates":[[121.0258705,14.7273868],[121.0258439,14.7273228],[121.0254782,14.7264421],[121.0254613,14.7264014]]}},
{"type":"Feature","properties":{"osm_id":"24054221","name":"Princess Joanna","highway":"residential","z_order":3},"geometry":{"type":"LineString","coordinates":[[121.0253945,14.7269744],[121.0250117,14.7270361]]}},
{"type":"Feature","properties":{"osm_id":"24054222","name":"Bethel Street","highway":"residential","z_order":3},"geometry":{"type":"LineString","coordinates":[[121.0201712,14.727058],[121.0202641,14.7267529],[121.0203932,14.7262612],[121.0204549,14.7259422],[121.0204393,14.7250176],[121.0204723,14.7249845]]}},
{"type":"Feature","properties":{"osm_id":"24054224","name":"Molave Drive 1","highway":"residential","z_order":3,"other_tags":"\"lane_markings\"=>\"no\",\"lanes\"=>\"2\",\"surface\"=>\"concrete\""},"geometry":{"type":"LineString","coordinates":[[121.0270506,14.7243939],[121.0269307,14.7242239],[121.0267582,14.7239793],[121.0265585,14.7236962],[121.0265269,14.7236613],[121.0264883,14.7236396],[121.0264353,14.7236144],[121.0263446,14.7235701],[121.0262853,14.7235267],[121.0262399,14.7234789],[121.0248941,14.721881]]}},
{"type":"Feature","properties":{"osm_id":"24054225","highway":"residential","z_order":3},"geometry":{"type":"LineString","coordinates":[[121.0248941,14.721881],[121.0254712,14.7212739]]}},
{"type":"Feature","properties":{"osm_id":"24054226","name":"South Street","highway":"residential","z_order":3,"other_tags":"\"access\"=>\"private\",\"lanes\"=>\"2\",\"surface\"=>\"concrete\""},"geometry":{"type":"LineString","coordinates":[[121.0292765,14.7185638],[121.0292178,14.7186899],[121.0292051,14.7187281],[121.029199,14.7187615],[121.0292007,14.7188007],[121.0292098,14.7188225],[121.0292313,14.7188474],[121.0292795,14.718876],[121.0293131,14.7188938],[121.0295577,14.7190239],[121.0297844,14.7191459],[121.0299261,14.7192221],[121.0299426,14.719231],[121.0303439,14.7194368]]}},
{"type":"Feature","properties":{"osm_id":"24054229","name":"West Street","highway":"residential","z_order":3,"other_tags":"\"access\"=>\"private\",\"lanes\"=>\"2\",\"source:name\"=>\"extrapolation\",\"source_ref\"=>\"https://osm.org/node/6959176912\",\"surface\"=>\"concrete\""},"geometry":{"type":"LineString","coordinates":[[121.0295577,14.7190239],[121.0292282,14.7196886],[121.0291967,14.7197684],[121.0291806,14.7198345],[121.0291773,14.7198896],[121.0291933,14.7199487],[121.0292295,14.7199966],[121.0292798,14.7200303],[121.0294932,14.720129]]}},
{"type":"Feature","properties":{"osm_id":"24054230","name":"Mayon Street","highway":"residential","z_order":3},"geometry":{"type":"LineString","coordinates":[[121.027497,14.7182854],[121.0275121,14.7184902],[121.0275332,14.7186904],[121.0275686,14.7189992],[121.027566,14.7190905],[121.0275391,14.7191899],[121.0274978,14.7192728],[121.0274401,14.7193886]]}},
{"type":"Feature","properties":{"osm_id":"24054233","highway":"service","z_order":0,"other_tags":"\"access\"=>\"private\",\"service\"=>\"driveway\""},"geometry":{"type":"LineString","coordinates":[[121.0271234,14.7184843],[121.0271931,14.7185342],[121.0272689,14.7185789],[121.0273439,14.7186227],[121.0274233,14.7186618]]}},
{"type":"Feature","properties":{"osm_id":"24054237","name":"Sampaguita Street","highway":"residential","z_order":3,"other_tags":"\"lane_markings\"=>\"yes\",\"lanes\"=>\"2\",\"lit\"=>\"yes\",\"sidewalk\"=>\"both\",\"surface\"=>\"concrete\""},"geometry":{"type":"LineString","coordinates":[[121.0284444,14.7160058],[121.0284641,14.7162127],[121.0284805,14.7163854],[121.028497,14.7165584],[121.0285117,14.7167132],[121.028517,14.7167688],[121.028529,14.7168942],[121.0285451,14.7170632],[121.028561,14.7172306],[121.0285759,14.7173875],[121.0285856,14.7174892],[121.028592,14.7175566],[121.0286227,14.7178784],[121.0286402,14.7180627]]}},
{"type":"Feature","properties":{"osm_id":"24054242","name":"B. Arayat Street","highway":"residential","z_order":3,"other_tags":"\"access\"=>\"destination\""},"geometry":{"type":"LineString","coordinates":[[121.0283515,14.719974],[121.0278925,14.7197388],[121.0275015,14.7195466],[121.0274452,14.7195025],[121.0274291,14.7194415],[121.0274401,14.7193886]]}},
{"type":"Feature","properties":{"osm_id":"24054248","name":"Halcon Street","highway":"residential","z_order":3,"other_tags":"\"access\"=>\"destination\""},"geometry":{"type":"LineString","coordinates":[[121.0278925,14.7197388],[121.0280253,14.719491],[121.0280854,14.7193497],[121.02812,14.7191887],[121.02813,14.7190627],[121.0281203,14.7187792]]}},
{"type":"Feature","properties":{"osm_id":"28188504","name":"Silver Road","highway":"unclassified","z_order":3,"other_tags":"\"lanes\"=>\"1\",\"oneway\"=>\"alternating\",\"surface\"=>\"concrete\""},"geometry":{"type":"LineString","coordinates":[[121.0181732,14.7204869],[121.0181941,14.7208666],[121.0182399,14.7216985],[121.0182332,14.7220681],[121.0182297,14.7224951]]}},
{"type":"Feature","properties":{"osm_id":"28188515","name":"Golden Road","highway":"unclassified","z_order":3,"other_tags":"\"lanes\"=>\"2\",\"surface\"=>\"concrete\""},"geometry":{"type":"LineString","coordinates":[[121.0194408,14.7244561],[121.0195117,14.7248959],[121.0196695,14.725875],[121.0196489,14.7261108],[121.0195005,14.7266441],[121.0194042,14.7270573],[121.019351,14.7271467],[121.0192844,14.7272304]]}},
{"type":"Feature","properties":{"osm_id":"28188943","name":"Jerusalem Street","highway":"residential","z_order":3},"geometry":{"type":"LineString","coordinates":[[121.0204549,14.7259422],[121.0209303,14.7259096],[121.0212901,14.7258455],[121.0216321,14.7257919],[121.0218872,14.725757],[121.0219901,14.7257652],[121.0220637,14.725771],[121.0223311,14.7260429]]}},
{"type":"Feature","properties":{"osm_id":"28188945","name":"Gideon Street","highway":"residential","z_order":3},"geometry":{"type":"LineString","coordinates":[[121.0216321,14.7257919],[121.0215433,14.7251125],[121.0214936,14.7247814]]}},
{"type":"Feature","properties":{"osm_id":"28188947","name":"Golgotha Street","highway":"residential","z_order":3},"geometry":{"type":"LineString","coordinates":[[121.0211335,14.7248598],[121.0212901,14.7258455]]}},
{"type":"Feature","properties":{"osm_id":"28188949","name":"Egypt Street","highway":"residential","z_order":3},"geometry":{"type":"LineString","coordinates":[[121.0207669,14.7249356],[121.0209303,14.7259096],[121.0213166,14.7268747]]}},
{"type":"Feature","properties":{"osm_id":"28188950","name":"Schechem Street","highway":"residential","z_order":3},"geometry":{"type":"LineString","coordinates":[[121.0215433,14.7251125],[121.0218826,14.7250771],[121.0220215,14.7251933],[121.0227272,14.7258646]]}},
{"type":"Feature","properties":{"osm_id":"28188953","highway":"residential","z_order":3},"geometry":{"type":"LineString","coordinates":[[121.0233058,14.7265994],[121.0231403,14.7266474],[121.0228687,14.7266903],[121.0226412,14.7267052],[121.0224226,14.7267098],[121.0223826,14.726702],[121.0223488,14.7266864],[121.0223334,14.7266566]]}},
{"type":"Feature","properties":{"osm_id":"28188955","name":"Miranda Drive","highway":"residential","z_order":3},"geometry":{"type":"LineString","coordinates":[[121.0233058,14.7265994],[121.0233662,14.7268582],[121.0233863,14.7270482],[121.0233852,14.7271275]]}},
{"type":"Feature","properties":{"osm_id":"28188959","name":"Castillo Street","highway":"residential","z_order":3,"other_tags":"\"lanes\"=>\"2\",\"mapillary\"=>\"698688491344344\",\"sidewalk\"=>\"no\",\"source:name\"=>\"imagery\",\"surface\"=>\"asphalt\""},"geometry":{"type":"LineString","coordinates":[[121.0237866,14.7269883],[121.0237864,14.7272426],[121.0238011,14.72772],[121.0237974,14.7278854],[121.023799,14.7279219],[121.023826,14.7285398]]}},
{"type":"Feature","properties":{"osm_id":"28422414","name":"Santiago Street","highway":"residential","z_order":3,"other_tags":"\"lanes\"=>\"2\",\"oneway\"=>\"no\""},"geometry":{"type":"LineString","coordinates":[[121.0096815,14.725571],[121.0097232,14.7256114],[121.0097985,14.725634],[121.0103133,14.7258198],[121.010368,14.7258191],[121.0104024,14.7258088],[121.0106066,14.7256598],[121.0108731,14.7256306],[121.0110341,14.725613],[121.0112621,14.7255903],[121.0114065,14.7255588],[121.0115149,14.7254965],[121.0117983,14.7252635],[121.0123276,14.7248276]]}},
{"type":"Feature","properties":{"osm_id":"28422450","name":"Bridgestown Street","highway":"residential","z_order":3},"geometry":{"type":"LineString","coordinates":[[121.012881,14.7265059],[121.0126512,14.7262401],[121.012027,14.7255307],[121.0117983,14.7252635],[121.0115804,14.7250196]]}},
{"type":"Feature","properties":{"osm_id":"28422453","name":"Boston","highway":"residential","z_order":3},"geometry":{"type":"LineString","coordinates":[[121.012027,14.7255307],[121.0123531,14.7252861],[121.0123772,14.7252692],[121.0124049,14.7252658],[121.0124563,14.725266],[121.0127903,14.7253386],[121.0128223,14.7253555],[121.0128546,14.7254041],[121.0130779,14.7258672],[121.0130858,14.7258996],[121.0130732,14.7259269],[121.0126512,14.7262401]]}},
{"type":"Feature","properties":{"osm_id":"28422477","name":"Amsterdam Street","highway":"residential","z_order":3},"geometry":{"type":"LineString","coordinates":[[121.0115149,14.7254965],[121.0116733,14.7256666],[121.0119239,14.7259355],[121.0126146,14.7267291],[121.0132258,14.7274445]]}},
{"type":"Feature","properties":{"osm_id":"28422490","name":"Caracas Street","highway":"residential","z_order":3},"geometry":{"type":"LineString","coordinates":[[121.0135203,14.725983],[121.0135155,14.7260011],[121.0135061,14.7260128],[121.0131502,14.7263047],[121.012881,14.7265059],[121.0126146,14.7267291]]}},
{"type":"Feature","properties":{"osm_id":"28464847","name":"Reliance Road","highway":"unclassified","z_order":3,"other_tags":"\"lanes\"=>\"2\",\"surface\"=>\"concrete\""},"geometry":{"type":"LineString","coordinates":[[121.020216,14.7227679],[121.0201913,14.7221232],[121.0201802,14.7219033],[121.0201831,14.7215525],[121.0201896,14.7211122],[121.0201917,14.7209741],[121.0201934,14.720727],[121.0202001,14.7205885],[121.0202273,14.7200938]]}},
{"type":"Feature","properties":{"osm_id":"28464853","name":"Villa Nova Avenue","highway":"residential","z_order":3,"other_tags":"\"access\"=>\"destination\",\"lanes\"=>\"2\",\"surface\"=>\"paved\""},"geometry":{"type":"LineString","coordinates":[[121.028929,14.7212459],[121.0289014,14.7213482],[121.0288819,14.7214588],[121.0288679,14.7215939],[121.0288427,14.7218471],[121.028818,14.7220947],[121.0287883,14.7223934],[121.0287555,14.7227217],[121.0287234,14.7230443]]}},
{"type":"Feature","properties":{"osm_id":"28464857","name":"Villa Nova Avenue","highway":"residential","z_order":3,"other_tags":"\"access\"=>\"destination\",\"lanes\"=>\"2\",\"surface\"=>\"paved\""},"geometry":{"type":"LineString","coordinates":[[121.0275524,14.7232831],[121.0277012,14.7232375],[121.02797,14.7231642],[121.028212,14.7231132],[121.0284659,14.7230654],[121.0287234,14.7230443]]}},
{"type":"Feature","properties":{"osm_id":"28464858","name":"Saint Anthony Street","highway":"residential","z_order":3,"other_tags":"\"access\"=>\"destination\",\"lanes\"=>\"2\",\"surface\"=>\"paved\""},"geometry":{"type":"LineString","coordinates":[[121.0253626,14.7217247],[121.0255082,14.7219281],[121.0256517,14.7221482],[121.0258068,14.7223649],[121.0266516,14.7235532],[121.0268149,14.7237644],[121.0269535,14.7239764],[121.0270684,14.7241523],[121.0270843,14.724168],[121.0271031,14.7241782]]}},
{"type":"Feature","properties":{"osm_id":"28464860","name":"Amethyst Street","highway":"residential","z_order":3,"other_tags":"\"access\"=>\"destination\",\"lanes\"=>\"2\",\"surface\"=>\"paved\""},"geometry":{"type":"LineString","coordinates":[[121.0277679,14.7240061],[121.0284001,14.7238269],[121.0284773,14.7238126],[121.0285715,14.7237989],[121.0288916,14.7237818]]}},
{"type":"Feature","properties":{"osm_id":"28464864","name":"Villa Nova Avenue","highway":"residential","z_order":3,"other_tags":"\"access\"=>\"destination\",\"lanes\"=>\"2\",\"surface\"=>\"paved\""},"geometry":{"type":"LineString","coordinates":[[121.0275524,14.7232831],[121.0276312,14.7235474],[121.0277013,14.7237829],[121.0277679,14.7240061],[121.0278055,14.7241328]]}},
{"type":"Feature","properties":{"osm_id":"28464876","name":"Topaz Street","highway":"residential","z_order":3,"other_tags":"\"access\"=>\"destination\",\"lanes\"=>\"2\",\"surface\"=>\"paved\""},"geometry":{"type":"LineString","coordinates":[[121.0276312,14.7235474],[121.028046,14.7234248],[121.0282137,14.7233828],[121.0283718,14.7233524],[121.0285223,14.7233293],[121.0286645,14.723315],[121.0291687,14.723306]]}},
{"type":"Feature","properties":{"osm_id":"28464877","name":"Saint Jude Street","highway":"residential","z_order":3,"other_tags":"\"access\"=>\"destination\",\"lanes\"=>\"2\",\"surface\"=>\"paved\""},"geometry":{"type":"LineString","coordinates":[[121.0277012,14.7232375],[121.0277213,14.7228866],[121.0277323,14.7226532],[121.0277568,14.7224154],[121.0277893,14.7221771],[121.0278167,14.721929]]}},
{"type":"Feature","properties":{"osm_id":"28464887","name":"Saint John Street","highway":"residential","z_order":3,"other_tags":"\"access\"=>\"destination\",\"alt_name\"=>\"Israel\",\"lanes\"=>\"2\",\"surface\"=>\"paved\""},"geometry":{"type":"LineString","coordinates":[[121.0265387,14.7218402],[121.0278167,14.721929],[121.0280798,14.7219826],[121.0283205,14.7220251],[121.0285616,14.7220651],[121.028818,14.7220947]]}},
{"type":"Feature","properties":{"osm_id":"28464893","name":"Saint Francis Street","highway":"residential","z_order":3,"other_tags":"\"access\"=>\"destination\",\"lanes\"=>\"2\",\"surface\"=>\"paved\""},"geometry":{"type":"LineString","coordinates":[[121.0265387,14.7218402],[121.0265408,14.7220799],[121.026553,14.722129],[121.0265817,14.7221836],[121.0266861,14.7223321],[121.0268747,14.7225953],[121.0270813,14.7228649],[121.0273991,14.7233256]]}},
{"type":"Feature","properties":{"osm_id":"28464899","name":"San Lorenzo Ruiz Street","highway":"residential","z_order":3,"other_tags":"\"access\"=>\"destination\",\"lanes\"=>\"2\",\"surface\"=>\"paved\""},"geometry":{"type":"LineString","coordinates":[[121.0263536,14.7217714],[121.0261577,14.7219922],[121.025973,14.7221881],[121.0258068,14.7223649]]}},
{"type":"Feature","properties":{"osm_id":"28464905","name":"Saint Paul Street","highway":"residential","z_order":3,"other_tags":"\"access\"=>\"destination\",\"lanes\"=>\"2\",\"surface\"=>\"paved\""},"geometry":{"type":"LineString","coordinates":[[121.0261182,14.7216504],[121.0256517,14.7221482]]}},
{"type":"Feature","properties":{"osm_id":"28464908","name":"Saint Gabriel Street","highway":"residential","z_order":3,"other_tags":"\"access\"=>\"destination\",\"lanes\"=>\"2\",\"surface\"=>\"paved\""},"geometry":{"type":"LineString","coordinates":[[121.0256469,14.7214224],[121.0253626,14.7217247]]}},
{"type":"Feature","properties":{"osm_id":"28464910","name":"Saint Thomas Street","highway":"residential","z_order":3,"other_tags":"\"access\"=>\"destination\",\"lanes\"=>\"2\",\"surface\"=>\"paved\""},"geometry":{"type":"LineString","coordinates":[[121.0258586,14.7215235],[121.0255082,14.7219281]]}},
{"type":"Feature","properties":{"osm_id":"28464912","name":"Saint James Street","highway":"residential","z_order":3,"other_tags":"\"access\"=>\"destination\",\"lanes\"=>\"2\",\"surface\"=>\"paved\""},"geometry":{"type":"LineString","coordinates":[[121.025973,14.7221881],[121.0260458,14.7222988],[121.0268919,14.7234713]]}},
{"type":"Feature","properties":{"osm_id":"28464914","name":"Saint Mathew Street","highway":"residential","z_order":3,"other_tags":"\"access\"=>\"destination\",\"lanes\"=>\"2\",\"surface\"=>\"paved\""},"geometry":{"type":"LineString","coordinates":[[121.0261577,14.7219922],[121.0266538,14.7227338],[121.0271312,14.7234]]}},
{"type":"Feature","properties":{"osm_id":"28464915","name":"Saint Luke Street","highway":"residential","z_order":3,"other_tags":"\"access\"=>\"destination\",\"lanes\"=>\"2\",\"surface\"=>\"paved\""},"geometry":{"type":"LineString","coordinates":[[121.0270813,14.7228649],[121.0277213,14.7228866]]}},
{"type":"Feature","properties":{"osm_id":"28464918","name":"Saint Peter Street","highway":"residential","z_order":3,"other_tags":"\"access\"=>\"destination\",\"lanes\"=>\"2\",\"surface\"=>\"paved\""},"geometry":{"type":"LineString","coordinates":[[121.0266861,14.7223321],[121.0277568,14.7224154]]}},
{"type":"Feature","properties":{"osm_id":"28464919","name":"Saint Michael Street","highway":"residential","z_order":3,"other_tags":"\"access\"=>\"destination\",\"lanes\"=>\"2\",\"surface\"=>\"paved\""},"geometry":{"type":"LineString","coordinates":[[121.0265408,14.7220799],[121.0277893,14.7221771]]}},
{"type":"Feature","properties":{"osm_id":"28464920","name":"Rome Street","highway":"residential","z_order":3,"other_tags":"\"access\"=>\"destination\",\"lanes\"=>\"2\",\"surface\"=>\"paved\""},"geometry":{"type":"LineString","coordinates":[[121.0280798,14.7219826],[121.02797,14.7231642]]}},
{"type":"Feature","properties":{"osm_id":"28464922","name":"Babylonia Street","highway":"residential","z_order":3,"other_tags":"\"access\"=>\"destination\",\"lanes\"=>\"2\",\"surface\"=>\"paved\""},"geometry":{"type":"LineString","coordinates":[[121.028212,14.7231132],[121.0283205,14.7220251]]}},
{"type":"Feature","properties":{"osm_id":"28464923","name":"Oman Street","highway":"residential","z_order":3,"other_tags":"\"access\"=>\"destination\",\"lanes\"=>\"2\",\"surface\"=>\"paved\""},"geometry":{"type":"LineString","coordinates":[[121.0285616,14.7220651],[121.0284659,14.7230654]]}},
{"type":"Feature","properties":{"osm_id":"28464927","name":"Syria Street","highway":"residential","z_order":3,"other_tags":"\"access\"=>\"destination\",\"lanes\"=>\"2\",\"surface\"=>\"paved\""},"geometry":{"type":"LineString","coordinates":[[121.0287555,14.7227217],[121.0292453,14.7227083]]}},
{"type":"Feature","properties":{"osm_id":"28464928","name":"Betlehem Street","highway":"residential","z_order":3,"other_tags":"\"access\"=>\"destination\",\"lanes\"=>\"2\",\"surface\"=>\"paved\""},"geometry":{"type":"LineString","coordinates":[[121.0291969,14.7230382],[121.0293496,14.7228165],[121.0293641,14.72278],[121.0293522,14.72274],[121.0292999,14.7227127],[121.0292453,14.7227083],[121.0292571,14.7224052]]}},
{"type":"Feature","properties":{"osm_id":"28464938","name":"Pascual Road","highway":"residential","z_order":3,"other_tags":"\"access\"=>\"private\",\"lanes\"=>\"2\",\"surface\"=>\"concrete\""},"geometry":{"type":"LineString","coordinates":[[121.027196,14.7217367],[121.0271524,14.721453],[121.0271253,14.7212763],[121.0271098,14.7211753],[121.0271011,14.721079],[121.0270957,14.72096],[121.0270944,14.7208637],[121.0270997,14.7207972],[121.0271087,14.7207542],[121.0271303,14.7207034],[121.0271604,14.7206559]]}},
{"type":"Feature","properties":{"osm_id":"28464948","name":"Walter Road","highway":"residential","z_order":3,"other_tags":"\"access\"=>\"private\""},"geometry":{"type":"LineString","coordinates":[[121.0247952,14.7209435],[121.0247596,14.7209234],[121.0247335,14.7208968],[121.02471,14.7208527],[121.024702,14.7208021],[121.024706,14.7206293],[121.0245938,14.7202913],[121.0242251,14.7193026]]}},
{"type":"Feature","properties":{"osm_id":"28465592","name":"San Ildefonso Street","highway":"residential","z_order":3,"other_tags":"\"lanes\"=>\"2\",\"lit\"=>\"yes\",\"sidewalk\"=>\"both\",\"surface\"=>\"concrete\""},"geometry":{"type":"LineString","coordinates":[[121.0179894,14.7193152],[121.017986,14.7192028],[121.0179938,14.7191227],[121.0180471,14.7190387],[121.0184289,14.7187736],[121.0185343,14.7187047],[121.0186316,14.7186452],[121.0187678,14.7185896],[121.0189076,14.7185764],[121.019701,14.7185459],[121.0197852,14.7185408],[121.0198736,14.7185198],[121.0202153,14.7184073]]}},
{"type":"Feature","properties":{"osm_id":"28465593","name":"San Fernando Street","highway":"residential","z_order":3},"geometry":{"type":"LineString","coordinates":[[121.0184289,14.7187736],[121.0185192,14.7188965],[121.0185943,14.7189534],[121.018699,14.7189769],[121.0189514,14.7189559],[121.019058,14.718947],[121.019661,14.7188967],[121.0197996,14.71889],[121.0199045,14.7189256],[121.0199766,14.7190021],[121.0200476,14.7190906]]}},
{"type":"Feature","properties":{"osm_id":"28465597","name":"P. Dela Cruz Street","highway":"residential","z_order":3,"other_tags":"\"designation\"=>\"city_road\",\"lanes\"=>\"2\",\"lit\"=>\"yes\",\"maxspeed\"=>\"30\",\"maxspeed:type\"=>\"PH:urban\",\"sidewalk\"=>\"both\",\"surface\"=>\"concrete\""},"geometry":{"type":"LineString","coordinates":[[121.0151413,14.7200144],[121.0151689,14.7197597],[121.0151712,14.7196638],[121.0151881,14.7191729],[121.0152061,14.7190229],[121.0153504,14.718366],[121.0155019,14.7176891],[121.0155063,14.7176621],[121.0155123,14.717606],[121.0155056,14.7172136],[121.0155053,14.7169732],[121.015501,14.716913],[121.0154966,14.716844],[121.0154546,14.7163734],[121.0154489,14.7163358],[121.0154077,14.7161113],[121.0153973,14.7160488],[121.0153756,14.7159309],[121.0152255,14.7151269],[121.015201,14.7149742],[121.015198,14.7148862],[121.0152141,14.7148169],[121.015248,14.7147373],[121.0152984,14.7146377],[121.0153546,14.7145499],[121.0154238,14.7144729],[121.0154708,14.714421],[121.0155155,14.7143877],[121.0155943,14.7143297],[121.0156555,14.7142756],[121.0157062,14.7142224],[121.0157797,14.7141149],[121.0158252,14.7139648],[121.0158688,14.7138237],[121.0158817,14.7136498],[121.0158849,14.7135047],[121.0158621,14.7133503],[121.0158218,14.7132122],[121.0157627,14.7130109],[121.0157317,14.7129047],[121.0157139,14.7128443],[121.0156557,14.712567],[121.0155766,14.712144],[121.0155242,14.7119068],[121.0155151,14.7118577],[121.0154579,14.7115506],[121.015397,14.7112166],[121.0153735,14.7111013],[121.0152787,14.7107982],[121.0151416,14.7105314],[121.0150255,14.7103129],[121.0147628,14.7098186],[121.0146725,14.7093639],[121.0146577,14.7091793],[121.0146786,14.7090275],[121.0147129,14.7088715],[121.0147818,14.708506],[121.0148268,14.7081808],[121.0148364,14.7079346],[121.0148529,14.7078141],[121.0148799,14.707703],[121.0148891,14.7076652],[121.0149246,14.7075721],[121.0149803,14.7074644],[121.0150563,14.7073351],[121.0151118,14.707245],[121.0151714,14.7071343],[121.0152431,14.7069903],[121.0152874,14.706905],[121.0153867,14.7067374],[121.0155801,14.7064808],[121.0158004,14.7061991],[121.0158333,14.7061072],[121.0158383,14.7060641],[121.0158269,14.705992],[121.0157569,14.7058547],[121.0155733,14.7055459],[121.015453,14.705357],[121.015268,14.7050537],[121.0151563,14.7049027],[121.0150941,14.704826]]}},
{"type":"Feature","properties":{"osm_id":"28520484","name":"Riverside Street","highway":"residential","z_order":3},"geometry":{"type":"LineString","coordinates":[[121.0186432,14.7088865],[121.0186346,14.7089035],[121.0185762,14.7089933],[121.018372,14.7093856],[121.0182886,14.7095513],[121.0182813,14.7095995],[121.0182878,14.7096344],[121.0182957,14.7096775],[121.0183246,14.7098288],[121.018334,14.7099803],[121.0183375,14.7100361],[121.0183536,14.7103939],[121.0183534,14.710415],[121.0183495,14.7107884],[121.0183565,14.7111913]]}},
{"type":"Feature","properties":{"osm_id":"28520504","name":"Madre Cacao Street","highway":"residential","z_order":3,"other_tags":"\"access\"=>\"destination\""},"geometry":{"type":"LineString","coordinates":[[121.0271868,14.7119479],[121.0276776,14.7125276],[121.0277257,14.7125768],[121.0277917,14.7126323],[121.0287444,14.7133814],[121.0289765,14.7135578]]}},
{"type":"Feature","properties":{"osm_id":"28520505","name":"Aratilis Street","highway":"residential","z_order":3,"other_tags":"\"access\"=>\"destination\""},"geometry":{"type":"LineString","coordinates":[[121.0277257,14.7125768],[121.0280406,14.7122117],[121.0281432,14.7120817],[121.0282266,14.7119679],[121.0283353,14.7117806]]}},
{"type":"Feature","properties":{"osm_id":"28520506","name":"Narra Street","highway":"residential","z_order":3,"other_tags":"\"access\"=>\"destination\""},"geometry":{"type":"LineString","coordinates":[[121.0280406,14.7122117],[121.0289736,14.7130054],[121.0289813,14.7130237],[121.0289813,14.7130437]]}},
{"type":"Feature","properties":{"osm_id":"28520521","name":"Narra Street","highway":"residential","z_order":3,"other_tags":"\"lanes\"=>\"2\",\"lit\"=>\"yes\",\"sidewalk\"=>\"both\",\"surface\"=>\"concrete\""},"geometry":{"type":"LineString","coordinates":[[121.028561,14.7172306],[121.028852,14.7169816],[121.028886,14.7169493],[121.0289906,14.7168463],[121.0290471,14.7167877],[121.0291345,14.7167063],[121.0291695,14.7166725],[121.0291922,14.716653],[121.02927,14.7166255],[121.0293328,14.7166079],[121.0293624,14.7165997],[121.0294193,14.7165881],[121.0295197,14.7165669],[121.0295707,14.7165565],[121.0296693,14.7165364],[121.0297102,14.7165263],[121.029765,14.7165164],[121.0298364,14.7165015],[121.029858,14.7164978],[121.0301007,14.7164801]]}},
{"type":"Feature","properties":{"osm_id":"28520525","name":"Ilang-ilang Street","highway":"residential","z_order":3,"other_tags":"\"lanes\"=>\"2\",\"lit\"=>\"yes\",\"name:etymology:wikidata\"=>\"Q220963\",\"sidewalk\"=>\"no\",\"surface\"=>\"concrete\""},"geometry":{"type":"LineString","coordinates":[[121.0286227,14.7178784],[121.0283987,14.7179408],[121.0282308,14.717992],[121.0281788,14.7180056],[121.0281171,14.7180069],[121.0280168,14.7178939],[121.0279557,14.7178104],[121.0279124,14.7177677],[121.0278318,14.7176546],[121.0275604,14.7172877],[121.0274665,14.7171698],[121.0274579,14.7171428]]}},
{"type":"Feature","properties":{"osm_id":"28520526","name":"Jasmin Street","highway":"residential","z_order":3,"other_tags":"\"name:etymology:wikidata\"=>\"Q82014\""},"geometry":{"type":"LineString","coordinates":[[121.0267453,14.7166002],[121.0273149,14.7164788],[121.0284641,14.7162127]]}},
{"type":"Feature","properties":{"osm_id":"28520528","name":"Champaca Street","highway":"path","z_order":0,"other_tags":"\"motorcycle\"=>\"private\""},"geometry":{"type":"LineString","coordinates":[[121.0274579,14.7171428],[121.0279397,14.7170287],[121.028529,14.7168942]]}},
{"type":"Feature","properties":{"osm_id":"28520531","name":"Mangga Street","highway":"residential","z_order":3},"geometry":{"type":"LineString","coordinates":[[121.0284444,14.7160058],[121.0286457,14.7159819],[121.0288067,14.7159603],[121.0289688,14.7159342],[121.0291372,14.7158986],[121.0293145,14.7158703],[121.0294644,14.7158445]]}},
{"type":"Feature","properties":{"osm_id":"28775790","name":"Robina Street","highway":"residential","z_order":3,"other_tags":"\"lanes\"=>\"2\",\"lit\"=>\"yes\",\"sidewalk\"=>\"both\",\"surface\"=>\"concrete\""},"geometry":{"type":"LineString","coordinates":[[121.0179582,14.716464],[121.0185048,14.7163986],[121.0185618,14.716391],[121.018668,14.7163737],[121.0191464,14.716248],[121.0195084,14.7161076],[121.0196106,14.716068]]}},
{"type":"Feature","properties":{"osm_id":"28775798","highway":"service","z_order":0,"other_tags":"\"access\"=>\"private\",\"lanes\"=>\"2\",\"surface\"=>\"concrete\""},"geometry":{"type":"LineString","coordinates":[[121.0135557,14.7182669],[121.0136737,14.7186708],[121.0137565,14.7189384],[121.0138467,14.7192415],[121.013871,14.7193517],[121.013884,14.7194207],[121.0138877,14.7194714]]}},
{"type":"Feature","properties":{"osm_id":"28775799","highway":"service","z_order":0,"other_tags":"\"access\"=>\"private\",\"lanes\"=>\"2\",\"surface\"=>\"concrete\""},"geometry":{"type":"LineString","coordinates":[[121.0132048,14.7168203],[121.0131691,14.7167773],[121.0130981,14.7167565],[121.0122815,14.7169464],[121.0119658,14.7170393]]}},
{"type":"Feature","properties":{"osm_id":"28775802","highway":"service","z_order":0,"other_tags":"\"access\"=>\"private\",\"lanes\"=>\"2\",\"surface\"=>\"concrete\""},"geometry":{"type":"LineString","coordinates":[[121.0132048,14.7168203],[121.0132094,14.7172846],[121.0132152,14.7173677],[121.0132262,14.7174462],[121.0132564,14.7175027],[121.0133131,14.7175625],[121.0133555,14.717611],[121.0133842,14.7176735],[121.0134082,14.7177428],[121.0135557,14.7182669]]}},
{"type":"Feature","properties":{"osm_id":"28775815","highway":"residential","z_order":3,"other_tags":"\"access\"=>\"private\",\"lane_markings\"=>\"no\",\"lanes\"=>\"2\",\"surface\"=>\"concrete\""},"geometry":{"type":"LineString","coordinates":[[121.0132599,14.720188],[121.0132177,14.7225579]]}},
{"type":"Feature","properties":{"osm_id":"28775821","highway":"residential","z_order":3,"other_tags":"\"access\"=>\"private\",\"lane_markings\"=>\"no\",\"lanes\"=>\"2\",\"surface\"=>\"concrete\""},"geometry":{"type":"LineString","coordinates":[[121.0132599,14.720188],[121.0133395,14.7201788],[121.0134166,14.7201757],[121.0134887,14.7201808],[121.0135467,14.7202037],[121.0135968,14.7202426],[121.0136457,14.7202887],[121.0137191,14.7203944],[121.0141861,14.7210752],[121.0145847,14.7216238],[121.0146243,14.7216861],[121.0146348,14.7217925],[121.0146491,14.722199],[121.01461,14.7223085],[121.014525,14.7224422],[121.0144696,14.722497],[121.0144071,14.7225301],[121.0141766,14.7225399],[121.0136902,14.7225469],[121.0132177,14.7225579]]}},
{"type":"Feature","properties":{"osm_id":"28775823","name":"Bodhi Street","highway":"residential","z_order":3,"other_tags":"\"access\"=>\"private\",\"maxspeed\"=>\"20\""},"geometry":{"type":"LineString","coordinates":[[121.0137191,14.7203944],[121.0136902,14.7225469],[121.0136967,14.7244377],[121.0136883,14.725385]]}},
{"type":"Feature","properties":{"osm_id":"28775825","name":"Changi Street","highway":"residential","z_order":3,"other_tags":"\"access\"=>\"private\",\"maxspeed\"=>\"20\""},"geometry":{"type":"LineString","coordinates":[[121.014154,14.7260103],[121.0141622,14.7247563],[121.0141624,14.7247249],[121.0141642,14.7244406],[121.0141743,14.7228941],[121.0141766,14.7225399],[121.0141861,14.7210752]]}},
{"type":"Feature","properties":{"osm_id":"28775826","name":"Bauhinia Street","highway":"residential","z_order":3,"other_tags":"\"access\"=>\"private\",\"maxspeed\"=>\"20\""},"geometry":{"type":"LineString","coordinates":[[121.0141743,14.7228941],[121.0149834,14.7236301],[121.0150027,14.7240295],[121.0150033,14.724446],[121.0150122,14.7261288]]}},
{"type":"Feature","properties":{"osm_id":"28775828","highway":"residential","z_order":3,"other_tags":"\"access\"=>\"private\""},"geometry":{"type":"LineString","coordinates":[[121.0150027,14.7240295],[121.0163212,14.724046]]}},
{"type":"Feature","properties":{"osm_id":"28775836","highway":"residential","z_order":3,"other_tags":"\"access\"=>\"private\""},"geometry":{"type":"LineString","coordinates":[[121.0149834,14.7236301],[121.0159368,14.7236368],[121.0162939,14.7238062],[121.016336,14.7238587],[121.0163395,14.7239346],[121.0163212,14.724046],[121.0164221,14.7242699],[121.0165335,14.7244557]]}},
{"type":"Feature","properties":{"osm_id":"28775840","highway":"service","z_order":0,"other_tags":"\"access\"=>\"private\""},"geometry":{"type":"LineString","coordinates":[[121.016322,14.7209565],[121.0158831,14.721192],[121.0158091,14.7211754],[121.0157569,14.7211798],[121.0154238,14.721346]]}},
{"type":"Feature","properties":{"osm_id":"28775844","highway":"service","z_order":0,"other_tags":"\"access\"=>\"private\",\"service\"=>\"driveway\""},"geometry":{"type":"LineString","coordinates":[[121.0163747,14.7216858],[121.0158222,14.7219961]]}},
{"type":"Feature","properties":{"osm_id":"28853135","name":"Pitahaya Street","highway":"residential","z_order":3,"other_tags":"\"access\"=>\"private\""},"geometry":{"type":"LineString","coordinates":[[121.0132247,14.7244412],[121.01331,14.7246622],[121.0136883,14.725385],[121.0138768,14.7257586],[121.0138997,14.7257843],[121.0139631,14.7258555],[121.014154,14.7260103],[121.0142504,14.7260815],[121.014583,14.7260976],[121.0150122,14.7261288],[121.0154034,14.7261603],[121.0156743,14.7261707],[121.0159429,14.7262072],[121.0162015,14.7262153],[121.0164604,14.7262171]]}},
{"type":"Feature","properties":{"osm_id":"28853251","highway":"residential","z_order":3},"geometry":{"type":"LineString","coordinates":[[121.0136319,14.7268616],[121.0131502,14.7263047]]}},
{"type":"Feature","properties":{"osm_id":"28853258","highway":"residential","z_order":3},"geometry":{"type":"LineString","coordinates":[[121.014321,14.71186],[121.0138823,14.7120989],[121.0135365,14.7123073]]}},
{"type":"Feature","properties":{"osm_id":"28853272","highway":"path","z_order":0},"geometry":{"type":"LineString","coordinates":[[121.0130198,14.7118316],[121.0130698,14.7117429],[121.013139,14.7115537],[121.0132047,14.7115674],[121.0132321,14.7114824],[121.0131611,14.7114208],[121.0131467,14.7112859],[121.0131064,14.7111481]]}},
{"type":"Feature","properties":{"osm_id":"28853320","highway":"residential","z_order":3},"geometry":{"type":"LineString","coordinates":[[121.014321,14.71186],[121.0143828,14.7118702],[121.0144258,14.711913],[121.014548,14.7121415],[121.0145922,14.7123028]]}},
{"type":"Feature","properties":{"osm_id":"28853701","name":"Nypa Street","highway":"residential","z_order":3,"other_tags":"\"access\"=>\"private\",\"maxspeed\"=>\"20\""},"geometry":{"type":"LineString","coordinates":[[121.0145834,14.7244433],[121.0145832,14.7249308],[121.014583,14.7260976]]}},
{"type":"Feature","properties":{"osm_id":"28853750","highway":"residential","z_order":3},"geometry":{"type":"LineString","coordinates":[[121.0128424,14.7117656],[121.0130198,14.7118316],[121.0131048,14.7118633],[121.0132576,14.7119224]]}},
{"type":"Feature","properties":{"osm_id":"28853911","name":"Villa Angelica Subdivision","highway":"residential","z_order":3},"geometry":{"type":"LineString","coordinates":[[121.0143481,14.7142984],[121.0143607,14.7142494],[121.0143557,14.7141862],[121.0143253,14.7141382],[121.0142803,14.7141022],[121.0138707,14.7138928],[121.0135981,14.7137587],[121.0131661,14.7135538]]}},
{"type":"Feature","properties":{"osm_id":"28854001","name":"Narra","highway":"residential","z_order":3,"other_tags":"\"access\"=>\"private\""},"geometry":{"type":"LineString","coordinates":[[121.0164634,14.7249477],[121.0164857,14.7256956],[121.0164794,14.7259504],[121.0164604,14.7262171]]}},
{"type":"Feature","properties":{"osm_id":"28854043","highway":"residential","z_order":3,"other_tags":"\"lanes\"=>\"1\",\"motorcar\"=>\"yes\",\"surface\"=>\"concrete\""},"geometry":{"type":"LineString","coordinates":[[121.0155242,14.7119068],[121.014548,14.7121415]]}},
{"type":"Feature","properties":{"osm_id":"28854082","highway":"residential","z_order":3,"other_tags":"\"motorcar\"=>\"no\""},"geometry":{"type":"LineString","coordinates":[[121.0132576,14.7119224],[121.0132202,14.7119959],[121.0131834,14.7120432],[121.0130921,14.7121586]]}},
{"type":"Feature","properties":{"osm_id":"28854153","name":"Ponderosa Street","highway":"residential","z_order":3,"other_tags":"\"access\"=>\"private\""},"geometry":{"type":"LineString","coordinates":[[121.0157037,14.7244504],[121.0156926,14.7247746],[121.0156743,14.7261707]]}},
{"type":"Feature","properties":{"osm_id":"28854233","name":"Villa Angelica Subdivision","highway":"residential","z_order":3},"geometry":{"type":"LineString","coordinates":[[121.0135981,14.7137587],[121.0133928,14.7144295]]}},
{"type":"Feature","properties":{"osm_id":"28854297","highway":"residential","z_order":3,"other_tags":"\"motorcar\"=>\"no\""},"geometry":{"type":"LineString","coordinates":[[121.0133586,14.7115378],[121.0133271,14.7115926],[121.0133072,14.7116199],[121.0132456,14.7116889],[121.013196,14.7117522],[121.0131048,14.7118633]]}},
{"type":"Feature","properties":{"osm_id":"28854348","name":"Palmyra Street","highway":"residential","z_order":3,"other_tags":"\"access\"=>\"private\""},"geometry":{"type":"LineString","coordinates":[[121.0159546,14.724452],[121.0159494,14.7251462],[121.0159429,14.7262072]]}},
{"type":"Feature","properties":{"osm_id":"28854488","name":"Villa Angelica Subdivision","highway":"residential","z_order":3},"geometry":{"type":"LineString","coordinates":[[121.0122275,14.7135186],[121.0122896,14.7135994],[121.0125536,14.7139802],[121.0125758,14.7140355],[121.0125758,14.7140892],[121.0125507,14.7142697],[121.0125654,14.7143469],[121.0126224,14.7144081],[121.0126907,14.7144375],[121.012756,14.7144343],[121.0128585,14.7143938],[121.012946,14.7143504],[121.0133928,14.7144295],[121.0140149,14.7145423],[121.0140983,14.7145547],[121.0141665,14.7145413],[121.0143481,14.7142984]]}},
{"type":"Feature","properties":{"osm_id":"28854550","name":"Acai Street","highway":"residential","z_order":3,"other_tags":"\"access\"=>\"private\",\"maxspeed\"=>\"20\""},"geometry":{"type":"LineString","coordinates":[[121.0154288,14.7244487],[121.0154034,14.7261603]]}},
{"type":"Feature","properties":{"osm_id":"28854569","name":"Villa Angelica Subdivision","highway":"residential","z_order":3},"geometry":{"type":"LineString","coordinates":[[121.0132634,14.7132013],[121.0128805,14.7133949],[121.0127034,14.7134805],[121.0126016,14.7135146],[121.0122896,14.7135994]]}},
{"type":"Feature","properties":{"osm_id":"29109525","name":"Bridgestown Street","highway":"residential","z_order":3,"other_tags":"\"lanes\"=>\"2\",\"maxspeed\"=>\"20\",\"surface\"=>\"paved\""},"geometry":{"type":"LineString","coordinates":[[121.0140628,14.7280329],[121.0140632,14.7280144],[121.014059,14.7279758],[121.0140395,14.7279152],[121.0140267,14.7278796],[121.012881,14.7265059]]}},
{"type":"Feature","properties":{"osm_id":"29109526","name":"Bogota Street","highway":"residential","z_order":3},"geometry":{"type":"LineString","coordinates":[[121.0115804,14.7250196],[121.0115638,14.7249813],[121.0115679,14.7249437],[121.0117121,14.7247972],[121.0121418,14.7247433],[121.0123276,14.7248276],[121.0130087,14.7250782],[121.0130967,14.7251694],[121.0135203,14.725983]]}},
{"type":"Feature","properties":{"osm_id":"41801827","highway":"service","z_order":0,"other_tags":"\"access\"=>\"private\",\"service\"=>\"alley\""},"geometry":{"type":"LineString","coordinates":[[121.0338744,14.7152478],[121.0333055,14.7150071]]}},
{"type":"Feature","properties":{"osm_id":"41801828","highway":"service","z_order":0,"other_tags":"\"access\"=>\"private\",\"service\"=>\"alley\""},"geometry":{"type":"LineString","coordinates":[[121.0339116,14.7151604],[121.0333428,14.7149228]]}},
{"type":"Feature","properties":{"osm_id":"41801829","highway":"service","z_order":0,"other_tags":"\"access\"=>\"private\",\"service\"=>\"alley\""},"geometry":{"type":"LineString","coordinates":[[121.0339505,14.7150749],[121.0333827,14.7148318]]}},
{"type":"Feature","properties":{"osm_id":"46990157","name":"Katipunan Avenue","highway":"secondary","z_order":6,"other_tags":"\"designation\"=>\"city_road\",\"lane_markings\"=>\"no\",\"lanes\"=>\"4\",\"lit\"=>\"yes\",\"maxspeed\"=>\"30\",\"maxspeed:type\"=>\"PH:urban\",\"sidewalk\"=>\"both\",\"surface\"=>\"concrete\""},"geometry":{"type":"LineString","coordinates":[[121.0208947,14.7122418],[121.0208998,14.7121796],[121.0209417,14.7116752],[121.0209674,14.7114154],[121.0210222,14.7108604],[121.0210442,14.7106378],[121.0210496,14.7105828],[121.021069,14.7103835],[121.0211299,14.7097564],[121.0212018,14.7090399],[121.0212056,14.7090014],[121.0212659,14.7083908],[121.0213422,14.7076024],[121.0213567,14.7074717],[121.0214061,14.7069709],[121.0214617,14.7064077]]}},
{"type":"Feature","properties":{"osm_id":"46990159","name":"Katipunan Extension","highway":"secondary","z_order":6,"other_tags":"\"designation\"=>\"city_road\",\"lanes\"=>\"2\",\"lit\"=>\"yes\",\"maxspeed\"=>\"30\",\"maxspeed:type\"=>\"PH:urban\",\"oneway\"=>\"yes\",\"sidewalk\"=>\"right\",\"surface\"=>\"concrete\""},"geometry":{"type":"LineString","coordinates":[[121.0208331,14.7130205],[121.0208803,14.713112],[121.0208747,14.7131666],[121.0208122,14.7137798],[121.0207975,14.7140029],[121.0207585,14.7144804],[121.0207162,14.7150072],[121.0206851,14.7153576],[121.0206664,14.7156391],[121.0206842,14.7159536],[121.0207458,14.7163207]]}},
{"type":"Feature","properties":{"osm_id":"46990160","name":"Katipunan Extension","highway":"secondary","z_order":6,"other_tags":"\"designation\"=>\"city_road\",\"lanes\"=>\"4\",\"lit\"=>\"yes\",\"maxspeed\"=>\"30\",\"maxspeed:type\"=>\"PH:urban\",\"surface\"=>\"concrete\""},"geometry":{"type":"LineString","coordinates":[[121.0208331,14.7130205],[121.0208552,14.7127298]]}},
{"type":"Feature","properties":{"osm_id":"46990161","name":"Katipunan Extension","highway":"secondary","z_order":6,"other_tags":"\"designation\"=>\"city_road\",\"lane_markings\"=>\"no\",\"lanes\"=>\"4\",\"lit\"=>\"yes\",\"maxspeed\"=>\"30\",\"maxspeed:type\"=>\"PH:urban\",\"sidewalk\"=>\"no\",\"surface\"=>\"asphalt\""},"geometry":{"type":"LineString","coordinates":[[121.0208552,14.7127298],[121.0208598,14.7126725]]}},
{"type":"Feature","properties":{"osm_id":"46990641","name":"Atlas Road","highway":"tertiary","z_order":24,"other_tags":"\"bridge\"=>\"yes\",\"bridge:name\"=>\"Asian Bridge\",\"designation\"=>\"barangay_road\",\"destination:backward\"=>\"Novaliches\",\"lanes\"=>\"2\",\"layer\"=>\"1\",\"maxspeed\"=>\"20\",\"maxspeed:type\"=>\"PH:urban\",\"oneway\"=>\"no\""},"geometry":{"type":"LineString","coordinates":[[121.0301497,14.7129979],[121.0299311,14.7129673]]}},
{"type":"Feature","properties":{"osm_id":"46990642","name":"Atlas Road","highway":"tertiary","z_order":4,"other_tags":"\"designation\"=>\"barangay_road\",\"destination:backward\"=>\"Novaliches\",\"lanes\"=>\"1\",\"maxspeed\"=>\"20\",\"maxspeed:type\"=>\"PH:urban\",\"oneway\"=>\"no\""},"geometry":{"type":"LineString","coordinates":[[121.0299311,14.7129673],[121.0298792,14.7129358],[121.0298466,14.7129029],[121.0298297,14.7128677],[121.0298073,14.7128251]]}},
{"type":"Feature","properties":{"osm_id":"46990643","highway":"residential","z_order":3,"other_tags":"\"access\"=>\"private\",\"lanes\"=>\"2\",\"surface\"=>\"concrete\""},"geometry":{"type":"LineString","coordinates":[[121.0343819,14.7148533],[121.0343006,14.7148212],[121.0342607,14.7148066],[121.0342077,14.7147875],[121.0340878,14.7147464],[121.0335122,14.714535]]}},
{"type":"Feature","properties":{"osm_id":"48381222","name":"Legaspi Street","highway":"residential","z_order":3,"other_tags":"\"access\"=>\"private\""},"geometry":{"type":"LineString","coordinates":[[121.0196135,14.7161192],[121.0196156,14.7161555],[121.0196528,14.7168118],[121.0197049,14.7175778]]}},
{"type":"Feature","properties":{"osm_id":"48381224","name":"Imperial Bend","highway":"residential","z_order":3,"other_tags":"\"access\"=>\"private\""},"geometry":{"type":"LineString","coordinates":[[121.0204101,14.7127824],[121.0201672,14.7127629],[121.0198412,14.7127629],[121.0195584,14.7128224],[121.0193094,14.7129731],[121.0191693,14.713121],[121.0190485,14.7133028],[121.0189988,14.7134766],[121.0189552,14.7140231],[121.018945,14.7141095]]}},
{"type":"Feature","properties":{"osm_id":"48381225","name":"Victoria Road","highway":"residential","z_order":3,"other_tags":"\"access\"=>\"private\""},"geometry":{"type":"LineString","coordinates":[[121.0202314,14.7153504],[121.0200235,14.7153414],[121.0197781,14.7153258],[121.0195743,14.7152739],[121.0194463,14.7152077],[121.0192695,14.7150049]]}},
{"type":"Feature","properties":{"osm_id":"48381226","name":"Aduana Loop","highway":"residential","z_order":3,"other_tags":"\"access\"=>\"private\""},"geometry":{"type":"LineString","coordinates":[[121.0212868,14.714056],[121.0214647,14.7140355],[121.0215103,14.7139966],[121.0215245,14.7139297],[121.021499,14.7137759],[121.0213796,14.7135551],[121.021344,14.7135087],[121.0212815,14.713465],[121.0212161,14.7134626]]}},
{"type":"Feature","properties":{"osm_id":"48381228","name":"Balboa Bend","highway":"residential","z_order":3,"other_tags":"\"access\"=>\"private\""},"geometry":{"type":"LineString","coordinates":[[121.0202556,14.7150249],[121.0199162,14.7150074],[121.0197379,14.7149786],[121.0196351,14.7149042],[121.0195746,14.7147613],[121.0195857,14.7144869],[121.0196139,14.7141727],[121.0196344,14.7138071],[121.0196675,14.7135902],[121.0197429,14.7134944],[121.0198589,14.7134114],[121.020174,14.7134201],[121.0204014,14.7134344]]}},
{"type":"Feature","properties":{"osm_id":"48381229","name":"Barcelona Bend","highway":"residential","z_order":3,"other_tags":"\"access\"=>\"private\""},"geometry":{"type":"LineString","coordinates":[[121.018945,14.7141095],[121.0187374,14.7140919],[121.0186757,14.7140624],[121.0186489,14.7140157],[121.0186408,14.7139664],[121.0186678,14.7137674],[121.0187046,14.7134867],[121.0187379,14.7133195],[121.0187903,14.7131777],[121.0189099,14.7129798],[121.0190015,14.7128493],[121.0191253,14.7127368],[121.0192616,14.7126413],[121.019405,14.7125675],[121.0196008,14.7125016],[121.0198508,14.7124617],[121.0200407,14.7124733],[121.0201933,14.7125271],[121.0203121,14.7126262],[121.0204101,14.7127824],[121.0204232,14.7130872]]}},
{"type":"Feature","properties":{"osm_id":"48381230","name":"Barcelona Bend","highway":"residential","z_order":3,"other_tags":"\"access\"=>\"private\""},"geometry":{"type":"LineString","coordinates":[[121.0199745,14.7142044],[121.0196139,14.7141727],[121.0192451,14.7141361]]}},
{"type":"Feature","properties":{"osm_id":"48381231","name":"Madrid Avenue","highway":"residential","z_order":3,"other_tags":"\"access\"=>\"private\""},"geometry":{"type":"LineString","coordinates":[[121.0201882,14.7160095],[121.0201894,14.7159757],[121.0201997,14.7157073],[121.0202314,14.7153504],[121.0202556,14.7150249]]}},
{"type":"Feature","properties":{"osm_id":"48381232","highway":"residential","z_order":3,"other_tags":"\"access\"=>\"private\""},"geometry":{"type":"LineString","coordinates":[[121.0195743,14.7152739],[121.0195555,14.7154598],[121.0195428,14.715615],[121.0195621,14.7156608],[121.0195984,14.7156859]]}},
{"type":"Feature","properties":{"osm_id":"48381233","name":"Ronda Loop","highway":"residential","z_order":3,"other_tags":"\"access\"=>\"private\""},"geometry":{"type":"LineString","coordinates":[[121.0212249,14.7161748],[121.021122,14.7160968],[121.0210534,14.7160055],[121.0210055,14.7159319],[121.0209826,14.7158371],[121.0209864,14.7155207],[121.0210067,14.7152668],[121.0210228,14.7150986],[121.0210441,14.7149384],[121.0210691,14.7148947]]}},
{"type":"Feature","properties":{"osm_id":"48381234","highway":"residential","z_order":3,"other_tags":"\"noname\"=>\"yes\""},"geometry":{"type":"LineString","coordinates":[[121.0209225,14.7175982],[121.0208285,14.71762]]}},
{"type":"Feature","properties":{"osm_id":"48381236","name":"Samonte Road","highway":"residential","z_order":3},"geometry":{"type":"LineString","coordinates":[[121.0225154,14.7180265],[121.0225659,14.7180305],[121.0226019,14.71805],[121.0226151,14.7180849],[121.0226534,14.7187112],[121.0227007,14.7194105]]}},
{"type":"Feature","properties":{"osm_id":"89823184","name":"Gerry Ville Road","highway":"residential","z_order":3},"geometry":{"type":"LineString","coordinates":[[121.0312653,14.7253599],[121.0313777,14.7253598],[121.0314603,14.725349],[121.0315748,14.72532],[121.0321088,14.725102],[121.0321726,14.7250617],[121.0322303,14.7249794],[121.0322886,14.7249547],[121.0324428,14.7249534],[121.0325692,14.7249271]]}},
{"type":"Feature","properties":{"osm_id":"89823258","name":"Lazaro Street","highway":"residential","z_order":3,"other_tags":"\"lanes\"=>\"2\",\"surface\"=>\"concrete\""},"geometry":{"type":"LineString","coordinates":[[121.0300109,14.7240393],[121.0299128,14.7237549],[121.0298887,14.7236752],[121.0298574,14.7235948],[121.0297693,14.7234015],[121.0297506,14.723358],[121.0297452,14.7233191],[121.0297517,14.7232738],[121.0297815,14.7231903],[121.0298015,14.7231341],[121.029818,14.7230879],[121.0299128,14.7228217],[121.0299323,14.722775],[121.0299615,14.7227403],[121.0300107,14.7227017],[121.0300841,14.7226599],[121.0301536,14.7226245],[121.0302045,14.7226129],[121.0302649,14.7226232],[121.0303688,14.7226731]]}},
{"type":"Feature","properties":{"osm_id":"89824806","name":"Eduardo Street","highway":"residential","z_order":3},"geometry":{"type":"LineString","coordinates":[[121.030714,14.724221],[121.0307015,14.724179],[121.0307088,14.7241388],[121.0307461,14.7241125],[121.0309926,14.7239637],[121.0311623,14.7238546]]}},
{"type":"Feature","properties":{"osm_id":"89824807","name":"Eduardo Street","highway":"residential","z_order":3},"geometry":{"type":"LineString","coordinates":[[121.030714,14.724221],[121.0313947,14.7248075],[121.0314289,14.7248318],[121.0314681,14.7248545],[121.0319866,14.7247755],[121.0324685,14.724716]]}},
{"type":"Feature","properties":{"osm_id":"89830986","name":"Domingo Street","highway":"residential","z_order":3},"geometry":{"type":"LineString","coordinates":[[121.0309926,14.7239637],[121.0319866,14.7247755]]}},
{"type":"Feature","properties":{"osm_id":"89847998","name":"Sinai Street","highway":"residential","z_order":3},"geometry":{"type":"LineString","coordinates":[[121.0220831,14.7246728],[121.0222337,14.7248918],[121.0222641,14.7249207],[121.0229459,14.7255687],[121.0230081,14.7256278]]}},
{"type":"Feature","properties":{"osm_id":"89993886","name":"Llano Road","highway":"secondary","z_order":6,"other_tags":"\"alt_name\"=>\"Damong Maliit Road\",\"designation\"=>\"national_tertiary_road\",\"hgv\"=>\"no\",\"lane_markings\"=>\"no\",\"lanes\"=>\"2\",\"lit\"=>\"yes\",\"maxspeed\"=>\"40\",\"maxspeed:type\"=>\"PH:urban\",\"oneway\"=>\"no\",\"sidewalk\"=>\"both\",\"surface\"=>\"asphalt\""},"geometry":{"type":"LineString","coordinates":[[121.0319465,14.7217208],[121.0319039,14.72185],[121.0318585,14.7219921],[121.0317686,14.7223836],[121.0316091,14.7231125],[121.0315384,14.723279],[121.0314604,14.723366],[121.0313401,14.7234374],[121.0309777,14.7236069],[121.0301961,14.7239548],[121.0300109,14.7240393],[121.0297414,14.724138],[121.0296527,14.7241551],[121.0295668,14.724146],[121.029432,14.724114],[121.0291223,14.7240135],[121.029041,14.7239881],[121.0289321,14.7239752],[121.028793,14.7239709],[121.0286119,14.7239875],[121.0278229,14.7241912],[121.0277665,14.7242051],[121.0270506,14.7243939],[121.0268324,14.7244625],[121.0265813,14.724708],[121.0263162,14.7249944],[121.0261358,14.7251894],[121.0261209,14.7252044],[121.0260525,14.7252736],[121.0259608,14.7253781],[121.0258489,14.7255057],[121.0258266,14.7255311],[121.0256165,14.7257342],[121.0249475,14.7262471],[121.0248779,14.7263076],[121.0246909,14.7264511]]}},
{"type":"Feature","properties":{"osm_id":"89998104","name":"Jordan Street","highway":"residential","z_order":3},"geometry":{"type":"LineString","coordinates":[[121.0247234,14.7252019],[121.0244746,14.7255286],[121.024425,14.7255637],[121.0243727,14.7255844],[121.0243191,14.7255961],[121.0242313,14.7255935],[121.0238257,14.7254483],[121.0235238,14.7253873],[121.0233952,14.725374],[121.0232867,14.7254213]]}},
{"type":"Feature","properties":{"osm_id":"90009647","name":"Opal Street","highway":"residential","z_order":3,"other_tags":"\"access\"=>\"destination\",\"lanes\"=>\"2\",\"surface\"=>\"paved\""},"geometry":{"type":"LineString","coordinates":[[121.0290447,14.7235238],[121.0285963,14.7235608],[121.0284723,14.723573],[121.0283736,14.7235895],[121.028246,14.7236194],[121.0277013,14.7237829]]}},
{"type":"Feature","properties":{"osm_id":"90144593","name":"Egypt Street","highway":"residential","z_order":3,"other_tags":"\"access\"=>\"destination\",\"lanes\"=>\"2\",\"surface\"=>\"paved\""},"geometry":{"type":"LineString","coordinates":[[121.0287883,14.7223934],[121.0292571,14.7224052]]}},
{"type":"Feature","properties":{"osm_id":"91742101","name":"Llano Road","highway":"secondary","z_order":6,"other_tags":"\"alt_name\"=>\"Damong Maliit Road\",\"designation\"=>\"national_tertiary_road\",\"hgv\"=>\"no\",\"lane_markings\"=>\"no\",\"lanes\"=>\"2\",\"lit\"=>\"yes\",\"mapillary\"=>\"698688491344344\",\"maxspeed\"=>\"40\",\"maxspeed:type\"=>\"PH:urban\",\"notes:speed\"=>\"30 km/h is default speedlimit for current class.\",\"oneway\"=>\"no\",\"sidewalk\"=>\"both\",\"source:name\"=>\"imagery\",\"surface\"=>\"asphalt\""},"geometry":{"type":"LineString","coordinates":[[121.0246909,14.7264511],[121.0246829,14.7264565],[121.0240106,14.726899],[121.0237866,14.7269883],[121.0233852,14.7271275],[121.0230079,14.7272683],[121.0229002,14.7273316],[121.0227929,14.7274133],[121.0227379,14.7274725],[121.0225703,14.7276247],[121.0221267,14.7280491],[121.0219612,14.7282049],[121.0217757,14.7284126],[121.0217258,14.7284704],[121.0216863,14.7285166],[121.0215368,14.7286865],[121.0214785,14.7287528],[121.0213962,14.7288558],[121.0213713,14.7288789]]}},
{"type":"Feature","properties":{"osm_id":"91747253","name":"Dantes","highway":"residential","z_order":3,"other_tags":"\"lanes\"=>\"2\",\"sidewalk\"=>\"no\""},"geometry":{"type":"LineString","coordinates":[[121.0329676,14.7239749],[121.0327486,14.7238555],[121.0324019,14.7234609],[121.0322852,14.7233917],[121.0321635,14.7233385],[121.0318679,14.7232122],[121.0316091,14.7231125]]}},
{"type":"Feature","properties":{"osm_id":"91754985","name":"Wales Street","highway":"residential","z_order":3},"geometry":{"type":"LineString","coordinates":[[121.0306511,14.7151179],[121.0307446,14.7152627],[121.0308097,14.7153623],[121.0308527,14.7153923],[121.0309012,14.7154088],[121.0312989,14.715451],[121.031571,14.7154855],[121.031642,14.7154835],[121.0317171,14.7154756],[121.0320368,14.715428]]}},
{"type":"Feature","properties":{"osm_id":"91754986","name":"Blueridge Avenue","highway":"residential","z_order":3},"geometry":{"type":"LineString","coordinates":[[121.0306511,14.7151179],[121.0302817,14.7152743],[121.0302182,14.7153021],[121.0299952,14.715388],[121.0299807,14.7154148]]}},
{"type":"Feature","properties":{"osm_id":"91754988","name":"Blueridge Avenue","highway":"residential","z_order":3},"geometry":{"type":"LineString","coordinates":[[121.0315199,14.7134278],[121.0315129,14.71351],[121.0315005,14.7135738],[121.0313068,14.7141259],[121.0310882,14.7147569],[121.03103,14.7148877],[121.0309723,14.7149603],[121.0309062,14.7150028],[121.0307993,14.7150621],[121.0306511,14.7151179]]}},
{"type":"Feature","properties":{"osm_id":"91755277","highway":"service","z_order":0,"other_tags":"\"access\"=>\"private\",\"lanes\"=>\"2\",\"surface\"=>\"paved\""},"geometry":{"type":"LineString","coordinates":[[121.0318575,14.7165938],[121.0320633,14.7165218],[121.0320721,14.7165182],[121.0321726,14.7164783],[121.0322699,14.7164315],[121.032349,14.7163929],[121.0327739,14.7161501],[121.0328061,14.7161157],[121.0328194,14.7160797],[121.0328302,14.7159751],[121.0328164,14.7159515],[121.0327818,14.7159426],[121.0327457,14.7159469],[121.032526,14.7160287],[121.032339,14.7160974],[121.0322577,14.7161235],[121.0320359,14.7161859],[121.0319422,14.7161929]]}},
{"type":"Feature","properties":{"osm_id":"91759164","name":"Salvador Street","highway":"residential","z_order":3},"geometry":{"type":"LineString","coordinates":[[121.0204723,14.7249845],[121.0207669,14.7249356],[121.0211335,14.7248598],[121.0214936,14.7247814],[121.0215949,14.7247627],[121.0220831,14.7246728],[121.0221151,14.7246559],[121.0223347,14.7245398],[121.0224022,14.7245041],[121.0224411,14.7243932],[121.0230009,14.7242911],[121.0234501,14.7242253]]}},
{"type":"Feature","properties":{"osm_id":"91761237","name":"East Street","highway":"residential","z_order":3,"other_tags":"\"access\"=>\"private\",\"lanes\"=>\"2\",\"surface\"=>\"concrete\""},"geometry":{"type":"LineString","coordinates":[[121.0303439,14.7194368],[121.0301596,14.719837],[121.0300329,14.72012],[121.0299762,14.720235],[121.0297852,14.7206498],[121.029628,14.7209912],[121.0296015,14.7210487]]}},
{"type":"Feature","properties":{"osm_id":"91761238","name":"Samonte Road","highway":"residential","z_order":3},"geometry":{"type":"LineString","coordinates":[[121.0222314,14.7180612],[121.0222526,14.7181784],[121.0222783,14.7185512],[121.0222873,14.7187955],[121.0223007,14.7191835],[121.0223138,14.7194711]]}},
{"type":"Feature","properties":{"osm_id":"91762293","name":"Col Street","highway":"residential","z_order":3,"other_tags":"\"lanes\"=>\"2\",\"lit\"=>\"yes\",\"sidewalk\"=>\"no\""},"geometry":{"type":"LineString","coordinates":[[121.0324415,14.7241326],[121.0321486,14.7244356]]}},
{"type":"Feature","properties":{"osm_id":"91764695","name":"Diego Silang Street","highway":"residential","z_order":3,"other_tags":"\"lanes\"=>\"2\",\"surface\"=>\"concrete\""},"geometry":{"type":"LineString","coordinates":[[121.0329148,14.7251956],[121.0329157,14.725762],[121.0329156,14.7259282],[121.0329263,14.7260903],[121.0329451,14.7262316],[121.0329773,14.7263782],[121.0330403,14.726552],[121.0331503,14.7267321],[121.0332657,14.7269002]]}},
{"type":"Feature","properties":{"osm_id":"91765129","name":"J. P. Laurel Street","highway":"tertiary","z_order":4,"other_tags":"\"designation\"=>\"barangay_road\",\"lanes\"=>\"2\",\"maxspeed\"=>\"20\",\"maxspeed:type\"=>\"PH:urban\""},"geometry":{"type":"LineString","coordinates":[[121.0312875,14.7261067],[121.0315305,14.7265872],[121.0315204,14.7279611]]}},
{"type":"Feature","properties":{"osm_id":"91765330","name":"Saint Joseph Street","highway":"unclassified","z_order":3,"other_tags":"\"lanes\"=>\"2\",\"oneway\"=>\"no\",\"surface\"=>\"concrete\""},"geometry":{"type":"LineString","coordinates":[[121.0279953,14.7266298],[121.0279659,14.726635],[121.0279415,14.7266456],[121.027833,14.7267128],[121.027526,14.7269029],[121.027411,14.7269736],[121.0273346,14.7270144],[121.0272513,14.7270517],[121.02706,14.7271168]]}},
{"type":"Feature","properties":{"osm_id":"91769156","name":"Magsaysay Avenue","highway":"tertiary","z_order":4,"other_tags":"\"designation\"=>\"barangay_road\",\"lanes\"=>\"2\",\"lit\"=>\"yes\",\"maxspeed\"=>\"20\",\"maxspeed:type\"=>\"PH:urban\",\"sidewalk\"=>\"both\",\"surface\"=>\"concrete\""},"geometry":{"type":"LineString","coordinates":[[121.0264342,14.7103921],[121.0265627,14.7104029],[121.0278028,14.7104992],[121.0281793,14.7105227],[121.0282184,14.7105302],[121.0282491,14.7105423]]}},
{"type":"Feature","properties":{"osm_id":"91769158","name":"Villamor Street","highway":"residential","z_order":3,"other_tags":"\"lit\"=>\"yes\",\"sidewalk\"=>\"both\",\"surface\"=>\"concrete\""},"geometry":{"type":"LineString","coordinates":[[121.0275495,14.7109081],[121.0267243,14.7105319],[121.0266519,14.7104914],[121.026603,14.7104507],[121.0265627,14.7104029]]}},
{"type":"Feature","properties":{"osm_id":"91769160","name":"Oregon Street","highway":"residential","z_order":3,"other_tags":"\"lanes\"=>\"2\",\"lit\"=>\"yes\",\"sidewalk\"=>\"both\",\"surface\"=>\"concrete\""},"geometry":{"type":"LineString","coordinates":[[121.0249128,14.7100159],[121.024987,14.7100198],[121.0250932,14.7100169],[121.025174,14.7100069],[121.0252864,14.7099785],[121.0257537,14.7098183],[121.0260575,14.7097142],[121.0260877,14.7097078],[121.0261119,14.7097095],[121.0261733,14.7097262]]}},
{"type":"Feature","properties":{"osm_id":"91769161","name":"Magsaysay Extension","highway":"residential","z_order":3,"other_tags":"\"lanes\"=>\"2\",\"surface\"=>\"concrete\""},"geometry":{"type":"LineString","coordinates":[[121.0229299,14.708168],[121.0229066,14.7082198],[121.0227433,14.7085823],[121.0225467,14.7090024],[121.0224733,14.7091648],[121.0224404,14.7092232],[121.0224006,14.7092714],[121.0223258,14.7093312],[121.0222746,14.7093836],[121.0222398,14.7094305],[121.0222021,14.709503],[121.0221688,14.7095765],[121.0221136,14.7097184],[121.0220177,14.7099647]]}},
{"type":"Feature","properties":{"osm_id":"91786357","highway":"service","z_order":0,"other_tags":"\"access\"=>\"private\""},"geometry":{"type":"LineString","coordinates":[[121.0236751,14.7224192],[121.023664,14.7224439],[121.0236442,14.7224611],[121.0236149,14.7224744],[121.0232258,14.722618],[121.0231094,14.7226537],[121.0229827,14.7226887],[121.0222914,14.7228783],[121.0214957,14.7230966],[121.0214666,14.7231057],[121.0214438,14.7231252],[121.0214324,14.7231576],[121.0214316,14.7231913],[121.0215189,14.7235675],[121.021539,14.723609],[121.0215779,14.7236473],[121.0218753,14.7238704],[121.0218954,14.7238775],[121.0219235,14.7238775],[121.0219573,14.7238716]]}},
{"type":"Feature","properties":{"osm_id":"91836521","name":"Roxas Compound","highway":"residential","z_order":3},"geometry":{"type":"LineString","coordinates":[[121.0316091,14.7231125],[121.0307263,14.7229165]]}},
{"type":"Feature","properties":{"osm_id":"91842054","name":"Daang Hari","highway":"residential","z_order":3},"geometry":{"type":"LineString","coordinates":[[121.0248779,14.7263076],[121.0249098,14.7263338],[121.0249886,14.7264009],[121.0251621,14.7265746]]}},
{"type":"Feature","properties":{"osm_id":"92077363","name":"Juan Street","highway":"residential","z_order":3,"other_tags":"\"lanes\"=>\"2\",\"surface\"=>\"paved\""},"geometry":{"type":"LineString","coordinates":[[121.0309777,14.7236069],[121.0310933,14.723796],[121.0311211,14.7238322],[121.0311623,14.7238546],[121.0315156,14.7239827],[121.0316277,14.724049],[121.0317677,14.7241472],[121.0321486,14.7244356],[121.0324685,14.724716],[121.0326815,14.7248844]]}},
{"type":"Feature","properties":{"osm_id":"92705838","name":"Maria Street","highway":"residential","z_order":3,"other_tags":"\"lanes\"=>\"2\",\"surface\"=>\"concrete\""},"geometry":{"type":"LineString","coordinates":[[121.028084,14.7258822],[121.0281225,14.7258231],[121.0281579,14.7257582],[121.0281902,14.725672],[121.0282137,14.7255825],[121.0282555,14.7253837],[121.0282757,14.7252874],[121.0283134,14.7250997],[121.0283585,14.7248756],[121.0283659,14.7248146],[121.0283659,14.7247686],[121.0283596,14.7247251]]}},
{"type":"Feature","properties":{"osm_id":"92705839","name":"Cabesa Andres Street","highway":"unclassified","z_order":3,"other_tags":"\"lanes\"=>\"2\",\"oneway\"=>\"no\",\"surface\"=>\"concrete\""},"geometry":{"type":"LineString","coordinates":[[121.0278732,14.7248049],[121.0278243,14.7245309]]}},
{"type":"Feature","properties":{"osm_id":"92705843","name":"North Street","highway":"residential","z_order":3,"other_tags":"\"access\"=>\"private\",\"lanes\"=>\"2\",\"surface\"=>\"concrete\""},"geometry":{"type":"LineString","coordinates":[[121.0297852,14.7206498],[121.0294478,14.720498],[121.0294099,14.7204733],[121.0293864,14.7204337],[121.0293831,14.7203877],[121.0293965,14.7203449],[121.0294932,14.720129],[121.0299426,14.719231]]}},
{"type":"Feature","properties":{"osm_id":"92705844","name":"Lazaro Street","highway":"residential","z_order":3,"other_tags":"\"lanes\"=>\"2\",\"surface\"=>\"concrete\""},"geometry":{"type":"LineString","coordinates":[[121.0298015,14.7231341],[121.0301464,14.7232492]]}},
{"type":"Feature","properties":{"osm_id":"92705845","name":"Betlehem Street","highway":"residential","z_order":3,"other_tags":"\"access\"=>\"destination\",\"lanes\"=>\"2\",\"surface\"=>\"paved\""},"geometry":{"type":"LineString","coordinates":[[121.0292571,14.7224052],[121.0293269,14.7223812],[121.029367,14.7223496],[121.0293961,14.722303],[121.0294105,14.7222476],[121.0294185,14.7221878],[121.0294104,14.7221327],[121.0293896,14.7220841],[121.0292621,14.7218352],[121.0291666,14.7216064]]}},
{"type":"Feature","properties":{"osm_id":"92705846","name":"Maria Street","highway":"residential","z_order":3,"other_tags":"\"lanes\"=>\"2\",\"surface\"=>\"concrete\""},"geometry":{"type":"LineString","coordinates":[[121.0266292,14.7266379],[121.0268631,14.7265985],[121.0271321,14.7265531],[121.0273118,14.7265228],[121.0273949,14.7265008],[121.0274951,14.726458],[121.0275652,14.7264152],[121.0276556,14.726345],[121.0277339,14.7262843],[121.02781,14.7262252],[121.0278603,14.7261759],[121.027915,14.7261114],[121.0279752,14.7260297],[121.028084,14.7258822]]}},
{"type":"Feature","properties":{"osm_id":"92705847","name":"Jordan Street","highway":"residential","z_order":3},"geometry":{"type":"LineString","coordinates":[[121.0232867,14.7254213],[121.0230081,14.7256278],[121.0227272,14.7258646],[121.0226011,14.7259554],[121.0223311,14.7260429],[121.0222652,14.7260643],[121.0221744,14.726108],[121.022101,14.7261746],[121.022042,14.7263498],[121.0220535,14.7266031]]}},
{"type":"Feature","properties":{"osm_id":"94127085","name":"Sampaguita Street","highway":"residential","z_order":3,"other_tags":"\"lanes\"=>\"2\",\"lit\"=>\"yes\",\"sidewalk\"=>\"no\""},"geometry":{"type":"LineString","coordinates":[[121.0319419,14.7229503],[121.0318679,14.7232122],[121.031792,14.7235465],[121.0317931,14.723598],[121.0318188,14.7236498]]}},
{"type":"Feature","properties":{"osm_id":"116417302","name":"Moon Aisle","highway":"residential","z_order":3,"other_tags":"\"access\"=>\"private\",\"bicycle\"=>\"yes\",\"foot\"=>\"yes\",\"lanes\"=>\"2\",\"oneway\"=>\"no\",\"surface\"=>\"paved\""},"geometry":{"type":"LineString","coordinates":[[121.030994,14.7123377],[121.0310436,14.7122944],[121.0311195,14.7122512],[121.0311683,14.7122354]]}},
{"type":"Feature","properties":{"osm_id":"116417304","name":"Photon Street","highway":"residential","z_order":3,"other_tags":"\"access\"=>\"private\",\"bicycle\"=>\"yes\",\"foot\"=>\"yes\",\"lanes\"=>\"2\",\"surface\"=>\"paved\""},"geometry":{"type":"LineString","coordinates":[[121.0308705,14.711832],[121.0311683,14.7122354]]}},
{"type":"Feature","properties":{"osm_id":"116417308","name":"Proton Street","highway":"residential","z_order":3,"other_tags":"\"access\"=>\"private\",\"bicycle\"=>\"yes\",\"foot\"=>\"yes\",\"lanes\"=>\"2\",\"surface\"=>\"paved\""},"geometry":{"type":"LineString","coordinates":[[121.0310604,14.7124232],[121.030994,14.7123377],[121.0307239,14.7119532]]}},
{"type":"Feature","properties":{"osm_id":"118602639","highway":"service","z_order":0,"other_tags":"\"access\"=>\"private\",\"service\"=>\"driveway\""},"geometry":{"type":"LineString","coordinates":[[121.0270618,14.7147939],[121.0269142,14.714247],[121.0268793,14.7141143],[121.0266828,14.7133686],[121.0264786,14.7125933]]}},
{"type":"Feature","properties":{"osm_id":"118602653","highway":"service","z_order":0,"other_tags":"\"access\"=>\"private\",\"service\"=>\"driveway\""},"geometry":{"type":"LineString","coordinates":[[121.0252015,14.7095141],[121.0259182,14.7092269],[121.0260911,14.7091576]]}},
{"type":"Feature","properties":{"osm_id":"118603499","highway":"service","z_order":0,"other_tags":"\"access\"=>\"private\",\"service\"=>\"driveway\""},"geometry":{"type":"LineString","coordinates":[[121.0288738,14.7096615],[121.0289788,14.7097604]]}},
{"type":"Feature","properties":{"osm_id":"118605465","name":"Ipil-ipil Street","highway":"footway","z_order":0,"other_tags":"\"footway\"=>\"alley\""},"geometry":{"type":"LineString","coordinates":[[121.0291372,14.7158986],[121.0291515,14.7160906],[121.0291651,14.7162781],[121.0291786,14.7164655],[121.0291922,14.716653]]}},
{"type":"Feature","properties":{"osm_id":"118605466","name":"Dahlia Street","highway":"footway","z_order":0},"geometry":{"type":"LineString","coordinates":[[121.0285451,14.7170632],[121.0279883,14.7171894],[121.0275604,14.7172877]]}},
{"type":"Feature","properties":{"osm_id":"118605467","name":"Santan Street","highway":"footway","z_order":0,"other_tags":"\"footway\"=>\"alley\""},"geometry":{"type":"LineString","coordinates":[[121.0269203,14.7169763],[121.0269813,14.7169295],[121.02739,14.7168273],[121.028497,14.7165584]]}},
{"type":"Feature","properties":{"osm_id":"118605468","name":"Gumamela Street","highway":"footway","z_order":0,"other_tags":"\"footway\"=>\"alley\""},"geometry":{"type":"LineString","coordinates":[[121.028592,14.7175566],[121.0281796,14.7176579],[121.0281344,14.7176729],[121.0279557,14.7178104]]}},
{"type":"Feature","properties":{"osm_id":"118605469","name":"Camia Street","highway":"footway","z_order":0,"other_tags":"\"motorcycle\"=>\"private\""},"geometry":{"type":"LineString","coordinates":[[121.0268245,14.7168148],[121.0270567,14.7167331],[121.0273534,14.7166574],[121.0284805,14.7163854]]}},
{"type":"Feature","properties":{"osm_id":"118605470","name":"Guyavano Street","highway":"path","z_order":0,"other_tags":"\"abutters\"=>\"residential\",\"living_street\"=>\"yes\",\"motorcycle\"=>\"destination\",\"name:etymology:wikidata\"=>\"Q192147\",\"path\"=>\"alley\""},"geometry":{"type":"LineString","coordinates":[[121.0292174,14.7177634],[121.0291924,14.7174498],[121.0291345,14.7167063]]}},
{"type":"Feature","properties":{"osm_id":"118605471","name":"Rosal Street","highway":"footway","z_order":0},"geometry":{"type":"LineString","coordinates":[[121.0285117,14.7167132],[121.0274224,14.716978]]}},
{"type":"Feature","properties":{"osm_id":"118605472","name":"Carnation Street","highway":"footway","z_order":0,"other_tags":"\"footway\"=>\"alley\",\"name:etymology:wikidata\"=>\"Q158984\""},"geometry":{"type":"LineString","coordinates":[[121.0285759,14.7173875],[121.0283605,14.7174339],[121.0280826,14.7175016],[121.0280435,14.7175113],[121.0278318,14.7176546]]}},
{"type":"Feature","properties":{"osm_id":"119432546","name":"Legaspi Street","highway":"residential","z_order":3,"other_tags":"\"access\"=>\"private\""},"geometry":{"type":"LineString","coordinates":[[121.0197049,14.7175778],[121.0197081,14.7178742],[121.0197811,14.7181949],[121.019813,14.7183454]]}},
{"type":"Feature","properties":{"osm_id":"119432547","highway":"residential","z_order":3,"other_tags":"\"access\"=>\"private\""},"geometry":{"type":"LineString","coordinates":[[121.0189387,14.7177693],[121.0190047,14.7180453]]}},
{"type":"Feature","properties":{"osm_id":"119432548","name":"Madrid Avenue","highway":"residential","z_order":3,"other_tags":"\"access\"=>\"private\""},"geometry":{"type":"LineString","coordinates":[[121.0199745,14.7142044],[121.0200032,14.7138203],[121.0200369,14.7137809],[121.0200933,14.7137602],[121.0202594,14.7137799],[121.0203393,14.7137323],[121.020384,14.7136589],[121.0204014,14.7134344],[121.0204232,14.7130872]]}},
{"type":"Feature","properties":{"osm_id":"119432549","highway":"residential","z_order":3,"other_tags":"\"access\"=>\"private\""},"geometry":{"type":"LineString","coordinates":[[121.0190304,14.7181497],[121.0184079,14.7183421],[121.0183705,14.7181915],[121.0183705,14.7181625],[121.0183792,14.7181285],[121.0185953,14.7178562],[121.0186698,14.7177795],[121.0187522,14.7177522],[121.0188245,14.7177621],[121.0189387,14.7177693]]}},
{"type":"Feature","properties":{"osm_id":"128976741","name":"Katipunan Extension","highway":"secondary","z_order":6,"other_tags":"\"designation\"=>\"city_road\",\"lanes\"=>\"2\",\"lit\"=>\"yes\",\"maxspeed\"=>\"30\",\"maxspeed:type\"=>\"PH:urban\",\"oneway\"=>\"yes\",\"sidewalk\"=>\"right\",\"surface\"=>\"concrete\""},"geometry":{"type":"LineString","coordinates":[[121.0206575,14.7162894],[121.020612,14.7159731],[121.0205621,14.7156534],[121.0205864,14.7153312],[121.0206147,14.7150089],[121.0206447,14.7146066],[121.0206554,14.7144627],[121.0206602,14.7144114],[121.0206984,14.7139984],[121.0207336,14.7135327],[121.0207756,14.7131597],[121.0207816,14.7131069],[121.0208331,14.7130205]]}},
{"type":"Feature","properties":{"osm_id":"134644973","name":"Diamond Road","highway":"secondary","z_order":6,"other_tags":"\"lanes\"=>\"2\",\"lit\"=>\"yes\",\"maxspeed\"=>\"30\",\"maxspeed:type\"=>\"PH:urban\",\"oneway\"=>\"no\",\"surface\"=>\"concrete\""},"geometry":{"type":"LineString","coordinates":[[121.0171537,14.7204171],[121.0171085,14.7210816],[121.0170892,14.7213761],[121.0170811,14.7215512],[121.0170798,14.721708],[121.0170855,14.7218158],[121.0170984,14.7220138],[121.0171214,14.7221303],[121.0171442,14.7222756],[121.0171599,14.7223499],[121.017171,14.7224024],[121.0172008,14.7225422],[121.0172072,14.7225979],[121.0172112,14.722644],[121.0172099,14.7227024],[121.0172002,14.7229905],[121.0171861,14.7234072],[121.0174881,14.7247861],[121.0176151,14.7253661],[121.0176771,14.7256372],[121.0176908,14.7256785],[121.0177916,14.7258716],[121.0178236,14.7259178]]}},
{"type":"Feature","properties":{"osm_id":"149724318","name":"Tervel Street","highway":"residential","z_order":3,"other_tags":"\"access\"=>\"private\""},"geometry":{"type":"LineString","coordinates":[[121.0211737,14.7133807],[121.0212161,14.7134626],[121.021165,14.713492],[121.0211412,14.7135491],[121.0211217,14.7137912],[121.0211136,14.7140285]]}},
{"type":"Feature","properties":{"osm_id":"158193874","name":"Coral Ville Street","highway":"residential","z_order":3,"other_tags":"\"access\"=>\"private\",\"lanes\"=>\"2\",\"surface\"=>\"concrete\""},"geometry":{"type":"LineString","coordinates":[[121.031677,14.7181963],[121.0324815,14.7180574]]}},
{"type":"Feature","properties":{"osm_id":"158193875","name":"Biglang Awa Street","highway":"residential","z_order":3,"other_tags":"\"alt_name\"=>\"Pasacola D\",\"lanes\"=>\"1\",\"lit\"=>\"yes\",\"mapillary\"=>\"654953522461350\",\"source:name\"=>\"extrapolation\",\"surface\"=>\"asphalt\""},"geometry":{"type":"LineString","coordinates":[[121.0306407,14.7165337],[121.0310788,14.716596],[121.031327,14.7166397],[121.0315842,14.7166927],[121.031618,14.7167003],[121.0317404,14.7167276]]}},
{"type":"Feature","properties":{"osm_id":"158194440","highway":"path","z_order":0,"other_tags":"\"abutters\"=>\"residential\",\"living_street\"=>\"yes\",\"motorcycle\"=>\"destination\",\"path\"=>\"alley\""},"geometry":{"type":"LineString","coordinates":[[121.028852,14.7169816],[121.0288762,14.717255],[121.0288924,14.7174693],[121.0289104,14.7177059],[121.0289372,14.7180576]]}},
{"type":"Feature","properties":{"osm_id":"158194441","name":"Caimito Street","highway":"path","z_order":0,"other_tags":"\"abutters\"=>\"residential\",\"footway\"=>\"alley\",\"living_street\"=>\"yes\",\"mapillary\"=>\"1361153291225337\",\"motorcycle\"=>\"destination\",\"path\"=>\"alley\",\"source:name\"=>\"imagery\""},"geometry":{"type":"LineString","coordinates":[[121.0297647,14.7172196],[121.0297374,14.7168729],[121.0297102,14.7165263]]}},
{"type":"Feature","properties":{"osm_id":"158194442","highway":"path","z_order":0,"other_tags":"\"abutters\"=>\"residential\",\"living_street\"=>\"yes\",\"motorcycle\"=>\"destination\",\"path\"=>\"alley\""},"geometry":{"type":"LineString","coordinates":[[121.02927,14.7166255],[121.029305,14.7171395],[121.0293256,14.7174412],[121.0293283,14.7175714]]}},
{"type":"Feature","properties":{"osm_id":"158194443","name":"Molave Street","highway":"path","z_order":0,"other_tags":"\"abutters\"=>\"residential\",\"footway\"=>\"alley\",\"living_street\"=>\"yes\",\"motorcycle\"=>\"destination\",\"path\"=>\"alley\""},"geometry":{"type":"LineString","coordinates":[[121.0293624,14.7165997],[121.0293464,14.7163566],[121.0293305,14.7161134],[121.0293145,14.7158703]]}},
{"type":"Feature","properties":{"osm_id":"158194444","name":"Acacia Street","highway":"path","z_order":0,"other_tags":"\"abutters\"=>\"residential\",\"footway\"=>\"alley\",\"living_street\"=>\"yes\",\"motorcycle\"=>\"destination\",\"path\"=>\"alley\""},"geometry":{"type":"LineString","coordinates":[[121.0295197,14.7165669],[121.0295118,14.7163869],[121.029489,14.7161261],[121.0294787,14.7159705],[121.029478,14.7159477],[121.0294644,14.7158445]]}},
{"type":"Feature","properties":{"osm_id":"158194445","name":"Tiesa Street","highway":"path","z_order":0,"other_tags":"\"abutters\"=>\"residential\",\"living_street\"=>\"yes\",\"mapillary\"=>\"479621761180389\",\"motorcycle\"=>\"destination\",\"path\"=>\"alley\",\"source:name\"=>\"imagery\""},"geometry":{"type":"LineString","coordinates":[[121.0294795,14.7173897],[121.0294572,14.7171236],[121.0294349,14.7168575],[121.0294193,14.7165881]]}},
{"type":"Feature","properties":{"osm_id":"158194446","name":"Rambutan Street","highway":"service","z_order":0,"other_tags":"\"abutters\"=>\"residential\",\"alt_name\"=>\"Rambotan Street\",\"lanes\"=>\"1\",\"living_street\"=>\"yes\",\"name:etymology:wikidata\"=>\"Q476864\",\"service\"=>\"alley\",\"sidewalk\"=>\"no\",\"surface\"=>\"concrete\""},"geometry":{"type":"LineString","coordinates":[[121.0301475,14.7167802],[121.0301287,14.7168779],[121.0300838,14.7169627],[121.0300385,14.7170461],[121.0299047,14.7171391],[121.0297647,14.7172196],[121.0296989,14.7172598],[121.0296317,14.7172993],[121.0294795,14.7173897],[121.0294154,14.7174354],[121.0293283,14.7175714],[121.0293053,14.7176119],[121.0292174,14.7177634],[121.0291913,14.7178084],[121.0291396,14.7178798],[121.0290812,14.7179565],[121.0290565,14.717992],[121.0290297,14.7180218],[121.0290004,14.7180436],[121.0289372,14.7180576],[121.0287768,14.7180576],[121.0286402,14.7180627]]}},
{"type":"Feature","properties":{"osm_id":"158194447","name":"Duhat Street","highway":"path","z_order":0,"other_tags":"\"abutters\"=>\"residential\",\"living_street\"=>\"yes\",\"motorcycle\"=>\"destination\",\"name:etymology:wikidata\"=>\"Q232571\",\"path\"=>\"alley\""},"geometry":{"type":"LineString","coordinates":[[121.0289906,14.7168463],[121.0290135,14.7171246],[121.0290362,14.7174025],[121.0290409,14.7174597],[121.0290812,14.7179565]]}},
{"type":"Feature","properties":{"osm_id":"164437555","name":"General Luis Street","highway":"primary","z_order":7,"other_tags":"\"cycleway\"=>\"lane\",\"lane_markings\"=>\"no\",\"lanes\"=>\"2\",\"lit\"=>\"yes\",\"mapillary\"=>\"2837946643202757\",\"maxspeed\"=>\"40\",\"maxspeed:type\"=>\"PH:urban\",\"old_name\"=>\"Polo-Novaliches Road\",\"ref\"=>\"118\",\"sidewalk\"=>\"both\",\"surface\"=>\"concrete\",\"wikidata\"=>\"Q60763455\",\"wikipedia\"=>\"en:General Luis Street\""},"geometry":{"type":"LineString","coordinates":[[121.0281193,14.7205244],[121.0280754,14.7205033],[121.0280309,14.7204812],[121.0278971,14.7204145],[121.0274612,14.7201859],[121.0267711,14.7198239],[121.0266596,14.7197654],[121.0265146,14.7196816],[121.0263407,14.7195884],[121.0262223,14.7195276],[121.0261343,14.7194917],[121.0260218,14.7194494],[121.0259548,14.7194253],[121.0258759,14.7194033],[121.0257839,14.7193828],[121.0256754,14.7193637],[121.025025,14.719274],[121.0248047,14.7192469],[121.0245444,14.7192142],[121.0243972,14.7192029],[121.0243066,14.7192016],[121.0241955,14.7192161],[121.0240404,14.7192347],[121.0239285,14.7192481],[121.0238084,14.7192564],[121.0235914,14.7192826],[121.0232422,14.7193285],[121.0231625,14.7193424],[121.0228261,14.7193891],[121.0227007,14.7194105],[121.0225982,14.7194262],[121.0223991,14.7194606],[121.0223138,14.7194711],[121.0220992,14.7195099],[121.0218674,14.719547],[121.0216236,14.7195953],[121.0215036,14.7196187],[121.0213966,14.7196475],[121.0212746,14.7196887],[121.0211422,14.7197336]]}},
{"type":"Feature","properties":{"osm_id":"173922073","name":"Sierra Vista Street","highway":"residential","z_order":3,"other_tags":"\"alt_name\"=>\"Reata Loop Street\",\"oneway\"=>\"yes\""},"geometry":{"type":"LineString","coordinates":[[121.0207628,14.7170944],[121.0206284,14.7170705],[121.0205514,14.7170037],[121.0205145,14.7169103],[121.0205257,14.7168108],[121.0205827,14.7167274],[121.0207055,14.7166691]]}},
{"type":"Feature","properties":{"osm_id":"173922074","name":"Avila Street","highway":"residential","z_order":3,"other_tags":"\"access\"=>\"private\""},"geometry":{"type":"LineString","coordinates":[[121.0210691,14.7148947],[121.0213085,14.7148948],[121.0215605,14.714894]]}},
{"type":"Feature","properties":{"osm_id":"173922075","name":"Ronda Loop","highway":"residential","z_order":3,"other_tags":"\"access\"=>\"private\""},"geometry":{"type":"LineString","coordinates":[[121.0212249,14.7161748],[121.0214481,14.7161561],[121.0216087,14.7160586],[121.0217109,14.7158915],[121.0217375,14.715711],[121.0217375,14.7155294],[121.0216999,14.7153478],[121.0216456,14.7151498],[121.0216016,14.7149725],[121.0215605,14.714894],[121.0215148,14.7146655]]}},
{"type":"Feature","properties":{"osm_id":"178310966","highway":"residential","z_order":3},"geometry":{"type":"LineString","coordinates":[[121.0303351,14.7105894],[121.0303143,14.7104199]]}},
{"type":"Feature","properties":{"osm_id":"238279001","name":"Enriquez Street","highway":"residential","z_order":3,"other_tags":"\"lanes\"=>\"2\",\"lit\"=>\"yes\",\"motorcar\"=>\"yes\",\"sidewalk\"=>\"no\",\"surface\"=>\"concrete\""},"geometry":{"type":"LineString","coordinates":[[121.0175976,14.7137679],[121.0170933,14.7137842],[121.0162143,14.7138126],[121.0158688,14.7138237]]}},
{"type":"Feature","properties":{"osm_id":"238279002","highway":"service","z_order":0,"other_tags":"\"access\"=>\"private\""},"geometry":{"type":"LineString","coordinates":[[121.0180239,14.712397],[121.0178161,14.7124163],[121.0176578,14.7124397],[121.0175141,14.7124699],[121.01662,14.712658],[121.0160205,14.7127841],[121.0159106,14.7128054],[121.0158463,14.7128181]]}},
{"type":"Feature","properties":{"osm_id":"243493710","name":"Sunset Drive","highway":"residential","z_order":3},"geometry":{"type":"LineString","coordinates":[[121.0321565,14.7136259],[121.0320535,14.7139976],[121.0319506,14.7143691],[121.0318478,14.7147406],[121.0317449,14.7151121],[121.031642,14.7154835]]}},
{"type":"Feature","properties":{"osm_id":"243494148","name":"Electron Street","highway":"residential","z_order":3,"other_tags":"\"access\"=>\"private\",\"bicycle\"=>\"yes\",\"foot\"=>\"yes\",\"lanes\"=>\"2\",\"surface\"=>\"paved\""},"geometry":{"type":"LineString","coordinates":[[121.0310678,14.711767],[121.0311884,14.7119348],[121.0314018,14.7122555]]}},
{"type":"Feature","properties":{"osm_id":"243494149","name":"Nuclei Street","highway":"residential","z_order":3,"other_tags":"\"access\"=>\"private\",\"alt_name\"=>\"Guardians\",\"bicycle\"=>\"destination\",\"foot\"=>\"destination\",\"lanes\"=>\"2\",\"surface\"=>\"paved\""},"geometry":{"type":"LineString","coordinates":[[121.0316779,14.7119436],[121.0316414,14.7119208]]}},
{"type":"Feature","properties":{"osm_id":"243494150","name":"Neutron Aisle","highway":"residential","z_order":3,"other_tags":"\"access\"=>\"private\",\"bicycle\"=>\"yes\",\"foot\"=>\"yes\",\"lanes\"=>\"2\",\"oneway\"=>\"no\",\"surface\"=>\"paved\""},"geometry":{"type":"LineString","coordinates":[[121.0308705,14.711832],[121.0308583,14.7118355],[121.0307292,14.7119432],[121.0307239,14.7119532]]}},
{"type":"Feature","properties":{"osm_id":"243494151","name":"Kitty Aisle","highway":"residential","z_order":3,"other_tags":"\"access\"=>\"private\",\"bicycle\"=>\"yes\",\"foot\"=>\"yes\",\"lanes\"=>\"2\",\"surface\"=>\"paved\""},"geometry":{"type":"LineString","coordinates":[[121.0310624,14.7115571],[121.0310608,14.7115369],[121.0311178,14.7114227],[121.031138,14.7114136]]}},
{"type":"Feature","properties":{"osm_id":"243494152","name":"Nuclei Street","highway":"residential","z_order":3,"other_tags":"\"access\"=>\"private\",\"bicycle\"=>\"yes\",\"foot\"=>\"yes\",\"lanes\"=>\"2\",\"surface\"=>\"paved\""},"geometry":{"type":"LineString","coordinates":[[121.0316414,14.7119208],[121.0310624,14.7115571]]}},
{"type":"Feature","properties":{"osm_id":"243494153","name":"Power Drive","highway":"residential","z_order":3,"other_tags":"\"access\"=>\"private\",\"bicycle\"=>\"yes\",\"foot\"=>\"yes\",\"horse\"=>\"yes\",\"lanes\"=>\"2\",\"motor_vehicle\"=>\"permissive\",\"surface\"=>\"paved\""},"geometry":{"type":"LineString","coordinates":[[121.0317707,14.7117823],[121.0316779,14.7119436]]}},
{"type":"Feature","properties":{"osm_id":"243494867","name":"Earth Aisle","highway":"residential","z_order":3,"other_tags":"\"access\"=>\"private\",\"bicycle\"=>\"yes\",\"foot\"=>\"yes\",\"lanes\"=>\"2\",\"oneway\"=>\"no\",\"surface\"=>\"paved\""},"geometry":{"type":"LineString","coordinates":[[121.0311683,14.7122354],[121.0314018,14.7122555]]}},
{"type":"Feature","properties":{"osm_id":"243494868","name":"Tree Aisle","highway":"residential","z_order":3,"other_tags":"\"access\"=>\"private\",\"bicycle\"=>\"yes\",\"foot\"=>\"yes\",\"lanes\"=>\"2\",\"oneway\"=>\"no\",\"surface\"=>\"paved\""},"geometry":{"type":"LineString","coordinates":[[121.0314018,14.7122555],[121.0314625,14.7122555],[121.0314739,14.7122493],[121.0315899,14.7120141],[121.0316414,14.7119208]]}},
{"type":"Feature","properties":{"osm_id":"243495130","name":"Easterly Aisle","highway":"residential","z_order":3,"other_tags":"\"access\"=>\"private\",\"bicycle\"=>\"yes\",\"foot\"=>\"yes\",\"lanes\"=>\"2\",\"surface\"=>\"paved\""},"geometry":{"type":"LineString","coordinates":[[121.0325769,14.7120449],[121.0323788,14.7126689],[121.0322731,14.7129456],[121.0321833,14.7132017],[121.0321813,14.7132478],[121.0321837,14.7132815],[121.0322222,14.7133005]]}},
{"type":"Feature","properties":{"osm_id":"243498008","highway":"footway","z_order":0,"other_tags":"\"access\"=>\"private\""},"geometry":{"type":"LineString","coordinates":[[121.0316248,14.7106198],[121.0318608,14.7106464],[121.0321351,14.7106671],[121.0325414,14.7106918],[121.0326051,14.7106904],[121.0326641,14.7106788]]}},
{"type":"Feature","properties":{"osm_id":"243498575","name":"Mecha Path","highway":"pedestrian","z_order":0,"other_tags":"\"access\"=>\"private\",\"bicycle\"=>\"yes\",\"lanes\"=>\"1\",\"surface\"=>\"concrete\""},"geometry":{"type":"LineString","coordinates":[[121.0315899,14.7120141],[121.0313099,14.7118479],[121.0311884,14.7119348]]}},
{"type":"Feature","properties":{"osm_id":"243498719","name":"Pasacola Road","highway":"tertiary","z_order":4,"other_tags":"\"bicycle\"=>\"yes\",\"designation\"=>\"barangay_road\",\"foot\"=>\"yes\",\"lanes\"=>\"2\",\"lit\"=>\"yes\",\"maxspeed\"=>\"20\",\"maxspeed:type\"=>\"PH:urban\",\"surface\"=>\"asphalt\""},"geometry":{"type":"LineString","coordinates":[[121.0316985,14.7172368],[121.0316685,14.7171948],[121.0316544,14.7171528],[121.0316576,14.7170923],[121.0316755,14.7169879],[121.031705,14.716832],[121.031721,14.7167749],[121.0317281,14.7167519],[121.0317404,14.7167276],[121.0317548,14.7167081],[121.0317666,14.716683],[121.0317749,14.7166555],[121.0317792,14.7166225],[121.0317835,14.7165596],[121.0318018,14.7164833],[121.0318495,14.716277]]}},
{"type":"Feature","properties":{"osm_id":"243498720","name":"Queens Avenue","highway":"tertiary","z_order":4,"other_tags":"\"bicycle\"=>\"yes\",\"foot\"=>\"yes\",\"lanes\"=>\"2\",\"surface\"=>\"asphalt\""},"geometry":{"type":"LineString","coordinates":[[121.0325118,14.7137368],[121.0324342,14.7139792],[121.0323446,14.7142889],[121.0320983,14.7151685],[121.0320525,14.715339],[121.0320368,14.715428],[121.0320251,14.7156451],[121.0320191,14.7157147],[121.0319995,14.7157844],[121.0319563,14.7159049],[121.0319101,14.7160646]]}},
{"type":"Feature","properties":{"osm_id":"245591357","name":"Gozum Street","highway":"residential","z_order":23,"other_tags":"\"access\"=>\"private\",\"bridge\"=>\"yes\",\"foot\"=>\"yes\",\"lanes\"=>\"2\",\"layer\"=>\"1\",\"sidewalk\"=>\"both\",\"surface\"=>\"concrete\",\"width\"=>\"9\""},"geometry":{"type":"LineString","coordinates":[[121.0311324,14.7106348],[121.0310231,14.710414]]}},
{"type":"Feature","properties":{"osm_id":"245591358","name":"Gozum Street","highway":"residential","z_order":3,"other_tags":"\"access\"=>\"private\",\"lanes\"=>\"2\",\"surface\"=>\"paved\""},"geometry":{"type":"LineString","coordinates":[[121.0310231,14.710414],[121.0309974,14.7103643],[121.0309817,14.7103208],[121.0309743,14.710267],[121.0309771,14.7102183],[121.0309954,14.7100911]]}},
{"type":"Feature","properties":{"osm_id":"267213407","name":"Ma. San Andres Street","highway":"residential","z_order":3},"geometry":{"type":"LineString","coordinates":[[121.018668,14.7163737],[121.0186842,14.7169479],[121.0186859,14.7170814],[121.0186817,14.7171031]]}},
{"type":"Feature","properties":{"osm_id":"267213408","name":"Arevalo Street","highway":"residential","z_order":3},"geometry":{"type":"LineString","coordinates":[[121.0185048,14.7163986],[121.0185188,14.7169472],[121.0185278,14.7170903]]}},
{"type":"Feature","properties":{"osm_id":"267213409","name":"Siguenza Street","highway":"residential","z_order":3},"geometry":{"type":"LineString","coordinates":[[121.0185188,14.7169472],[121.018278,14.7169503],[121.017868,14.716948],[121.0176243,14.7169368],[121.0175489,14.7169545],[121.0171734,14.7172192]]}},
{"type":"Feature","properties":{"osm_id":"267213410","highway":"residential","z_order":3},"geometry":{"type":"LineString","coordinates":[[121.018257,14.7166951],[121.0179683,14.7167006],[121.017868,14.7167016],[121.0175559,14.7166929],[121.0174496,14.7167301],[121.0170259,14.7170013],[121.0168797,14.7170829],[121.0168625,14.7171197]]}},
{"type":"Feature","properties":{"osm_id":"267213412","name":"Tomelloso Street","highway":"residential","z_order":3},"geometry":{"type":"LineString","coordinates":[[121.0170259,14.7170013],[121.0171734,14.7172192],[121.0171777,14.717313],[121.0172096,14.7174008],[121.0172694,14.7174595],[121.0174739,14.717642]]}},
{"type":"Feature","properties":{"osm_id":"267213413","name":"Malaga Street","highway":"residential","z_order":3},"geometry":{"type":"LineString","coordinates":[[121.0178506,14.7171666],[121.0178027,14.7171858],[121.0177285,14.7171867],[121.0176672,14.7171911],[121.0175972,14.7172126],[121.0174942,14.7172779],[121.0172694,14.7174595]]}},
{"type":"Feature","properties":{"osm_id":"267213414","name":"Malaga Street","highway":"residential","z_order":3},"geometry":{"type":"LineString","coordinates":[[121.0178506,14.7171666],[121.0178617,14.7171158],[121.017868,14.716948],[121.017868,14.7167016]]}},
{"type":"Feature","properties":{"osm_id":"267213415","highway":"residential","z_order":3},"geometry":{"type":"LineString","coordinates":[[121.0182515,14.7165698],[121.018257,14.7166951],[121.018278,14.7169503]]}},
{"type":"Feature","properties":{"osm_id":"391501018","name":"Lozada Street","highway":"unclassified","z_order":3},"geometry":{"type":"LineString","coordinates":[[121.020216,14.7227679],[121.0212265,14.7227632],[121.0212558,14.7227639],[121.0223094,14.7224807],[121.0226049,14.722377]]}},
{"type":"Feature","properties":{"osm_id":"393587021","name":"New Jersey Village","highway":"residential","z_order":3,"other_tags":"\"access\"=>\"private\",\"motorcar\"=>\"no\""},"geometry":{"type":"LineString","coordinates":[[121.0283606,14.7109096],[121.0284956,14.7107729],[121.0285289,14.7107594],[121.0285686,14.7107701],[121.0285975,14.7107873],[121.0287018,14.7108377],[121.0287236,14.7108435],[121.0287615,14.7108371],[121.0288386,14.7107962]]}},
{"type":"Feature","properties":{"osm_id":"393587022","name":"Mulawin Street","highway":"residential","z_order":3,"other_tags":"\"access\"=>\"destination\""},"geometry":{"type":"LineString","coordinates":[[121.0289813,14.7130437],[121.0289748,14.7130728],[121.0287444,14.7133814]]}},
{"type":"Feature","properties":{"osm_id":"393587023","name":"Mangga Street","highway":"residential","z_order":3,"other_tags":"\"access\"=>\"destination\",\"not:name\"=>\"Aratelis Street\""},"geometry":{"type":"LineString","coordinates":[[121.029259,14.7126522],[121.0289345,14.7123657],[121.0287912,14.7122576],[121.0286408,14.7121519],[121.0284629,14.7120597],[121.0282266,14.7119679]]}},
{"type":"Feature","properties":{"osm_id":"404187872","highway":"residential","z_order":3},"geometry":{"type":"LineString","coordinates":[[121.0217777,14.7261318],[121.021778,14.7262589],[121.0217792,14.7267307]]}},
{"type":"Feature","properties":{"osm_id":"404187873","name":"Damascus Street","highway":"residential","z_order":3},"geometry":{"type":"LineString","coordinates":[[121.0201712,14.727058],[121.0205166,14.727136],[121.0209709,14.7270446],[121.0213166,14.7268747]]}},
{"type":"Feature","properties":{"osm_id":"410408536","name":"Saint Joseph Street","highway":"residential","z_order":3,"other_tags":"\"access\"=>\"destination\",\"lanes\"=>\"2\",\"surface\"=>\"paved\""},"geometry":{"type":"LineString","coordinates":[[121.0268747,14.7225953],[121.0277323,14.7226532]]}},
{"type":"Feature","properties":{"osm_id":"432503911","name":"Banyan Street","highway":"residential","z_order":3,"other_tags":"\"access\"=>\"private\",\"maxspeed\"=>\"20\""},"geometry":{"type":"LineString","coordinates":[[121.0136967,14.7244377],[121.0141642,14.7244406],[121.0145834,14.7244433],[121.0150033,14.724446],[121.0154288,14.7244487],[121.0157037,14.7244504],[121.0159546,14.724452],[121.0165335,14.7244557],[121.0167807,14.7244573]]}},
{"type":"Feature","properties":{"osm_id":"444717633","highway":"residential","z_order":3},"geometry":{"type":"LineString","coordinates":[[121.0148178,14.7285237],[121.0147719,14.7282347],[121.0147295,14.7279679],[121.0146882,14.7277083],[121.0145975,14.7271377],[121.0144725,14.7263506]]}},
{"type":"Feature","properties":{"osm_id":"444717638","highway":"residential","z_order":3},"geometry":{"type":"LineString","coordinates":[[121.0135841,14.7260949],[121.0136909,14.7261892],[121.0139612,14.7264032],[121.0140315,14.7264665],[121.0140331,14.7264926],[121.0140642,14.7267372],[121.0140664,14.726753],[121.0141033,14.7269707],[121.0141349,14.7272006],[121.0141796,14.7275303]]}},
{"type":"Feature","properties":{"osm_id":"444717639","highway":"residential","z_order":3},"geometry":{"type":"LineString","coordinates":[[121.0144392,14.7277461],[121.0143543,14.7271708],[121.0142313,14.7263372]]}},
{"type":"Feature","properties":{"osm_id":"444717640","highway":"residential","z_order":3},"geometry":{"type":"LineString","coordinates":[[121.0136909,14.7261892],[121.013601,14.7263815],[121.0136104,14.7264288],[121.0137369,14.7265479],[121.0138055,14.726628],[121.013888,14.7267965],[121.0139226,14.7268032],[121.0140664,14.726753]]}},
{"type":"Feature","properties":{"osm_id":"444717641","highway":"residential","z_order":3},"geometry":{"type":"LineString","coordinates":[[121.0141033,14.7269707],[121.0138383,14.7270124]]}},
{"type":"Feature","properties":{"osm_id":"444717642","highway":"residential","z_order":3},"geometry":{"type":"LineString","coordinates":[[121.014763,14.7266372],[121.0149874,14.7266018],[121.0152278,14.7265638],[121.0154512,14.7265285],[121.0156326,14.7264999]]}},
{"type":"Feature","properties":{"osm_id":"444717643","highway":"residential","z_order":3},"geometry":{"type":"LineString","coordinates":[[121.0152278,14.7265638],[121.0152999,14.7270422],[121.015385,14.7276065],[121.0154243,14.7278671],[121.0154656,14.728141],[121.0155082,14.7284234]]}},
{"type":"Feature","properties":{"osm_id":"444720724","highway":"residential","z_order":3},"geometry":{"type":"LineString","coordinates":[[121.0154512,14.7265285],[121.0154977,14.7267839],[121.0155345,14.7270103]]}},
{"type":"Feature","properties":{"osm_id":"444720726","highway":"residential","z_order":3},"geometry":{"type":"LineString","coordinates":[[121.0154977,14.7267839],[121.0156618,14.7267589]]}},
{"type":"Feature","properties":{"osm_id":"552999834","name":"Mindanao Avenue","highway":"primary","z_order":7,"other_tags":"\"dog\"=>\"leashed\",\"lanes\"=>\"4\",\"lit\"=>\"yes\",\"oneway\"=>\"yes\",\"ref\"=>\"128\",\"sidewalk\"=>\"right\",\"surface\"=>\"concrete\",\"wheelchair\"=>\"yes\""},"geometry":{"type":"LineString","coordinates":[[121.012277,14.719553],[121.0122723,14.7194934],[121.012269,14.7194468],[121.0122254,14.7188957],[121.0121872,14.7185855],[121.0121193,14.7182833],[121.0120171,14.7180101],[121.011747,14.7174412],[121.0115611,14.7170529],[121.0113895,14.7165289],[121.0113358,14.7162178],[121.0113042,14.7158063],[121.0112988,14.7155894],[121.0113796,14.7142414],[121.0113895,14.7141078],[121.0114166,14.7139623],[121.0114508,14.713704]]}},
{"type":"Feature","properties":{"osm_id":"552999836","highway":"residential","z_order":3},"geometry":{"type":"LineString","coordinates":[[121.0133572,14.7120006],[121.0136315,14.711865],[121.0138085,14.7117295],[121.0138355,14.7117106],[121.0139627,14.7116218]]}},
{"type":"Feature","properties":{"osm_id":"552999837","highway":"residential","z_order":3,"other_tags":"\"motorcar\"=>\"no\""},"geometry":{"type":"LineString","coordinates":[[121.012564,14.712209],[121.0127716,14.7123015],[121.0128081,14.7122837],[121.0129422,14.7121089],[121.0130189,14.7119954],[121.0131048,14.7118633]]}},
{"type":"Feature","properties":{"osm_id":"552999838","name":"Villa Angelica Subdivision","highway":"service","z_order":0},"geometry":{"type":"LineString","coordinates":[[121.0132634,14.7132013],[121.0132865,14.7130759]]}},
{"type":"Feature","properties":{"osm_id":"552999839","name":"Villa Angelica Subdivision","highway":"residential","z_order":3},"geometry":{"type":"LineString","coordinates":[[121.0132634,14.7132013],[121.0131661,14.7135538],[121.012946,14.7143504]]}},
{"type":"Feature","properties":{"osm_id":"553767025","highway":"residential","z_order":3,"other_tags":"\"smoothness\"=>\"bad\",\"surface\"=>\"unpaved\""},"geometry":{"type":"LineString","coordinates":[[121.0271628,14.7095721],[121.0272406,14.7087885],[121.0272773,14.7081003]]}},
{"type":"Feature","properties":{"osm_id":"553793573","highway":"service","z_order":0,"other_tags":"\"access\"=>\"private\""},"geometry":{"type":"LineString","coordinates":[[121.0183181,14.7107864],[121.0182251,14.7107806],[121.0181473,14.710756]]}},
{"type":"Feature","properties":{"osm_id":"553793574","name":"Davies Lane","highway":"residential","z_order":3},"geometry":{"type":"LineString","coordinates":[[121.0193221,14.709944],[121.0192873,14.7104516],[121.0192162,14.7112491],[121.0191478,14.7116718],[121.0190978,14.7120473]]}},
{"type":"Feature","properties":{"osm_id":"553910721","highway":"residential","z_order":3},"geometry":{"type":"LineString","coordinates":[[121.0138847,14.7272346],[121.0141349,14.7272006],[121.0143543,14.7271708],[121.0145975,14.7271377],[121.0148331,14.7271056],[121.0150615,14.7270746],[121.0152999,14.7270422],[121.0155345,14.7270103],[121.0156964,14.7269883]]}},
{"type":"Feature","properties":{"osm_id":"553910729","highway":"residential","z_order":3},"geometry":{"type":"LineString","coordinates":[[121.0149874,14.7266018],[121.0150615,14.7270746],[121.0151444,14.7276415]]}},
{"type":"Feature","properties":{"osm_id":"553910788","name":"Cherimoya Street","highway":"residential","z_order":3,"other_tags":"\"access\"=>\"private\""},"geometry":{"type":"LineString","coordinates":[[121.0166673,14.7248914],[121.0164634,14.7249477],[121.0162012,14.7250586],[121.0159494,14.7251462]]}},
{"type":"Feature","properties":{"osm_id":"553910789","name":"Gingko Street","highway":"residential","z_order":3,"other_tags":"\"access\"=>\"private\""},"geometry":{"type":"LineString","coordinates":[[121.0167312,14.7256435],[121.0167248,14.7250474],[121.0167049,14.7249168],[121.0166843,14.7248984],[121.0166673,14.7248914]]}},
{"type":"Feature","properties":{"osm_id":"553910790","name":"Acacia Street","highway":"residential","z_order":3,"other_tags":"\"access\"=>\"private\""},"geometry":{"type":"LineString","coordinates":[[121.0162015,14.7262153],[121.0162012,14.7250586]]}},
{"type":"Feature","properties":{"osm_id":"555862203","name":"Gerry Ville Road","highway":"residential","z_order":3},"geometry":{"type":"LineString","coordinates":[[121.0326815,14.7248844],[121.0326349,14.7249158],[121.0325692,14.7249271]]}},
{"type":"Feature","properties":{"osm_id":"555862205","name":"Carmencita Road","highway":"residential","z_order":3},"geometry":{"type":"LineString","coordinates":[[121.032803,14.7228647],[121.0334036,14.7229285],[121.0337183,14.723082]]}},
{"type":"Feature","properties":{"osm_id":"555862206","name":"Reynaldo","highway":"residential","z_order":3},"geometry":{"type":"LineString","coordinates":[[121.0333167,14.7232682],[121.0331752,14.7233865],[121.0329903,14.7235414]]}},
{"type":"Feature","properties":{"osm_id":"556163868","highway":"residential","z_order":3},"geometry":{"type":"LineString","coordinates":[[121.0147211,14.7263577],[121.0144725,14.7263506],[121.0142313,14.7263372],[121.0140631,14.7263271],[121.0139612,14.7264032]]}},
{"type":"Feature","properties":{"osm_id":"556163869","highway":"residential","z_order":3},"geometry":{"type":"LineString","coordinates":[[121.0149183,14.7276746],[121.0148331,14.7271056],[121.014763,14.7266372],[121.0147211,14.7263577]]}},
{"type":"Feature","properties":{"osm_id":"556163870","name":"Albizzia Street","highway":"residential","z_order":3,"other_tags":"\"access\"=>\"private\""},"geometry":{"type":"LineString","coordinates":[[121.0167995,14.7262265],[121.016827,14.726198],[121.0168524,14.7261785],[121.0168625,14.7261519],[121.0168625,14.7261234],[121.0167713,14.7259905],[121.016715,14.7259457]]}},
{"type":"Feature","properties":{"osm_id":"556263006","highway":"service","z_order":0,"other_tags":"\"access\"=>\"private\",\"service\"=>\"driveway\""},"geometry":{"type":"LineString","coordinates":[[121.016141,14.713419],[121.0160205,14.7127841]]}},
{"type":"Feature","properties":{"osm_id":"556263008","highway":"service","z_order":0,"other_tags":"\"access\"=>\"private\",\"service\"=>\"driveway\""},"geometry":{"type":"LineString","coordinates":[[121.0159106,14.7128054],[121.0158085,14.7122996]]}},
{"type":"Feature","properties":{"osm_id":"556263009","highway":"service","z_order":0},"geometry":{"type":"LineString","coordinates":[[121.0170865,14.7151351],[121.0152141,14.7148169]]}},
{"type":"Feature","properties":{"osm_id":"556263011","name":"Villa Angelica Subdivision","highway":"residential","z_order":3,"other_tags":"\"lanes\"=>\"2\",\"motorcar\"=>\"yes\",\"surface\"=>\"concrete\""},"geometry":{"type":"LineString","coordinates":[[121.0143481,14.7142984],[121.0148033,14.7143181],[121.0152109,14.7143345],[121.0153468,14.7143524],[121.0154207,14.7143814],[121.0154708,14.714421]]}},
{"type":"Feature","properties":{"osm_id":"556263013","highway":"service","z_order":0,"other_tags":"\"access\"=>\"private\",\"service\"=>\"driveway\""},"geometry":{"type":"LineString","coordinates":[[121.013892,14.7138534],[121.0140408,14.7135657],[121.0140717,14.7134852],[121.0140945,14.7134073],[121.0140999,14.7133295],[121.0140811,14.7131492]]}},
{"type":"Feature","properties":{"osm_id":"556263015","highway":"service","z_order":0},"geometry":{"type":"LineString","coordinates":[[121.0157317,14.7129047],[121.0149437,14.7130606]]}},
{"type":"Feature","properties":{"osm_id":"556263016","name":"Santiago Compound","highway":"residential","z_order":3,"other_tags":"\"lanes\"=>\"1\",\"motorcar\"=>\"yes\",\"surface\"=>\"concrete\""},"geometry":{"type":"LineString","coordinates":[[121.0148054,14.7122989],[121.0148643,14.712286],[121.0152224,14.7122127],[121.0155766,14.712144]]}},
{"type":"Feature","properties":{"osm_id":"589936586","name":"Gerry Ville Road","highway":"residential","z_order":3,"other_tags":"\"lanes\"=>\"2\",\"surface\"=>\"concrete\""},"geometry":{"type":"LineString","coordinates":[[121.0301961,14.7239548],[121.0302876,14.724177],[121.030377,14.7243337],[121.0304611,14.7245243],[121.0305461,14.7246151],[121.0307884,14.7248338],[121.0310166,14.7250398],[121.0311756,14.7251638],[121.0312217,14.7252193],[121.0312406,14.7252672],[121.0312653,14.7253599]]}},
{"type":"Feature","properties":{"osm_id":"589936589","highway":"service","z_order":0,"other_tags":"\"lanes\"=>\"1\",\"service\"=>\"alley\",\"surface\"=>\"paved\""},"geometry":{"type":"LineString","coordinates":[[121.0318614,14.725749],[121.0318351,14.7257096],[121.0315964,14.7253523],[121.0315748,14.72532]]}},
{"type":"Feature","properties":{"osm_id":"589936593","highway":"service","z_order":0},"geometry":{"type":"LineString","coordinates":[[121.0312653,14.7253599],[121.0310528,14.7253587]]}},
{"type":"Feature","properties":{"osm_id":"590110468","name":"Pulong Gubat","highway":"residential","z_order":3},"geometry":{"type":"LineString","coordinates":[[121.0324543,14.7230894],[121.0321635,14.7233385]]}},
{"type":"Feature","properties":{"osm_id":"590115136","name":"Lapu-Lapu Street","highway":"tertiary","z_order":4,"other_tags":"\"designation\"=>\"barangay_road\",\"lane_markings\"=>\"yes\",\"lanes\"=>\"2\",\"maxspeed\"=>\"20\",\"maxspeed:type\"=>\"PH:urban\",\"surface\"=>\"asphalt\""},"geometry":{"type":"LineString","coordinates":[[121.0347241,14.7188001],[121.0346074,14.7187112],[121.0345189,14.7186658],[121.0344676,14.718649],[121.0344192,14.7186396],[121.0343834,14.7186386],[121.0343559,14.7186392],[121.0343331,14.7186428],[121.0343115,14.7186504],[121.0341595,14.7187477],[121.0340644,14.7188128],[121.0339835,14.7188743],[121.0339545,14.7188977],[121.0338474,14.7189838],[121.0334922,14.7192748],[121.0334228,14.719325],[121.0333541,14.7193591],[121.033279,14.7193819],[121.0331838,14.7193974],[121.0329782,14.7194063]]}},
{"type":"Feature","properties":{"osm_id":"590115137","name":"Saint Paul Street","highway":"residential","z_order":3,"other_tags":"\"alt_name\"=>\"Saint Matthew Street\",\"surface\"=>\"asphalt\""},"geometry":{"type":"LineString","coordinates":[[121.0322652,14.7192041],[121.0329826,14.7195764]]}},
{"type":"Feature","properties":{"osm_id":"591001127","highway":"service","z_order":0,"other_tags":"\"access\"=>\"private\",\"service\"=>\"driveway\""},"geometry":{"type":"LineString","coordinates":[[121.0179595,14.7147914],[121.0179287,14.7146435],[121.0178355,14.7144068],[121.0178288,14.714338],[121.0178147,14.7142634],[121.0177329,14.7138412],[121.0177215,14.7137835],[121.0177141,14.713718],[121.0176793,14.7131712],[121.0176699,14.7131038],[121.0176545,14.7130377],[121.0175141,14.7124699]]}},
{"type":"Feature","properties":{"osm_id":"591136272","name":"Pitahaya Street","highway":"residential","z_order":3,"other_tags":"\"access\"=>\"private\""},"geometry":{"type":"LineString","coordinates":[[121.0164604,14.7262171],[121.0167995,14.7262265]]}},
{"type":"Feature","properties":{"osm_id":"591136273","name":"Albizzia Street","highway":"residential","z_order":3,"other_tags":"\"access\"=>\"private\""},"geometry":{"type":"LineString","coordinates":[[121.016715,14.7259457],[121.0164794,14.7259504]]}},
{"type":"Feature","properties":{"osm_id":"591136550","highway":"service","z_order":0,"other_tags":"\"access\"=>\"private\""},"geometry":{"type":"LineString","coordinates":[[121.0154238,14.721346],[121.0158222,14.7219961],[121.0159815,14.7222561],[121.0162339,14.7226679]]}},
{"type":"Feature","properties":{"osm_id":"591142991","highway":"service","z_order":0},"geometry":{"type":"LineString","coordinates":[[121.0248857,14.7246784],[121.0247174,14.725015],[121.0246879,14.7250987],[121.0246539,14.7251609]]}},
{"type":"Feature","properties":{"osm_id":"591142993","name":"Gonzales Compound","highway":"residential","z_order":3,"other_tags":"\"lanes\"=>\"2\",\"surface\"=>\"concrete\""},"geometry":{"type":"LineString","coordinates":[[121.0246772,14.7258815],[121.0248032,14.7257621]]}},
{"type":"Feature","properties":{"osm_id":"591142994","name":"Gonzales Compound","highway":"residential","z_order":3,"other_tags":"\"lanes\"=>\"2\",\"surface\"=>\"concrete\""},"geometry":{"type":"LineString","coordinates":[[121.0249475,14.7262471],[121.0246772,14.7258815]]}},
{"type":"Feature","properties":{"osm_id":"591146668","name":"Saint Vicent Street","highway":"residential","z_order":3,"other_tags":"\"lanes\"=>\"1\",\"surface\"=>\"paved\""},"geometry":{"type":"LineString","coordinates":[[121.0250097,14.7250838],[121.0258266,14.7255311]]}},
{"type":"Feature","properties":{"osm_id":"591146669","highway":"residential","z_order":3,"other_tags":"\"lanes\"=>\"1\",\"surface\"=>\"paved\""},"geometry":{"type":"LineString","coordinates":[[121.0250782,14.7247284],[121.0260525,14.7252736]]}},
{"type":"Feature","properties":{"osm_id":"591148703","highway":"service","z_order":0,"other_tags":"\"access\"=>\"private\",\"lanes\"=>\"2\",\"service\"=>\"driveway\",\"surface\"=>\"concrete\""},"geometry":{"type":"LineString","coordinates":[[121.0215812,14.7208721],[121.0216871,14.7208715],[121.0216915,14.7207337],[121.0216986,14.7207172],[121.021714,14.7207074],[121.0220493,14.7207081],[121.0220814,14.7207029],[121.0221036,14.7206718],[121.0220848,14.7204214],[121.0220821,14.7203339],[121.02207,14.7202386],[121.0220513,14.7201497],[121.0220208,14.7200474]]}},
{"type":"Feature","properties":{"osm_id":"591148704","highway":"service","z_order":0,"other_tags":"\"access\"=>\"private\""},"geometry":{"type":"LineString","coordinates":[[121.0230175,14.7236006],[121.0229961,14.7235973],[121.0227185,14.7236654],[121.0219573,14.7238716]]}},
{"type":"Feature","properties":{"osm_id":"591148706","highway":"service","z_order":0,"other_tags":"\"access\"=>\"private\",\"service\"=>\"driveway\""},"geometry":{"type":"LineString","coordinates":[[121.0230832,14.7239157],[121.0230296,14.7236181],[121.0230175,14.7236006]]}},
{"type":"Feature","properties":{"osm_id":"591148708","highway":"service","z_order":0,"other_tags":"\"access\"=>\"private\",\"service\"=>\"driveway\""},"geometry":{"type":"LineString","coordinates":[[121.0219573,14.7238716],[121.0222404,14.724076],[121.0222651,14.7240902],[121.0222974,14.7240857],[121.0227661,14.7239352],[121.0230832,14.7239157]]}},
{"type":"Feature","properties":{"osm_id":"591148709","highway":"service","z_order":0,"other_tags":"\"access\"=>\"private\""},"geometry":{"type":"LineString","coordinates":[[121.0226478,14.7195758],[121.0229578,14.7206265],[121.0229927,14.7207198],[121.0230344,14.7208299],[121.0236671,14.7223271],[121.023676,14.7223625],[121.0236787,14.7223907],[121.0236751,14.7224192]]}},
{"type":"Feature","properties":{"osm_id":"591148713","name":"Imelda Street","highway":"residential","z_order":3},"geometry":{"type":"LineString","coordinates":[[121.0254712,14.7212739],[121.0253017,14.7211343],[121.0244318,14.721523]]}},
{"type":"Feature","properties":{"osm_id":"591148715","name":"Rebisco Road","highway":"residential","z_order":3,"other_tags":"\"lanes\"=>\"2\",\"surface\"=>\"paved\""},"geometry":{"type":"LineString","coordinates":[[121.0232422,14.7193285],[121.0236915,14.7207738],[121.0237212,14.7208704],[121.0237518,14.7209573],[121.0237868,14.7210441],[121.0238855,14.7212288],[121.0240059,14.7214845],[121.0240544,14.7215948],[121.0240921,14.7216939],[121.0241415,14.7218233],[121.0242619,14.7221638],[121.0242974,14.7222546],[121.024327,14.7223241],[121.0243618,14.7223992]]}},
{"type":"Feature","properties":{"osm_id":"591148716","name":"Imelda Street","highway":"residential","z_order":3,"other_tags":"\"bicycle\"=>\"yes\",\"foot\"=>\"yes\",\"surface\"=>\"concrete\""},"geometry":{"type":"LineString","coordinates":[[121.02468,14.7220887],[121.0244318,14.721523],[121.02437,14.7214818],[121.0242051,14.721098],[121.0241293,14.7209397]]}},
{"type":"Feature","properties":{"osm_id":"591148718","name":"Molave Drive 2","highway":"residential","z_order":3,"other_tags":"\"lane_markings\"=>\"no\",\"lanes\"=>\"2\",\"surface\"=>\"concrete\""},"geometry":{"type":"LineString","coordinates":[[121.0268324,14.7244625],[121.0267667,14.7244178],[121.0266125,14.7243128],[121.0263799,14.7241545],[121.0262439,14.7240619],[121.0260805,14.7239507],[121.0258665,14.723805],[121.0256845,14.7236879],[121.0256212,14.7236478],[121.0255894,14.7236232],[121.0255663,14.723603],[121.0255552,14.7235766],[121.0255533,14.7235487],[121.0255588,14.7235132],[121.0255718,14.7234669],[121.0255763,14.7234389],[121.0255745,14.7234168],[121.0255651,14.7233968],[121.0255512,14.7233828],[121.0254727,14.7233244],[121.0252756,14.7231635],[121.0252076,14.723112],[121.0251468,14.7230618],[121.0250774,14.7230045],[121.0248342,14.7228177],[121.024637,14.7226663]]}},
{"type":"Feature","properties":{"osm_id":"591149192","highway":"service","z_order":0,"other_tags":"\"access\"=>\"private\",\"service\"=>\"driveway\""},"geometry":{"type":"LineString","coordinates":[[121.0280716,14.7216315],[121.0281158,14.7209295],[121.0281308,14.7206507]]}},
{"type":"Feature","properties":{"osm_id":"591149193","highway":"residential","z_order":3,"other_tags":"\"access\"=>\"private\""},"geometry":{"type":"LineString","coordinates":[[121.026497,14.7214079],[121.0271524,14.721453]]}},
{"type":"Feature","properties":{"osm_id":"591149194","highway":"service","z_order":0,"other_tags":"\"access\"=>\"private\",\"service\"=>\"driveway\""},"geometry":{"type":"LineString","coordinates":[[121.0256213,14.7208955],[121.0259202,14.7195772]]}},
{"type":"Feature","properties":{"osm_id":"591149903","name":"Jerusalem Street","highway":"residential","z_order":3,"other_tags":"\"access\"=>\"destination\",\"lanes\"=>\"2\",\"surface\"=>\"paved\""},"geometry":{"type":"LineString","coordinates":[[121.0288679,14.7215939],[121.0291421,14.7216054],[121.0291666,14.7216064]]}},
{"type":"Feature","properties":{"osm_id":"591149905","name":"Jerusalem Street","highway":"residential","z_order":3,"other_tags":"\"access\"=>\"destination\",\"lanes\"=>\"2\",\"surface\"=>\"paved\""},"geometry":{"type":"LineString","coordinates":[[121.0291666,14.7216064],[121.0292333,14.7215911],[121.0292673,14.7215798],[121.0292973,14.7215596],[121.0293288,14.7215168],[121.0293341,14.7214786],[121.0293341,14.7214403],[121.0293247,14.7213995],[121.0293059,14.7213605],[121.0292805,14.7213398],[121.0292382,14.7213157],[121.0291323,14.7212638],[121.0289812,14.7211982],[121.028923,14.7211767]]}},
{"type":"Feature","properties":{"osm_id":"591149906","name":"Jordan Street","highway":"residential","z_order":3,"other_tags":"\"access\"=>\"destination\",\"lanes\"=>\"2\",\"surface\"=>\"paved\""},"geometry":{"type":"LineString","coordinates":[[121.0288427,14.7218471],[121.0292621,14.7218352]]}},
{"type":"Feature","properties":{"osm_id":"591374830","name":"A. Ramirez Street","highway":"residential","z_order":3},"geometry":{"type":"LineString","coordinates":[[121.0303143,14.7104199],[121.0306599,14.7103882]]}},
{"type":"Feature","properties":{"osm_id":"591374831","highway":"residential","z_order":3},"geometry":{"type":"LineString","coordinates":[[121.0306232,14.7105809],[121.0306303,14.7105987],[121.0306321,14.7106206],[121.0305995,14.7108196],[121.0305747,14.710841],[121.0305429,14.7108455]]}},
{"type":"Feature","properties":{"osm_id":"591374832","highway":"residential","z_order":3,"other_tags":"\"access\"=>\"private\""},"geometry":{"type":"LineString","coordinates":[[121.0318953,14.7129729],[121.0318874,14.7129573],[121.0318829,14.7128693],[121.0318645,14.7127321],[121.031785,14.7124954]]}},
{"type":"Feature","properties":{"osm_id":"591374833","highway":"residential","z_order":3,"other_tags":"\"access\"=>\"private\""},"geometry":{"type":"LineString","coordinates":[[121.0320172,14.7130129],[121.0318953,14.7129729]]}},
{"type":"Feature","properties":{"osm_id":"591374834","highway":"residential","z_order":3,"other_tags":"\"access\"=>\"private\""},"geometry":{"type":"LineString","coordinates":[[121.03208,14.7128046],[121.0318645,14.7127321]]}},
{"type":"Feature","properties":{"osm_id":"591374835","highway":"residential","z_order":3,"other_tags":"\"access\"=>\"private\""},"geometry":{"type":"LineString","coordinates":[[121.0321489,14.712606],[121.031785,14.7124954],[121.0316394,14.7124422]]}},
{"type":"Feature","properties":{"osm_id":"591374836","highway":"residential","z_order":3,"other_tags":"\"access\"=>\"private\""},"geometry":{"type":"LineString","coordinates":[[121.0317046,14.7122512],[121.0322151,14.7124149]]}},
{"type":"Feature","properties":{"osm_id":"591374837","highway":"residential","z_order":3,"other_tags":"\"access\"=>\"private\""},"geometry":{"type":"LineString","coordinates":[[121.0318056,14.7120523],[121.03229,14.7122003]]}},
{"type":"Feature","properties":{"osm_id":"591374838","highway":"residential","z_order":3,"other_tags":"\"access\"=>\"private\""},"geometry":{"type":"LineString","coordinates":[[121.0319731,14.7131265],[121.0320172,14.7130129],[121.03208,14.7128046],[121.0321489,14.712606],[121.0322151,14.7124149],[121.03229,14.7122003],[121.0323649,14.7119849]]}},
{"type":"Feature","properties":{"osm_id":"591374840","name":"Santa Editha Street","highway":"residential","z_order":3,"other_tags":"\"access\"=>\"private\",\"oneway\"=>\"no\""},"geometry":{"type":"LineString","coordinates":[[121.0332079,14.7114825],[121.0336034,14.7111266],[121.0336129,14.7111069],[121.0335997,14.7109781]]}},
{"type":"Feature","properties":{"osm_id":"591374843","name":"Saint Bernadette","highway":"residential","z_order":3,"other_tags":"\"access\"=>\"private\",\"oneway\"=>\"no\""},"geometry":{"type":"LineString","coordinates":[[121.0321611,14.7110215],[121.0318145,14.7110375],[121.0317961,14.711048],[121.0317286,14.7111344],[121.0316148,14.7113227]]}},
{"type":"Feature","properties":{"osm_id":"591479044","name":"Kedar Street","highway":"residential","z_order":3},"geometry":{"type":"LineString","coordinates":[[121.0219901,14.7257652],[121.02194,14.7253847],[121.0220215,14.7251933]]}},
{"type":"Feature","properties":{"osm_id":"591480123","highway":"service","z_order":0},"geometry":{"type":"LineString","coordinates":[[121.0214947,14.7262472],[121.021778,14.7262589]]}},
{"type":"Feature","properties":{"osm_id":"591480124","name":"Damascus Street","highway":"residential","z_order":3},"geometry":{"type":"LineString","coordinates":[[121.0217792,14.7267307],[121.0213166,14.7268747]]}},
{"type":"Feature","properties":{"osm_id":"591480125","name":"Israel Street","highway":"residential","z_order":3},"geometry":{"type":"LineString","coordinates":[[121.0209709,14.7270446],[121.0208636,14.7267603],[121.0207665,14.726495],[121.0207061,14.7263743],[121.0205425,14.7263147],[121.0203932,14.7262612]]}},
{"type":"Feature","properties":{"osm_id":"591480335","name":"Samonte Road","highway":"residential","z_order":3},"geometry":{"type":"LineString","coordinates":[[121.0222314,14.7180612],[121.0225154,14.7180265]]}},
{"type":"Feature","properties":{"osm_id":"591480336","highway":"service","z_order":0,"other_tags":"\"access\"=>\"private\",\"service\"=>\"driveway\""},"geometry":{"type":"LineString","coordinates":[[121.0211407,14.7209228],[121.021028,14.7208112],[121.0210106,14.7207658],[121.0210146,14.7207334],[121.0211152,14.7201756],[121.0210733,14.720017]]}},
{"type":"Feature","properties":{"osm_id":"591480337","highway":"service","z_order":0,"other_tags":"\"access\"=>\"private\",\"service\"=>\"driveway\""},"geometry":{"type":"LineString","coordinates":[[121.0190446,14.721596],[121.019056,14.7222244]]}},
{"type":"Feature","properties":{"osm_id":"591480338","highway":"service","z_order":0,"other_tags":"\"access\"=>\"private\",\"service\"=>\"driveway\""},"geometry":{"type":"LineString","coordinates":[[121.0195418,14.72212],[121.0201127,14.7221228]]}},
{"type":"Feature","properties":{"osm_id":"591480339","highway":"service","z_order":0,"other_tags":"\"access\"=>\"private\",\"service\"=>\"driveway\""},"geometry":{"type":"LineString","coordinates":[[121.0195408,14.7216868],[121.0195418,14.72212],[121.0195421,14.7222237]]}},
{"type":"Feature","properties":{"osm_id":"591480340","name":"Mendoza Compound","highway":"residential","z_order":3,"other_tags":"\"access\"=>\"private\",\"surface\"=>\"paved\""},"geometry":{"type":"LineString","coordinates":[[121.0194796,14.7215778],[121.0194952,14.7203693]]}},
{"type":"Feature","properties":{"osm_id":"591480341","highway":"service","z_order":0,"other_tags":"\"access\"=>\"private\",\"service\"=>\"driveway\""},"geometry":{"type":"LineString","coordinates":[[121.0197627,14.721275],[121.0199162,14.720784],[121.0199662,14.7205839],[121.0199711,14.7201973]]}},
{"type":"Feature","properties":{"osm_id":"591481653","name":"Granada Street","highway":"residential","z_order":3,"other_tags":"\"access\"=>\"private\""},"geometry":{"type":"LineString","coordinates":[[121.0211217,14.7137912],[121.021499,14.7137759]]}},
{"type":"Feature","properties":{"osm_id":"591481655","name":"Aduana Loop","highway":"residential","z_order":3,"other_tags":"\"access\"=>\"private\""},"geometry":{"type":"LineString","coordinates":[[121.0212868,14.714056],[121.0211136,14.7140285]]}},
{"type":"Feature","properties":{"osm_id":"591481656","name":"Santiago Street","highway":"residential","z_order":3,"other_tags":"\"access\"=>\"private\",\"oneway\"=>\"yes\""},"geometry":{"type":"LineString","coordinates":[[121.0213324,14.7152258],[121.0213085,14.7148948]]}},
{"type":"Feature","properties":{"osm_id":"591481657","name":"Santiago Street","highway":"residential","z_order":3,"other_tags":"\"access\"=>\"private\",\"oneway\"=>\"yes\""},"geometry":{"type":"LineString","coordinates":[[121.0213324,14.7152258],[121.0214022,14.7153193],[121.0214652,14.7154179],[121.0214987,14.7156086],[121.0214826,14.7157357],[121.0214443,14.7158031],[121.0214071,14.7158607],[121.0213751,14.7158935],[121.0213298,14.7158926],[121.0212847,14.7158757]]}},
{"type":"Feature","properties":{"osm_id":"591481658","name":"Santiago Street","highway":"residential","z_order":3,"other_tags":"\"access\"=>\"private\",\"oneway\"=>\"yes\""},"geometry":{"type":"LineString","coordinates":[[121.0212847,14.7158757],[121.021256,14.7157707],[121.0212372,14.7156021],[121.0212627,14.7153349],[121.0213324,14.7152258]]}},
{"type":"Feature","properties":{"osm_id":"591481660","name":"Arena Street","highway":"residential","z_order":3,"other_tags":"\"access\"=>\"private\",\"alt_name\"=>\"Phase 1 East\""},"geometry":{"type":"LineString","coordinates":[[121.0211056,14.7163658],[121.021125,14.7163343],[121.0212249,14.7161748]]}},
{"type":"Feature","properties":{"osm_id":"591481668","name":"San Ildefonso Street","highway":"residential","z_order":3},"geometry":{"type":"LineString","coordinates":[[121.0202153,14.7184073],[121.0202762,14.7184004],[121.0203306,14.7184127],[121.0203701,14.7184491],[121.0205147,14.7187139]]}},
{"type":"Feature","properties":{"osm_id":"591481670","name":"San Ildefonso Street","highway":"residential","z_order":3},"geometry":{"type":"LineString","coordinates":[[121.0205147,14.7187139],[121.0205139,14.7187464],[121.0204886,14.7187675],[121.0202433,14.7189602],[121.0200476,14.7190906],[121.0198508,14.7192342],[121.0198176,14.7192604],[121.0197664,14.7192753],[121.019643,14.7192881],[121.0188504,14.719356],[121.0187534,14.7193506],[121.018649,14.7193228],[121.0185549,14.7193113],[121.0179894,14.7193152]]}},
{"type":"Feature","properties":{"osm_id":"591481672","highway":"residential","z_order":3,"other_tags":"\"access\"=>\"private\""},"geometry":{"type":"LineString","coordinates":[[121.0190047,14.7180453],[121.0190304,14.7181497]]}},
{"type":"Feature","properties":{"osm_id":"591481674","name":"Sierra Vista Street","highway":"residential","z_order":3,"other_tags":"\"alt_name\"=>\"Reata Loop Street\",\"oneway\"=>\"yes\""},"geometry":{"type":"LineString","coordinates":[[121.0207921,14.7166552],[121.0208817,14.7166746],[121.0209521,14.7167248],[121.0209968,14.7167974],[121.0210091,14.7168811],[121.020987,14.7169628],[121.0209339,14.71703],[121.0208499,14.7170731]]}},
{"type":"Feature","properties":{"osm_id":"591481676","highway":"residential","z_order":3,"other_tags":"\"access\"=>\"private\""},"geometry":{"type":"LineString","coordinates":[[121.019958,14.7163956],[121.0199243,14.7163155],[121.019872,14.7162519]]}},
{"type":"Feature","properties":{"osm_id":"591481678","highway":"residential","z_order":3,"other_tags":"\"access\"=>\"private\""},"geometry":{"type":"LineString","coordinates":[[121.0200295,14.7171679],[121.0200016,14.7171609],[121.0199873,14.7171236],[121.0199784,14.7167969],[121.019958,14.7163956]]}},
{"type":"Feature","properties":{"osm_id":"591481680","highway":"residential","z_order":3,"other_tags":"\"access\"=>\"private\""},"geometry":{"type":"LineString","coordinates":[[121.020222,14.7171328],[121.0200295,14.7171679]]}},
{"type":"Feature","properties":{"osm_id":"591481682","highway":"residential","z_order":3,"other_tags":"\"access\"=>\"private\""},"geometry":{"type":"LineString","coordinates":[[121.0196528,14.7168118],[121.0199784,14.7167969],[121.0201134,14.7167968],[121.0201442,14.7168382],[121.0202408,14.7170782],[121.0202427,14.7171129],[121.020222,14.7171328]]}},
{"type":"Feature","properties":{"osm_id":"591481683","name":"Madrid Avenue","highway":"residential","z_order":3,"other_tags":"\"access\"=>\"private\",\"oneway\"=>\"yes\""},"geometry":{"type":"LineString","coordinates":[[121.0202341,14.7146591],[121.0202689,14.714685],[121.0202883,14.714722]]}},
{"type":"Feature","properties":{"osm_id":"591481684","highway":"residential","z_order":3,"other_tags":"\"access\"=>\"private\""},"geometry":{"type":"LineString","coordinates":[[121.0195984,14.7156859],[121.0197955,14.7156864],[121.0201997,14.7157073]]}},
{"type":"Feature","properties":{"osm_id":"591482674","highway":"service","z_order":0,"other_tags":"\"access\"=>\"private\",\"service\"=>\"driveway\""},"geometry":{"type":"LineString","coordinates":[[121.0253075,14.7124856],[121.0253296,14.7124825],[121.0253511,14.7124903],[121.0256346,14.7127916],[121.0258515,14.7130156]]}},
{"type":"Feature","properties":{"osm_id":"591482678","highway":"service","z_order":0,"other_tags":"\"access\"=>\"private\",\"service\"=>\"driveway\""},"geometry":{"type":"LineString","coordinates":[[121.023239,14.7127669],[121.0232547,14.7128248],[121.0232691,14.7128589],[121.0232921,14.7128807],[121.0233246,14.7129023],[121.0240944,14.7131726],[121.0245853,14.7133233],[121.0250117,14.7134495],[121.0250641,14.7134566],[121.0251104,14.7134418],[121.0251448,14.7133996],[121.0251874,14.7133587],[121.0252525,14.7133392],[121.0253222,14.7133373],[121.0253895,14.7133589],[121.0254629,14.7134238]]}},
{"type":"Feature","properties":{"osm_id":"591482680","name":"Saint Matthew Street","highway":"residential","z_order":3,"other_tags":"\"access\"=>\"private\""},"geometry":{"type":"LineString","coordinates":[[121.0243823,14.7156267],[121.0244287,14.7155586],[121.0244565,14.7154808],[121.0244425,14.7153576],[121.0243875,14.7151136]]}},
{"type":"Feature","properties":{"osm_id":"591482681","highway":"service","z_order":0,"other_tags":"\"access\"=>\"private\",\"service\"=>\"driveway\""},"geometry":{"type":"LineString","coordinates":[[121.025542,14.7136006],[121.0255968,14.7137068],[121.0256074,14.7137376],[121.0256137,14.7137694],[121.0258551,14.7154276],[121.0258962,14.7157097]]}},
{"type":"Feature","properties":{"osm_id":"591483174","name":"Pablo dela Cruz Street","highway":"residential","z_order":3,"other_tags":"\"short_name\"=>\"P. dela Cruz Street\""},"geometry":{"type":"LineString","coordinates":[[121.0276897,14.7113728],[121.0271265,14.711878],[121.0270095,14.7119783],[121.0269328,14.7120536],[121.0264535,14.7125003],[121.0261974,14.7127583],[121.0258876,14.7130639],[121.0254913,14.7134873],[121.0254033,14.7135907],[121.0252779,14.7137417],[121.024875,14.7142268],[121.0246704,14.7144548]]}},
{"type":"Feature","properties":{"osm_id":"591483770","highway":"service","z_order":0},"geometry":{"type":"LineString","coordinates":[[121.0164511,14.7235523],[121.0171861,14.7234072]]}},
{"type":"Feature","properties":{"osm_id":"591639492","highway":"service","z_order":0,"other_tags":"\"access\"=>\"private\",\"service\"=>\"driveway\""},"geometry":{"type":"LineString","coordinates":[[121.0299946,14.7148866],[121.0301298,14.7144965]]}},
{"type":"Feature","properties":{"osm_id":"591639493","highway":"service","z_order":0,"other_tags":"\"access\"=>\"private\",\"service\"=>\"driveway\""},"geometry":{"type":"LineString","coordinates":[[121.0301905,14.7130882],[121.0298365,14.7138128],[121.029815,14.7138568],[121.0297928,14.7138996],[121.0297747,14.7139456],[121.0296801,14.7142323],[121.0296708,14.7142728],[121.0296694,14.7143073],[121.0296848,14.7143374],[121.029717,14.7143562],[121.0301298,14.7144965],[121.0303829,14.7145825]]}},
{"type":"Feature","properties":{"osm_id":"591639506","name":"Santa Clara Drive","highway":"residential","z_order":3,"other_tags":"\"access\"=>\"private\",\"oneway\"=>\"no\""},"geometry":{"type":"LineString","coordinates":[[121.0324459,14.713238],[121.0326514,14.7125292],[121.0328575,14.7118116]]}},
{"type":"Feature","properties":{"osm_id":"591639510","highway":"residential","z_order":3},"geometry":{"type":"LineString","coordinates":[[121.0335672,14.7137206],[121.0338936,14.7127208]]}},
{"type":"Feature","properties":{"osm_id":"591639514","highway":"residential","z_order":3,"other_tags":"\"surface\"=>\"paved\""},"geometry":{"type":"LineString","coordinates":[[121.0340513,14.7139755],[121.0339835,14.7139135],[121.0339389,14.7138775],[121.0338979,14.713849],[121.0338439,14.713828],[121.0335672,14.7137206]]}},
{"type":"Feature","properties":{"osm_id":"591640565","highway":"footway","z_order":0,"other_tags":"\"access\"=>\"private\""},"geometry":{"type":"LineString","coordinates":[[121.0336284,14.7120667],[121.0338959,14.7121647],[121.0340334,14.712247],[121.0341366,14.7123191],[121.0342085,14.7123975]]}},
{"type":"Feature","properties":{"osm_id":"591703090","name":"Elenita Road","highway":"residential","z_order":3},"geometry":{"type":"LineString","coordinates":[[121.0327506,14.7229709],[121.032803,14.7228647]]}},
{"type":"Feature","properties":{"osm_id":"615108072","highway":"service","z_order":0,"other_tags":"\"access\"=>\"private\",\"service\"=>\"driveway\""},"geometry":{"type":"LineString","coordinates":[[121.0194489,14.7249068],[121.0191397,14.7249606]]}},
{"type":"Feature","properties":{"osm_id":"615108073","name":"Basa Street","highway":"residential","z_order":3,"other_tags":"\"sidewalk\"=>\"no\",\"surface\"=>\"concrete\""},"geometry":{"type":"LineString","coordinates":[[121.0223991,14.7194606],[121.0225494,14.7198824],[121.0225855,14.7199838],[121.022617,14.7200722],[121.022639,14.7201338],[121.0226794,14.7202471],[121.0227363,14.7204067],[121.0227526,14.7204525]]}},
{"type":"Feature","properties":{"osm_id":"615108074","highway":"service","z_order":0,"other_tags":"\"access\"=>\"private\""},"geometry":{"type":"LineString","coordinates":[[121.0202233,14.7205907],[121.0205103,14.7206076],[121.0205466,14.7206271],[121.0205626,14.720675],[121.0205452,14.721094],[121.0205157,14.7211057],[121.0202073,14.7211121]]}},
{"type":"Feature","properties":{"osm_id":"615156389","highway":"service","z_order":0,"other_tags":"\"access\"=>\"private\",\"service\"=>\"driveway\""},"geometry":{"type":"LineString","coordinates":[[121.0195421,14.7222237],[121.019056,14.7222244]]}},
{"type":"Feature","properties":{"osm_id":"615434614","highway":"service","z_order":0,"other_tags":"\"access\"=>\"private\",\"service\"=>\"driveway\""},"geometry":{"type":"LineString","coordinates":[[121.0217629,14.7172037],[121.0224965,14.717137],[121.0229678,14.7171006],[121.0230103,14.7171033],[121.0230474,14.7171148],[121.0230675,14.7171424],[121.0230768,14.7171743],[121.0231091,14.7174018]]}},
{"type":"Feature","properties":{"osm_id":"615434615","highway":"service","z_order":0,"other_tags":"\"access\"=>\"private\",\"service\"=>\"driveway\""},"geometry":{"type":"LineString","coordinates":[[121.0267842,14.7151839],[121.0261014,14.7153362]]}},
{"type":"Feature","properties":{"osm_id":"615434616","highway":"service","z_order":0,"other_tags":"\"access\"=>\"private\",\"service\"=>\"driveway\""},"geometry":{"type":"LineString","coordinates":[[121.0267604,14.7142928],[121.0265654,14.7143618],[121.0265866,14.7144681],[121.0267842,14.7151839],[121.026839,14.7153777]]}},
{"type":"Feature","properties":{"osm_id":"615434617","name":"Rose Street","highway":"footway","z_order":0,"other_tags":"\"footway\"=>\"alley\",\"name:etymology:wikidata\"=>\"Q34687\""},"geometry":{"type":"LineString","coordinates":[[121.0282308,14.717992],[121.0281344,14.7176729],[121.0280826,14.7175016],[121.0280369,14.7173502],[121.0279883,14.7171894],[121.0279397,14.7170287]]}},
{"type":"Feature","properties":{"osm_id":"615434618","highway":"service","z_order":0,"other_tags":"\"access\"=>\"private\",\"service\"=>\"driveway\""},"geometry":{"type":"LineString","coordinates":[[121.0235898,14.7192089],[121.0235834,14.7190857],[121.0233409,14.7190918]]}},
{"type":"Feature","properties":{"osm_id":"615434619","highway":"service","z_order":0,"other_tags":"\"access\"=>\"private\""},"geometry":{"type":"LineString","coordinates":[[121.0266593,14.7183445],[121.0266841,14.7183211],[121.026718,14.7183042],[121.0267579,14.7182991],[121.0267991,14.7182988],[121.0268417,14.7182949],[121.0268746,14.7182806],[121.0268963,14.7182576],[121.0269081,14.7182264],[121.0269106,14.7181869],[121.0269084,14.7178097],[121.0269024,14.7177832],[121.0268873,14.7177533],[121.0267857,14.7176266],[121.0267716,14.7176087],[121.0267599,14.7175892],[121.0267569,14.7175639],[121.0267589,14.7175344],[121.0267894,14.7172192],[121.0267897,14.7171904],[121.0267853,14.7171687],[121.0267663,14.7171466],[121.0267331,14.717133],[121.0266257,14.7171275]]}},
{"type":"Feature","properties":{"osm_id":"615434620","name":"Ipil-ipil Extension","highway":"footway","z_order":0,"other_tags":"\"footway\"=>\"alley\""},"geometry":{"type":"LineString","coordinates":[[121.0291372,14.7158986],[121.0291135,14.7157009],[121.0290998,14.7156136]]}},
{"type":"Feature","properties":{"osm_id":"615434622","name":"Mulawin Street","highway":"footway","z_order":0,"other_tags":"\"footway\"=>\"alley\""},"geometry":{"type":"LineString","coordinates":[[121.028886,14.7169493],[121.0288739,14.7167534],[121.0288483,14.7164616],[121.0288295,14.7162178],[121.0288067,14.7159603]]}},
{"type":"Feature","properties":{"osm_id":"615434623","name":"Apitong Street","highway":"footway","z_order":0},"geometry":{"type":"LineString","coordinates":[[121.0290471,14.7167877],[121.029008,14.7163632],[121.0289688,14.7159342]]}},
{"type":"Feature","properties":{"osm_id":"615434624","highway":"service","z_order":0,"other_tags":"\"access\"=>\"private\",\"service\"=>\"driveway\""},"geometry":{"type":"LineString","coordinates":[[121.024044,14.7191357],[121.0240971,14.7186733],[121.0241082,14.7186503],[121.0241254,14.7186299],[121.0241474,14.7186178],[121.0241777,14.7186093],[121.0248605,14.7186912],[121.0248813,14.7186902],[121.024899,14.7186841],[121.0249092,14.7186707],[121.0249165,14.7186557],[121.0249483,14.7183906]]}},
{"type":"Feature","properties":{"osm_id":"615468454","highway":"service","z_order":0,"other_tags":"\"access\"=>\"private\",\"service\"=>\"driveway\""},"geometry":{"type":"LineString","coordinates":[[121.0154279,14.7168421],[121.0139014,14.7166475]]}},
{"type":"Feature","properties":{"osm_id":"615746688","highway":"service","z_order":0,"other_tags":"\"access\"=>\"private\""},"geometry":{"type":"LineString","coordinates":[[121.02063,14.7113341],[121.0206592,14.7109979]]}},
{"type":"Feature","properties":{"osm_id":"615746689","highway":"residential","z_order":3},"geometry":{"type":"LineString","coordinates":[[121.0190978,14.7120473],[121.019015,14.712035],[121.0187924,14.7119909]]}},
{"type":"Feature","properties":{"osm_id":"615746691","highway":"service","z_order":0,"other_tags":"\"access\"=>\"private\",\"service\"=>\"driveway\""},"geometry":{"type":"LineString","coordinates":[[121.0211225,14.7121986],[121.0216476,14.7122525]]}},
{"type":"Feature","properties":{"osm_id":"615752343","name":"Saint Joseph Street","highway":"residential","z_order":3},"geometry":{"type":"LineString","coordinates":[[121.0223722,14.7145314],[121.0223092,14.7143048]]}},
{"type":"Feature","properties":{"osm_id":"616814874","highway":"service","z_order":0},"geometry":{"type":"LineString","coordinates":[[121.0215778,14.7117499],[121.0215748,14.7117806]]}},
{"type":"Feature","properties":{"osm_id":"616817927","highway":"service","z_order":0,"other_tags":"\"access\"=>\"private\",\"service\"=>\"driveway\""},"geometry":{"type":"LineString","coordinates":[[121.026986,14.7119438],[121.0266914,14.7115109],[121.0266016,14.7113164],[121.0264957,14.7110634]]}},
{"type":"Feature","properties":{"osm_id":"616817928","highway":"service","z_order":0,"other_tags":"\"access\"=>\"private\",\"service\"=>\"driveway\""},"geometry":{"type":"LineString","coordinates":[[121.025175,14.7137053],[121.025114,14.7136995],[121.0250554,14.7137116],[121.0250084,14.7137346],[121.0249511,14.713743],[121.0245423,14.7136986],[121.0244981,14.7136733],[121.0244705,14.7136177]]}},
{"type":"Feature","properties":{"osm_id":"616817929","highway":"service","z_order":0,"other_tags":"\"service\"=>\"driveway\""},"geometry":{"type":"LineString","coordinates":[[121.0236797,14.7111538],[121.0236816,14.7110887]]}},
{"type":"Feature","properties":{"osm_id":"616817930","highway":"service","z_order":0,"other_tags":"\"service\"=>\"driveway\""},"geometry":{"type":"LineString","coordinates":[[121.0228398,14.7118819],[121.0231584,14.7119212],[121.0231845,14.7119014],[121.0232033,14.7118573],[121.0232825,14.7116409]]}},
{"type":"Feature","properties":{"osm_id":"616817931","highway":"residential","z_order":3},"geometry":{"type":"LineString","coordinates":[[121.0296681,14.7126655],[121.0296245,14.7127341]]}},
{"type":"Feature","properties":{"osm_id":"616817932","name":"Aratilis Street","highway":"residential","z_order":3},"geometry":{"type":"LineString","coordinates":[[121.0283678,14.7117241],[121.0283353,14.7117806]]}},
{"type":"Feature","properties":{"osm_id":"616817933","name":"Atlas Interior","highway":"residential","z_order":3},"geometry":{"type":"LineString","coordinates":[[121.0285172,14.7117672],[121.0285299,14.7116989],[121.0285784,14.7116549],[121.0286907,14.7116368],[121.028769,14.7115896],[121.0288526,14.7115154],[121.0289818,14.7114665],[121.0291597,14.7114038],[121.0293207,14.7113482],[121.0294055,14.7113115],[121.0295011,14.7112684],[121.0295266,14.7112398],[121.0295507,14.7111853],[121.02957,14.7111196],[121.0295869,14.7110673],[121.0296138,14.7110141],[121.0296634,14.7109622]]}},
{"type":"Feature","properties":{"osm_id":"616828411","name":"Nonoy Street","highway":"residential","z_order":3,"other_tags":"\"lanes\"=>\"2\""},"geometry":{"type":"LineString","coordinates":[[121.0237853,14.7237789],[121.0239081,14.7234715]]}},
{"type":"Feature","properties":{"osm_id":"616828412","name":"Dela Rosa Street","highway":"residential","z_order":3,"other_tags":"\"lanes\"=>\"2\""},"geometry":{"type":"LineString","coordinates":[[121.0246597,14.7231888],[121.0244242,14.7236824]]}},
{"type":"Feature","properties":{"osm_id":"616828413","name":"ALHOA","highway":"residential","z_order":3},"geometry":{"type":"LineString","coordinates":[[121.0242856,14.7229099],[121.0240361,14.7235238]]}},
{"type":"Feature","properties":{"osm_id":"616828414","highway":"service","z_order":0,"other_tags":"\"access\"=>\"private\",\"service\"=>\"driveway\""},"geometry":{"type":"LineString","coordinates":[[121.0255957,14.7236953],[121.0255101,14.7238547],[121.0254136,14.7240343]]}},
{"type":"Feature","properties":{"osm_id":"616828416","highway":"service","z_order":0,"other_tags":"\"access\"=>\"private\",\"service\"=>\"driveway\""},"geometry":{"type":"LineString","coordinates":[[121.028962,14.7257349],[121.0292155,14.7243133],[121.0292637,14.7242342],[121.0293273,14.7241801]]}},
{"type":"Feature","properties":{"osm_id":"616828417","name":"Calla Street","highway":"residential","z_order":3,"other_tags":"\"lanes\"=>\"2\""},"geometry":{"type":"LineString","coordinates":[[121.02483,14.7236259],[121.0247437,14.723813],[121.0245632,14.7242536]]}},
{"type":"Feature","properties":{"osm_id":"616828418","highway":"service","z_order":0},"geometry":{"type":"LineString","coordinates":[[121.0224411,14.7243932],[121.0223302,14.7242355]]}},
{"type":"Feature","properties":{"osm_id":"616831058","highway":"service","z_order":0,"other_tags":"\"access\"=>\"private\""},"geometry":{"type":"LineString","coordinates":[[121.0214427,14.7104204],[121.0214915,14.7099627]]}},
{"type":"Feature","properties":{"osm_id":"616831060","highway":"service","z_order":0,"other_tags":"\"access\"=>\"private\",\"service\"=>\"driveway\""},"geometry":{"type":"LineString","coordinates":[[121.0253075,14.7124856],[121.0251256,14.7126418],[121.0250769,14.7126569],[121.0250295,14.7126377],[121.0244658,14.7123428]]}},
{"type":"Feature","properties":{"osm_id":"616831062","highway":"service","z_order":0,"other_tags":"\"access\"=>\"private\",\"service\"=>\"driveway\""},"geometry":{"type":"LineString","coordinates":[[121.0251256,14.7126418],[121.0254081,14.7128657],[121.0254542,14.7129082],[121.0255048,14.7129004],[121.0256346,14.7127916],[121.0262181,14.7122775]]}},
{"type":"Feature","properties":{"osm_id":"616831064","highway":"residential","z_order":3,"other_tags":"\"surface\"=>\"unpaved\""},"geometry":{"type":"LineString","coordinates":[[121.0286868,14.7100974],[121.028506,14.7099479],[121.0284054,14.7098999],[121.0282434,14.7098332],[121.0281345,14.7097883],[121.0280393,14.7097896],[121.0279533,14.7097847],[121.0277899,14.7097754],[121.0276316,14.7097183]]}},
{"type":"Feature","properties":{"osm_id":"616833130","highway":"service","z_order":0},"geometry":{"type":"LineString","coordinates":[[121.0241629,14.7248951],[121.024254,14.7247537],[121.0243002,14.7246938]]}},
{"type":"Feature","properties":{"osm_id":"616839833","highway":"service","z_order":0,"other_tags":"\"access\"=>\"private\",\"service\"=>\"driveway\""},"geometry":{"type":"LineString","coordinates":[[121.0300322,14.7184713],[121.0300476,14.7184424],[121.0300674,14.7184207],[121.0310727,14.7177935],[121.0311082,14.717774],[121.031143,14.7177582],[121.031912,14.7174897],[121.0319874,14.7174652]]}},
{"type":"Feature","properties":{"osm_id":"616839835","highway":"service","z_order":0,"other_tags":"\"access\"=>\"private\",\"service\"=>\"driveway\""},"geometry":{"type":"LineString","coordinates":[[121.0313794,14.7191568],[121.0316389,14.7191373],[121.0317246,14.7191458],[121.0317891,14.719175],[121.0322786,14.71945],[121.0323329,14.7194875],[121.0323711,14.7195407],[121.0324067,14.7204234],[121.032418,14.7204674],[121.0324522,14.720487],[121.0325568,14.7204883],[121.0325896,14.7205097],[121.0326004,14.7205427],[121.0326038,14.7205953],[121.0326172,14.7210862],[121.0326118,14.7211407],[121.0325983,14.721188],[121.0325494,14.7214409],[121.0325246,14.7215642]]}},
{"type":"Feature","properties":{"osm_id":"616839836","highway":"service","z_order":0,"other_tags":"\"access\"=>\"private\""},"geometry":{"type":"LineString","coordinates":[[121.0325983,14.721188],[121.031708,14.721212],[121.0316784,14.7212422],[121.0316335,14.7212554],[121.0310372,14.7212597]]}},
{"type":"Feature","properties":{"osm_id":"616839838","highway":"service","z_order":0,"other_tags":"\"access\"=>\"private\""},"geometry":{"type":"LineString","coordinates":[[121.032072,14.7205129],[121.0318522,14.7205242],[121.0318038,14.7205434],[121.0317669,14.7205687],[121.0317441,14.7206063],[121.0317361,14.7206497],[121.031708,14.721212]]}},
{"type":"Feature","properties":{"osm_id":"616839839","highway":"service","z_order":0,"other_tags":"\"access\"=>\"private\""},"geometry":{"type":"LineString","coordinates":[[121.0309824,14.7213561],[121.0310372,14.7212597],[121.0312231,14.720928]]}},
{"type":"Feature","properties":{"osm_id":"616839843","highway":"service","z_order":0,"other_tags":"\"access\"=>\"private\",\"service\"=>\"driveway\""},"geometry":{"type":"LineString","coordinates":[[121.0328348,14.7196484],[121.0329411,14.7196457]]}},
{"type":"Feature","properties":{"osm_id":"616839844","highway":"service","z_order":0,"other_tags":"\"access\"=>\"private\",\"service\"=>\"driveway\""},"geometry":{"type":"LineString","coordinates":[[121.0319701,14.7188293],[121.0326787,14.7186643]]}},
{"type":"Feature","properties":{"osm_id":"653755295","highway":"service","z_order":0,"other_tags":"\"access\"=>\"private\",\"service\"=>\"driveway\""},"geometry":{"type":"LineString","coordinates":[[121.0145913,14.710848],[121.0148985,14.7114299]]}},
{"type":"Feature","properties":{"osm_id":"653989935","highway":"service","z_order":0,"other_tags":"\"access\"=>\"private\",\"service\"=>\"alley\""},"geometry":{"type":"LineString","coordinates":[[121.0122815,14.7169464],[121.0121309,14.7164333]]}},
{"type":"Feature","properties":{"osm_id":"654900432","highway":"service","z_order":0,"other_tags":"\"service\"=>\"driveway\""},"geometry":{"type":"LineString","coordinates":[[121.0321284,14.7221646],[121.0321458,14.7220186],[121.0321696,14.7218236],[121.0321787,14.7217418]]}},
{"type":"Feature","properties":{"osm_id":"655335315","highway":"service","z_order":0,"other_tags":"\"service\"=>\"driveway\""},"geometry":{"type":"LineString","coordinates":[[121.0278554,14.7204752],[121.0278971,14.7204145]]}},
{"type":"Feature","properties":{"osm_id":"655335316","highway":"service","z_order":0,"other_tags":"\"access\"=>\"private\",\"service\"=>\"driveway\""},"geometry":{"type":"LineString","coordinates":[[121.0276926,14.7209162],[121.0277932,14.7205835],[121.0278016,14.7205602],[121.0278153,14.720534],[121.0278532,14.7204783],[121.0278554,14.7204752]]}},
{"type":"Feature","properties":{"osm_id":"655335318","highway":"service","z_order":0,"other_tags":"\"access\"=>\"private\",\"service\"=>\"driveway\""},"geometry":{"type":"LineString","coordinates":[[121.0264474,14.7210551],[121.0264474,14.7208891],[121.0264474,14.7207619],[121.0264488,14.7207253],[121.0264539,14.7206874],[121.0265217,14.7203673]]}},
{"type":"Feature","properties":{"osm_id":"672612678","name":"Mindanao Avenue","highway":"primary","z_order":7,"other_tags":"\"dog\"=>\"leashed\",\"lanes\"=>\"4\",\"lit\"=>\"yes\",\"oneway\"=>\"yes\",\"ref\"=>\"128\",\"sidewalk\"=>\"right\",\"surface\"=>\"concrete\",\"wheelchair\"=>\"yes\""},"geometry":{"type":"LineString","coordinates":[[121.0116856,14.7137615],[121.0115974,14.7140051],[121.0115741,14.7141302],[121.011565,14.714253],[121.0114814,14.7155637],[121.0114773,14.7157726],[121.0114804,14.7158597],[121.0114861,14.7159497],[121.0115263,14.7162599],[121.0115657,14.7164442],[121.0116384,14.7167007],[121.0117892,14.7170914],[121.0119114,14.7173637],[121.0121947,14.7179896],[121.0122858,14.7182526],[121.0123588,14.7185618],[121.012389,14.7188953],[121.0124289,14.7194323],[121.0124325,14.7194815],[121.0124369,14.7195429]]}},
{"type":"Feature","properties":{"osm_id":"703803134","name":"Villa Nova Avenue","highway":"residential","z_order":3,"other_tags":"\"access\"=>\"destination\",\"lanes\"=>\"2\",\"oneway\"=>\"yes\",\"surface\"=>\"paved\""},"geometry":{"type":"LineString","coordinates":[[121.028923,14.7211767],[121.0289228,14.7211239],[121.0289268,14.7210844],[121.0289325,14.7210531]]}},
{"type":"Feature","properties":{"osm_id":"703803135","name":"Villa Nova Avenue","highway":"residential","z_order":3,"other_tags":"\"access\"=>\"destination\",\"lanes\"=>\"2\",\"oneway\"=>\"yes\",\"surface\"=>\"paved\""},"geometry":{"type":"LineString","coordinates":[[121.0290522,14.7210949],[121.0290323,14.7211304],[121.0290076,14.7211678],[121.0289812,14.7211982]]}},
{"type":"Feature","properties":{"osm_id":"703813698","name":"Sierra Vista Street","highway":"residential","z_order":3,"other_tags":"\"alt_name\"=>\"Reata Loop Street\",\"foot\"=>\"no\""},"geometry":{"type":"LineString","coordinates":[[121.0207055,14.7166691],[121.0207921,14.7166552]]}},
{"type":"Feature","properties":{"osm_id":"799254399","highway":"service","z_order":0,"other_tags":"\"access\"=>\"private\",\"service\"=>\"driveway\""},"geometry":{"type":"LineString","coordinates":[[121.0154193,14.7183781],[121.015723,14.7184284]]}},
{"type":"Feature","properties":{"osm_id":"799254400","highway":"service","z_order":0,"other_tags":"\"access\"=>\"private\",\"service\"=>\"driveway\""},"geometry":{"type":"LineString","coordinates":[[121.0157478,14.7176334],[121.0159955,14.7176042],[121.0160656,14.7176094],[121.0161313,14.717635],[121.0161826,14.7176787],[121.0162288,14.7177455],[121.0163228,14.7179006]]}},
{"type":"Feature","properties":{"osm_id":"827898124","name":"Golden Road","highway":"unclassified","z_order":3,"other_tags":"\"lanes\"=>\"2\",\"surface\"=>\"concrete\""},"geometry":{"type":"LineString","coordinates":[[121.0183867,14.7230345],[121.0186028,14.7229756],[121.0186645,14.722981],[121.018723,14.7230143],[121.018766,14.7230573],[121.0189326,14.7233097],[121.0193466,14.7239816],[121.0194408,14.7244561]]}},
{"type":"Feature","properties":{"osm_id":"827898131","name":"Diamond Road","highway":"secondary","z_order":6,"other_tags":"\"lanes\"=>\"2\",\"lit\"=>\"yes\",\"maxspeed\"=>\"30\",\"maxspeed:type\"=>\"PH:urban\",\"oneway\"=>\"no\",\"surface\"=>\"concrete\""},"geometry":{"type":"LineString","coordinates":[[121.0178536,14.7259536],[121.0178811,14.7259864],[121.0192844,14.7272304]]}},
{"type":"Feature","properties":{"osm_id":"827898132","name":"Diamond Road","highway":"secondary","z_order":26,"other_tags":"\"bridge\"=>\"yes\",\"lanes\"=>\"2\",\"layer\"=>\"1\",\"lit\"=>\"yes\",\"maxspeed\"=>\"30\",\"maxspeed:type\"=>\"PH:urban\",\"oneway\"=>\"no\",\"surface\"=>\"concrete\""},"geometry":{"type":"LineString","coordinates":[[121.0178236,14.7259178],[121.0178536,14.7259536]]}},
{"type":"Feature","properties":{"osm_id":"860900720","name":"Emerald Street","highway":"residential","z_order":3,"other_tags":"\"lanes\"=>\"2\",\"surface\"=>\"asphalt\""},"geometry":{"type":"LineString","coordinates":[[121.0297586,14.7100456],[121.0297184,14.710099],[121.0296848,14.710171],[121.0296574,14.710247]]}},
{"type":"Feature","properties":{"osm_id":"875971194","name":"Victoria Road","highway":"residential","z_order":3},"geometry":{"type":"LineString","coordinates":[[121.0206995,14.7131027],[121.0207816,14.7131069]]}},
{"type":"Feature","properties":{"osm_id":"883229944","name":"General Luis Street","highway":"primary","z_order":7,"other_tags":"\"designation\"=>\"national_secondary_road\",\"lane_markings\"=>\"no\",\"lanes\"=>\"2\",\"lit\"=>\"yes\",\"mapillary\"=>\"2837946643202757\",\"maxspeed\"=>\"40\",\"maxspeed:type\"=>\"PH:urban\",\"old_name\"=>\"Polo-Novaliches Road\",\"ref\"=>\"118\",\"sidewalk\"=>\"both\",\"surface\"=>\"concrete\",\"wikidata\"=>\"Q60763455\",\"wikipedia\"=>\"en:General Luis Street\""},"geometry":{"type":"LineString","coordinates":[[121.0183546,14.7204897],[121.0181732,14.7204869],[121.0180298,14.7204875],[121.0179212,14.7204897],[121.0178175,14.7204877],[121.0176872,14.7204816],[121.0176092,14.7204773],[121.0175442,14.7204734],[121.0174853,14.7204688],[121.017404,14.7204581],[121.0172713,14.72044],[121.0171537,14.7204171],[121.0170586,14.7203957],[121.0168355,14.720354],[121.0160768,14.7202111],[121.0159748,14.7201891],[121.0153631,14.7200643],[121.0152148,14.7200336],[121.0151413,14.7200144],[121.0148979,14.7199752],[121.0147742,14.719947],[121.0146906,14.719933],[121.0146107,14.719913],[121.0144954,14.7198769],[121.0144305,14.7198481],[121.0142706,14.7197693],[121.0141286,14.7197083],[121.0138613,14.7195834],[121.013724,14.7195359],[121.0135866,14.7194995],[121.0134646,14.7194833],[121.0133382,14.719482],[121.0131729,14.71949],[121.0131003,14.7194971],[121.013024,14.7195046],[121.0129596,14.7195115],[121.0128228,14.7195207],[121.0126361,14.7195333],[121.0124369,14.7195429],[121.0122911,14.7195522],[121.012277,14.719553],[121.0119569,14.7195558],[121.0118102,14.7195537],[121.0117401,14.7195519],[121.0116724,14.7195507],[121.0116229,14.7195498],[121.0112359,14.7195311],[121.0106906,14.7194801],[121.0104611,14.7194532],[121.0102622,14.7194298],[121.0101807,14.7194235],[121.0099269,14.7194011],[121.0097966,14.7193896],[121.0095829,14.7193691],[121.0092985,14.7193415],[121.0092112,14.7193324],[121.0090258,14.7193153],[121.0085928,14.7192816],[121.0083607,14.7192654],[121.0082035,14.7192502],[121.0078693,14.719218],[121.0076672,14.7191985],[121.0074663,14.7191772],[121.0073732,14.7191677],[121.0071778,14.7191484],[121.0068812,14.7191159],[121.006663,14.7190967],[121.0063285,14.7190686],[121.0061524,14.7190592],[121.0059812,14.719054],[121.0059309,14.7190576],[121.0058211,14.7190621],[121.0057252,14.7190744],[121.0055572,14.7191007],[121.0054713,14.7191076],[121.0053812,14.7190989],[121.0053065,14.7190752],[121.0052479,14.7190469],[121.0051924,14.7190126],[121.0051474,14.7189701],[121.0051074,14.7189246],[121.0050814,14.71888],[121.0050558,14.7188371]]}},
{"type":"Feature","properties":{"osm_id":"894109524","highway":"path","z_order":0},"geometry":{"type":"LineString","coordinates":[[121.0124672,14.7121782],[121.012564,14.712209]]}},
{"type":"Feature","properties":{"osm_id":"894168199","highway":"residential","z_order":3,"other_tags":"\"access\"=>\"private\""},"geometry":{"type":"LineString","coordinates":[[121.0190304,14.7181497],[121.0190807,14.7183156]]}},
{"type":"Feature","properties":{"osm_id":"894168200","highway":"service","z_order":0},"geometry":{"type":"LineString","coordinates":[[121.0186842,14.7169479],[121.0191116,14.7170341],[121.0191505,14.7170535],[121.0191712,14.7170833],[121.0191545,14.7172468]]}},
{"type":"Feature","properties":{"osm_id":"894168201","highway":"residential","z_order":3},"geometry":{"type":"LineString","coordinates":[[121.0186341,14.7156442],[121.0192725,14.7158343]]}},
{"type":"Feature","properties":{"osm_id":"894168202","highway":"residential","z_order":3},"geometry":{"type":"LineString","coordinates":[[121.0187877,14.7152531],[121.0186341,14.7156442],[121.0185999,14.7157616],[121.0185618,14.716391]]}},
{"type":"Feature","properties":{"osm_id":"894168203","highway":"service","z_order":0,"other_tags":"\"access\"=>\"private\",\"service\"=>\"driveway\""},"geometry":{"type":"LineString","coordinates":[[121.0163228,14.7179006],[121.0163623,14.7179667],[121.0163938,14.718003],[121.016434,14.7180237],[121.0165654,14.7180467],[121.0167035,14.7180022],[121.0168366,14.7179237],[121.0169312,14.7178963],[121.0170552,14.7178841],[121.0173032,14.7179776],[121.0173978,14.718066],[121.0174141,14.7182377]]}},
{"type":"Feature","properties":{"osm_id":"894168204","highway":"service","z_order":0,"other_tags":"\"access\"=>\"private\",\"service\"=>\"driveway\""},"geometry":{"type":"LineString","coordinates":[[121.0161826,14.7176787],[121.0164119,14.7174492]]}},
{"type":"Feature","properties":{"osm_id":"894168205","highway":"service","z_order":0,"other_tags":"\"access\"=>\"private\",\"service\"=>\"driveway\""},"geometry":{"type":"LineString","coordinates":[[121.0155462,14.7168409],[121.0159505,14.7167768],[121.0169041,14.7166255]]}},
{"type":"Feature","properties":{"osm_id":"894168206","highway":"service","z_order":0,"other_tags":"\"surface\"=>\"unpaved\""},"geometry":{"type":"LineString","coordinates":[[121.0153756,14.7159309],[121.0158165,14.71589]]}},
{"type":"Feature","properties":{"osm_id":"894168207","highway":"service","z_order":0,"other_tags":"\"service\"=>\"driveway\""},"geometry":{"type":"LineString","coordinates":[[121.0154579,14.7115506],[121.0155308,14.7115226]]}},
{"type":"Feature","properties":{"osm_id":"894190613","highway":"service","z_order":0,"other_tags":"\"service\"=>\"driveway\""},"geometry":{"type":"LineString","coordinates":[[121.022892,14.7115479],[121.0229453,14.7115555],[121.0232382,14.7115888],[121.0232717,14.7116121],[121.0232825,14.7116409]]}},
{"type":"Feature","properties":{"osm_id":"894190614","highway":"service","z_order":0,"other_tags":"\"access\"=>\"private\",\"lanes\"=>\"2\",\"surface\"=>\"concrete\""},"geometry":{"type":"LineString","coordinates":[[121.0216471,14.7098368],[121.02164,14.7099186],[121.0216313,14.7099915],[121.0216264,14.7100325],[121.0216074,14.7101749],[121.0215878,14.7102909]]}},
{"type":"Feature","properties":{"osm_id":"894232753","name":"Valencia Street","highway":"residential","z_order":3,"other_tags":"\"access\"=>\"private\""},"geometry":{"type":"LineString","coordinates":[[121.0210413,14.7146925],[121.021067,14.7147297],[121.0210778,14.7147495],[121.0210782,14.7147707],[121.0210691,14.7148947]]}},
{"type":"Feature","properties":{"osm_id":"894248089","name":"Ma. San Andres Street","highway":"residential","z_order":3},"geometry":{"type":"LineString","coordinates":[[121.0183586,14.7177925],[121.0183855,14.7177444],[121.0184491,14.7176269],[121.0184665,14.7175789]]}},
{"type":"Feature","properties":{"osm_id":"894252000","highway":"residential","z_order":3},"geometry":{"type":"LineString","coordinates":[[121.0179683,14.7167006],[121.0179602,14.7165101],[121.0179582,14.716464]]}},
{"type":"Feature","properties":{"osm_id":"894298227","name":"Galang Compound","highway":"residential","z_order":3,"other_tags":"\"lanes\"=>\"1\",\"surface\"=>\"paved\""},"geometry":{"type":"LineString","coordinates":[[121.029041,14.7239881],[121.0290961,14.7238794],[121.0291591,14.7237595],[121.0291927,14.723692],[121.0292108,14.7236525],[121.029249,14.7235792],[121.0292953,14.7234793]]}},
{"type":"Feature","properties":{"osm_id":"894329673","highway":"residential","z_order":3},"geometry":{"type":"LineString","coordinates":[[121.024368,14.7114514],[121.0241509,14.7114401]]}},
{"type":"Feature","properties":{"osm_id":"894329674","highway":"residential","z_order":3,"other_tags":"\"lanes\"=>\"1\",\"motorcar\"=>\"yes\",\"surface\"=>\"concrete\""},"geometry":{"type":"LineString","coordinates":[[121.0243467,14.7112236],[121.0243838,14.7112712],[121.024368,14.7114514],[121.0243714,14.7115346]]}},
{"type":"Feature","properties":{"osm_id":"894329675","name":"Fremont Street","highway":"residential","z_order":3,"other_tags":"\"lanes\"=>\"1\",\"surface\"=>\"concrete\""},"geometry":{"type":"LineString","coordinates":[[121.0240026,14.7111904],[121.0240057,14.7109766],[121.0240044,14.7107982]]}},
{"type":"Feature","properties":{"osm_id":"894425668","highway":"service","z_order":0,"other_tags":"\"access\"=>\"private\""},"geometry":{"type":"LineString","coordinates":[[121.0179904,14.7153193],[121.0177651,14.7151883],[121.0177276,14.7151585],[121.0177141,14.7151409],[121.0176873,14.7150703],[121.0176846,14.7150326],[121.0177034,14.7149029],[121.0177124,14.7146483],[121.0177048,14.7146266],[121.0176394,14.7145401],[121.0176293,14.7144386],[121.0176308,14.7143131],[121.0176233,14.7142923],[121.017605,14.7142735],[121.0175759,14.7142629],[121.0158979,14.7141246]]}},
{"type":"Feature","properties":{"osm_id":"894427379","highway":"residential","z_order":3},"geometry":{"type":"LineString","coordinates":[[121.0182692,14.711187],[121.0182794,14.7113417],[121.0182922,14.7114948]]}},
{"type":"Feature","properties":{"osm_id":"894496797","highway":"footway","z_order":0,"other_tags":"\"footway\"=>\"alley\",\"mapillary\"=>\"5149035945118394\""},"geometry":{"type":"LineString","coordinates":[[121.024423,14.7210103],[121.0242051,14.721098],[121.0238855,14.7212288]]}},
{"type":"Feature","properties":{"osm_id":"894497389","highway":"service","z_order":0},"geometry":{"type":"LineString","coordinates":[[121.0198371,14.7218969],[121.0201802,14.7219033]]}},
{"type":"Feature","properties":{"osm_id":"894497854","name":"Rockville","highway":"residential","z_order":3},"geometry":{"type":"LineString","coordinates":[[121.023214,14.7204908],[121.0228261,14.7193891]]}},
{"type":"Feature","properties":{"osm_id":"894515562","highway":"service","z_order":0,"other_tags":"\"service\"=>\"driveway\""},"geometry":{"type":"LineString","coordinates":[[121.0158252,14.7139648],[121.0155777,14.7139403]]}},
{"type":"Feature","properties":{"osm_id":"894525149","name":"Babylon Street","highway":"residential","z_order":3},"geometry":{"type":"LineString","coordinates":[[121.0202641,14.7267529],[121.0204808,14.7267816],[121.0208636,14.7267603]]}},
{"type":"Feature","properties":{"osm_id":"894814767","name":"Champaca Extension","highway":"path","z_order":0,"other_tags":"\"motorcycle\"=>\"private\""},"geometry":{"type":"LineString","coordinates":[[121.0274665,14.7171698],[121.0273252,14.7172624],[121.0272722,14.7172997],[121.0272548,14.7173107],[121.0272494,14.7173126],[121.0272437,14.7173104],[121.0272112,14.717251],[121.0269813,14.7169295]]}},
{"type":"Feature","properties":{"osm_id":"894814768","name":"Langka Street","highway":"residential","z_order":3,"other_tags":"\"lanes\"=>\"1\",\"lit\"=>\"yes\",\"living_street\"=>\"yes\",\"motorcar\"=>\"no\",\"sidewalk\"=>\"no\""},"geometry":{"type":"LineString","coordinates":[[121.0285856,14.7174892],[121.0287385,14.7174792],[121.0288924,14.7174693],[121.0290409,14.7174597],[121.0291924,14.7174498],[121.0293256,14.7174412],[121.0293864,14.7174373],[121.0294154,14.7174354]]}},
{"type":"Feature","properties":{"osm_id":"894826677","name":"P. Dela Cruz Compound","highway":"service","z_order":0,"other_tags":"\"access\"=>\"private\",\"lanes\"=>\"2\",\"motorcar\"=>\"yes\",\"surface\"=>\"paved\""},"geometry":{"type":"LineString","coordinates":[[121.0155933,14.7125836],[121.0150225,14.7127354],[121.0150075,14.712737],[121.0149957,14.7127341],[121.0148884,14.7126855],[121.0148777,14.7126809],[121.0148656,14.7126796],[121.0147342,14.7126972]]}},
{"type":"Feature","properties":{"osm_id":"894827247","highway":"residential","z_order":3,"other_tags":"\"surface\"=>\"paved\""},"geometry":{"type":"LineString","coordinates":[[121.0178159,14.722324],[121.0175787,14.7223487],[121.0173782,14.7223729],[121.017171,14.7224024]]}},
{"type":"Feature","properties":{"osm_id":"894827970","highway":"residential","z_order":3},"geometry":{"type":"LineString","coordinates":[[121.0145922,14.7123028],[121.0145971,14.7123346],[121.0146004,14.7123622],[121.0145978,14.7123729],[121.0145907,14.7123807],[121.0142474,14.7124896],[121.0140482,14.7125623],[121.0138384,14.7126453]]}},
{"type":"Feature","properties":{"osm_id":"894828974","highway":"residential","z_order":3},"geometry":{"type":"LineString","coordinates":[[121.013667,14.7115288],[121.0138355,14.7117106]]}},
{"type":"Feature","properties":{"osm_id":"894829087","highway":"service","z_order":0,"other_tags":"\"motorcar\"=>\"no\",\"service\"=>\"alley\""},"geometry":{"type":"LineString","coordinates":[[121.0176176,14.7212211],[121.0176115,14.7208435],[121.0176092,14.7204773]]}},
{"type":"Feature","properties":{"osm_id":"894830078","highway":"service","z_order":0},"geometry":{"type":"LineString","coordinates":[[121.0131705,14.7129339],[121.0132711,14.7128327],[121.0133381,14.7127536],[121.0133535,14.7127322],[121.0133609,14.7127069],[121.0133576,14.7126745],[121.0132979,14.712546]]}},
{"type":"Feature","properties":{"osm_id":"894830079","highway":"service","z_order":0},"geometry":{"type":"LineString","coordinates":[[121.0122853,14.7130441],[121.012461,14.7131025],[121.0125697,14.7131181],[121.0126783,14.7131129],[121.0127722,14.7131051],[121.0129452,14.7130364],[121.0131262,14.7129572],[121.0131705,14.7129339],[121.0132644,14.7129987],[121.0132845,14.7130338],[121.0132865,14.7130759]]}},
{"type":"Feature","properties":{"osm_id":"894841891","highway":"service","z_order":0,"other_tags":"\"access\"=>\"private\",\"service\"=>\"driveway\""},"geometry":{"type":"LineString","coordinates":[[121.0326869,14.7265657],[121.032691,14.7267128],[121.0326963,14.7267848],[121.0327084,14.7268316],[121.0327345,14.7268698],[121.0327735,14.7268964],[121.0330476,14.7270792]]}},
{"type":"Feature","properties":{"osm_id":"894869234","highway":"service","z_order":0,"other_tags":"\"access\"=>\"private\""},"geometry":{"type":"LineString","coordinates":[[121.032349,14.7163929],[121.0322577,14.7161235]]}},
{"type":"Feature","properties":{"osm_id":"894869235","highway":"service","z_order":0,"other_tags":"\"access\"=>\"private\",\"lane_markings\"=>\"no\",\"lanes\"=>\"2\",\"surface\"=>\"concrete\""},"geometry":{"type":"LineString","coordinates":[[121.0318064,14.716173],[121.0315809,14.7161299],[121.03152,14.7161183],[121.0314742,14.7161036],[121.0314372,14.7160807],[121.0314046,14.716048],[121.031371,14.7160236],[121.0313252,14.7160002],[121.0312799,14.7159879],[121.0312332,14.7159793],[121.0308962,14.7159174]]}},
{"type":"Feature","properties":{"osm_id":"894869236","highway":"service","z_order":0,"other_tags":"\"access\"=>\"private\",\"lane_markings\"=>\"no\",\"lanes\"=>\"2\",\"surface\"=>\"concrete\""},"geometry":{"type":"LineString","coordinates":[[121.0308962,14.7159174],[121.0309019,14.7158992],[121.0309096,14.7158842],[121.0309215,14.7158686],[121.0310572,14.7157168]]}},
{"type":"Feature","properties":{"osm_id":"894898170","name":"135 General Luis Street","highway":"service","z_order":0,"other_tags":"\"service\"=>\"driveway\",\"surface\"=>\"unpaved\""},"geometry":{"type":"LineString","coordinates":[[121.0301153,14.7212853],[121.0300939,14.7214539],[121.0299738,14.7222685]]}},
{"type":"Feature","properties":{"osm_id":"895664155","highway":"service","z_order":0,"other_tags":"\"access\"=>\"private\",\"service\"=>\"driveway\""},"geometry":{"type":"LineString","coordinates":[[121.0266828,14.7133686],[121.0272199,14.7134359]]}},
{"type":"Feature","properties":{"osm_id":"895664156","highway":"service","z_order":0,"other_tags":"\"access\"=>\"private\",\"service\"=>\"driveway\""},"geometry":{"type":"LineString","coordinates":[[121.0275847,14.7139444],[121.0268793,14.7141143]]}},
{"type":"Feature","properties":{"osm_id":"895664157","highway":"service","z_order":0,"other_tags":"\"access\"=>\"private\",\"service\"=>\"driveway\""},"geometry":{"type":"LineString","coordinates":[[121.0262621,14.7128728],[121.0262677,14.7129118],[121.0263026,14.7132685],[121.0263232,14.7133773],[121.0263375,14.7134547],[121.0265654,14.7143618]]}},
{"type":"Feature","properties":{"osm_id":"896418669","name":"Yakal Street","highway":"path","z_order":0,"other_tags":"\"footway\"=>\"alley\""},"geometry":{"type":"LineString","coordinates":[[121.0286457,14.7159819],[121.0287067,14.7167553]]}},
{"type":"Feature","properties":{"osm_id":"896559075","name":"Baco Street","highway":"residential","z_order":3},"geometry":{"type":"LineString","coordinates":[[121.0275332,14.7186904],[121.0281182,14.7187183],[121.0282681,14.7187277],[121.0287057,14.7187556]]}},
{"type":"Feature","properties":{"osm_id":"897136877","name":"Windy Avenue","highway":"residential","z_order":3},"geometry":{"type":"LineString","coordinates":[[121.0328166,14.7138357],[121.0330364,14.7131526],[121.0330586,14.7130751],[121.0332776,14.7123132]]}},
{"type":"Feature","properties":{"osm_id":"897425918","name":"Mangga Extension","highway":"residential","z_order":3,"other_tags":"\"lanes\"=>\"2\",\"lit\"=>\"yes\",\"sidewalk\"=>\"no\",\"surface\"=>\"concrete\""},"geometry":{"type":"LineString","coordinates":[[121.0296192,14.7158207],[121.0297912,14.7159087],[121.0298414,14.7159387],[121.0299752,14.7160139],[121.0300181,14.7160736],[121.0300443,14.7161346],[121.0300809,14.7163602],[121.0301007,14.7164801]]}},
{"type":"Feature","properties":{"osm_id":"897842447","name":"Mindanao Avenue","highway":"primary","z_order":7,"other_tags":"\"check_date\"=>\"2025-02-04\",\"construction:lanes\"=>\"4\",\"description\"=>\"Mindanao Ave Extension Segment 2C halted due to right of way problem\",\"dog\"=>\"leashed\",\"lanes\"=>\"1\",\"oneway\"=>\"no\",\"ref\"=>\"128\",\"sidewalk\"=>\"right\",\"surface\"=>\"concrete\",\"wheelchair\"=>\"yes\""},"geometry":{"type":"LineString","coordinates":[[121.0122984,14.7120285],[121.0125442,14.7116138],[121.0126893,14.711245],[121.0128566,14.7107454]]}},
{"type":"Feature","properties":{"osm_id":"897842448","name":"Mindanao Avenue","highway":"primary","z_order":7,"other_tags":"\"check_date\"=>\"2025-02-04\",\"construction:lanes\"=>\"4\",\"description\"=>\"Mindanao Ave Extension Segment 2C halted due to right of way problem\",\"dog\"=>\"leashed\",\"lanes\"=>\"1\",\"oneway\"=>\"yes\",\"ref\"=>\"128\",\"sidewalk\"=>\"right\",\"surface\"=>\"concrete\",\"wheelchair\"=>\"yes\""},"geometry":{"type":"LineString","coordinates":[[121.0124672,14.7121782],[121.0122351,14.7126215],[121.0120325,14.7129557],[121.0120253,14.7129691],[121.0119549,14.7130999],[121.0118362,14.7133727],[121.0117676,14.7135214],[121.0117241,14.7136523],[121.0117047,14.7137106],[121.0116856,14.7137615]]}},
{"type":"Feature","properties":{"osm_id":"900671565","highway":"service","z_order":0,"other_tags":"\"service\"=>\"driveway\""},"geometry":{"type":"LineString","coordinates":[[121.0159748,14.7201891],[121.0159546,14.7200994]]}},
{"type":"Feature","properties":{"osm_id":"902638932","highway":"service","z_order":0,"other_tags":"\"access\"=>\"private\",\"service\"=>\"driveway\""},"geometry":{"type":"LineString","coordinates":[[121.028496,14.7216926],[121.0280716,14.7216315],[121.0277483,14.7215849]]}},
{"type":"Feature","properties":{"osm_id":"902642502","highway":"service","z_order":0,"other_tags":"\"access\"=>\"private\",\"service\"=>\"driveway\""},"geometry":{"type":"LineString","coordinates":[[121.0303017,14.7188687],[121.0304652,14.7187741],[121.0307443,14.7186126],[121.0312172,14.7183361],[121.0312474,14.7183185],[121.0312794,14.7183034],[121.0314132,14.7182599]]}},
{"type":"Feature","properties":{"osm_id":"902645190","name":"Ilang-ilang Extension","highway":"footway","z_order":0,"other_tags":"\"footway\"=>\"alley\""},"geometry":{"type":"LineString","coordinates":[[121.0282324,14.7181762],[121.0282405,14.7181392],[121.0282445,14.7180588],[121.0282308,14.717992]]}},
{"type":"Feature","properties":{"osm_id":"902678684","highway":"service","z_order":0,"other_tags":"\"access\"=>\"private\",\"service\"=>\"driveway\""},"geometry":{"type":"LineString","coordinates":[[121.0231033,14.7151612],[121.0232826,14.7152457]]}},
{"type":"Feature","properties":{"osm_id":"902732857","highway":"residential","z_order":3},"geometry":{"type":"LineString","coordinates":[[121.0297817,14.724647],[121.0298635,14.7246444],[121.0298956,14.72464],[121.0299219,14.7246364],[121.0300049,14.7246296],[121.0300545,14.7246266],[121.0301049,14.7246274],[121.0301611,14.7246301]]}},
{"type":"Feature","properties":{"osm_id":"902925557","highway":"service","z_order":0},"geometry":{"type":"LineString","coordinates":[[121.0210915,14.7232191],[121.0211945,14.7231485],[121.0212187,14.7231241],[121.0212355,14.7230794],[121.0212305,14.7228969],[121.0212265,14.7227632]]}},
{"type":"Feature","properties":{"osm_id":"909705811","highway":"service","z_order":0,"other_tags":"\"access\"=>\"private\",\"service\"=>\"driveway\""},"geometry":{"type":"LineString","coordinates":[[121.0179233,14.7254317],[121.0178908,14.7253114],[121.017735,14.724733],[121.0176905,14.7245679]]}},
{"type":"Feature","properties":{"osm_id":"909705812","highway":"service","z_order":0,"other_tags":"\"access\"=>\"private\",\"service\"=>\"driveway\""},"geometry":{"type":"LineString","coordinates":[[121.0175872,14.7256606],[121.0174749,14.7256899],[121.0172734,14.7257425]]}},
{"type":"Feature","properties":{"osm_id":"911040026","highway":"service","z_order":0,"other_tags":"\"access\"=>\"private\",\"service\"=>\"driveway\""},"geometry":{"type":"LineString","coordinates":[[121.0151538,14.7151216],[121.0150897,14.7151133],[121.0149635,14.7150965],[121.0146443,14.7150508],[121.0146169,14.715054],[121.0145921,14.7150741],[121.0145826,14.7151254]]}},
{"type":"Feature","properties":{"osm_id":"911048258","highway":"service","z_order":0,"other_tags":"\"service\"=>\"driveway\""},"geometry":{"type":"LineString","coordinates":[[121.0153631,14.7200643],[121.0153747,14.719911],[121.0153789,14.719822],[121.0153818,14.7197909],[121.0153783,14.719781],[121.0153672,14.7197774],[121.0152587,14.719772],[121.0152495,14.7198118],[121.0152315,14.7199279],[121.0152148,14.7200336]]}},
{"type":"Feature","properties":{"osm_id":"922476625","highway":"service","z_order":0,"other_tags":"\"access\"=>\"private\",\"service\"=>\"driveway\""},"geometry":{"type":"LineString","coordinates":[[121.0250084,14.7137346],[121.024888,14.7140616],[121.0248569,14.7140981],[121.0248121,14.7141165],[121.0247516,14.7141188],[121.0246778,14.7141078],[121.0221699,14.7136635],[121.0220922,14.7136415],[121.0220306,14.7136082],[121.0219956,14.7135409],[121.0219841,14.7134565],[121.0220271,14.7130364],[121.0220446,14.7129812],[121.0220834,14.7129319],[121.0221458,14.7129077],[121.0222269,14.7129085],[121.0232914,14.7131106],[121.0233414,14.7131298],[121.0233818,14.7131554],[121.0235126,14.713295],[121.0235475,14.7133313],[121.0235971,14.7133528],[121.0243627,14.7134754],[121.0244019,14.7134832],[121.024428,14.7134952],[121.0244435,14.7135234],[121.0244521,14.7135591],[121.0244705,14.7136177]]}},
{"type":"Feature","properties":{"osm_id":"923768304","highway":"service","z_order":0,"other_tags":"\"access\"=>\"private\",\"service\"=>\"driveway\""},"geometry":{"type":"LineString","coordinates":[[121.0177744,14.7256576],[121.0181782,14.7255565]]}},
{"type":"Feature","properties":{"osm_id":"923768305","highway":"service","z_order":0,"other_tags":"\"access\"=>\"private\",\"service\"=>\"driveway\""},"geometry":{"type":"LineString","coordinates":[[121.0230832,14.7239157],[121.0231268,14.7239547],[121.0231718,14.7239573],[121.0232274,14.723945],[121.0235305,14.7238542]]}},
{"type":"Feature","properties":{"osm_id":"924025504","name":"Saint Joseph Street","highway":"residential","z_order":3},"geometry":{"type":"LineString","coordinates":[[121.0244854,14.7143528],[121.0233983,14.7141583],[121.0233093,14.7141477],[121.0229307,14.7141027],[121.0228618,14.7141137],[121.0227834,14.7141496],[121.0227335,14.7141976],[121.0226539,14.7143107],[121.0225988,14.7143933],[121.0225446,14.7144485],[121.0224825,14.7144858],[121.0224228,14.7145125],[121.0223722,14.7145314]]}},
{"type":"Feature","properties":{"osm_id":"924636894","highway":"service","z_order":0,"other_tags":"\"service\"=>\"driveway\""},"geometry":{"type":"LineString","coordinates":[[121.0182399,14.7216985],[121.0182909,14.7216987]]}},
{"type":"Feature","properties":{"osm_id":"924649708","highway":"service","z_order":0,"other_tags":"\"access\"=>\"private\",\"lanes\"=>\"2\",\"surface\"=>\"concrete\""},"geometry":{"type":"LineString","coordinates":[[121.0198022,14.7229356],[121.0195376,14.7229131]]}},
{"type":"Feature","properties":{"osm_id":"924649709","highway":"service","z_order":0,"other_tags":"\"access\"=>\"private\",\"lanes\"=>\"2\",\"surface\"=>\"concrete\""},"geometry":{"type":"LineString","coordinates":[[121.0198022,14.7229356],[121.0198047,14.7233596],[121.0198081,14.7233818],[121.019828,14.7234021],[121.0198436,14.7234143],[121.0199183,14.7234458],[121.0199483,14.7234874],[121.0199919,14.7236],[121.0200244,14.7236929],[121.0200558,14.723802],[121.0200863,14.7238909],[121.0201231,14.7240216],[121.0201552,14.7242653],[121.0202012,14.7246933],[121.0202086,14.7247167],[121.0202307,14.7247394]]}},
{"type":"Feature","properties":{"osm_id":"924649710","highway":"service","z_order":0,"other_tags":"\"access\"=>\"private\",\"lanes\"=>\"2\",\"surface\"=>\"concrete\""},"geometry":{"type":"LineString","coordinates":[[121.0206781,14.7238298],[121.0209144,14.7240498],[121.0211657,14.7242837],[121.0213175,14.724425],[121.0213361,14.7244447],[121.0213505,14.7244638],[121.0213626,14.7244874]]}},
{"type":"Feature","properties":{"osm_id":"924656234","highway":"service","z_order":0,"other_tags":"\"access\"=>\"private\""},"geometry":{"type":"LineString","coordinates":[[121.0206781,14.7238298],[121.0213962,14.723669]]}},
{"type":"Feature","properties":{"osm_id":"929676971","name":"Biglang Awa Street","highway":"residential","z_order":3,"other_tags":"\"alt_name\"=>\"Area D\""},"geometry":{"type":"LineString","coordinates":[[121.0304017,14.7167721],[121.0304201,14.7166482],[121.0304566,14.7165661],[121.0305257,14.7165331],[121.0306407,14.7165337]]}},
{"type":"Feature","properties":{"osm_id":"930535712","highway":"service","z_order":0,"other_tags":"\"service\"=>\"driveway\""},"geometry":{"type":"LineString","coordinates":[[121.0318585,14.7219921],[121.0321458,14.7220186]]}},
{"type":"Feature","properties":{"osm_id":"930535713","highway":"service","z_order":0,"other_tags":"\"access\"=>\"permissive\",\"service\"=>\"driveway\""},"geometry":{"type":"LineString","coordinates":[[121.0316618,14.7216702],[121.0316448,14.7218165],[121.0317199,14.7218249]]}},
{"type":"Feature","properties":{"osm_id":"930535714","highway":"service","z_order":0,"other_tags":"\"access\"=>\"private\""},"geometry":{"type":"LineString","coordinates":[[121.0310709,14.7223139],[121.0311473,14.7220966],[121.0311507,14.7220096],[121.0311345,14.7217243],[121.0311633,14.7216815]]}},
{"type":"Feature","properties":{"osm_id":"931008805","name":"Golden Road","highway":"unclassified","z_order":3,"other_tags":"\"lanes\"=>\"2\",\"surface\"=>\"concrete\""},"geometry":{"type":"LineString","coordinates":[[121.0171861,14.7234072],[121.0183867,14.7230345]]}},
{"type":"Feature","properties":{"osm_id":"931325947","highway":"service","z_order":0,"other_tags":"\"access\"=>\"private\",\"service\"=>\"driveway\""},"geometry":{"type":"LineString","coordinates":[[121.0262646,14.7099506],[121.0266184,14.7099537]]}},
{"type":"Feature","properties":{"osm_id":"931330843","highway":"service","z_order":0,"other_tags":"\"access\"=>\"private\",\"service\"=>\"driveway\""},"geometry":{"type":"LineString","coordinates":[[121.031912,14.7174897],[121.0319319,14.7175477]]}},
{"type":"Feature","properties":{"osm_id":"932352020","highway":"service","z_order":0,"other_tags":"\"access\"=>\"private\",\"service\"=>\"driveway\""},"geometry":{"type":"LineString","coordinates":[[121.0282831,14.7185189],[121.028273,14.7186588]]}},
{"type":"Feature","properties":{"osm_id":"932352021","highway":"service","z_order":0,"other_tags":"\"access\"=>\"private\",\"service\"=>\"driveway\""},"geometry":{"type":"LineString","coordinates":[[121.0280152,14.7184557],[121.0282831,14.7185189]]}},
{"type":"Feature","properties":{"osm_id":"932716093","highway":"service","z_order":0,"other_tags":"\"service\"=>\"driveway\""},"geometry":{"type":"LineString","coordinates":[[121.0170187,14.7201893],[121.0170483,14.720212],[121.0170751,14.720269],[121.0170586,14.7203957]]}},
{"type":"Feature","properties":{"osm_id":"932716094","highway":"service","z_order":0,"other_tags":"\"service\"=>\"driveway\""},"geometry":{"type":"LineString","coordinates":[[121.0168355,14.720354],[121.0168545,14.7202301],[121.0168907,14.7201847],[121.0169328,14.7201716]]}},
{"type":"Feature","properties":{"osm_id":"932716095","highway":"service","z_order":0,"other_tags":"\"covered\"=>\"yes\",\"service\"=>\"driveway\""},"geometry":{"type":"LineString","coordinates":[[121.0169328,14.7201716],[121.0170187,14.7201893]]}},
{"type":"Feature","properties":{"osm_id":"934187957","highway":"service","z_order":0,"other_tags":"\"access\"=>\"private\",\"service\"=>\"driveway\""},"geometry":{"type":"LineString","coordinates":[[121.0263232,14.7133773],[121.0263948,14.7134317],[121.0264591,14.7134949],[121.0265798,14.7136317]]}},
{"type":"Feature","properties":{"osm_id":"934195721","highway":"service","z_order":0,"other_tags":"\"access\"=>\"private\",\"service\"=>\"driveway\""},"geometry":{"type":"LineString","coordinates":[[121.0265654,14.7143618],[121.0262007,14.714471],[121.0261396,14.714469],[121.0261048,14.7144457],[121.0260732,14.7143095]]}},
{"type":"Feature","properties":{"osm_id":"934261634","highway":"service","z_order":0,"other_tags":"\"access\"=>\"private\",\"service\"=>\"driveway\""},"geometry":{"type":"LineString","coordinates":[[121.0259906,14.7195898],[121.0258962,14.7200077],[121.0258919,14.7200401],[121.0258882,14.7200706],[121.0258855,14.720211],[121.0258831,14.720245],[121.0258771,14.7202768],[121.0257792,14.7206938]]}},
{"type":"Feature","properties":{"osm_id":"934277200","highway":"service","z_order":0,"other_tags":"\"service\"=>\"driveway\""},"geometry":{"type":"LineString","coordinates":[[121.0294233,14.7230947],[121.0296097,14.7228269],[121.0295581,14.7225987],[121.0295427,14.7225623],[121.0295434,14.7225357],[121.0295641,14.7225227],[121.029709,14.7225208],[121.0297901,14.7225324],[121.0298618,14.722574],[121.0299615,14.7227403]]}},
{"type":"Feature","properties":{"osm_id":"937058090","name":"Berya Street","highway":"residential","z_order":3,"other_tags":"\"access\"=>\"private\""},"geometry":{"type":"LineString","coordinates":[[121.0164857,14.7256956],[121.0166875,14.7256946],[121.016716,14.7256741],[121.0167312,14.7256435]]}},
{"type":"Feature","properties":{"osm_id":"938634914","name":"Atlas Road","highway":"tertiary","z_order":4,"other_tags":"\"alt_name\"=>\"San Dionisio\",\"designation\"=>\"barangay_road\",\"destination:forward\"=>\"Novaliches\",\"destination:street\"=>\"General Luis\",\"lanes\"=>\"2\",\"lit\"=>\"yes\",\"maxspeed\"=>\"20\",\"maxspeed:type\"=>\"PH:urban\",\"oneway\"=>\"no\",\"sidewalk\"=>\"both\",\"surface\"=>\"concrete\""},"geometry":{"type":"LineString","coordinates":[[121.0276897,14.7113728],[121.0277621,14.7114281],[121.027844,14.711476],[121.0280001,14.7115471],[121.0281525,14.7116185],[121.0283678,14.7117241],[121.028425,14.7117473],[121.0284686,14.7117597],[121.0285172,14.7117672],[121.0285768,14.7117712],[121.0286474,14.7117712],[121.028703,14.7117925],[121.0287758,14.7118433],[121.0292508,14.7122752],[121.0296681,14.7126655],[121.029727,14.7127217],[121.0297826,14.7127909],[121.0298073,14.7128251]]}},
{"type":"Feature","properties":{"osm_id":"938765202","name":"Saint John Street","highway":"residential","z_order":3,"other_tags":"\"access\"=>\"destination\",\"alt_name\"=>\"Saint John\",\"lanes\"=>\"2\",\"surface\"=>\"paved\""},"geometry":{"type":"LineString","coordinates":[[121.0256469,14.7214224],[121.0258586,14.7215235],[121.0261182,14.7216504],[121.0263536,14.7217714],[121.0265387,14.7218402]]}},
{"type":"Feature","properties":{"osm_id":"938869714","name":"Diamond Street","highway":"residential","z_order":3,"other_tags":"\"access\"=>\"destination\",\"lanes\"=>\"2\",\"surface\"=>\"paved\""},"geometry":{"type":"LineString","coordinates":[[121.0277013,14.7237829],[121.0269535,14.7239764]]}},
{"type":"Feature","properties":{"osm_id":"962531525","name":"Villa Nova Avenue","highway":"residential","z_order":3,"other_tags":"\"access\"=>\"destination\",\"lanes\"=>\"2\",\"surface\"=>\"paved\""},"geometry":{"type":"LineString","coordinates":[[121.0266516,14.7235532],[121.0268919,14.7234713],[121.0271312,14.7234],[121.0273991,14.7233256],[121.0275524,14.7232831]]}},
{"type":"Feature","properties":{"osm_id":"962534830","name":"Ruby Street","highway":"residential","z_order":3,"other_tags":"\"access\"=>\"destination\",\"lanes\"=>\"2\",\"source_ref\"=>\"https://osm.org/node/6959201903\",\"surface\"=>\"paved\""},"geometry":{"type":"LineString","coordinates":[[121.0291969,14.7230382],[121.0292214,14.7230857],[121.0292339,14.7231248],[121.0292348,14.7231691],[121.0292203,14.7232211],[121.0291687,14.723306],[121.0290447,14.7235238],[121.0288916,14.7237818]]}},
{"type":"Feature","properties":{"osm_id":"972736953","name":"General Luis Street","highway":"primary","z_order":7,"other_tags":"\"cycleway\"=>\"lane\",\"lane_markings\"=>\"yes\",\"lanes\"=>\"4\",\"lit\"=>\"yes\",\"mapillary\"=>\"2837946643202757\",\"maxspeed\"=>\"40\",\"maxspeed:type\"=>\"PH:urban\",\"old_name\"=>\"Polo-Novaliches Road\",\"ref\"=>\"118\",\"sidewalk\"=>\"no\",\"surface\"=>\"asphalt\",\"wikidata\"=>\"Q60763455\",\"wikipedia\"=>\"en:General Luis Street\""},"geometry":{"type":"LineString","coordinates":[[121.0319465,14.7217208],[121.0316618,14.7216702],[121.0311814,14.721586],[121.0310427,14.7215564],[121.0308998,14.7215251],[121.0308761,14.7215191],[121.0308027,14.7214993],[121.0307516,14.7214845],[121.0303612,14.7213625],[121.0301805,14.7213066],[121.0301153,14.7212853],[121.0298447,14.7212003],[121.0295711,14.7211147],[121.0293596,14.7210386],[121.0291776,14.7209723],[121.0291207,14.7209515],[121.0290916,14.7209409],[121.0290443,14.7209228],[121.0289928,14.7209028],[121.0289396,14.7208812],[121.0287533,14.7208005],[121.0281601,14.7205441],[121.0281193,14.7205244]]}},
{"type":"Feature","properties":{"osm_id":"1018275010","name":"Silver Road","highway":"unclassified","z_order":3,"other_tags":"\"lanes\"=>\"2\",\"oneway\"=>\"no\",\"surface\"=>\"concrete\""},"geometry":{"type":"LineString","coordinates":[[121.0182297,14.7224951],[121.0183867,14.7230345]]}},
{"type":"Feature","properties":{"osm_id":"1018351791","name":"J. P. Laurel Street","highway":"residential","z_order":3},"geometry":{"type":"LineString","coordinates":[[121.0305581,14.72595],[121.0305697,14.7259139],[121.0305981,14.725893],[121.0311023,14.7258549],[121.0311232,14.7258649],[121.031142,14.7258821],[121.0312875,14.7261067]]}},
{"type":"Feature","properties":{"osm_id":"1020028073","name":"Northwind Avenue","highway":"tertiary","z_order":4,"other_tags":"\"destination:backward\"=>\"Novaliches\",\"destination:street:backward\"=>\"General Luis\""},"geometry":{"type":"LineString","coordinates":[[121.0325118,14.7137368],[121.0321565,14.7136259],[121.0318426,14.7135279],[121.0315498,14.7134365],[121.0315199,14.7134278],[121.0314689,14.7134112]]}},
{"type":"Feature","properties":{"osm_id":"1020028074","name":"Queens Avenue","highway":"residential","z_order":3,"other_tags":"\"bicycle\"=>\"yes\",\"foot\"=>\"yes\",\"lanes\"=>\"2\",\"surface\"=>\"asphalt\""},"geometry":{"type":"LineString","coordinates":[[121.0335701,14.7124399],[121.0335674,14.7124208],[121.0335549,14.7123994],[121.0335301,14.7123846],[121.0332776,14.7123132],[121.0329916,14.7122393],[121.032949,14.7122448],[121.0329287,14.7122775],[121.0327332,14.7129514],[121.0325118,14.7137368]]}},
{"type":"Feature","properties":{"osm_id":"1030094165","highway":"service","z_order":0,"other_tags":"\"service\"=>\"driveway\""},"geometry":{"type":"LineString","coordinates":[[121.013024,14.7195046],[121.0130216,14.7194402],[121.013035,14.7194246],[121.0130706,14.7194168],[121.0131316,14.7194149],[121.0131551,14.7194279],[121.0131729,14.71949]]}},
{"type":"Feature","properties":{"osm_id":"1030094166","name":"Tamara Lane","highway":"residential","z_order":3,"other_tags":"\"access\"=>\"private\",\"lane_markings\"=>\"no\",\"lanes\"=>\"2\",\"oneway\"=>\"yes\",\"surface\"=>\"concrete\""},"geometry":{"type":"LineString","coordinates":[[121.0130277,14.7196967],[121.0131073,14.719899]]}},
{"type":"Feature","properties":{"osm_id":"1030094167","name":"Tamara Lane","highway":"residential","z_order":3,"other_tags":"\"access\"=>\"private\",\"lane_markings\"=>\"no\",\"lanes\"=>\"2\",\"oneway\"=>\"yes\",\"surface\"=>\"concrete\""},"geometry":{"type":"LineString","coordinates":[[121.0131073,14.719899],[121.0130525,14.7198698],[121.0130071,14.7198405],[121.0129788,14.7198215],[121.0129573,14.7197983],[121.0129332,14.7197648]]}},
{"type":"Feature","properties":{"osm_id":"1030101189","highway":"service","z_order":0,"other_tags":"\"access\"=>\"private\",\"service\"=>\"driveway\""},"geometry":{"type":"LineString","coordinates":[[121.0147555,14.7200201],[121.0146282,14.7203289]]}},
{"type":"Feature","properties":{"osm_id":"1030101190","highway":"service","z_order":0,"other_tags":"\"service\"=>\"driveway\""},"geometry":{"type":"LineString","coordinates":[[121.0144305,14.7198481],[121.014408,14.7199476]]}},
{"type":"Feature","properties":{"osm_id":"1030109834","highway":"service","z_order":0,"other_tags":"\"access\"=>\"private\",\"service\"=>\"driveway\""},"geometry":{"type":"LineString","coordinates":[[121.0179327,14.7205968],[121.0179384,14.72067],[121.0179449,14.7207098],[121.017957,14.7207393],[121.0179817,14.720768],[121.0180037,14.7207967],[121.0180151,14.7208294],[121.0180235,14.7208844],[121.0180601,14.7214234]]}},
{"type":"Feature","properties":{"osm_id":"1030117811","highway":"service","z_order":0,"other_tags":"\"access\"=>\"private\",\"service\"=>\"driveway\""},"geometry":{"type":"LineString","coordinates":[[121.018602,14.7205414],[121.0186127,14.7205894],[121.018673,14.720723],[121.0186831,14.7207548],[121.0187448,14.7209429],[121.0187984,14.7211939]]}},
{"type":"Feature","properties":{"osm_id":"1030124215","highway":"service","z_order":0,"other_tags":"\"access\"=>\"private\",\"service\"=>\"driveway\""},"geometry":{"type":"LineString","coordinates":[[121.0203937,14.7199305],[121.0204178,14.7198514],[121.0204554,14.7197619],[121.0206257,14.7189681]]}},
{"type":"Feature","properties":{"osm_id":"1030718620","highway":"service","z_order":0,"other_tags":"\"access\"=>\"private\",\"service\"=>\"driveway\""},"geometry":{"type":"LineString","coordinates":[[121.028657,14.7209332],[121.0286224,14.720974],[121.0286056,14.720997],[121.0285928,14.721022],[121.0285848,14.7210486],[121.0285503,14.7212081]]}},
{"type":"Feature","properties":{"osm_id":"1030722361","highway":"service","z_order":0,"other_tags":"\"access\"=>\"permissive\",\"covered\"=>\"yes\",\"service\"=>\"driveway\""},"geometry":{"type":"LineString","coordinates":[[121.0330424,14.7219296],[121.0329389,14.7219277]]}},
{"type":"Feature","properties":{"osm_id":"1030722362","highway":"service","z_order":0,"other_tags":"\"access\"=>\"permissive\",\"service\"=>\"driveway\""},"geometry":{"type":"LineString","coordinates":[[121.0330844,14.7217944],[121.0330661,14.7219017],[121.0330553,14.7219206],[121.0330424,14.7219296]]}},
{"type":"Feature","properties":{"osm_id":"1030722368","highway":"service","z_order":0,"other_tags":"\"access\"=>\"permissive\",\"service\"=>\"driveway\""},"geometry":{"type":"LineString","coordinates":[[121.031781,14.7218326],[121.0319039,14.72185]]}},
{"type":"Feature","properties":{"osm_id":"1030722369","highway":"service","z_order":0,"other_tags":"\"access\"=>\"permissive\",\"covered\"=>\"yes\",\"service\"=>\"driveway\""},"geometry":{"type":"LineString","coordinates":[[121.0317199,14.7218249],[121.031781,14.7218326]]}},
{"type":"Feature","properties":{"osm_id":"1030722372","highway":"service","z_order":0,"other_tags":"\"service\"=>\"driveway\""},"geometry":{"type":"LineString","coordinates":[[121.0308118,14.7216344],[121.0308319,14.7216412],[121.0308761,14.7215191]]}},
{"type":"Feature","properties":{"osm_id":"1030722373","highway":"service","z_order":0,"other_tags":"\"covered\"=>\"yes\",\"service\"=>\"driveway\""},"geometry":{"type":"LineString","coordinates":[[121.0307314,14.7216072],[121.0308118,14.7216344]]}},
{"type":"Feature","properties":{"osm_id":"1030722374","highway":"service","z_order":0,"other_tags":"\"service\"=>\"driveway\""},"geometry":{"type":"LineString","coordinates":[[121.0307516,14.7214845],[121.0307099,14.7215999],[121.0307314,14.7216072]]}},
{"type":"Feature","properties":{"osm_id":"1030722376","highway":"service","z_order":0,"other_tags":"\"service\"=>\"driveway\""},"geometry":{"type":"LineString","coordinates":[[121.0303612,14.7213625],[121.0303884,14.7213109]]}},
{"type":"Feature","properties":{"osm_id":"1058670827","name":"Northwind Avenue","highway":"tertiary","z_order":4,"other_tags":"\"destination:backward\"=>\"Novaliches\",\"destination:street:backward\"=>\"General Luis\""},"geometry":{"type":"LineString","coordinates":[[121.0334444,14.7140279],[121.0331832,14.7139464],[121.0330481,14.7139042],[121.0328166,14.7138357],[121.0325118,14.7137368]]}},
{"type":"Feature","properties":{"osm_id":"1058680094","highway":"service","z_order":0,"other_tags":"\"lanes\"=>\"2\",\"surface\"=>\"paved\""},"geometry":{"type":"LineString","coordinates":[[121.0317792,14.7166225],[121.0318575,14.7165938]]}},
{"type":"Feature","properties":{"osm_id":"1058680095","highway":"service","z_order":0,"other_tags":"\"lane_markings\"=>\"no\",\"lanes\"=>\"2\",\"surface\"=>\"concrete\""},"geometry":{"type":"LineString","coordinates":[[121.0318064,14.716173],[121.0318733,14.7161851]]}},
{"type":"Feature","properties":{"osm_id":"1058680096","highway":"service","z_order":0,"other_tags":"\"lanes\"=>\"2\",\"surface\"=>\"paved\""},"geometry":{"type":"LineString","coordinates":[[121.0319422,14.7161929],[121.0318733,14.7161851]]}},
{"type":"Feature","properties":{"osm_id":"1058680097","name":"Queens Avenue","highway":"tertiary","z_order":4,"other_tags":"\"bicycle\"=>\"yes\",\"designation\"=>\"barangay_road\",\"foot\"=>\"yes\",\"lanes\"=>\"2\",\"maxspeed\"=>\"20\",\"maxspeed:type\"=>\"PH:urban\",\"surface\"=>\"asphalt\""},"geometry":{"type":"LineString","coordinates":[[121.0319101,14.7160646],[121.0318733,14.7161851],[121.0318495,14.716277]]}},
{"type":"Feature","properties":{"osm_id":"1058680098","name":"Atlas Road","highway":"tertiary","z_order":4,"other_tags":"\"designation\"=>\"barangay_road\",\"destination:backward\"=>\"Novaliches\",\"destination:street:backward\"=>\"General Luis\",\"maxspeed\"=>\"20\",\"maxspeed:type\"=>\"PH:urban\""},"geometry":{"type":"LineString","coordinates":[[121.0303119,14.71305],[121.0302624,14.7130286]]}},
{"type":"Feature","properties":{"osm_id":"1058680099","name":"Atlas Road","highway":"tertiary","z_order":4,"other_tags":"\"designation\"=>\"barangay_road\",\"destination:backward\"=>\"Novaliches\",\"destination:street:backward\"=>\"General Luis\",\"lanes\"=>\"2\",\"maxspeed\"=>\"20\",\"maxspeed:type\"=>\"PH:urban\",\"oneway\"=>\"no\""},"geometry":{"type":"LineString","coordinates":[[121.0314689,14.7134112],[121.0311773,14.7133202],[121.0310123,14.7132687],[121.0305953,14.7131385],[121.0305685,14.7131301],[121.0304027,14.7130784],[121.0303119,14.71305]]}},
{"type":"Feature","properties":{"osm_id":"1058680100","name":"Atlas Road","highway":"tertiary","z_order":4,"other_tags":"\"designation\"=>\"barangay_road\",\"destination:backward\"=>\"Novaliches\",\"destination:street:backward\"=>\"General Luis\",\"maxspeed\"=>\"20\",\"maxspeed:type\"=>\"PH:urban\",\"oneway\"=>\"no\""},"geometry":{"type":"LineString","coordinates":[[121.0302624,14.7130286],[121.0302092,14.713011],[121.0301497,14.7129979]]}},
{"type":"Feature","properties":{"osm_id":"1058680101","name":"Saint Matthew Street","highway":"residential","z_order":3,"other_tags":"\"access\"=>\"destination\",\"alt_name\"=>\"Saint Matthew Street\",\"lanes\"=>\"2\",\"lit\"=>\"yes\",\"sidewalk\"=>\"no\",\"surface\"=>\"concrete\""},"geometry":{"type":"LineString","coordinates":[[121.0329826,14.7195764],[121.033017,14.719591],[121.0330765,14.7195947]]}},
{"type":"Feature","properties":{"osm_id":"1058681408","name":"Coral Ville Street","highway":"residential","z_order":3,"other_tags":"\"lanes\"=>\"2\",\"surface\"=>\"concrete\""},"geometry":{"type":"LineString","coordinates":[[121.0324815,14.7180574],[121.0325294,14.7180492]]}},
{"type":"Feature","properties":{"osm_id":"1058681409","name":"Area C","highway":"residential","z_order":3,"other_tags":"\"source:name\"=>\"extrapolation\",\"source_ref\"=>\"https://osm.org/node/6958974505\""},"geometry":{"type":"LineString","coordinates":[[121.0322178,14.7174675],[121.0321996,14.7175001]]}},
{"type":"Feature","properties":{"osm_id":"1058682497","name":"Villa Nova Avenue","highway":"residential","z_order":3,"other_tags":"\"lanes\"=>\"2\",\"oneway\"=>\"yes\",\"surface\"=>\"paved\""},"geometry":{"type":"LineString","coordinates":[[121.0289325,14.7210531],[121.0289928,14.7209028]]}},
{"type":"Feature","properties":{"osm_id":"1058682498","name":"Villa Nova Avenue","highway":"residential","z_order":3,"other_tags":"\"lanes\"=>\"2\",\"oneway\"=>\"yes\",\"surface\"=>\"paved\""},"geometry":{"type":"LineString","coordinates":[[121.0291207,14.7209515],[121.0290522,14.7210949]]}},
{"type":"Feature","properties":{"osm_id":"1058682500","name":"Cabesa Andres Street","highway":"unclassified","z_order":3,"other_tags":"\"lanes\"=>\"2\",\"lit\"=>\"yes\",\"oneway\"=>\"no\",\"surface\"=>\"concrete\""},"geometry":{"type":"LineString","coordinates":[[121.0278243,14.7245309],[121.0277665,14.7242051]]}},
{"type":"Feature","properties":{"osm_id":"1058682501","name":"Villa Nova Avenue","highway":"unclassified","z_order":3,"other_tags":"\"lanes\"=>\"2\",\"surface\"=>\"paved\""},"geometry":{"type":"LineString","coordinates":[[121.0278055,14.7241328],[121.0278229,14.7241912]]}},
{"type":"Feature","properties":{"osm_id":"1058682502","highway":"service","z_order":0,"other_tags":"\"access\"=>\"private\",\"service\"=>\"driveway\""},"geometry":{"type":"LineString","coordinates":[[121.0251595,14.7231656],[121.0250916,14.7232413],[121.0250406,14.723299],[121.0250212,14.7233243],[121.0249997,14.7233632],[121.0249621,14.7234456],[121.0249407,14.7234858]]}},
{"type":"Feature","properties":{"osm_id":"1058682503","highway":"service","z_order":0,"other_tags":"\"access\"=>\"private\",\"service\"=>\"driveway\""},"geometry":{"type":"LineString","coordinates":[[121.0248958,14.7231797],[121.0250334,14.7230469]]}},
{"type":"Feature","properties":{"osm_id":"1058682504","name":"Molave Drive 2","highway":"service","z_order":0,"other_tags":"\"lanes\"=>\"1\",\"oneway\"=>\"no\",\"service\"=>\"alley\",\"surface\"=>\"concrete\""},"geometry":{"type":"LineString","coordinates":[[121.024637,14.7226663],[121.0244173,14.7225],[121.0243912,14.7224743],[121.024376,14.7224496],[121.0243661,14.7224231],[121.0243618,14.7223992]]}},
{"type":"Feature","properties":{"osm_id":"1059058005","highway":"service","z_order":0,"other_tags":"\"service\"=>\"driveway\""},"geometry":{"type":"LineString","coordinates":[[121.0289788,14.7097604],[121.0290124,14.7097846]]}},
{"type":"Feature","properties":{"osm_id":"1059079706","name":"Tamara Lane","highway":"residential","z_order":3,"other_tags":"\"lane_markings\"=>\"no\",\"lanes\"=>\"2\",\"oneway\"=>\"yes\",\"surface\"=>\"concrete\""},"geometry":{"type":"LineString","coordinates":[[121.0129332,14.7197648],[121.0128228,14.7195207]]}},
{"type":"Feature","properties":{"osm_id":"1059079707","name":"Tamara Lane","highway":"residential","z_order":3,"other_tags":"\"lane_markings\"=>\"no\",\"lanes\"=>\"2\",\"oneway\"=>\"yes\",\"surface\"=>\"concrete\""},"geometry":{"type":"LineString","coordinates":[[121.0129596,14.7195115],[121.0130277,14.7196967]]}},
{"type":"Feature","properties":{"osm_id":"1059646873","name":"Santo Tomas Street","highway":"residential","z_order":3,"other_tags":"\"access\"=>\"private\""},"geometry":{"type":"LineString","coordinates":[[121.0189387,14.7177693],[121.0197049,14.7175778],[121.0207143,14.7173489]]}},
{"type":"Feature","properties":{"osm_id":"1059646874","highway":"residential","z_order":3,"other_tags":"\"access\"=>\"private\""},"geometry":{"type":"LineString","coordinates":[[121.0207534,14.7176393],[121.0197081,14.7178742],[121.0190047,14.7180453]]}},
{"type":"Feature","properties":{"osm_id":"1059646875","name":"Cordova Street","highway":"residential","z_order":3,"other_tags":"\"access\"=>\"private\""},"geometry":{"type":"LineString","coordinates":[[121.0197811,14.7181949],[121.0207869,14.717931]]}},
{"type":"Feature","properties":{"osm_id":"1059646876","name":"Walter Road","highway":"residential","z_order":3},"geometry":{"type":"LineString","coordinates":[[121.0242251,14.7193026],[121.0241955,14.7192161]]}},
{"type":"Feature","properties":{"osm_id":"1059649326","name":"Banahaw Street","highway":"residential","z_order":3,"other_tags":"\"lanes\"=>\"2\",\"lit\"=>\"yes\",\"name:etymology\"=>\"Mount Banahaw\",\"name:etymology:wikidata\"=>\"Q806074\",\"sidewalk\"=>\"both\",\"surface\"=>\"asphalt\""},"geometry":{"type":"LineString","coordinates":[[121.0287057,14.7187556],[121.0287052,14.7192975],[121.0286763,14.7194519],[121.028616,14.7196348],[121.028404,14.7199994],[121.0283548,14.7200902],[121.0281193,14.7205244]]}},
{"type":"Feature","properties":{"osm_id":"1059649327","highway":"service","z_order":0,"other_tags":"\"access\"=>\"private\",\"service\"=>\"driveway\""},"geometry":{"type":"LineString","coordinates":[[121.0236816,14.7110887],[121.0236913,14.7107571]]}},
{"type":"Feature","properties":{"osm_id":"1059649328","name":"Sierra Vista Street","highway":"residential","z_order":3},"geometry":{"type":"LineString","coordinates":[[121.02085,14.7140066],[121.0207975,14.7140029]]}},
{"type":"Feature","properties":{"osm_id":"1059649729","name":"Katipunan Extension","highway":"secondary","z_order":6,"other_tags":"\"designation\"=>\"city_road\",\"lanes\"=>\"2\",\"lit\"=>\"yes\",\"maxspeed\"=>\"30\",\"maxspeed:type\"=>\"PH:urban\",\"oneway\"=>\"yes\",\"surface\"=>\"concrete\""},"geometry":{"type":"LineString","coordinates":[[121.0210152,14.7183543],[121.0210033,14.71851]]}},
{"type":"Feature","properties":{"osm_id":"1059649730","name":"Katipunan Extension","highway":"secondary","z_order":6,"other_tags":"\"designation\"=>\"city_road\",\"lanes\"=>\"2\",\"lit\"=>\"yes\",\"maxspeed\"=>\"30\",\"maxspeed:type\"=>\"PH:urban\",\"oneway\"=>\"yes\",\"surface\"=>\"concrete\""},"geometry":{"type":"LineString","coordinates":[[121.0210033,14.71851],[121.020943,14.7183663]]}},
{"type":"Feature","properties":{"osm_id":"1059649731","name":"Katipunan Extension","highway":"secondary","z_order":6,"other_tags":"\"designation\"=>\"city_road\",\"lanes\"=>\"2\",\"lit\"=>\"yes\",\"maxspeed\"=>\"30\",\"maxspeed:type\"=>\"PH:urban\",\"oneway\"=>\"yes\",\"sidewalk\"=>\"right\",\"surface\"=>\"concrete\""},"geometry":{"type":"LineString","coordinates":[[121.020943,14.7183663],[121.0208749,14.7179144],[121.0208285,14.71762],[121.0207895,14.7173359],[121.0207628,14.7170944],[121.0207055,14.7166691],[121.0206575,14.7162894]]}},
{"type":"Feature","properties":{"osm_id":"1059649732","name":"Katipunan Extension","highway":"secondary","z_order":6,"other_tags":"\"designation\"=>\"city_road\",\"lanes\"=>\"2\",\"lit\"=>\"yes\",\"maxspeed\"=>\"30\",\"maxspeed:type\"=>\"PH:urban\",\"oneway\"=>\"yes\",\"sidewalk\"=>\"right\",\"surface\"=>\"concrete\""},"geometry":{"type":"LineString","coordinates":[[121.0207458,14.7163207],[121.0207921,14.7166552],[121.0208499,14.7170731],[121.0208723,14.7172354],[121.0209225,14.7175982],[121.0209635,14.7178949],[121.0210152,14.7183543]]}},
{"type":"Feature","properties":{"osm_id":"1059682941","name":"Victoria Road","highway":"residential","z_order":3,"other_tags":"\"access\"=>\"private\""},"geometry":{"type":"LineString","coordinates":[[121.0192451,14.7141361],[121.0192406,14.7142541],[121.0192225,14.7145247],[121.0192108,14.7147327],[121.0192695,14.7150049]]}},
{"type":"Feature","properties":{"osm_id":"1059682942","name":"Victoria Road","highway":"residential","z_order":3,"other_tags":"\"access\"=>\"private\""},"geometry":{"type":"LineString","coordinates":[[121.0204232,14.7130872],[121.0201343,14.7130721],[121.0198883,14.7130545],[121.0196888,14.7131066],[121.0195378,14.7131906],[121.0193988,14.7133175],[121.0193081,14.713498],[121.0192815,14.7137014],[121.019254,14.71402],[121.0192451,14.7141361]]}},
{"type":"Feature","properties":{"osm_id":"1059682943","highway":"service","z_order":0},"geometry":{"type":"LineString","coordinates":[[121.0158979,14.7141246],[121.0157797,14.7141149]]}},
{"type":"Feature","properties":{"osm_id":"1059932828","name":"Santa Cruz Street","highway":"residential","z_order":3},"geometry":{"type":"LineString","coordinates":[[121.0228398,14.7118819],[121.0228546,14.7118469],[121.022892,14.7115479],[121.0229516,14.7110719]]}},
{"type":"Feature","properties":{"osm_id":"1078855620","name":"Marcela Street","highway":"residential","z_order":3,"other_tags":"\"lanes\"=>\"2\",\"surface\"=>\"paved\""},"geometry":{"type":"LineString","coordinates":[[121.0301446,14.7250192],[121.0301611,14.7246301],[121.0301705,14.7244095],[121.0301609,14.7243444],[121.0301442,14.7242874],[121.0300286,14.7240834],[121.0300109,14.7240393]]}},
{"type":"Feature","properties":{"osm_id":"1078868045","highway":"residential","z_order":3},"geometry":{"type":"LineString","coordinates":[[121.0208749,14.7179144],[121.0209635,14.7178949]]}},
{"type":"Feature","properties":{"osm_id":"1083054371","highway":"service","z_order":0,"other_tags":"\"access\"=>\"private\",\"service\"=>\"driveway\""},"geometry":{"type":"LineString","coordinates":[[121.0320812,14.7224913],[121.0321284,14.7221646]]}},
{"type":"Feature","properties":{"osm_id":"1083054372","highway":"service","z_order":0,"other_tags":"\"service\"=>\"driveway\""},"geometry":{"type":"LineString","coordinates":[[121.0293273,14.7241801],[121.029432,14.724114]]}},
{"type":"Feature","properties":{"osm_id":"1083054373","highway":"service","z_order":0,"other_tags":"\"service\"=>\"driveway\""},"geometry":{"type":"LineString","coordinates":[[121.0195117,14.7248959],[121.0194489,14.7249068]]}},
{"type":"Feature","properties":{"osm_id":"1083054374","highway":"service","z_order":0,"other_tags":"\"service\"=>\"driveway\""},"geometry":{"type":"LineString","coordinates":[[121.0199711,14.7201973],[121.0199533,14.72016]]}},
{"type":"Feature","properties":{"osm_id":"1083054375","highway":"service","z_order":0,"other_tags":"\"service\"=>\"driveway\""},"geometry":{"type":"LineString","coordinates":[[121.0185913,14.7204829],[121.018602,14.7205414]]}},
{"type":"Feature","properties":{"osm_id":"1083054376","highway":"service","z_order":0,"other_tags":"\"lanes\"=>\"2\",\"surface\"=>\"concrete\""},"geometry":{"type":"LineString","coordinates":[[121.020216,14.7227679],[121.0202173,14.7227931]]}},
{"type":"Feature","properties":{"osm_id":"1083054377","highway":"service","z_order":0,"other_tags":"\"service\"=>\"driveway\""},"geometry":{"type":"LineString","coordinates":[[121.0201127,14.7221228],[121.0201913,14.7221232]]}},
{"type":"Feature","properties":{"osm_id":"1083054378","highway":"service","z_order":0,"other_tags":"\"service\"=>\"driveway\""},"geometry":{"type":"LineString","coordinates":[[121.020348,14.7200651],[121.0203937,14.7199305]]}},
{"type":"Feature","properties":{"osm_id":"1083054379","highway":"service","z_order":0},"geometry":{"type":"LineString","coordinates":[[121.0202073,14.7211121],[121.0201896,14.7211122]]}},
{"type":"Feature","properties":{"osm_id":"1083054380","highway":"service","z_order":0},"geometry":{"type":"LineString","coordinates":[[121.0202001,14.7205885],[121.0202233,14.7205907]]}},
{"type":"Feature","properties":{"osm_id":"1083054381","highway":"service","z_order":0,"other_tags":"\"service\"=>\"driveway\""},"geometry":{"type":"LineString","coordinates":[[121.0210733,14.720017],[121.0209871,14.7198146]]}},
{"type":"Feature","properties":{"osm_id":"1083054382","highway":"service","z_order":0,"other_tags":"\"lane_markings\"=>\"no\",\"lanes\"=>\"2\",\"surface\"=>\"concrete\""},"geometry":{"type":"LineString","coordinates":[[121.0220208,14.7200474],[121.0218674,14.719547]]}},
{"type":"Feature","properties":{"osm_id":"1083054384","highway":"service","z_order":0,"other_tags":"\"service\"=>\"driveway\""},"geometry":{"type":"LineString","coordinates":[[121.0235914,14.7192826],[121.0235898,14.7192089]]}},
{"type":"Feature","properties":{"osm_id":"1083054385","highway":"service","z_order":0,"other_tags":"\"service\"=>\"driveway\""},"geometry":{"type":"LineString","coordinates":[[121.0240404,14.7192347],[121.024044,14.7191357]]}},
{"type":"Feature","properties":{"osm_id":"1083054386","highway":"service","z_order":0,"other_tags":"\"service\"=>\"driveway\""},"geometry":{"type":"LineString","coordinates":[[121.0259202,14.7195772],[121.0259548,14.7194253]]}},
{"type":"Feature","properties":{"osm_id":"1083054387","highway":"service","z_order":0,"other_tags":"\"service\"=>\"driveway\""},"geometry":{"type":"LineString","coordinates":[[121.0260218,14.7194494],[121.0259906,14.7195898]]}},
{"type":"Feature","properties":{"osm_id":"1083054388","highway":"service","z_order":0},"geometry":{"type":"LineString","coordinates":[[121.0262223,14.7195276],[121.0263119,14.7193751]]}},
{"type":"Feature","properties":{"osm_id":"1083054389","highway":"service","z_order":0,"other_tags":"\"service\"=>\"driveway\""},"geometry":{"type":"LineString","coordinates":[[121.0265217,14.7203673],[121.0266596,14.7197654]]}},
{"type":"Feature","properties":{"osm_id":"1083054390","name":"Pascual Road","highway":"residential","z_order":3,"other_tags":"\"lanes\"=>\"2\",\"surface\"=>\"concrete\""},"geometry":{"type":"LineString","coordinates":[[121.0271604,14.7206559],[121.0271884,14.720618],[121.0272192,14.7205765],[121.0272609,14.7205214],[121.0273085,14.7204506],[121.027353,14.7203741],[121.0273695,14.7203453],[121.0274612,14.7201859]]}},
{"type":"Feature","properties":{"osm_id":"1083054391","highway":"service","z_order":0,"other_tags":"\"service\"=>\"driveway\""},"geometry":{"type":"LineString","coordinates":[[121.0281308,14.7206507],[121.0281601,14.7205441]]}},
{"type":"Feature","properties":{"osm_id":"1083054392","highway":"service","z_order":0,"other_tags":"\"service\"=>\"driveway\""},"geometry":{"type":"LineString","coordinates":[[121.0287533,14.7208005],[121.028657,14.7209332]]}},
{"type":"Feature","properties":{"osm_id":"1083054393","highway":"service","z_order":0,"other_tags":"\"access\"=>\"private\",\"service\"=>\"driveway\""},"geometry":{"type":"LineString","coordinates":[[121.0303884,14.7213109],[121.0305572,14.7209909]]}},
{"type":"Feature","properties":{"osm_id":"1083054394","highway":"service","z_order":0,"other_tags":"\"service\"=>\"driveway\""},"geometry":{"type":"LineString","coordinates":[[121.0329411,14.7196457],[121.0329807,14.7196447]]}},
{"type":"Feature","properties":{"osm_id":"1083054395","highway":"service","z_order":0},"geometry":{"type":"LineString","coordinates":[[121.0308998,14.7215251],[121.0309824,14.7213561]]}},
{"type":"Feature","properties":{"osm_id":"1083054396","highway":"service","z_order":0},"geometry":{"type":"LineString","coordinates":[[121.0311633,14.7216815],[121.0311814,14.721586]]}},
{"type":"Feature","properties":{"osm_id":"1083055118","highway":"service","z_order":0,"other_tags":"\"service\"=>\"driveway\""},"geometry":{"type":"LineString","coordinates":[[121.0250334,14.7230469],[121.0250774,14.7230045]]}},
{"type":"Feature","properties":{"osm_id":"1083055119","highway":"service","z_order":0,"other_tags":"\"service\"=>\"driveway\""},"geometry":{"type":"LineString","coordinates":[[121.0252076,14.723112],[121.0251595,14.7231656]]}},
{"type":"Feature","properties":{"osm_id":"1085433863","highway":"service","z_order":0,"other_tags":"\"service\"=>\"driveway\""},"geometry":{"type":"LineString","coordinates":[[121.0175256,14.7247787],[121.0174881,14.7247861]]}},
{"type":"Feature","properties":{"osm_id":"1085433864","highway":"service","z_order":0,"other_tags":"\"service\"=>\"driveway\""},"geometry":{"type":"LineString","coordinates":[[121.0176151,14.7253661],[121.0176527,14.7253586]]}},
{"type":"Feature","properties":{"osm_id":"1085433865","highway":"service","z_order":0,"other_tags":"\"service\"=>\"driveway\""},"geometry":{"type":"LineString","coordinates":[[121.0176771,14.7256372],[121.0175872,14.7256606]]}},
{"type":"Feature","properties":{"osm_id":"1085433866","highway":"service","z_order":0,"other_tags":"\"service\"=>\"driveway\""},"geometry":{"type":"LineString","coordinates":[[121.0176908,14.7256785],[121.0177744,14.7256576]]}},
{"type":"Feature","properties":{"osm_id":"1085440162","highway":"service","z_order":0},"geometry":{"type":"LineString","coordinates":[[121.0225982,14.7194262],[121.0226478,14.7195758]]}},
{"type":"Feature","properties":{"osm_id":"1085440163","highway":"service","z_order":0,"other_tags":"\"service\"=>\"driveway\""},"geometry":{"type":"LineString","coordinates":[[121.0179212,14.7204897],[121.0179327,14.7205968]]}},
{"type":"Feature","properties":{"osm_id":"1086707899","highway":"service","z_order":0,"other_tags":"\"lanes\"=>\"2\",\"surface\"=>\"concrete\""},"geometry":{"type":"LineString","coordinates":[[121.0138877,14.7194714],[121.0138781,14.7195263],[121.0138613,14.7195834]]}},
{"type":"Feature","properties":{"osm_id":"1086707900","highway":"service","z_order":0,"other_tags":"\"access\"=>\"private\",\"service\"=>\"driveway\""},"geometry":{"type":"LineString","coordinates":[[121.014408,14.7199476],[121.0143285,14.7202541]]}},
{"type":"Feature","properties":{"osm_id":"1086707901","highway":"service","z_order":0,"other_tags":"\"service\"=>\"driveway\""},"geometry":{"type":"LineString","coordinates":[[121.0147742,14.719947],[121.0147555,14.7200201]]}},
{"type":"Feature","properties":{"osm_id":"1086707902","highway":"service","z_order":0,"other_tags":"\"access\"=>\"private\",\"service\"=>\"driveway\""},"geometry":{"type":"LineString","coordinates":[[121.0159546,14.7200994],[121.0158188,14.7194765]]}},
{"type":"Feature","properties":{"osm_id":"1087400027","highway":"service","z_order":0,"other_tags":"\"access\"=>\"private\",\"service\"=>\"driveway\""},"geometry":{"type":"LineString","coordinates":[[121.0263026,14.7132685],[121.0259137,14.713358]]}},
{"type":"Feature","properties":{"osm_id":"1087416149","highway":"service","z_order":0,"other_tags":"\"service\"=>\"driveway\""},"geometry":{"type":"LineString","coordinates":[[121.0310123,14.7132687],[121.0309839,14.7133642]]}},
{"type":"Feature","properties":{"osm_id":"1087416150","highway":"service","z_order":0},"geometry":{"type":"LineString","coordinates":[[121.0305685,14.7131301],[121.0303205,14.7138704],[121.0301945,14.7142842]]}},
{"type":"Feature","properties":{"osm_id":"1089985650","name":"Bartolome Drive","highway":"residential","z_order":3,"other_tags":"\"lanes\"=>\"1\",\"mapillary\"=>\"1859375327784274\",\"source:name\"=>\"extrapolation\""},"geometry":{"type":"LineString","coordinates":[[121.0316755,14.7169879],[121.0317482,14.716989],[121.0318666,14.7169647],[121.0319898,14.7169089],[121.032572,14.7166336]]}},
{"type":"Feature","properties":{"osm_id":"1090899832","highway":"service","z_order":0,"other_tags":"\"access\"=>\"private\",\"lanes\"=>\"2\",\"surface\"=>\"concrete\""},"geometry":{"type":"LineString","coordinates":[[121.0213626,14.7244874],[121.022062,14.7243198]]}},
{"type":"Feature","properties":{"osm_id":"1090899833","highway":"service","z_order":0,"other_tags":"\"access\"=>\"private\",\"lanes\"=>\"2\",\"surface\"=>\"concrete\""},"geometry":{"type":"LineString","coordinates":[[121.0202307,14.7247394],[121.0202676,14.7247453],[121.0203005,14.7247413],[121.0213626,14.7244874]]}},
{"type":"Feature","properties":{"osm_id":"1090902784","highway":"service","z_order":0,"other_tags":"\"access\"=>\"private\",\"service\"=>\"driveway\",\"surface\"=>\"unpaved\""},"geometry":{"type":"LineString","coordinates":[[121.016939,14.7284263],[121.0168666,14.7283316],[121.0168451,14.7282525],[121.0168437,14.728172],[121.0168719,14.7280281],[121.0169041,14.7278724],[121.0169201,14.7277667],[121.0169468,14.7276732],[121.0169819,14.7275218],[121.0170215,14.7273334],[121.0170552,14.7271826],[121.0170785,14.7270482],[121.017108,14.7268779],[121.0171436,14.726849],[121.0171953,14.7268549],[121.0174699,14.7269285],[121.0176717,14.7269534],[121.017761,14.7269545],[121.0178479,14.7269561],[121.0179081,14.7269766],[121.017946,14.7270023],[121.0179892,14.7270397],[121.01866,14.7276051]]}},
{"type":"Feature","properties":{"osm_id":"1090940774","highway":"service","z_order":0,"other_tags":"\"access\"=>\"private\",\"service\"=>\"driveway\""},"geometry":{"type":"LineString","coordinates":[[121.0167989,14.7222756],[121.0168456,14.7222834],[121.016882,14.7222962],[121.0169202,14.7223165],[121.0169544,14.7223385],[121.0169841,14.7223478],[121.0170197,14.7223518],[121.0170644,14.7223515]]}},
{"type":"Feature","properties":{"osm_id":"1097207024","name":"Barcelona Bend","highway":"residential","z_order":3,"other_tags":"\"access\"=>\"private\""},"geometry":{"type":"LineString","coordinates":[[121.018945,14.7141095],[121.0190631,14.7141215],[121.0192451,14.7141361]]}},
{"type":"Feature","properties":{"osm_id":"1103370417","highway":"service","z_order":0,"other_tags":"\"access\"=>\"private\",\"service\"=>\"driveway\""},"geometry":{"type":"LineString","coordinates":[[121.0256535,14.7194869],[121.0256058,14.7197381],[121.0256082,14.7197625],[121.0256206,14.7197823],[121.0256392,14.7197914],[121.0257202,14.7198097],[121.0257376,14.7198206],[121.0257454,14.7198332],[121.0257487,14.7198481],[121.0257471,14.7198626],[121.0257365,14.7199193]]}},
{"type":"Feature","properties":{"osm_id":"1103370418","highway":"service","z_order":0,"other_tags":"\"access\"=>\"private\",\"service\"=>\"driveway\""},"geometry":{"type":"LineString","coordinates":[[121.0250188,14.7193609],[121.0249971,14.7195705],[121.0249876,14.7196626]]}},
{"type":"Feature","properties":{"osm_id":"1103403919","highway":"residential","z_order":3},"geometry":{"type":"LineString","coordinates":[[121.0243102,14.7109635],[121.0243878,14.7109659],[121.0244085,14.7109642],[121.0244626,14.7109307]]}},
{"type":"Feature","properties":{"osm_id":"1103403920","highway":"residential","z_order":3},"geometry":{"type":"LineString","coordinates":[[121.0243467,14.7112236],[121.0243044,14.7111761],[121.0243102,14.7109635],[121.0243106,14.7109497],[121.0243046,14.7109368],[121.0242893,14.7109233],[121.0241551,14.7109121]]}},
{"type":"Feature","properties":{"osm_id":"1103403921","name":"Saint Joseph Street","highway":"residential","z_order":3},"geometry":{"type":"LineString","coordinates":[[121.0223722,14.7145314],[121.0224082,14.7146664],[121.0224382,14.7147688],[121.0224875,14.7149461]]}},
{"type":"Feature","properties":{"osm_id":"1103723404","highway":"service","z_order":0,"other_tags":"\"access\"=>\"private\",\"service\"=>\"driveway\""},"geometry":{"type":"LineString","coordinates":[[121.0157171,14.7130225],[121.0156321,14.7130422],[121.0156195,14.7130508],[121.0156139,14.7130654],[121.0156659,14.7132251],[121.0156737,14.713239],[121.0156883,14.7132408],[121.0157725,14.7132248]]}},
{"type":"Feature","properties":{"osm_id":"1104358323","name":"Saint Joseph Street","highway":"residential","z_order":3},"geometry":{"type":"LineString","coordinates":[[121.0246704,14.7144548],[121.0246065,14.7144105],[121.0245587,14.7143788],[121.0244854,14.7143528]]}},
{"type":"Feature","properties":{"osm_id":"1104358324","name":"Pablo dela Cruz Street","highway":"residential","z_order":3,"other_tags":"\"access\"=>\"private\",\"short_name\"=>\"P. de la Cruz\""},"geometry":{"type":"LineString","coordinates":[[121.0245675,14.714609],[121.0245886,14.7145677],[121.0245901,14.7145647]]}},
{"type":"Feature","properties":{"osm_id":"1104359258","highway":"service","z_order":0,"other_tags":"\"service\"=>\"driveway\""},"geometry":{"type":"LineString","coordinates":[[121.0258515,14.7130156],[121.0258876,14.7130639]]}},
{"type":"Feature","properties":{"osm_id":"1104359260","highway":"service","z_order":0,"other_tags":"\"access\"=>\"private\",\"service\"=>\"driveway\""},"geometry":{"type":"LineString","coordinates":[[121.0223383,14.7112891],[121.0223797,14.7110428],[121.0223852,14.7110098]]}},
{"type":"Feature","properties":{"osm_id":"1104359263","name":"Recto Street","highway":"residential","z_order":3,"other_tags":"\"lanes\"=>\"2\",\"source_ref\"=>\"https://osm.org/node/7891831591\",\"surface\"=>\"concrete\""},"geometry":{"type":"LineString","coordinates":[[121.0229176,14.710308],[121.0233637,14.7094686]]}},
{"type":"Feature","properties":{"osm_id":"1104540224","highway":"service","z_order":0,"other_tags":"\"service\"=>\"driveway\""},"geometry":{"type":"LineString","coordinates":[[121.0261613,14.7092916],[121.0262345,14.7092917]]}},
{"type":"Feature","properties":{"osm_id":"1104541839","highway":"residential","z_order":3},"geometry":{"type":"LineString","coordinates":[[121.0190978,14.7120473],[121.0191277,14.7120505],[121.0195055,14.7120797]]}},
{"type":"Feature","properties":{"osm_id":"1104542422","highway":"service","z_order":0,"other_tags":"\"access\"=>\"private\",\"service\"=>\"driveway\""},"geometry":{"type":"LineString","coordinates":[[121.0210079,14.7121888],[121.0211225,14.7121986]]}},
{"type":"Feature","properties":{"osm_id":"1104546731","highway":"service","z_order":0,"other_tags":"\"service\"=>\"driveway\""},"geometry":{"type":"LineString","coordinates":[[121.0216951,14.717244],[121.0217629,14.7172037]]}},
{"type":"Feature","properties":{"osm_id":"1104546753","highway":"service","z_order":0,"other_tags":"\"service\"=>\"driveway\""},"geometry":{"type":"LineString","coordinates":[[121.0195307,14.716202],[121.0195084,14.7161076]]}},
{"type":"Feature","properties":{"osm_id":"1104546754","highway":"service","z_order":0,"other_tags":"\"access\"=>\"private\",\"service\"=>\"driveway\""},"geometry":{"type":"LineString","coordinates":[[121.0195663,14.7173473],[121.019595,14.7169348],[121.0195877,14.7164809],[121.0195689,14.7163434],[121.0195307,14.716202]]}},
{"type":"Feature","properties":{"osm_id":"1104546755","highway":"residential","z_order":3,"other_tags":"\"access\"=>\"private\""},"geometry":{"type":"LineString","coordinates":[[121.0192695,14.7150049],[121.0191464,14.7150587],[121.0190225,14.7151211]]}},
{"type":"Feature","properties":{"osm_id":"1104548941","highway":"service","z_order":0,"other_tags":"\"service\"=>\"driveway\""},"geometry":{"type":"LineString","coordinates":[[121.0174137,14.7203508],[121.017404,14.7204581]]}},
{"type":"Feature","properties":{"osm_id":"1104548942","highway":"service","z_order":0,"other_tags":"\"access\"=>\"private\",\"service\"=>\"driveway\""},"geometry":{"type":"LineString","coordinates":[[121.0174339,14.7198209],[121.0174137,14.7203508]]}},
{"type":"Feature","properties":{"osm_id":"1104548943","highway":"service","z_order":0,"other_tags":"\"access\"=>\"private\",\"service\"=>\"driveway\""},"geometry":{"type":"LineString","coordinates":[[121.017552,14.7203433],[121.0175579,14.720164]]}},
{"type":"Feature","properties":{"osm_id":"1104548944","highway":"service","z_order":0,"other_tags":"\"service\"=>\"driveway\""},"geometry":{"type":"LineString","coordinates":[[121.0175442,14.7204734],[121.017552,14.7203433]]}},
{"type":"Feature","properties":{"osm_id":"1104550661","highway":"service","z_order":0,"other_tags":"\"access\"=>\"private\",\"service\"=>\"driveway\""},"geometry":{"type":"LineString","coordinates":[[121.0214505,14.7212872],[121.0214679,14.7209889],[121.0211407,14.7209228]]}},
{"type":"Feature","properties":{"osm_id":"1104551949","highway":"service","z_order":0,"other_tags":"\"access\"=>\"private\",\"service\"=>\"driveway\""},"geometry":{"type":"LineString","coordinates":[[121.0226253,14.7215065],[121.0224737,14.7211212],[121.0224308,14.7209305],[121.0224174,14.7208391],[121.0229578,14.7206265]]}},
{"type":"Feature","properties":{"osm_id":"1104563378","highway":"service","z_order":0,"other_tags":"\"access\"=>\"private\",\"service\"=>\"driveway\""},"geometry":{"type":"LineString","coordinates":[[121.0290679,14.7205816],[121.028967,14.7208172]]}},
{"type":"Feature","properties":{"osm_id":"1104563379","highway":"service","z_order":0,"other_tags":"\"service\"=>\"driveway\""},"geometry":{"type":"LineString","coordinates":[[121.0283538,14.719245],[121.0287052,14.7192975]]}},
{"type":"Feature","properties":{"osm_id":"1104563482","highway":"service","z_order":0,"other_tags":"\"service\"=>\"driveway\""},"geometry":{"type":"LineString","coordinates":[[121.028273,14.7186588],[121.0282681,14.7187277]]}},
{"type":"Feature","properties":{"osm_id":"1104564885","highway":"footway","z_order":0,"other_tags":"\"footway\"=>\"alley\",\"mapillary\"=>\"5149035945118394\""},"geometry":{"type":"LineString","coordinates":[[121.0241293,14.7209397],[121.0244257,14.7208132]]}},
{"type":"Feature","properties":{"osm_id":"1104578044","highway":"service","z_order":0,"other_tags":"\"access\"=>\"private\""},"geometry":{"type":"LineString","coordinates":[[121.0310501,14.7224079],[121.0310427,14.7225493],[121.0310179,14.7225811],[121.0309917,14.7226012],[121.0309408,14.7225992],[121.0308187,14.7225882],[121.0306786,14.7225616],[121.0306283,14.7225389],[121.0305606,14.7224812],[121.0305029,14.7224118],[121.0304104,14.7223015],[121.0303635,14.7222406],[121.030346,14.7221874],[121.0303487,14.7220045],[121.0303581,14.7219007],[121.0303849,14.721832],[121.0304225,14.7217892],[121.0305029,14.7217581],[121.0305968,14.7217457],[121.0311345,14.7217243]]}},
{"type":"Feature","properties":{"osm_id":"1104578056","name":"Aquamarine Street","highway":"residential","z_order":3,"other_tags":"\"access\"=>\"destination\",\"lanes\"=>\"2\",\"surface\"=>\"paved\""},"geometry":{"type":"LineString","coordinates":[[121.0271031,14.7241782],[121.027127,14.7241828],[121.027156,14.724181],[121.0277679,14.7240061]]}},
{"type":"Feature","properties":{"osm_id":"1104578057","name":"Emerald Street","highway":"residential","z_order":3,"other_tags":"\"access\"=>\"destination\",\"lanes\"=>\"2\",\"surface\"=>\"paved\""},"geometry":{"type":"LineString","coordinates":[[121.0268149,14.7237644],[121.0276312,14.7235474]]}},
{"type":"Feature","properties":{"osm_id":"1104578058","name":"Israel Street","highway":"residential","z_order":3,"other_tags":"\"access\"=>\"destination\",\"lanes\"=>\"2\",\"surface\"=>\"paved\""},"geometry":{"type":"LineString","coordinates":[[121.028818,14.7220947],[121.0293896,14.7220841]]}},
{"type":"Feature","properties":{"osm_id":"1104579715","name":"Villa Nova Avenue","highway":"residential","z_order":3,"other_tags":"\"access\"=>\"destination\",\"lanes\"=>\"2\",\"surface\"=>\"paved\""},"geometry":{"type":"LineString","coordinates":[[121.0287234,14.7230443],[121.0291969,14.7230382]]}},
{"type":"Feature","properties":{"osm_id":"1104587665","highway":"service","z_order":0,"other_tags":"\"access\"=>\"private\",\"service\"=>\"driveway\""},"geometry":{"type":"LineString","coordinates":[[121.0299276,14.7263776],[121.0301208,14.7263789]]}},
{"type":"Feature","properties":{"osm_id":"1104587666","highway":"service","z_order":0,"other_tags":"\"access\"=>\"private\",\"service\"=>\"driveway\""},"geometry":{"type":"LineString","coordinates":[[121.030113,14.7274814],[121.0301267,14.7274308],[121.0301348,14.7273958],[121.0301368,14.7273614],[121.0301208,14.7263789],[121.0301194,14.72629],[121.0302401,14.72629]]}},
{"type":"Feature","properties":{"osm_id":"1104591131","highway":"service","z_order":0,"other_tags":"\"service\"=>\"driveway\""},"geometry":{"type":"LineString","coordinates":[[121.0260316,14.7254808],[121.0260498,14.7254619],[121.0259608,14.7253781]]}},
{"type":"Feature","properties":{"osm_id":"1104591132","highway":"service","z_order":0,"other_tags":"\"covered\"=>\"yes\",\"service\"=>\"driveway\""},"geometry":{"type":"LineString","coordinates":[[121.0259555,14.7255601],[121.0260316,14.7254808]]}},
{"type":"Feature","properties":{"osm_id":"1104591133","highway":"service","z_order":0,"other_tags":"\"service\"=>\"driveway\""},"geometry":{"type":"LineString","coordinates":[[121.0258489,14.7255057],[121.0259378,14.7255786],[121.0259555,14.7255601]]}},
{"type":"Feature","properties":{"osm_id":"1104591134","highway":"service","z_order":0,"other_tags":"\"service\"=>\"driveway\""},"geometry":{"type":"LineString","coordinates":[[121.0260605,14.7248211],[121.0263162,14.7249944]]}},
{"type":"Feature","properties":{"osm_id":"1104591136","highway":"service","z_order":0,"other_tags":"\"service\"=>\"driveway\""},"geometry":{"type":"LineString","coordinates":[[121.0260397,14.7251571],[121.0261209,14.7252044]]}},
{"type":"Feature","properties":{"osm_id":"1104591137","highway":"service","z_order":0,"other_tags":"\"access\"=>\"private\",\"service\"=>\"driveway\""},"geometry":{"type":"LineString","coordinates":[[121.0259143,14.7250877],[121.0260397,14.7251571]]}},
{"type":"Feature","properties":{"osm_id":"1104591138","highway":"footway","z_order":0},"geometry":{"type":"LineString","coordinates":[[121.0260531,14.7257326],[121.0258266,14.7255311]]}},
{"type":"Feature","properties":{"osm_id":"1104830408","highway":"service","z_order":0,"other_tags":"\"service\"=>\"driveway\""},"geometry":{"type":"LineString","coordinates":[[121.0316598,14.7172835],[121.0317483,14.7172675]]}},
{"type":"Feature","properties":{"osm_id":"1104830409","highway":"service","z_order":0,"other_tags":"\"access\"=>\"private\",\"service\"=>\"driveway\""},"geometry":{"type":"LineString","coordinates":[[121.0305771,14.7192479],[121.0305482,14.7192034]]}},
{"type":"Feature","properties":{"osm_id":"1104833204","highway":"service","z_order":0,"other_tags":"\"access\"=>\"private\",\"service\"=>\"driveway\""},"geometry":{"type":"LineString","coordinates":[[121.0323996,14.7183046],[121.032594,14.718256]]}},
{"type":"Feature","properties":{"osm_id":"1104833214","highway":"service","z_order":0,"other_tags":"\"access\"=>\"private\",\"service\"=>\"driveway\""},"geometry":{"type":"LineString","coordinates":[[121.0323942,14.7178726],[121.032434,14.7178667]]}},
{"type":"Feature","properties":{"osm_id":"1104833215","highway":"service","z_order":0,"other_tags":"\"access\"=>\"private\",\"service\"=>\"driveway\""},"geometry":{"type":"LineString","coordinates":[[121.0323007,14.7178863],[121.0323942,14.7178726]]}},
{"type":"Feature","properties":{"osm_id":"1104833217","highway":"service","z_order":0,"other_tags":"\"access\"=>\"private\",\"service\"=>\"driveway\""},"geometry":{"type":"LineString","coordinates":[[121.0313297,14.7187125],[121.0312172,14.7183361]]}},
{"type":"Feature","properties":{"osm_id":"1104833333","highway":"service","z_order":0,"other_tags":"\"access\"=>\"private\",\"service\"=>\"driveway\""},"geometry":{"type":"LineString","coordinates":[[121.0305482,14.7192034],[121.0303017,14.7188687],[121.0300417,14.718529],[121.0300332,14.7185017],[121.0300322,14.7184713]]}},
{"type":"Feature","properties":{"osm_id":"1104833334","highway":"service","z_order":0,"other_tags":"\"access\"=>\"private\",\"service\"=>\"driveway\""},"geometry":{"type":"LineString","coordinates":[[121.0312356,14.7181673],[121.0316133,14.7180426]]}},
{"type":"Feature","properties":{"osm_id":"1104833335","highway":"service","z_order":0,"other_tags":"\"access\"=>\"private\",\"service\"=>\"driveway\""},"geometry":{"type":"LineString","coordinates":[[121.0312794,14.7183034],[121.0312356,14.7181673],[121.0311082,14.717774]]}},
{"type":"Feature","properties":{"osm_id":"1104833889","name":"Pasacola B","highway":"residential","z_order":3,"other_tags":"\"alt_name\"=>\"Area B\",\"sidewalk\"=>\"no\",\"surface\"=>\"concrete\""},"geometry":{"type":"LineString","coordinates":[[121.0335453,14.7185106],[121.0334305,14.7179758],[121.0333251,14.7174896],[121.033318,14.7174623],[121.0333031,14.71744]]}},
{"type":"Feature","properties":{"osm_id":"1104835078","highway":"service","z_order":0,"other_tags":"\"service\"=>\"driveway\""},"geometry":{"type":"LineString","coordinates":[[121.0328854,14.7193637],[121.0329782,14.7194063]]}},
{"type":"Feature","properties":{"osm_id":"1104835079","highway":"service","z_order":0,"other_tags":"\"access\"=>\"private\",\"service\"=>\"driveway\""},"geometry":{"type":"LineString","coordinates":[[121.03264,14.7192061],[121.0328854,14.7193637]]}},
{"type":"Feature","properties":{"osm_id":"1104840799","highway":"footway","z_order":0},"geometry":{"type":"LineString","coordinates":[[121.0339234,14.7183565],[121.0339023,14.7183613],[121.0338828,14.7183675],[121.033859,14.7183772]]}},
{"type":"Feature","properties":{"osm_id":"1104841639","highway":"service","z_order":0,"other_tags":"\"service\"=>\"driveway\""},"geometry":{"type":"LineString","coordinates":[[121.031721,14.7167749],[121.0317896,14.7167742],[121.0318974,14.7167371]]}},
{"type":"Feature","properties":{"osm_id":"1104844668","name":"Abbey Road","highway":"residential","z_order":3,"other_tags":"\"source:name\"=>\"extrapolation\",\"source_ref\"=>\"https://osm.org/node/7915405685\""},"geometry":{"type":"LineString","coordinates":[[121.0313068,14.7141259],[121.0309543,14.7140148],[121.0309337,14.7140173]]}},
{"type":"Feature","properties":{"osm_id":"1104844691","highway":"service","z_order":0,"other_tags":"\"access\"=>\"private\",\"lane_markings\"=>\"no\",\"lanes\"=>\"2\",\"surface\"=>\"concrete\""},"geometry":{"type":"LineString","coordinates":[[121.0310572,14.7157168],[121.0312669,14.7157462]]}},
{"type":"Feature","properties":{"osm_id":"1104845916","highway":"service","z_order":0,"other_tags":"\"access\"=>\"private\",\"service\"=>\"driveway\""},"geometry":{"type":"LineString","coordinates":[[121.0304191,14.7130335],[121.0305928,14.7125616]]}},
{"type":"Feature","properties":{"osm_id":"1104845917","highway":"service","z_order":0,"other_tags":"\"service\"=>\"driveway\""},"geometry":{"type":"LineString","coordinates":[[121.0304027,14.7130784],[121.0304191,14.7130335]]}},
{"type":"Feature","properties":{"osm_id":"1104845918","highway":"service","z_order":0,"other_tags":"\"access\"=>\"private\",\"service\"=>\"driveway\""},"geometry":{"type":"LineString","coordinates":[[121.0306109,14.7130902],[121.0307497,14.7126706]]}},
{"type":"Feature","properties":{"osm_id":"1104845919","highway":"service","z_order":0,"other_tags":"\"service\"=>\"driveway\""},"geometry":{"type":"LineString","coordinates":[[121.0305953,14.7131385],[121.0306109,14.7130902]]}},
{"type":"Feature","properties":{"osm_id":"1104849231","highway":"service","z_order":0,"other_tags":"\"service\"=>\"driveway\""},"geometry":{"type":"LineString","coordinates":[[121.0254913,14.7134873],[121.025542,14.7136006]]}},
{"type":"Feature","properties":{"osm_id":"1104849232","highway":"service","z_order":0,"other_tags":"\"service\"=>\"driveway\""},"geometry":{"type":"LineString","coordinates":[[121.0298073,14.7128251],[121.0297699,14.7128882]]}},
{"type":"Feature","properties":{"osm_id":"1104849233","highway":"service","z_order":0},"geometry":{"type":"LineString","coordinates":[[121.0261974,14.7127583],[121.0262621,14.7128728]]}},
{"type":"Feature","properties":{"osm_id":"1104849234","highway":"service","z_order":0},"geometry":{"type":"LineString","coordinates":[[121.0264786,14.7125933],[121.0264535,14.7125003]]}},
{"type":"Feature","properties":{"osm_id":"1104864387","name":"Kamagong Street","highway":"footway","z_order":0,"other_tags":"\"footway\"=>\"alley\""},"geometry":{"type":"LineString","coordinates":[[121.028517,14.7167688],[121.0287067,14.7167553],[121.0288739,14.7167534]]}},
{"type":"Feature","properties":{"osm_id":"1104864389","name":"Waling-waling Street","highway":"footway","z_order":0,"other_tags":"\"footway\"=>\"alley\""},"geometry":{"type":"LineString","coordinates":[[121.0280369,14.7173502],[121.028561,14.7172306]]}},
{"type":"Feature","properties":{"osm_id":"1104864390","highway":"service","z_order":0,"other_tags":"\"access\"=>\"private\",\"service\"=>\"driveway\""},"geometry":{"type":"LineString","coordinates":[[121.0278213,14.7180832],[121.0278312,14.7180195],[121.0278457,14.7179992],[121.0278785,14.7179808],[121.0280168,14.7178939]]}},
{"type":"Feature","properties":{"osm_id":"1104864394","name":"Banahaw Street","highway":"residential","z_order":3,"other_tags":"\"lanes\"=>\"2\",\"lit\"=>\"yes\",\"name:etymology\"=>\"Mount Banahaw\",\"name:etymology:wikidata\"=>\"Q806074\",\"sidewalk\"=>\"both\",\"surface\"=>\"concrete\""},"geometry":{"type":"LineString","coordinates":[[121.0286402,14.7180627],[121.0287057,14.7187556]]}},
{"type":"Feature","properties":{"osm_id":"1104865178","name":"Yakal Extension","highway":"footway","man_made":"dyke","z_order":0},"geometry":{"type":"LineString","coordinates":[[121.0286176,14.7158257],[121.0287842,14.7157752],[121.0289881,14.715689],[121.0290998,14.7156136],[121.0292275,14.7154614]]}},
{"type":"Feature","properties":{"osm_id":"1104865179","name":"Dama de Noche","highway":"path","z_order":0,"other_tags":"\"motorcycle\"=>\"private\""},"geometry":{"type":"LineString","coordinates":[[121.0280473,14.7160588],[121.0280862,14.7160911],[121.0282186,14.7160606],[121.0284444,14.7160058]]}},
{"type":"Feature","properties":{"osm_id":"1104865564","name":"Yakal Extension","highway":"footway","z_order":0,"other_tags":"\"footway\"=>\"alley\""},"geometry":{"type":"LineString","coordinates":[[121.0286176,14.7158257],[121.0286457,14.7159819]]}},
{"type":"Feature","properties":{"osm_id":"1104867071","name":"Talisay Street","highway":"path","z_order":0,"other_tags":"\"abutters\"=>\"residential\",\"footway\"=>\"alley\",\"living_street\"=>\"yes\",\"motorcycle\"=>\"destination\",\"path\"=>\"alley\""},"geometry":{"type":"LineString","coordinates":[[121.0297912,14.7159087],[121.0297895,14.7160859],[121.0298129,14.716118],[121.0298243,14.716307],[121.0298364,14.7165015]]}},
{"type":"Feature","properties":{"osm_id":"1104867075","name":"Tanguile Street","highway":"footway","z_order":0,"other_tags":"\"footway\"=>\"alley\""},"geometry":{"type":"LineString","coordinates":[[121.0296594,14.7154373],[121.0296885,14.7154853],[121.0298082,14.7156647],[121.0298488,14.7157506],[121.0299101,14.715844],[121.0298414,14.7159387]]}},
{"type":"Feature","properties":{"osm_id":"1104867076","name":"Tanguile Extension","highway":"footway","z_order":0,"other_tags":"\"footway\"=>\"alley\""},"geometry":{"type":"LineString","coordinates":[[121.0293522,14.7154114],[121.0295655,14.7151497],[121.0294423,14.7150488]]}},
{"type":"Feature","properties":{"osm_id":"1104867077","name":"Tanguile Extension","highway":"footway","z_order":0,"other_tags":"\"footway\"=>\"alley\""},"geometry":{"type":"LineString","coordinates":[[121.0292394,14.7154872],[121.029326,14.715429],[121.0293522,14.7154114]]}},
{"type":"Feature","properties":{"osm_id":"1104867078","name":"Tanguile Extension","highway":"footway","z_order":0,"other_tags":"\"footway\"=>\"alley\""},"geometry":{"type":"LineString","coordinates":[[121.0293522,14.7154114],[121.0296594,14.7154373]]}},
{"type":"Feature","properties":{"osm_id":"1104867079","highway":"footway","man_made":"dyke","z_order":0},"geometry":{"type":"LineString","coordinates":[[121.0280473,14.7160588],[121.0284436,14.7158783],[121.0286176,14.7158257]]}},
{"type":"Feature","properties":{"osm_id":"1104867080","highway":"footway","man_made":"dyke","z_order":0},"geometry":{"type":"LineString","coordinates":[[121.0292275,14.7154614],[121.0293066,14.7152771],[121.0294423,14.7150488],[121.0295098,14.7149295]]}},
{"type":"Feature","properties":{"osm_id":"1104867081","name":"Lawan Extension","highway":"footway","z_order":0,"other_tags":"\"footway\"=>\"alley\""},"geometry":{"type":"LineString","coordinates":[[121.0296885,14.7154853],[121.0296107,14.7155476],[121.0296192,14.7158207]]}},
{"type":"Feature","properties":{"osm_id":"1104867082","name":"Mangga Street","highway":"service","z_order":0,"other_tags":"\"service\"=>\"alley\""},"geometry":{"type":"LineString","coordinates":[[121.0294644,14.7158445],[121.0294904,14.7158297],[121.0296192,14.7158207]]}},
{"type":"Feature","properties":{"osm_id":"1104867083","name":"Acacia Extension","highway":"footway","z_order":0,"other_tags":"\"footway\"=>\"alley\""},"geometry":{"type":"LineString","coordinates":[[121.0294904,14.7158297],[121.0294409,14.7155609],[121.0293559,14.7155636],[121.029326,14.715429]]}},
{"type":"Feature","properties":{"osm_id":"1104867084","name":"Molave Extension","highway":"footway","z_order":0,"other_tags":"\"footway\"=>\"alley\""},"geometry":{"type":"LineString","coordinates":[[121.0293145,14.7158703],[121.029312,14.7157604],[121.0292812,14.7155781],[121.0292394,14.7154872],[121.0292275,14.7154614]]}},
{"type":"Feature","properties":{"osm_id":"1104869280","highway":"service","z_order":0,"other_tags":"\"access\"=>\"private\",\"service\"=>\"driveway\""},"geometry":{"type":"LineString","coordinates":[[121.0311919,14.7132776],[121.0313334,14.7128499]]}},
{"type":"Feature","properties":{"osm_id":"1104869281","highway":"service","z_order":0,"other_tags":"\"access\"=>\"private\",\"service\"=>\"driveway\""},"geometry":{"type":"LineString","coordinates":[[121.0313334,14.7128499],[121.0311151,14.7127769]]}},
{"type":"Feature","properties":{"osm_id":"1104869282","highway":"service","z_order":0,"other_tags":"\"service\"=>\"driveway\""},"geometry":{"type":"LineString","coordinates":[[121.0311773,14.7133202],[121.0311919,14.7132776]]}},
{"type":"Feature","properties":{"osm_id":"1104871451","name":"Saint Edward Street","highway":"residential","z_order":3,"other_tags":"\"access\"=>\"private\""},"geometry":{"type":"LineString","coordinates":[[121.0332079,14.7114825],[121.0330871,14.7114408],[121.0321813,14.7112003],[121.0321687,14.7111825],[121.0321611,14.7110215]]}},
{"type":"Feature","properties":{"osm_id":"1105396819","name":"Rosal Street","highway":"residential","z_order":3},"geometry":{"type":"LineString","coordinates":[[121.0332817,14.7246674],[121.0333166,14.7246596],[121.0333432,14.7246281],[121.0333851,14.7243813]]}},
{"type":"Feature","properties":{"osm_id":"1105396826","highway":"footway","z_order":0},"geometry":{"type":"LineString","coordinates":[[121.0337152,14.7241476],[121.033613,14.7241275],[121.0334433,14.7240756],[121.0334104,14.7240753],[121.0333414,14.7240558]]}},
{"type":"Feature","properties":{"osm_id":"1105403229","name":"Pulong Gubat","highway":"residential","z_order":3},"geometry":{"type":"LineString","coordinates":[[121.0331599,14.7237157],[121.0329903,14.7235414]]}},
{"type":"Feature","properties":{"osm_id":"1105403230","highway":"service","z_order":0,"other_tags":"\"service\"=>\"driveway\""},"geometry":{"type":"LineString","coordinates":[[121.0330557,14.7238457],[121.0331599,14.7237157]]}},
{"type":"Feature","properties":{"osm_id":"1105403231","name":"Pulong Gubat","highway":"footway","z_order":0},"geometry":{"type":"LineString","coordinates":[[121.0337152,14.7241476],[121.033688,14.723978],[121.033686,14.7238619],[121.03356,14.723801],[121.033504,14.7237776],[121.033445,14.7237809],[121.0333072,14.7237348],[121.0331599,14.7237157]]}},
{"type":"Feature","properties":{"osm_id":"1115626056","name":"Calugas Street","highway":"residential","z_order":3,"other_tags":"\"lit\"=>\"yes\",\"mapillary\"=>\"209402611088089\",\"sidewalk\"=>\"both\",\"source:name\"=>\"extrapolation\",\"surface\"=>\"concrete\""},"geometry":{"type":"LineString","coordinates":[[121.0274155,14.7111244],[121.0275495,14.7109081]]}},
{"type":"Feature","properties":{"osm_id":"1115626155","highway":"residential","z_order":3},"geometry":{"type":"LineString","coordinates":[[121.0296634,14.7109622],[121.0297727,14.7109655],[121.0300865,14.7110757],[121.0304882,14.711162]]}},
{"type":"Feature","properties":{"osm_id":"1115634515","highway":"service","z_order":0,"other_tags":"\"service\"=>\"driveway\""},"geometry":{"type":"LineString","coordinates":[[121.0245853,14.7260857],[121.0244609,14.7262356],[121.0246829,14.7264565]]}},
{"type":"Feature","properties":{"osm_id":"1115639812","highway":"service","z_order":0,"other_tags":"\"lanes\"=>\"1\",\"service\"=>\"alley\",\"surface\"=>\"paved\""},"geometry":{"type":"LineString","coordinates":[[121.0326815,14.7248844],[121.0326974,14.7249093],[121.0328584,14.7251624],[121.0328786,14.7251942]]}},
{"type":"Feature","properties":{"osm_id":"1116399728","highway":"service","z_order":0,"other_tags":"\"access\"=>\"private\""},"geometry":{"type":"LineString","coordinates":[[121.0155308,14.7115226],[121.0168562,14.7109395]]}},
{"type":"Feature","properties":{"osm_id":"1116403395","highway":"footway","z_order":0},"geometry":{"type":"LineString","coordinates":[[121.0162143,14.7138126],[121.0162042,14.7135043]]}},
{"type":"Feature","properties":{"osm_id":"1117737522","name":"Betlehem Street","highway":"residential","z_order":3},"geometry":{"type":"LineString","coordinates":[[121.0234501,14.7255839],[121.0232867,14.7254213],[121.0225971,14.7247388],[121.0224022,14.7245041]]}},
{"type":"Feature","properties":{"osm_id":"1154227811","highway":"residential","z_order":3},"geometry":{"type":"LineString","coordinates":[[121.0203347,14.7165267],[121.0202292,14.7162988],[121.0201845,14.7161051]]}},
{"type":"Feature","properties":{"osm_id":"1154482527","name":"Santiago Street","highway":"residential","z_order":3,"other_tags":"\"access\"=>\"private\",\"oneway\"=>\"yes\""},"geometry":{"type":"LineString","coordinates":[[121.0212249,14.7161748],[121.0212847,14.7158757]]}},
{"type":"Feature","properties":{"osm_id":"1154483272","name":"Sierra Vista Street","highway":"residential","z_order":3,"other_tags":"\"access\"=>\"private\""},"geometry":{"type":"LineString","coordinates":[[121.0211136,14.7140285],[121.02085,14.7140066]]}},
{"type":"Feature","properties":{"osm_id":"1172642035","highway":"residential","z_order":3,"other_tags":"\"access\"=>\"private\",\"lanes\"=>\"1\""},"geometry":{"type":"LineString","coordinates":[[121.0249811,14.7098771],[121.0249584,14.7096476]]}},
{"type":"Feature","properties":{"osm_id":"1172642036","highway":"residential","z_order":3,"other_tags":"\"lanes\"=>\"1\",\"surface\"=>\"concrete\""},"geometry":{"type":"LineString","coordinates":[[121.024987,14.7100198],[121.0249811,14.7098771]]}},
{"type":"Feature","properties":{"osm_id":"1172642037","highway":"residential","z_order":3,"other_tags":"\"access\"=>\"private\",\"lanes\"=>\"1\""},"geometry":{"type":"LineString","coordinates":[[121.0250744,14.7098674],[121.0250471,14.7096506]]}},
{"type":"Feature","properties":{"osm_id":"1181003094","highway":"service","z_order":0,"other_tags":"\"service\"=>\"driveway\""},"geometry":{"type":"LineString","coordinates":[[121.0298447,14.7212003],[121.0298823,14.7211241]]}},
{"type":"Feature","properties":{"osm_id":"1181003095","highway":"service","z_order":0,"other_tags":"\"access\"=>\"private\",\"service\"=>\"driveway\""},"geometry":{"type":"LineString","coordinates":[[121.0298823,14.7211241],[121.029957,14.7209727],[121.0299735,14.7209478],[121.0299896,14.7209312],[121.0300114,14.7209192],[121.0300389,14.7209192],[121.0301704,14.7209785]]}},
{"type":"Feature","properties":{"osm_id":"1181003096","highway":"service","z_order":0,"other_tags":"\"service\"=>\"driveway\""},"geometry":{"type":"LineString","coordinates":[[121.028967,14.7208172],[121.0289396,14.7208812]]}},
{"type":"Feature","properties":{"osm_id":"1192775712","highway":"service","z_order":0,"other_tags":"\"service\"=>\"driveway\""},"geometry":{"type":"LineString","coordinates":[[121.0307162,14.7262482],[121.0307604,14.7262219],[121.0309411,14.7261175]]}},
{"type":"Feature","properties":{"osm_id":"1209714273","highway":"service","z_order":0,"other_tags":"\"service\"=>\"driveway\""},"geometry":{"type":"LineString","coordinates":[[121.0270095,14.7119783],[121.026986,14.7119438]]}},
{"type":"Feature","properties":{"osm_id":"1232376666","name":"Morning Sun Street","highway":"residential","z_order":3},"geometry":{"type":"LineString","coordinates":[[121.0319146,14.7132849],[121.0318597,14.7134706],[121.0318426,14.7135279]]}},
{"type":"Feature","properties":{"osm_id":"1238466213","highway":"service","z_order":0,"other_tags":"\"access\"=>\"private\",\"service\"=>\"driveway\""},"geometry":{"type":"LineString","coordinates":[[121.017735,14.724733],[121.0175256,14.7247787]]}},
{"type":"Feature","properties":{"osm_id":"1238466214","highway":"service","z_order":0,"other_tags":"\"access\"=>\"private\",\"service\"=>\"driveway\""},"geometry":{"type":"LineString","coordinates":[[121.0176527,14.7253586],[121.0178908,14.7253114]]}},
{"type":"Feature","properties":{"osm_id":"1238466215","highway":"service","z_order":0,"other_tags":"\"access\"=>\"private\",\"service\"=>\"driveway\""},"geometry":{"type":"LineString","coordinates":[[121.0174749,14.7256899],[121.017518,14.7258814]]}},
{"type":"Feature","properties":{"osm_id":"1238467644","highway":"service","z_order":0,"other_tags":"\"access\"=>\"private\""},"geometry":{"type":"LineString","coordinates":[[121.0211657,14.7242837],[121.0219842,14.7240954]]}},
{"type":"Feature","properties":{"osm_id":"1238467645","highway":"service","z_order":0,"other_tags":"\"access\"=>\"private\""},"geometry":{"type":"LineString","coordinates":[[121.0209144,14.7240498],[121.0216476,14.7238879]]}},
{"type":"Feature","properties":{"osm_id":"1238467647","highway":"service","z_order":0,"other_tags":"\"access\"=>\"private\",\"lanes\"=>\"2\",\"surface\"=>\"concrete\""},"geometry":{"type":"LineString","coordinates":[[121.0200558,14.723802],[121.0205386,14.7237815],[121.0205868,14.7237874],[121.0206331,14.7238029],[121.0206781,14.7238298]]}},
{"type":"Feature","properties":{"osm_id":"1238467648","highway":"service","z_order":0,"other_tags":"\"access\"=>\"private\",\"lanes\"=>\"2\",\"surface\"=>\"concrete\""},"geometry":{"type":"LineString","coordinates":[[121.0202173,14.7227931],[121.020216,14.7228291],[121.0202086,14.7228671],[121.0201764,14.7229066],[121.020127,14.7229365],[121.0199939,14.7229608],[121.0198022,14.7229356]]}},
{"type":"Feature","properties":{"osm_id":"1238502022","name":"Tamara Lane","highway":"residential","z_order":3,"other_tags":"\"access\"=>\"private\",\"lane_markings\"=>\"no\",\"lanes\"=>\"2\",\"oneway\"=>\"no\",\"surface\"=>\"concrete\""},"geometry":{"type":"LineString","coordinates":[[121.0131073,14.719899],[121.0132599,14.720188]]}},
{"type":"Feature","properties":{"osm_id":"1238507912","highway":"service","z_order":0,"other_tags":"\"access\"=>\"private\",\"service\"=>\"driveway\""},"geometry":{"type":"LineString","coordinates":[[121.0125454,14.7155818],[121.0125482,14.7158161]]}},
{"type":"Feature","properties":{"osm_id":"1238507913","highway":"service","z_order":0,"other_tags":"\"access\"=>\"private\",\"service\"=>\"driveway\""},"geometry":{"type":"LineString","coordinates":[[121.0130484,14.7190217],[121.0130701,14.7188567],[121.0136892,14.7189383],[121.0137565,14.7189384]]}},
{"type":"Feature","properties":{"osm_id":"1238507914","highway":"service","z_order":0,"other_tags":"\"access\"=>\"private\",\"service\"=>\"driveway\""},"geometry":{"type":"LineString","coordinates":[[121.0136737,14.7186708],[121.0130241,14.7185717]]}},
{"type":"Feature","properties":{"osm_id":"1238507915","highway":"service","z_order":0,"other_tags":"\"access\"=>\"private\",\"service\"=>\"driveway\""},"geometry":{"type":"LineString","coordinates":[[121.0127407,14.7183173],[121.0135557,14.7182669]]}},
{"type":"Feature","properties":{"osm_id":"1238507916","highway":"service","z_order":0,"other_tags":"\"access\"=>\"private\",\"service\"=>\"driveway\""},"geometry":{"type":"LineString","coordinates":[[121.0128644,14.7158065],[121.0130174,14.7162886]]}},
{"type":"Feature","properties":{"osm_id":"1238507917","highway":"service","z_order":0,"other_tags":"\"access\"=>\"private\""},"geometry":{"type":"LineString","coordinates":[[121.0116194,14.7158493],[121.0125482,14.7158161],[121.0128644,14.7158065],[121.0132959,14.7157935]]}},
{"type":"Feature","properties":{"osm_id":"1238509237","highway":"service","z_order":0,"other_tags":"\"access\"=>\"private\""},"geometry":{"type":"LineString","coordinates":[[121.0161252,14.7203855],[121.016322,14.7209565]]}},
{"type":"Feature","properties":{"osm_id":"1238509238","highway":"service","z_order":0,"other_tags":"\"access\"=>\"private\",\"service\"=>\"driveway\""},"geometry":{"type":"LineString","coordinates":[[121.0154238,14.721346],[121.01516,14.7214935]]}},
{"type":"Feature","properties":{"osm_id":"1238509239","highway":"service","z_order":0,"other_tags":"\"access\"=>\"private\",\"service\"=>\"driveway\""},"geometry":{"type":"LineString","coordinates":[[121.0159815,14.7222561],[121.0154804,14.7225464]]}},
{"type":"Feature","properties":{"osm_id":"1238509240","highway":"service","z_order":0},"geometry":{"type":"LineString","coordinates":[[121.0160768,14.7202111],[121.0161252,14.7203855]]}},
{"type":"Feature","properties":{"osm_id":"1238511124","highway":"service","z_order":0,"other_tags":"\"access\"=>\"private\",\"service\"=>\"driveway\""},"geometry":{"type":"LineString","coordinates":[[121.0182909,14.7216987],[121.0186503,14.7217004]]}},
{"type":"Feature","properties":{"osm_id":"1238511684","highway":"service","z_order":0,"other_tags":"\"service\"=>\"driveway\""},"geometry":{"type":"LineString","coordinates":[[121.0170644,14.7223515],[121.0171599,14.7223499]]}},
{"type":"Feature","properties":{"osm_id":"1238512879","highway":"service","z_order":0,"other_tags":"\"service\"=>\"driveway\""},"geometry":{"type":"LineString","coordinates":[[121.0153504,14.718366],[121.0154193,14.7183781]]}},
{"type":"Feature","properties":{"osm_id":"1238793768","highway":"service","z_order":0,"other_tags":"\"service\"=>\"driveway\""},"geometry":{"type":"LineString","coordinates":[[121.0138707,14.7138928],[121.013892,14.7138534]]}},
{"type":"Feature","properties":{"osm_id":"1239775066","highway":"service","z_order":0,"other_tags":"\"service\"=>\"driveway\""},"geometry":{"type":"LineString","coordinates":[[121.0154966,14.716844],[121.0155462,14.7168409]]}},
{"type":"Feature","properties":{"osm_id":"1239775067","highway":"service","z_order":0,"other_tags":"\"service\"=>\"driveway\""},"geometry":{"type":"LineString","coordinates":[[121.0154966,14.716844],[121.0154279,14.7168421]]}},
{"type":"Feature","properties":{"osm_id":"1240695582","highway":"service","z_order":0,"other_tags":"\"service\"=>\"driveway\""},"geometry":{"type":"LineString","coordinates":[[121.0152255,14.7151269],[121.0151538,14.7151216]]}},
{"type":"Feature","properties":{"osm_id":"1240695583","highway":"service","z_order":0,"other_tags":"\"access\"=>\"private\",\"service\"=>\"driveway\""},"geometry":{"type":"LineString","coordinates":[[121.0149635,14.7150965],[121.0149843,14.7149451]]}},
{"type":"Feature","properties":{"osm_id":"1240696454","highway":"service","z_order":0,"other_tags":"\"access\"=>\"private\",\"service\"=>\"driveway\""},"geometry":{"type":"LineString","coordinates":[[121.0154396,14.7138451],[121.0151935,14.7138445]]}},
{"type":"Feature","properties":{"osm_id":"1240696455","highway":"service","z_order":0,"other_tags":"\"access\"=>\"private\",\"service\"=>\"driveway\""},"geometry":{"type":"LineString","coordinates":[[121.0155777,14.7139403],[121.0154413,14.7139268]]}},
{"type":"Feature","properties":{"osm_id":"1240696456","highway":"service","z_order":0,"other_tags":"\"access\"=>\"private\",\"service\"=>\"driveway\""},"geometry":{"type":"LineString","coordinates":[[121.015441,14.7139897],[121.0154413,14.7139268],[121.0154396,14.7138451],[121.0154376,14.7136045]]}},
{"type":"Feature","properties":{"osm_id":"1240702052","highway":"service","z_order":0,"other_tags":"\"service\"=>\"driveway\""},"geometry":{"type":"LineString","coordinates":[[121.025025,14.719274],[121.0250188,14.7193609]]}},
{"type":"Feature","properties":{"osm_id":"1240702053","highway":"service","z_order":0,"other_tags":"\"access\"=>\"private\",\"service\"=>\"driveway\""},"geometry":{"type":"LineString","coordinates":[[121.0249971,14.7195705],[121.0247962,14.719557]]}},
{"type":"Feature","properties":{"osm_id":"1241857620","highway":"service","z_order":0,"other_tags":"\"access\"=>\"private\",\"service\"=>\"driveway\""},"geometry":{"type":"LineString","coordinates":[[121.0163228,14.7179006],[121.0167177,14.7176891]]}},
{"type":"Feature","properties":{"osm_id":"1241857621","highway":"service","z_order":0,"other_tags":"\"service\"=>\"driveway\""},"geometry":{"type":"LineString","coordinates":[[121.0155063,14.7176621],[121.0157478,14.7176334]]}},
{"type":"Feature","properties":{"osm_id":"1241858004","highway":"service","z_order":0,"other_tags":"\"service\"=>\"driveway\""},"geometry":{"type":"LineString","coordinates":[[121.0157725,14.7132248],[121.0158218,14.7132122]]}},
{"type":"Feature","properties":{"osm_id":"1241858005","highway":"service","z_order":0,"other_tags":"\"service\"=>\"driveway\""},"geometry":{"type":"LineString","coordinates":[[121.0157627,14.7130109],[121.0157171,14.7130225]]}},
{"type":"Feature","properties":{"osm_id":"1241858419","highway":"service","z_order":0},"geometry":{"type":"LineString","coordinates":[[121.0158463,14.7128181],[121.0157139,14.7128443]]}},
{"type":"Feature","properties":{"osm_id":"1242161883","name":"Dominga Street","highway":"residential","z_order":3,"other_tags":"\"lanes\"=>\"2\",\"oneway\"=>\"no\",\"surface\"=>\"concrete\""},"geometry":{"type":"LineString","coordinates":[[121.0286448,14.7246778],[121.0283596,14.7247251],[121.0282601,14.7247414],[121.0278732,14.7248049]]}},
{"type":"Feature","properties":{"osm_id":"1242163111","highway":"service","z_order":0,"other_tags":"\"service\"=>\"driveway\""},"geometry":{"type":"LineString","coordinates":[[121.0254136,14.7240343],[121.025388,14.7240818]]}},
{"type":"Feature","properties":{"osm_id":"1242163112","highway":"service","z_order":0,"other_tags":"\"service\"=>\"driveway\""},"geometry":{"type":"LineString","coordinates":[[121.0256212,14.7236478],[121.0255957,14.7236953]]}},
{"type":"Feature","properties":{"osm_id":"1242166802","name":"Villa Nova Avenue","highway":"residential","z_order":3,"other_tags":"\"access\"=>\"destination\",\"lanes\"=>\"1\",\"oneway\"=>\"yes\",\"surface\"=>\"paved\""},"geometry":{"type":"LineString","coordinates":[[121.0289812,14.7211982],[121.028929,14.7212459]]}},
{"type":"Feature","properties":{"osm_id":"1242166803","name":"Villa Nova Avenue","highway":"residential","z_order":3,"other_tags":"\"access\"=>\"destination\",\"lanes\"=>\"1\",\"oneway\"=>\"yes\",\"surface\"=>\"paved\""},"geometry":{"type":"LineString","coordinates":[[121.028929,14.7212459],[121.028923,14.7211767]]}},
{"type":"Feature","properties":{"osm_id":"1242170090","highway":"residential","z_order":3,"other_tags":"\"lane_markings\"=>\"no\",\"lanes\"=>\"2\",\"surface\"=>\"concrete\""},"geometry":{"type":"LineString","coordinates":[[121.0243618,14.7223992],[121.0243921,14.7223896],[121.0244209,14.7223727],[121.0244406,14.7223545],[121.02468,14.7220887],[121.0248941,14.721881]]}},
{"type":"Feature","properties":{"osm_id":"1243131582","highway":"service","z_order":0,"other_tags":"\"service\"=>\"driveway\""},"geometry":{"type":"LineString","coordinates":[[121.0256754,14.7193637],[121.0256535,14.7194869]]}},
{"type":"Feature","properties":{"osm_id":"1243134738","highway":"service","z_order":0,"other_tags":"\"access\"=>\"private\",\"covered\"=>\"yes\""},"geometry":{"type":"LineString","coordinates":[[121.0265875,14.718531],[121.0266593,14.7183445]]}},
{"type":"Feature","properties":{"osm_id":"1243134739","highway":"service","z_order":0,"other_tags":"\"access\"=>\"private\""},"geometry":{"type":"LineString","coordinates":[[121.0263119,14.7193751],[121.0265098,14.7190109],[121.0265292,14.7189694],[121.0265413,14.7189142],[121.0265875,14.718531]]}},
{"type":"Feature","properties":{"osm_id":"1243135750","highway":"service","z_order":0,"other_tags":"\"access\"=>\"private\",\"service\"=>\"driveway\""},"geometry":{"type":"LineString","coordinates":[[121.0266104,14.7208955],[121.0264474,14.7208891]]}},
{"type":"Feature","properties":{"osm_id":"1243139368","highway":"service","z_order":0,"other_tags":"\"access\"=>\"private\",\"service\"=>\"driveway\""},"geometry":{"type":"LineString","coordinates":[[121.0286224,14.720974],[121.0281158,14.7209295]]}},
{"type":"Feature","properties":{"osm_id":"1243150223","highway":"service","z_order":0,"other_tags":"\"service\"=>\"driveway\""},"geometry":{"type":"LineString","coordinates":[[121.0252779,14.7137417],[121.025175,14.7137053]]}},
{"type":"Feature","properties":{"osm_id":"1243357018","highway":"service","z_order":0,"other_tags":"\"service\"=>\"driveway\""},"geometry":{"type":"LineString","coordinates":[[121.0274233,14.7186618],[121.0275332,14.7186904]]}},
{"type":"Feature","properties":{"osm_id":"1243358473","highway":"service","z_order":0,"other_tags":"\"service\"=>\"driveway\""},"geometry":{"type":"LineString","coordinates":[[121.0319874,14.7174652],[121.0320794,14.7174271]]}},
{"type":"Feature","properties":{"osm_id":"1243359812","highway":"footway","z_order":0},"geometry":{"type":"LineString","coordinates":[[121.0293131,14.7188938],[121.0291383,14.7192545]]}},
{"type":"Feature","properties":{"osm_id":"1243359813","highway":"footway","z_order":0},"geometry":{"type":"LineString","coordinates":[[121.0297435,14.7187096],[121.0295577,14.7190239]]}},
{"type":"Feature","properties":{"osm_id":"1243967816","highway":"service","z_order":0,"other_tags":"\"service\"=>\"driveway\""},"geometry":{"type":"LineString","coordinates":[[121.0254629,14.7134238],[121.0254913,14.7134873]]}},
{"type":"Feature","properties":{"osm_id":"1244246852","name":"Lazaro Street","highway":"residential","z_order":3,"other_tags":"\"lanes\"=>\"2\",\"surface\"=>\"concrete\""},"geometry":{"type":"LineString","coordinates":[[121.0304153,14.7225518],[121.0303688,14.7226731],[121.0301464,14.7232492]]}},
{"type":"Feature","properties":{"osm_id":"1244247688","highway":"service","z_order":0,"other_tags":"\"service\"=>\"driveway\""},"geometry":{"type":"LineString","coordinates":[[121.0326787,14.7186643],[121.0327265,14.7186532]]}},
{"type":"Feature","properties":{"osm_id":"1244250396","highway":"service","z_order":0,"other_tags":"\"service\"=>\"driveway\""},"geometry":{"type":"LineString","coordinates":[[121.0339609,14.7188434],[121.0339835,14.7188743]]}},
{"type":"Feature","properties":{"osm_id":"1244250397","highway":"service","z_order":0,"other_tags":"\"service\"=>\"driveway\""},"geometry":{"type":"LineString","coordinates":[[121.0339303,14.7188647],[121.0339545,14.7188977]]}},
{"type":"Feature","properties":{"osm_id":"1244250398","highway":"service","z_order":0,"other_tags":"\"service\"=>\"driveway\""},"geometry":{"type":"LineString","coordinates":[[121.0338195,14.7189457],[121.0338474,14.7189838]]}},
{"type":"Feature","properties":{"osm_id":"1244250399","highway":"service","z_order":0,"other_tags":"\"access\"=>\"private\",\"service\"=>\"driveway\""},"geometry":{"type":"LineString","coordinates":[[121.0337913,14.7189072],[121.0338195,14.7189457]]}},
{"type":"Feature","properties":{"osm_id":"1244250401","highway":"service","z_order":0,"other_tags":"\"access\"=>\"private\",\"service\"=>\"driveway\""},"geometry":{"type":"LineString","coordinates":[[121.0339353,14.7188085],[121.0339609,14.7188434]]}},
{"type":"Feature","properties":{"osm_id":"1244250402","highway":"service","z_order":0,"other_tags":"\"access\"=>\"private\",\"service\"=>\"driveway\""},"geometry":{"type":"LineString","coordinates":[[121.0339046,14.7188296],[121.0339303,14.7188647]]}},
{"type":"Feature","properties":{"osm_id":"1244250403","highway":"residential","z_order":3,"other_tags":"\"motorcar\"=>\"no\",\"surface\"=>\"concrete\""},"geometry":{"type":"LineString","coordinates":[[121.0341595,14.7187477],[121.0341399,14.7187152],[121.0339234,14.7183565]]}},
{"type":"Feature","properties":{"osm_id":"1244849469","highway":"service","z_order":0,"other_tags":"\"service\"=>\"driveway\""},"geometry":{"type":"LineString","coordinates":[[121.0302092,14.713011],[121.0301905,14.7130882]]}},
{"type":"Feature","properties":{"osm_id":"1244851305","highway":"service","z_order":0,"other_tags":"\"access\"=>\"private\",\"service\"=>\"driveway\""},"geometry":{"type":"LineString","coordinates":[[121.0309839,14.7133642],[121.030577,14.714539]]}},
{"type":"Feature","properties":{"osm_id":"1245187633","highway":"service","z_order":0,"other_tags":"\"access\"=>\"private\",\"service\"=>\"driveway\""},"geometry":{"type":"LineString","coordinates":[[121.0319319,14.7175477],[121.0320231,14.7178136]]}},
{"type":"Feature","properties":{"osm_id":"1245189201","highway":"service","z_order":0,"other_tags":"\"service\"=>\"driveway\""},"geometry":{"type":"LineString","coordinates":[[121.032434,14.7178667],[121.0324702,14.7178614]]}},
{"type":"Feature","properties":{"osm_id":"1245213899","highway":"footway","z_order":0},"geometry":{"type":"LineString","coordinates":[[121.0223916,14.7200513],[121.0225855,14.7199838]]}},
{"type":"Feature","properties":{"osm_id":"1245213900","highway":"service","z_order":0,"other_tags":"\"access\"=>\"private\",\"service\"=>\"driveway\""},"geometry":{"type":"LineString","coordinates":[[121.0230344,14.7208299],[121.0233347,14.7207574]]}},
{"type":"Feature","properties":{"osm_id":"1245213901","highway":"service","z_order":0,"other_tags":"\"service\"=>\"driveway\""},"geometry":{"type":"LineString","coordinates":[[121.0225599,14.7201581],[121.022639,14.7201338]]}},
{"type":"Feature","properties":{"osm_id":"1245213902","highway":"footway","z_order":0},"geometry":{"type":"LineString","coordinates":[[121.0223081,14.7203605],[121.0226794,14.7202471]]}},
{"type":"Feature","properties":{"osm_id":"1245213903","highway":"footway","z_order":0},"geometry":{"type":"LineString","coordinates":[[121.0222504,14.7205356],[121.0227363,14.7204067]]}},
{"type":"Feature","properties":{"osm_id":"1245213904","highway":"footway","z_order":0},"geometry":{"type":"LineString","coordinates":[[121.0225494,14.7198824],[121.0223014,14.7199681]]}},
{"type":"Feature","properties":{"osm_id":"1245801718","highway":"service","z_order":0,"other_tags":"\"service\"=>\"driveway\""},"geometry":{"type":"LineString","coordinates":[[121.0338979,14.713849],[121.0339294,14.7137758],[121.0339519,14.7137216],[121.0339784,14.7136499],[121.0340156,14.7135818],[121.0340696,14.7135585]]}},
{"type":"Feature","properties":{"osm_id":"1245801719","highway":"service","z_order":0,"other_tags":"\"access\"=>\"private\",\"service\"=>\"driveway\""},"geometry":{"type":"LineString","coordinates":[[121.0338537,14.7137976],[121.0338852,14.7136998]]}},
{"type":"Feature","properties":{"osm_id":"1245801720","highway":"service","z_order":0,"other_tags":"\"service\"=>\"driveway\""},"geometry":{"type":"LineString","coordinates":[[121.0338439,14.713828],[121.0338537,14.7137976]]}},
{"type":"Feature","properties":{"osm_id":"1245810161","highway":"footway","z_order":0,"other_tags":"\"access\"=>\"private\""},"geometry":{"type":"LineString","coordinates":[[121.0317151,14.710181],[121.0316758,14.7103428],[121.0316522,14.7104622],[121.0316248,14.7106198]]}},
{"type":"Feature","properties":{"osm_id":"1246240928","highway":"service","z_order":0,"other_tags":"\"access\"=>\"private\",\"lane_markings\"=>\"no\",\"lanes\"=>\"2\",\"surface\"=>\"concrete\""},"geometry":{"type":"LineString","coordinates":[[121.0312669,14.7157462],[121.0312332,14.7159793]]}},
{"type":"Feature","properties":{"osm_id":"1247032634","highway":"service","z_order":0,"other_tags":"\"service\"=>\"driveway\""},"geometry":{"type":"LineString","coordinates":[[121.0208998,14.7121796],[121.0210079,14.7121888]]}},
{"type":"Feature","properties":{"osm_id":"1247032891","highway":"service","z_order":0},"geometry":{"type":"LineString","coordinates":[[121.0206257,14.7113829],[121.02063,14.7113341]]}},
{"type":"Feature","properties":{"osm_id":"1247034698","highway":"service","z_order":0,"other_tags":"\"access\"=>\"private\",\"lanes\"=>\"2\",\"surface\"=>\"concrete\""},"geometry":{"type":"LineString","coordinates":[[121.021558,14.7104318],[121.0214427,14.7104204],[121.021207,14.7103972]]}},
{"type":"Feature","properties":{"osm_id":"1247034699","highway":"service","z_order":0,"other_tags":"\"lanes\"=>\"2\",\"surface\"=>\"concrete\""},"geometry":{"type":"LineString","coordinates":[[121.021207,14.7103972],[121.021069,14.7103835]]}},
{"type":"Feature","properties":{"osm_id":"1247040907","highway":"service","z_order":0,"other_tags":"\"access\"=>\"private\",\"service\"=>\"driveway\""},"geometry":{"type":"LineString","coordinates":[[121.0221592,14.7097637],[121.0221787,14.7097935],[121.0221921,14.7098227],[121.0221995,14.7098746],[121.0221928,14.7099226],[121.022174,14.7099712],[121.0220553,14.710193]]}},
{"type":"Feature","properties":{"osm_id":"1247040908","highway":"residential","z_order":3},"geometry":{"type":"LineString","coordinates":[[121.0225844,14.7095348],[121.0225847,14.7095633],[121.0226038,14.7095756],[121.0228633,14.7097079]]}},
{"type":"Feature","properties":{"osm_id":"1247052377","highway":"service","z_order":0,"other_tags":"\"access\"=>\"private\",\"service\"=>\"driveway\""},"geometry":{"type":"LineString","coordinates":[[121.0254444,14.71058],[121.0254052,14.710477]]}},
{"type":"Feature","properties":{"osm_id":"1247052378","highway":"service","z_order":0,"other_tags":"\"service\"=>\"driveway\""},"geometry":{"type":"LineString","coordinates":[[121.0254677,14.7106412],[121.0254444,14.71058]]}},
{"type":"Feature","properties":{"osm_id":"1247052379","highway":"service","z_order":0,"other_tags":"\"access\"=>\"private\",\"service\"=>\"driveway\""},"geometry":{"type":"LineString","coordinates":[[121.0253022,14.7100223],[121.0253801,14.7102381]]}},
{"type":"Feature","properties":{"osm_id":"1247052380","highway":"service","z_order":0,"other_tags":"\"service\"=>\"driveway\""},"geometry":{"type":"LineString","coordinates":[[121.0252864,14.7099785],[121.0253022,14.7100223]]}},
{"type":"Feature","properties":{"osm_id":"1247052382","highway":"service","z_order":0,"other_tags":"\"access\"=>\"private\",\"service\"=>\"driveway\""},"geometry":{"type":"LineString","coordinates":[[121.0251855,14.7100474],[121.0251982,14.7100922]]}},
{"type":"Feature","properties":{"osm_id":"1247052383","highway":"service","z_order":0,"other_tags":"\"service\"=>\"driveway\""},"geometry":{"type":"LineString","coordinates":[[121.025174,14.7100069],[121.0251855,14.7100474]]}},
{"type":"Feature","properties":{"osm_id":"1247052384","highway":"service","z_order":0,"other_tags":"\"service\"=>\"driveway\""},"geometry":{"type":"LineString","coordinates":[[121.0249876,14.7100616],[121.024987,14.7100198]]}},
{"type":"Feature","properties":{"osm_id":"1247052385","highway":"service","z_order":0,"other_tags":"\"access\"=>\"private\",\"service\"=>\"driveway\""},"geometry":{"type":"LineString","coordinates":[[121.0249921,14.710351],[121.0249876,14.7100616]]}},
{"type":"Feature","properties":{"osm_id":"1247052386","highway":"residential","z_order":3,"other_tags":"\"lanes\"=>\"1\""},"geometry":{"type":"LineString","coordinates":[[121.0250932,14.7100169],[121.0250744,14.7098674]]}},
{"type":"Feature","properties":{"osm_id":"1247052602","highway":"service","z_order":0,"other_tags":"\"service\"=>\"driveway\""},"geometry":{"type":"LineString","coordinates":[[121.0261979,14.70995],[121.0262646,14.7099506]]}},
{"type":"Feature","properties":{"osm_id":"1247052603","highway":"service","z_order":0,"other_tags":"\"access\"=>\"private\",\"service\"=>\"driveway\""},"geometry":{"type":"LineString","coordinates":[[121.0262691,14.7097463],[121.0267786,14.7097775]]}},
{"type":"Feature","properties":{"osm_id":"1247052604","highway":"service","z_order":0,"other_tags":"\"access\"=>\"private\",\"covered\"=>\"yes\",\"service\"=>\"driveway\""},"geometry":{"type":"LineString","coordinates":[[121.0262404,14.7097446],[121.0262691,14.7097463]]}},
{"type":"Feature","properties":{"osm_id":"1247052605","highway":"service","z_order":0,"other_tags":"\"service\"=>\"driveway\""},"geometry":{"type":"LineString","coordinates":[[121.0261733,14.7097262],[121.0262404,14.7097446]]}},
{"type":"Feature","properties":{"osm_id":"1247054815","highway":"service","z_order":0,"other_tags":"\"access\"=>\"private\",\"service\"=>\"driveway\""},"geometry":{"type":"LineString","coordinates":[[121.0259182,14.7092269],[121.0259352,14.7092554],[121.0259603,14.7092767],[121.0259976,14.7092889],[121.0260447,14.7092915],[121.0261613,14.7092916]]}},
{"type":"Feature","properties":{"osm_id":"1282721275","highway":"residential","z_order":3,"other_tags":"\"motorcar\"=>\"no\""},"geometry":{"type":"LineString","coordinates":[[121.0132576,14.7119224],[121.0133572,14.7120006]]}},
{"type":"Feature","properties":{"osm_id":"1282721279","name":"Jasmin Street","highway":"residential","z_order":3},"geometry":{"type":"LineString","coordinates":[[121.013667,14.7115288],[121.0136081,14.7115142],[121.0132576,14.7119224]]}},
{"type":"Feature","properties":{"osm_id":"1283093002","name":"Santiago Street","highway":"residential","z_order":3,"other_tags":"\"access\"=>\"private\""},"geometry":{"type":"LineString","coordinates":[[121.0213085,14.7148948],[121.0212964,14.714605],[121.0212943,14.7143481],[121.0212939,14.7143015],[121.0212868,14.714056]]}},
{"type":"Feature","properties":{"osm_id":"1283093003","name":"Almria Street","highway":"residential","z_order":3},"geometry":{"type":"LineString","coordinates":[[121.0168625,14.7171197],[121.0168666,14.7171716],[121.0169387,14.717315],[121.0169645,14.7174336],[121.0169856,14.7174967],[121.0170342,14.7175646],[121.0172901,14.7177925],[121.0173453,14.7178097]]}},
{"type":"Feature","properties":{"osm_id":"1283093004","highway":"residential","z_order":3},"geometry":{"type":"LineString","coordinates":[[121.0173453,14.7178097],[121.0173905,14.7177838],[121.0174339,14.7176904],[121.0174739,14.717642],[121.0175529,14.7175732],[121.0176015,14.7174855],[121.0176833,14.7172961],[121.0177285,14.7171867]]}},
{"type":"Feature","properties":{"osm_id":"1283094007","name":"Samonte Road","highway":"residential","z_order":3,"other_tags":"\"lanes\"=>\"2\",\"lit\"=>\"yes\",\"sidewalk\"=>\"both\",\"surface\"=>\"concrete\""},"geometry":{"type":"LineString","coordinates":[[121.0207458,14.7163207],[121.0210334,14.7164754],[121.0212037,14.7166119],[121.0212677,14.7166871],[121.0215229,14.7169716],[121.0216951,14.717244],[121.0217675,14.7173586],[121.0220158,14.7177296],[121.0222314,14.7180612]]}},
{"type":"Feature","properties":{"osm_id":"1283094008","name":"Ma. San Andres Street","highway":"residential","z_order":3},"geometry":{"type":"LineString","coordinates":[[121.0185318,14.7171195],[121.0184933,14.7171236],[121.0184625,14.7171469],[121.0184551,14.7171916],[121.0184665,14.7175789]]}},
{"type":"Feature","properties":{"osm_id":"1283094009","name":"Ma. San Andres Street","highway":"residential","z_order":3},"geometry":{"type":"LineString","coordinates":[[121.0186817,14.7171031],[121.0186644,14.7171125],[121.0185318,14.7171195]]}},
{"type":"Feature","properties":{"osm_id":"1290228985","highway":"service","z_order":0,"other_tags":"\"access\"=>\"private\",\"description\"=>\"Recreation_Zone_Driveway\",\"oneway\"=>\"no\",\"service\"=>\"driveway\""},"geometry":{"type":"LineString","coordinates":[[121.0331173,14.7109937],[121.0331092,14.7111139]]}},
{"type":"Feature","properties":{"osm_id":"1299225430","name":"Mindanao Avenue","highway":"construction","z_order":0,"other_tags":"\"check_date\"=>\"2025-02-04\",\"construction\"=>\"primary\",\"description\"=>\"Mindanao Ave Extension Segment 2C halted due to right of way problem\",\"dog\"=>\"leashed\",\"lanes\"=>\"4\",\"maxspeed\"=>\"60\",\"oneway\"=>\"yes\",\"ref\"=>\"128\",\"sidewalk\"=>\"right\",\"surface\"=>\"concrete\",\"wheelchair\"=>\"yes\""},"geometry":{"type":"LineString","coordinates":[[121.0131121,14.7106115],[121.0129097,14.7113478],[121.0127635,14.7117354],[121.0124672,14.7121782]]}},
{"type":"Feature","properties":{"osm_id":"1299225431","name":"Mindanao Avenue","highway":"primary","z_order":7,"other_tags":"\"check_date\"=>\"2025-02-04\",\"construction:lanes\"=>\"4\",\"description\"=>\"Mindanao Ave Extension Segment 2C halted due to right of way problem\",\"dog\"=>\"leashed\",\"lanes\"=>\"1\",\"oneway\"=>\"yes\",\"ref\"=>\"128\",\"sidewalk\"=>\"right\",\"surface\"=>\"concrete\",\"wheelchair\"=>\"yes\""},"geometry":{"type":"LineString","coordinates":[[121.0114508,14.713704],[121.01147,14.7136272],[121.0114915,14.7135401],[121.0115168,14.7134751],[121.0116047,14.7132427],[121.011725,14.7129833],[121.0118231,14.7127823],[121.0120345,14.7124139],[121.0122984,14.7120285]]}},
{"type":"Feature","properties":{"osm_id":"1299225433","highway":"primary_link","z_order":7,"other_tags":"\"lanes\"=>\"1\",\"oneway\"=>\"yes\",\"surface\"=>\"compacted\""},"geometry":{"type":"LineString","coordinates":[[121.0122984,14.7120285],[121.0124672,14.7121782]]}},
{"type":"Feature","properties":{"osm_id":"1302434989","highway":"footway","z_order":0},"geometry":{"type":"LineString","coordinates":[[121.0279635,14.7209824],[121.0280064,14.7205473],[121.0280309,14.7204812]]}},
{"type":"Feature","properties":{"osm_id":"1302436241","highway":"service","z_order":0,"other_tags":"\"service\"=>\"driveway\""},"geometry":{"type":"LineString","coordinates":[[121.0291176,14.7208767],[121.0290916,14.7209409]]}},
{"type":"Feature","properties":{"osm_id":"1302436242","highway":"service","z_order":0,"other_tags":"\"access\"=>\"private\",\"service\"=>\"driveway\""},"geometry":{"type":"LineString","coordinates":[[121.0292121,14.7206724],[121.0291176,14.7208767]]}},
{"type":"Feature","properties":{"osm_id":"1302437639","name":"General Luis Street","highway":"primary","z_order":7,"other_tags":"\"cycleway\"=>\"lane\",\"lane_markings\"=>\"yes\",\"lanes\"=>\"4\",\"lit\"=>\"yes\",\"mapillary\"=>\"2837946643202757\",\"maxspeed\"=>\"40\",\"maxspeed:type\"=>\"PH:urban\",\"old_name\"=>\"Polo-Novaliches Road\",\"ref\"=>\"118\",\"sidewalk\"=>\"both\",\"surface\"=>\"asphalt\",\"wikidata\"=>\"Q60763455\",\"wikipedia\"=>\"en:General Luis Street\""},"geometry":{"type":"LineString","coordinates":[[121.0346641,14.7218493],[121.0345953,14.7218468],[121.034527,14.7218441],[121.0345025,14.7218451],[121.0344074,14.7218436],[121.0343721,14.721843],[121.0340937,14.7218317],[121.0339056,14.7218238],[121.0333819,14.7218021],[121.0330844,14.7217944],[121.0328178,14.721786],[121.032654,14.7217752],[121.0325174,14.7217665]]}},
{"type":"Feature","properties":{"osm_id":"1302439171","highway":"service","z_order":0,"other_tags":"\"access\"=>\"permissive\",\"service\"=>\"driveway\""},"geometry":{"type":"LineString","coordinates":[[121.0329389,14.7219277],[121.0328173,14.7219241]]}},
{"type":"Feature","properties":{"osm_id":"1302439172","name":"General Luis Street","highway":"primary","z_order":7,"other_tags":"\"cycleway\"=>\"lane\",\"lane_markings\"=>\"yes\",\"lanes\"=>\"4\",\"lit\"=>\"yes\",\"mapillary\"=>\"2837946643202757\",\"maxspeed\"=>\"40\",\"maxspeed:type\"=>\"PH:urban\",\"old_name\"=>\"Polo-Novaliches Road\",\"ref\"=>\"118\",\"sidewalk\"=>\"both\",\"surface\"=>\"asphalt\",\"wikidata\"=>\"Q60763455\",\"wikipedia\"=>\"en:General Luis Street\""},"geometry":{"type":"LineString","coordinates":[[121.0325174,14.7217665],[121.032464,14.7217643],[121.0321787,14.7217418],[121.0319465,14.7217208]]}},
{"type":"Feature","properties":{"osm_id":"1302442426","highway":"service","z_order":0,"other_tags":"\"service\"=>\"driveway\""},"geometry":{"type":"LineString","coordinates":[[121.0325246,14.7215642],[121.032464,14.7217643]]}},
{"type":"Feature","properties":{"osm_id":"1302458875","highway":"path","z_order":0,"other_tags":"\"abutters\"=>\"residential\",\"living_street\"=>\"yes\",\"motorcycle\"=>\"destination\",\"path\"=>\"alley\""},"geometry":{"type":"LineString","coordinates":[[121.0287768,14.7180576],[121.0287577,14.7177686],[121.0287385,14.7174792]]}},
{"type":"Feature","properties":{"osm_id":"1302458876","name":"Chico Street","highway":"path","z_order":0,"other_tags":"\"abutters\"=>\"residential\",\"footway\"=>\"alley\",\"living_street\"=>\"yes\",\"mapillary\"=>\"397842979919608\",\"motorcycle\"=>\"destination\",\"path\"=>\"alley\",\"source:name\"=>\"imagery\""},"geometry":{"type":"LineString","coordinates":[[121.0296317,14.7172993],[121.0296012,14.7169279],[121.0295707,14.7165565]]}},
{"type":"Feature","properties":{"osm_id":"1302458877","name":"Lawan Street","highway":"path","z_order":0,"other_tags":"\"abutters\"=>\"residential\",\"footway\"=>\"alley\",\"living_street\"=>\"yes\",\"motorcycle\"=>\"destination\",\"path\"=>\"alley\""},"geometry":{"type":"LineString","coordinates":[[121.0296693,14.7165364],[121.0296647,14.7163025],[121.0296446,14.7160729],[121.0296192,14.7158207]]}},
{"type":"Feature","properties":{"osm_id":"1302458878","name":"Mabolo Street","highway":"path","z_order":0,"other_tags":"\"abutters\"=>\"residential\",\"living_street\"=>\"yes\",\"motorcycle\"=>\"destination\",\"path\"=>\"alley\""},"geometry":{"type":"LineString","coordinates":[[121.0299047,14.7171391],[121.029893,14.7169806],[121.0298813,14.716822],[121.0298697,14.7166635],[121.029858,14.7164978]]}},
{"type":"Feature","properties":{"osm_id":"1302458879","name":"Rambutan Street","highway":"residential","z_order":3,"other_tags":"\"abutters\"=>\"residential\",\"alt_name\"=>\"Rambotan Street\",\"lanes\"=>\"2\",\"living_street\"=>\"yes\",\"name:etymology:wikidata\"=>\"Q476864\",\"sidewalk\"=>\"no\",\"surface\"=>\"concrete\""},"geometry":{"type":"LineString","coordinates":[[121.0301007,14.7164801],[121.0301395,14.7166874],[121.0301475,14.7167802]]}},
{"type":"Feature","properties":{"osm_id":"1303561559","highway":"service","z_order":0,"other_tags":"\"service\"=>\"driveway\""},"geometry":{"type":"LineString","coordinates":[[121.0154077,14.7161113],[121.0154911,14.7161019]]}},
{"type":"Feature","properties":{"osm_id":"1303561560","highway":"service","z_order":0,"other_tags":"\"surface\"=>\"unpaved\""},"geometry":{"type":"LineString","coordinates":[[121.0150896,14.7160445],[121.014817,14.7159706]]}},
{"type":"Feature","properties":{"osm_id":"1303561561","highway":"service","z_order":0,"other_tags":"\"access\"=>\"private\",\"service\"=>\"driveway\""},"geometry":{"type":"LineString","coordinates":[[121.0154911,14.7161019],[121.0159316,14.7160804]]}},
{"type":"Feature","properties":{"osm_id":"1303561562","highway":"service","z_order":0,"other_tags":"\"surface\"=>\"unpaved\""},"geometry":{"type":"LineString","coordinates":[[121.0150774,14.7161981],[121.0150896,14.7160445],[121.015337,14.716115],[121.0154077,14.7161113]]}},
{"type":"Feature","properties":{"osm_id":"1303561563","highway":"service","z_order":0,"other_tags":"\"service\"=>\"driveway\""},"geometry":{"type":"LineString","coordinates":[[121.0152587,14.719772],[121.0151689,14.7197597]]}},
{"type":"Feature","properties":{"osm_id":"1303561564","highway":"pedestrian","z_order":0,"other_tags":"\"access\"=>\"private\""},"geometry":{"type":"LineString","coordinates":[[121.0146912,14.7198164],[121.0147233,14.7193656]]}},
{"type":"Feature","properties":{"osm_id":"1303561565","highway":"pedestrian","z_order":0},"geometry":{"type":"LineString","coordinates":[[121.0146906,14.719933],[121.0146912,14.7198164]]}},
{"type":"Feature","properties":{"osm_id":"1303561566","highway":"service","z_order":0,"other_tags":"\"access\"=>\"private\",\"service\"=>\"driveway\""},"geometry":{"type":"LineString","coordinates":[[121.014497,14.7197712],[121.0144965,14.7196554]]}},
{"type":"Feature","properties":{"osm_id":"1303561567","highway":"service","z_order":0,"other_tags":"\"service\"=>\"driveway\""},"geometry":{"type":"LineString","coordinates":[[121.0144954,14.7198769],[121.014497,14.7197712]]}},
{"type":"Feature","properties":{"osm_id":"1303563549","highway":"service","z_order":0,"other_tags":"\"access\"=>\"private\",\"service\"=>\"driveway\""},"geometry":{"type":"LineString","coordinates":[[121.0148014,14.7142776],[121.0147952,14.7141575],[121.0146894,14.7140497]]}},
{"type":"Feature","properties":{"osm_id":"1303563550","highway":"service","z_order":0,"other_tags":"\"service\"=>\"driveway\""},"geometry":{"type":"LineString","coordinates":[[121.0148033,14.7143181],[121.0148014,14.7142776]]}},
{"type":"Feature","properties":{"osm_id":"1303569670","highway":"service","z_order":0,"other_tags":"\"access\"=>\"private\""},"geometry":{"type":"LineString","coordinates":[[121.0124268,14.7202608],[121.012294,14.7196032]]}},
{"type":"Feature","properties":{"osm_id":"1303569671","highway":"service","z_order":0},"geometry":{"type":"LineString","coordinates":[[121.012294,14.7196032],[121.0122911,14.7195522]]}},
{"type":"Feature","properties":{"osm_id":"1303576725","highway":"primary_link","z_order":7,"other_tags":"\"surface\"=>\"concrete\""},"geometry":{"type":"LineString","coordinates":[[121.012269,14.7194468],[121.0124289,14.7194323]]}},
{"type":"Feature","properties":{"osm_id":"1303579220","highway":"service","z_order":0,"other_tags":"\"access\"=>\"private\",\"service\"=>\"driveway\""},"geometry":{"type":"LineString","coordinates":[[121.0176873,14.7205194],[121.0177078,14.7210961]]}},
{"type":"Feature","properties":{"osm_id":"1303579221","highway":"service","z_order":0,"other_tags":"\"service\"=>\"driveway\""},"geometry":{"type":"LineString","coordinates":[[121.0176872,14.7204816],[121.0176873,14.7205194]]}},
{"type":"Feature","properties":{"osm_id":"1303582278","name":"Torres Village","highway":"residential","z_order":3,"other_tags":"\"lanes\"=>\"2\",\"lit\"=>\"yes\",\"sidewalk\"=>\"both\",\"surface\"=>\"concrete\""},"geometry":{"type":"LineString","coordinates":[[121.0180298,14.7204875],[121.0179894,14.7193152]]}},
{"type":"Feature","properties":{"osm_id":"1303586460","highway":"service","z_order":0,"other_tags":"\"access\"=>\"private\""},"geometry":{"type":"LineString","coordinates":[[121.0231364,14.7192138],[121.0230849,14.7189181]]}},
{"type":"Feature","properties":{"osm_id":"1303586461","highway":"service","z_order":0},"geometry":{"type":"LineString","coordinates":[[121.0231625,14.7193424],[121.0231364,14.7192138]]}},
{"type":"Feature","properties":{"osm_id":"1303586462","name":"Mendoza Compound","highway":"residential","z_order":3,"other_tags":"\"surface\"=>\"paved\""},"geometry":{"type":"LineString","coordinates":[[121.0194952,14.7203693],[121.0194699,14.7202823]]}},
{"type":"Feature","properties":{"osm_id":"1303587726","name":"Halcon Street","highway":"residential","z_order":3},"geometry":{"type":"LineString","coordinates":[[121.0281203,14.7187792],[121.0281182,14.7187183]]}},
{"type":"Feature","properties":{"osm_id":"1303587727","name":"B. Arayat Street","highway":"residential","z_order":3},"geometry":{"type":"LineString","coordinates":[[121.0289673,14.720317],[121.028404,14.7199994],[121.0283515,14.719974]]}},
{"type":"Feature","properties":{"osm_id":"1303587728","highway":"service","z_order":0},"geometry":{"type":"LineString","coordinates":[[121.0267711,14.7198239],[121.0267567,14.7198877]]}},
{"type":"Feature","properties":{"osm_id":"1303587729","highway":"service","z_order":0,"other_tags":"\"access\"=>\"private\""},"geometry":{"type":"LineString","coordinates":[[121.0267567,14.7198877],[121.0267302,14.7199975],[121.0269542,14.7200451]]}},
{"type":"Feature","properties":{"osm_id":"1303587730","highway":"service","z_order":0,"other_tags":"\"access\"=>\"private\""},"geometry":{"type":"LineString","coordinates":[[121.0239308,14.719287],[121.0240125,14.7195006]]}},
{"type":"Feature","properties":{"osm_id":"1303587731","highway":"service","z_order":0},"geometry":{"type":"LineString","coordinates":[[121.0239285,14.7192481],[121.0239308,14.719287]]}},
{"type":"Feature","properties":{"osm_id":"1303720069","name":"Ilang-ilang Street","highway":"residential","z_order":3,"other_tags":"\"lanes\"=>\"2\",\"lit\"=>\"yes\",\"name:etymology:wikidata\"=>\"Q220963\",\"sidewalk\"=>\"no\",\"surface\"=>\"concrete\""},"geometry":{"type":"LineString","coordinates":[[121.0274579,14.7171428],[121.0274224,14.716978],[121.02739,14.7168273],[121.0273534,14.7166574],[121.0273149,14.7164788]]}},
{"type":"Feature","properties":{"osm_id":"1303726481","name":"East Street","highway":"residential","z_order":3,"other_tags":"\"lanes\"=>\"2\",\"surface\"=>\"concrete\""},"geometry":{"type":"LineString","coordinates":[[121.0296015,14.7210487],[121.0295711,14.7211147]]}},
{"type":"Feature","properties":{"osm_id":"1303734540","name":"Broadway Street","highway":"residential","z_order":3},"geometry":{"type":"LineString","coordinates":[[121.032715,14.7156458],[121.0326731,14.7154492],[121.0326676,14.7154031],[121.0326814,14.7153456],[121.0330304,14.7143707],[121.0331277,14.7141276],[121.0331832,14.7139464]]}},
{"type":"Feature","properties":{"osm_id":"1303735680","name":"Sunset Drive","highway":"residential","z_order":3},"geometry":{"type":"LineString","coordinates":[[121.0322059,14.7134464],[121.0321773,14.7135464],[121.0321565,14.7136259]]}},
{"type":"Feature","properties":{"osm_id":"1303739642","highway":"residential","z_order":3,"other_tags":"\"access\"=>\"private\""},"geometry":{"type":"LineString","coordinates":[[121.0296245,14.7127341],[121.029327,14.71318]]}},
{"type":"Feature","properties":{"osm_id":"1303739847","highway":"service","z_order":0},"geometry":{"type":"LineString","coordinates":[[121.0183495,14.7107884],[121.0183181,14.7107864]]}},
{"type":"Feature","properties":{"osm_id":"1303744291","highway":"service","z_order":0,"other_tags":"\"access\"=>\"private\""},"geometry":{"type":"LineString","coordinates":[[121.0215748,14.7117806],[121.021551,14.7120233]]}},
{"type":"Feature","properties":{"osm_id":"1303746987","name":"Madre Cacao Street","highway":"residential","z_order":3},"geometry":{"type":"LineString","coordinates":[[121.0271265,14.711878],[121.0271868,14.7119479]]}},
{"type":"Feature","properties":{"osm_id":"1303748958","name":"Pablo dela Cruz Street","highway":"residential","z_order":3,"other_tags":"\"short_name\"=>\"P. de la Cruz\""},"geometry":{"type":"LineString","coordinates":[[121.0245901,14.7145647],[121.0245952,14.7145577],[121.0246704,14.7144548]]}},
{"type":"Feature","properties":{"osm_id":"1303750795","name":"Saint James Street","highway":"residential","z_order":3},"geometry":{"type":"LineString","coordinates":[[121.0230561,14.7151088],[121.022885,14.7150143]]}},
{"type":"Feature","properties":{"osm_id":"1303752035","name":"Cordova Street","highway":"residential","z_order":3},"geometry":{"type":"LineString","coordinates":[[121.0207869,14.717931],[121.0208749,14.7179144]]}},
{"type":"Feature","properties":{"osm_id":"1303752036","highway":"residential","z_order":3},"geometry":{"type":"LineString","coordinates":[[121.0208285,14.71762],[121.0207534,14.7176393]]}},
{"type":"Feature","properties":{"osm_id":"1303752037","name":"Santo Tomas Street","highway":"residential","z_order":3},"geometry":{"type":"LineString","coordinates":[[121.0207143,14.7173489],[121.0207895,14.7173359]]}},
{"type":"Feature","properties":{"osm_id":"1303752038","name":"Legaspi Street","highway":"residential","z_order":3},"geometry":{"type":"LineString","coordinates":[[121.0196106,14.716068],[121.0196135,14.7161192]]}},
{"type":"Feature","properties":{"osm_id":"1303752039","highway":"residential","z_order":3,"other_tags":"\"motorcar\"=>\"no\""},"geometry":{"type":"LineString","coordinates":[[121.0179582,14.716464],[121.0179374,14.7162166],[121.0179344,14.7158356]]}},
{"type":"Feature","properties":{"osm_id":"1303752040","highway":"residential","z_order":3},"geometry":{"type":"LineString","coordinates":[[121.0178506,14.7171666],[121.0178509,14.7173039]]}},
{"type":"Feature","properties":{"osm_id":"1303752041","highway":"residential","z_order":3},"geometry":{"type":"LineString","coordinates":[[121.0168625,14.7171197],[121.016774,14.7171067]]}},
{"type":"Feature","properties":{"osm_id":"1303752515","name":"New Jersey Village","highway":"residential","z_order":3,"other_tags":"\"access\"=>\"private\""},"geometry":{"type":"LineString","coordinates":[[121.0279304,14.7111798],[121.0279788,14.7112147],[121.0280016,14.7112239],[121.0280231,14.7112166],[121.0281862,14.7110702],[121.0283606,14.7109096]]}},
{"type":"Feature","properties":{"osm_id":"1303752516","name":"New Jersey Village","highway":"residential","z_order":3},"geometry":{"type":"LineString","coordinates":[[121.0278935,14.7111497],[121.0279304,14.7111798]]}},
{"type":"Feature","properties":{"osm_id":"1303755492","highway":"service","z_order":0},"geometry":{"type":"LineString","coordinates":[[121.0186817,14.7171031],[121.0189912,14.7172792]]}},
{"type":"Feature","properties":{"osm_id":"1303755493","name":"Victoria Road","highway":"residential","z_order":3,"other_tags":"\"access\"=>\"private\""},"geometry":{"type":"LineString","coordinates":[[121.0204232,14.7130872],[121.0206995,14.7131027]]}},
{"type":"Feature","properties":{"osm_id":"1303755494","name":"Madrid Avenue","highway":"residential","z_order":3},"geometry":{"type":"LineString","coordinates":[[121.0201845,14.7161051],[121.0201882,14.7160095]]}},
{"type":"Feature","properties":{"osm_id":"1303760498","name":"P. Dela Cruz Compound","highway":"service","z_order":0,"other_tags":"\"lanes\"=>\"2\",\"motorcar\"=>\"yes\",\"surface\"=>\"paved\""},"geometry":{"type":"LineString","coordinates":[[121.0156557,14.712567],[121.0155933,14.7125836]]}},
{"type":"Feature","properties":{"osm_id":"1303775074","name":"Arevalo Street","highway":"path","z_order":0},"geometry":{"type":"LineString","coordinates":[[121.0185278,14.7170903],[121.0185318,14.7171195]]}},
{"type":"Feature","properties":{"osm_id":"1303775075","highway":"service","z_order":0,"other_tags":"\"oneway\"=>\"yes\""},"geometry":{"type":"LineString","coordinates":[[121.0206447,14.7146066],[121.0205649,14.7145649],[121.0205486,14.7145333],[121.0205533,14.7144644],[121.0205813,14.7144316],[121.0206602,14.7144114]]}},
{"type":"Feature","properties":{"osm_id":"1303775076","name":"Arena Street","highway":"residential","z_order":3,"other_tags":"\"alt_name\"=>\"Phase 1 East\""},"geometry":{"type":"LineString","coordinates":[[121.0210334,14.7164754],[121.0211056,14.7163658]]}},
{"type":"Feature","properties":{"osm_id":"1303775077","name":"Cadiz Street","highway":"residential","z_order":3,"other_tags":"\"access\"=>\"private\""},"geometry":{"type":"LineString","coordinates":[[121.0212943,14.7143481],[121.0214623,14.7143458]]}},
{"type":"Feature","properties":{"osm_id":"1303948912","name":"Katipunan Extension","highway":"secondary","z_order":26,"other_tags":"\"bridge\"=>\"yes\",\"designation\"=>\"city_road\",\"lane_markings\"=>\"no\",\"lanes\"=>\"4\",\"layer\"=>\"1\",\"lit\"=>\"yes\",\"maxspeed\"=>\"30\",\"maxspeed:type\"=>\"PH:urban\",\"sidewalk\"=>\"no\",\"surface\"=>\"asphalt\""},"geometry":{"type":"LineString","coordinates":[[121.0208598,14.7126725],[121.0208905,14.712294]]}},
{"type":"Feature","properties":{"osm_id":"1303948913","name":"Katipunan Extension","highway":"secondary","z_order":6,"other_tags":"\"designation\"=>\"city_road\",\"lane_markings\"=>\"no\",\"lanes\"=>\"4\",\"lit\"=>\"yes\",\"maxspeed\"=>\"30\",\"maxspeed:type\"=>\"PH:urban\",\"sidewalk\"=>\"no\",\"surface\"=>\"asphalt\""},"geometry":{"type":"LineString","coordinates":[[121.0208905,14.712294],[121.0208947,14.7122418]]}},
{"type":"Feature","properties":{"osm_id":"1303963178","highway":"pedestrian","z_order":0},"geometry":{"type":"LineString","coordinates":[[121.0333672,14.7132309],[121.0330364,14.7131526]]}},
{"type":"Feature","properties":{"osm_id":"1303970824","name":"Morning Sun Street","highway":"residential","z_order":3,"other_tags":"\"oneway\"=>\"no\""},"geometry":{"type":"LineString","coordinates":[[121.0314547,14.7148634],[121.0312989,14.715451]]}},
{"type":"Feature","properties":{"osm_id":"1303970825","name":"Morning Sun Street","highway":"residential","z_order":3},"geometry":{"type":"LineString","coordinates":[[121.0310882,14.7147569],[121.0314547,14.7148634]]}},
{"type":"Feature","properties":{"osm_id":"1307169340","highway":"service","z_order":0,"other_tags":"\"service\"=>\"driveway\""},"geometry":{"type":"LineString","coordinates":[[121.0257537,14.7098183],[121.0257764,14.7098842],[121.0258004,14.7100043]]}},
{"type":"Feature","properties":{"osm_id":"1307169603","highway":"service","z_order":0},"geometry":{"type":"LineString","coordinates":[[121.0155053,14.7169732],[121.0155799,14.7169689],[121.0159654,14.7169076]]}},
{"type":"Feature","properties":{"osm_id":"1307428814","highway":"service","z_order":0,"other_tags":"\"access\"=>\"private\""},"geometry":{"type":"LineString","coordinates":[[121.0159505,14.7167768],[121.0159278,14.716501]]}},
{"type":"Feature","properties":{"osm_id":"1315876085","name":"Madrid Avenue","highway":"residential","z_order":3,"other_tags":"\"access\"=>\"private\",\"oneway\"=>\"yes\""},"geometry":{"type":"LineString","coordinates":[[121.0202883,14.714722],[121.0202556,14.7150249]]}},
{"type":"Feature","properties":{"osm_id":"1315876086","name":"Madrid Avenue","highway":"residential","z_order":3,"other_tags":"\"access\"=>\"private\",\"oneway\"=>\"yes\""},"geometry":{"type":"LineString","coordinates":[[121.0199745,14.7142044],[121.0199302,14.7145659],[121.0199498,14.7146176],[121.0199913,14.7146357],[121.0202341,14.7146591]]}},
{"type":"Feature","properties":{"osm_id":"1339845189","name":"Sierra Vista Street","highway":"residential","z_order":3},"geometry":{"type":"LineString","coordinates":[[121.0207975,14.7140029],[121.0206984,14.7139984]]}},
{"type":"Feature","properties":{"osm_id":"1339845190","name":"Samonte Road","highway":"residential","z_order":3,"other_tags":"\"foot\"=>\"no\",\"lanes\"=>\"2\",\"lit\"=>\"yes\",\"sidewalk\"=>\"both\",\"surface\"=>\"concrete\""},"geometry":{"type":"LineString","coordinates":[[121.0206575,14.7162894],[121.0207458,14.7163207]]}},
{"type":"Feature","properties":{"osm_id":"1339845191","name":"Samonte Road","highway":"residential","z_order":3,"other_tags":"\"lanes\"=>\"2\",\"lit\"=>\"yes\",\"sidewalk\"=>\"both\",\"surface\"=>\"concrete\""},"geometry":{"type":"LineString","coordinates":[[121.0196106,14.716068],[121.0197207,14.7160294],[121.0198257,14.7160086],[121.0199299,14.7160203],[121.0201845,14.7161051],[121.0206575,14.7162894]]}},
{"type":"Feature","properties":{"osm_id":"1339859536","name":"Victoria Road","highway":"residential","z_order":3},"geometry":{"type":"LineString","coordinates":[[121.0207816,14.7131069],[121.0208803,14.713112]]}},
{"type":"Feature","properties":{"osm_id":"1340046581","highway":"residential","z_order":3,"other_tags":"\"access\"=>\"private\",\"smoothness\"=>\"intermediate\",\"surface\"=>\"unpaved\""},"geometry":{"type":"LineString","coordinates":[[121.0220992,14.7195099],[121.0220884,14.7194251],[121.0220607,14.7192988],[121.0219929,14.7190011],[121.0219862,14.7189434],[121.0219813,14.7187629]]}},
{"type":"Feature","properties":{"osm_id":"1358661996","name":"General Luis Street","highway":"primary","z_order":7,"other_tags":"\"cycleway\"=>\"lane\",\"lane_markings\"=>\"no\",\"lanes\"=>\"2\",\"lit\"=>\"yes\",\"mapillary\"=>\"2837946643202757\",\"maxspeed\"=>\"40\",\"maxspeed:type\"=>\"PH:urban\",\"old_name\"=>\"Polo-Novaliches Road\",\"ref\"=>\"118\",\"sidewalk\"=>\"both\",\"surface\"=>\"concrete\",\"wikidata\"=>\"Q60763455\",\"wikipedia\"=>\"en:General Luis Street\""},"geometry":{"type":"LineString","coordinates":[[121.0211422,14.7197336],[121.0209871,14.7198146],[121.0208475,14.7198857],[121.0207408,14.7199338],[121.0206377,14.7199763],[121.0204982,14.7200237],[121.020348,14.7200651],[121.0202273,14.7200938],[121.0199533,14.72016],[121.0194699,14.7202823],[121.0192281,14.7203435],[121.0189909,14.7204025],[121.0187995,14.7204472],[121.0185913,14.7204829],[121.018458,14.7204885],[121.0183546,14.7204897]]}},
{"type":"Feature","properties":{"osm_id":"1428181249","highway":"service","z_order":0},"geometry":{"type":"LineString","coordinates":[[121.015166,14.711603],[121.0152066,14.711859]]}},
{"type":"Feature","properties":{"osm_id":"1428181250","highway":"service","z_order":0},"geometry":{"type":"LineString","coordinates":[[121.0148616,14.711865],[121.0150842,14.7118482],[121.0152066,14.711859],[121.0153042,14.7118676],[121.0155151,14.7118577]]}},
{"type":"Feature","properties":{"osm_id":"1428181251","highway":"service","z_order":0},"geometry":{"type":"LineString","coordinates":[[121.0214256,14.7173493],[121.0214967,14.7173058],[121.0215571,14.7172799],[121.0216168,14.7172669],[121.0216951,14.717244]]}},
{"type":"Feature","properties":{"osm_id":"1428185350","highway":"service","z_order":0},"geometry":{"type":"LineString","coordinates":[[121.0197513,14.7102086],[121.019746,14.7104857]]}},
{"type":"Feature","properties":{"osm_id":"1428185352","highway":"service","z_order":0},"geometry":{"type":"LineString","coordinates":[[121.0199042,14.711066],[121.0198921,14.7112723],[121.0198907,14.7113131]]}},
{"type":"Feature","properties":{"osm_id":"1428197883","highway":"service","z_order":0},"geometry":{"type":"LineString","coordinates":[[121.0205573,14.7103059],[121.0205533,14.7105056],[121.0205482,14.7105455]]}},
{"type":"Feature","properties":{"osm_id":"1428221718","highway":"service","z_order":0,"other_tags":"\"access\"=>\"private\""},"geometry":{"type":"LineString","coordinates":[[121.0298365,14.7138128],[121.0302052,14.7139327]]}},
{"type":"Feature","properties":{"osm_id":"1428221719","highway":"service","z_order":0,"other_tags":"\"access\"=>\"private\""},"geometry":{"type":"LineString","coordinates":[[121.0256039,14.7154503],[121.0258551,14.7154276]]}},
{"type":"Feature","properties":{"osm_id":"1428221720","highway":"service","z_order":0},"geometry":{"type":"LineString","coordinates":[[121.0164615,14.7118119],[121.01662,14.712658]]}},
{"type":"Feature","properties":{"osm_id":"1428231632","highway":"service","z_order":0},"geometry":{"type":"LineString","coordinates":[[121.0279533,14.7097847],[121.0279481,14.7095276],[121.0279575,14.7095094],[121.0279783,14.7095023],[121.0282633,14.7095004],[121.0282888,14.7095055],[121.0283129,14.709525],[121.0283196,14.7095484],[121.0283089,14.709704],[121.0282955,14.7097351],[121.0282559,14.7098097],[121.0282434,14.7098332]]}},
{"type":"Feature","properties":{"osm_id":"1430123855","highway":"service","z_order":0},"geometry":{"type":"LineString","coordinates":[[121.0172002,14.7229905],[121.0172649,14.7229758],[121.0176138,14.7228772]]}},
{"type":"Feature","properties":{"osm_id":"1430123856","highway":"service","z_order":0},"geometry":{"type":"LineString","coordinates":[[121.0170984,14.7220138],[121.01702,14.7220183],[121.0167399,14.7220396]]}},
{"type":"Feature","properties":{"osm_id":"1430123857","highway":"service","z_order":0},"geometry":{"type":"LineString","coordinates":[[121.0175855,14.7217555],[121.0175939,14.7215268]]}},
{"type":"Feature","properties":{"osm_id":"1430123858","highway":"service","z_order":0},"geometry":{"type":"LineString","coordinates":[[121.0170798,14.721708],[121.0172215,14.7217038],[121.0172933,14.7216899],[121.0174028,14.7216952],[121.0174835,14.7217177],[121.0175855,14.7217555],[121.0177208,14.7218163]]}},
{"type":"Feature","properties":{"osm_id":"1430126352","highway":"service","z_order":0},"geometry":{"type":"LineString","coordinates":[[121.0171085,14.7210816],[121.0170044,14.7210744],[121.0167874,14.7210683]]}},
{"type":"Feature","properties":{"osm_id":"1430126353","highway":"service","z_order":0},"geometry":{"type":"LineString","coordinates":[[121.0170892,14.7213761],[121.0170111,14.7213828],[121.0169522,14.7213991],[121.0169323,14.7214199],[121.0169139,14.7214387],[121.0167783,14.7214519]]}},
{"type":"Feature","properties":{"osm_id":"1430134915","highway":"service","z_order":0},"geometry":{"type":"LineString","coordinates":[[121.0183782,14.7211651],[121.0184308,14.721189],[121.0184623,14.7212017],[121.0184754,14.7212251],[121.0184817,14.7213877],[121.0184639,14.7214264],[121.0184103,14.7214548]]}},
{"type":"Feature","properties":{"osm_id":"1430134916","highway":"service","z_order":0},"geometry":{"type":"LineString","coordinates":[[121.0181941,14.7208666],[121.0182442,14.7208678],[121.0183388,14.7208673],[121.0183546,14.7208713],[121.0183661,14.7208851],[121.0183735,14.7210208],[121.0183803,14.7211433],[121.0183782,14.7211651],[121.0183635,14.7211748],[121.0182699,14.7211809]]}},
{"type":"Feature","properties":{"osm_id":"1430136774","highway":"service","z_order":0,"other_tags":"\"access\"=>\"private\""},"geometry":{"type":"LineString","coordinates":[[121.016136,14.7266503],[121.0159358,14.7267799]]}},
{"type":"Feature","properties":{"osm_id":"1430136775","highway":"service","z_order":0,"other_tags":"\"access\"=>\"private\""},"geometry":{"type":"LineString","coordinates":[[121.0171436,14.726849],[121.0171235,14.726725],[121.0170773,14.7266335],[121.0170216,14.7265766],[121.0169207,14.7265349],[121.0168019,14.7265237],[121.0166411,14.7265674],[121.0163972,14.7266345],[121.016228,14.7266599],[121.016136,14.7266503],[121.0159253,14.7265847],[121.0158749,14.726575],[121.015858,14.7265781],[121.0158423,14.7265949],[121.0158439,14.7266233],[121.0158596,14.7266614],[121.0159358,14.7267799],[121.0159936,14.7269608],[121.0160409,14.7270808],[121.0160546,14.7271479],[121.0160367,14.7272576],[121.0160083,14.7272993],[121.016001,14.7273552],[121.0160378,14.7274548],[121.0161071,14.727589],[121.016268,14.7279285],[121.0164046,14.7281959],[121.0164424,14.7282193],[121.0167388,14.7282731]]}},
{"type":"Feature","properties":{"osm_id":"1430144194","highway":"service","z_order":0,"other_tags":"\"access\"=>\"private\""},"geometry":{"type":"LineString","coordinates":[[121.0199939,14.7229608],[121.0199819,14.723276],[121.0199966,14.7234356],[121.020046,14.7236176]]}},
{"type":"Feature","properties":{"osm_id":"1430144195","highway":"service","z_order":0},"geometry":{"type":"LineString","coordinates":[[121.0222314,14.7180612],[121.0221453,14.7180456],[121.021777,14.7179394]]}},
{"type":"Feature","properties":{"osm_id":"1430145213","highway":"service","z_order":0,"other_tags":"\"access\"=>\"private\",\"service\"=>\"driveway\""},"geometry":{"type":"LineString","coordinates":[[121.0167035,14.7180022],[121.0174141,14.7182377],[121.0178174,14.7183714]]}},
{"type":"Feature","properties":{"osm_id":"1430153648","highway":"service","z_order":0},"geometry":{"type":"LineString","coordinates":[[121.0265146,14.7196816],[121.0265917,14.7195601],[121.0267861,14.719247]]}},
{"type":"Feature","properties":{"osm_id":"1430178551","highway":"service","z_order":0},"geometry":{"type":"LineString","coordinates":[[121.0317686,14.7223836],[121.0316898,14.7223768],[121.0314417,14.7223508]]}},
{"type":"Feature","properties":{"osm_id":"1430178554","highway":"service","z_order":0},"geometry":{"type":"LineString","coordinates":[[121.0320943,14.7256059],[121.0320765,14.7255838],[121.0320438,14.7255371],[121.0320412,14.7255105],[121.0320723,14.7254672]]}},
{"type":"Feature","properties":{"osm_id":"1430179340","highway":"service","z_order":0,"other_tags":"\"access\"=>\"private\""},"geometry":{"type":"LineString","coordinates":[[121.0227661,14.7239352],[121.0227855,14.7238606],[121.0227815,14.723799],[121.0227527,14.7237316],[121.0227185,14.7236654]]}},
{"type":"Feature","properties":{"osm_id":"1430422553","highway":"service","z_order":0},"geometry":{"type":"LineString","coordinates":[[121.0148979,14.7199752],[121.0149186,14.7197426],[121.0149228,14.7196699],[121.0149255,14.7196576],[121.0149347,14.7196495],[121.0149488,14.7196485],[121.0149997,14.7196515],[121.0150628,14.7196521],[121.0151712,14.7196638]]}},
{"type":"Feature","properties":{"osm_id":"1430446033","highway":"service","z_order":0},"geometry":{"type":"LineString","coordinates":[[121.0331221,14.7257751],[121.0330882,14.7257696],[121.0329786,14.7257586],[121.0329157,14.725762]]}},
{"type":"Feature","properties":{"osm_id":"1430464532","highway":"service","z_order":0},"geometry":{"type":"LineString","coordinates":[[121.032654,14.7217752],[121.0327017,14.721642],[121.0327727,14.7214384],[121.0328384,14.7212321],[121.0328639,14.7208832],[121.0328572,14.7205888],[121.0329182,14.7201426]]}},
{"type":"Feature","properties":{"osm_id":"1431883918","highway":"service","z_order":0,"other_tags":"\"service\"=>\"driveway\""},"geometry":{"type":"LineString","coordinates":[[121.0339519,14.7137216],[121.0340602,14.7137589]]}},
{"type":"Feature","properties":{"osm_id":"1431883925","highway":"service","z_order":0},"geometry":{"type":"LineString","coordinates":[[121.031618,14.7167003],[121.0315557,14.7169355]]}},
{"type":"Feature","properties":{"osm_id":"1431884094","highway":"service","z_order":0,"other_tags":"\"access\"=>\"private\""},"geometry":{"type":"LineString","coordinates":[[121.0320633,14.7165218],[121.0320359,14.7161859]]}},
{"type":"Feature","properties":{"osm_id":"1431884339","highway":"service","z_order":0,"other_tags":"\"access\"=>\"private\""},"geometry":{"type":"LineString","coordinates":[[121.0320204,14.7114072],[121.0320029,14.7114963],[121.0319946,14.7115534]]}},
{"type":"Feature","properties":{"osm_id":"1431884340","highway":"service","z_order":0,"other_tags":"\"access\"=>\"private\""},"geometry":{"type":"LineString","coordinates":[[121.0328044,14.7117957],[121.0328183,14.7117587],[121.0328183,14.7117149],[121.0327865,14.7116679]]}},
{"type":"Feature","properties":{"osm_id":"1434804100","name":"Katipunan Extension","highway":"secondary","z_order":6,"other_tags":"\"designation\"=>\"city_road\",\"lanes\"=>\"4\",\"lanes:backward\"=>\"2\",\"lanes:forward\"=>\"2\",\"lit\"=>\"yes\",\"maxspeed\"=>\"30\",\"maxspeed:type\"=>\"PH:urban\",\"surface\"=>\"concrete\""},"geometry":{"type":"LineString","coordinates":[[121.0211383,14.7193764],[121.0211492,14.71955],[121.0211422,14.7197336]]}},
{"type":"Feature","properties":{"osm_id":"1494487503","highway":"residential","z_order":3,"other_tags":"\"access\"=>\"private\""},"geometry":{"type":"LineString","coordinates":[[121.0132177,14.7225579],[121.0132247,14.7244412],[121.0136967,14.7244377]]}}
]
}
