{
  "type": "FeatureCollection",
  "generator": "overpass-turbo",
  "copyright": "The data included in this document is from www.openstreetmap.org. The data is made available under ODbL.",
  "timestamp": "2026-08-07T04:44:38Z",
  "features": [
    {
      "type": "Feature",
      "properties": {
        "@id": "relation/4040932",
        "leisure": "park",
        "type": "multipolygon"
      },
      "geometry": {
        "type": "Polygon",
        "coordinates": [
          [
            [
              121.0621842,
              14.6515433
            ],
            [
              121.0608859,
              14.6515614
            ],
            [
              121.0609003,
              14.6509124
            ],
            [
              121.061005,
              14.6508133
            ],
            [
              121.0612322,
              14.6507918
            ],
            [
              121.0614303,
              14.650766
            ],
            [
              121.0619151,
              14.6507294
            ],
            [
              121.0620753,
              14.6506026
            ],
            [
              121.0622028,
              14.6506035
            ],
            [
              121.0621842,
              14.6515433
            ]
          ]
        ]
      },
      "id": "relation/4040932"
    },
    {
      "type": "Feature",
      "properties": {
        "@id": "relation/12569939",
        "leisure": "park",
        "name": "Fil-Jap Landmark Park",
        "type": "multipolygon"
      },
      "geometry": {
        "type": "Polygon",
        "coordinates": [
          [
            [
              121.0818068,
              14.6151249
            ],
            [
              121.0818097,
              14.6150711
            ],
            [
              121.0818801,
              14.614954
            ],
            [
              121.0819351,
              14.6149246
            ],
            [
              121.0819352,
              14.6149901
            ],
            [
              121.0818698,
              14.6150952
            ],
            [
              121.0818068,
              14.6151249
            ]
          ]
        ]
      },
      "id": "relation/12569939"
    },
    {
      "type": "Feature",
      "properties": {
        "@id": "relation/14764368",
        "leisure": "park",
        "type": "multipolygon"
      },
      "geometry": {
        "type": "Polygon",
        "coordinates": [
          [
            [
              121.0673444,
              14.6211206
            ],
            [
              121.0673538,
              14.6210379
            ],
            [
              121.0673893,
              14.6209691
            ],
            [
              121.0674973,
              14.6208688
            ],
            [
              121.067498,
              14.6211212
            ],
            [
              121.0673444,
              14.6211206
            ]
          ]
        ]
      },
      "id": "relation/14764368"
    },
    {
      "type": "Feature",
      "properties": {
        "@id": "relation/14775245",
        "addr:city": "Quezon City",
        "leisure": "park",
        "name": "Plaza Bugallon Oval",
        "name:abbr": "Plaza Bugallon",
        "type": "multipolygon"
      },
      "geometry": {
        "type": "MultiPolygon",
        "coordinates": [
          [
            [
              [
                121.0660332,
                14.6247259
              ],
              [
                121.0658625,
                14.6249553
              ],
              [
                121.0658323,
                14.6249718
              ],
              [
                121.0657875,
                14.6249657
              ],
              [
                121.065773,
                14.6249347
              ],
              [
                121.0657792,
                14.6249063
              ],
              [
                121.0659526,
                14.6246656
              ],
              [
                121.0660332,
                14.6247259
              ]
            ]
          ],
          [
            [
              [
                121.0659825,
                14.6246314
              ],
              [
                121.0661531,
                14.6243871
              ],
              [
                121.0661905,
                14.6243726
              ],
              [
                121.0662326,
                14.6243791
              ],
              [
                121.0662465,
                14.6244075
              ],
              [
                121.0662439,
                14.6244426
              ],
              [
                121.0660636,
                14.624695
              ],
              [
                121.0659825,
                14.6246314
              ]
            ]
          ]
        ]
      },
      "id": "relation/14775245"
    },
    {
      "type": "Feature",
      "properties": {
        "@id": "relation/14988954",
        "leisure": "park",
        "type": "multipolygon"
      },
      "geometry": {
        "type": "Polygon",
        "coordinates": [
          [
            [
              121.1166317,
              14.6797358
            ],
            [
              121.1164429,
              14.6798302
            ],
            [
              121.1162455,
              14.6796943
            ],
            [
              121.1161784,
              14.6796502
            ],
            [
              121.1161579,
              14.679622
            ],
            [
              121.1161311,
              14.6796035
            ],
            [
              121.1161116,
              14.6795484
            ],
            [
              121.116101,
              14.6795307
            ],
            [
              121.1160597,
              14.6793875
            ],
            [
              121.1160305,
              14.6793474
            ],
            [
              121.1158673,
              14.6792117
            ],
            [
              121.115768,
              14.6791284
            ],
            [
              121.1162599,
              14.6789561
            ],
            [
              121.1165927,
              14.6796501
            ],
            [
              121.1166317,
              14.6797358
            ]
          ]
        ]
      },
      "id": "relation/14988954"
    },
    {
      "type": "Feature",
      "properties": {
        "@id": "relation/16629584",
        "leisure": "park",
        "type": "multipolygon"
      },
      "geometry": {
        "type": "Polygon",
        "coordinates": [
          [
            [
              121.0991715,
              14.6473437
            ],
            [
              121.0991627,
              14.6472769
            ],
            [
              121.0990982,
              14.6472004
            ],
            [
              121.0989694,
              14.6466254
            ],
            [
              121.0989063,
              14.6464547
            ],
            [
              121.0990564,
              14.646351
            ],
            [
              121.0991962,
              14.646288
            ],
            [
              121.0994919,
              14.6466681
            ],
            [
              121.0995737,
              14.6468557
            ],
            [
              121.0995673,
              14.6471649
            ],
            [
              121.0994801,
              14.6476623
            ],
            [
              121.0992868,
              14.6476019
            ],
            [
              121.099207,
              14.647528
            ],
            [
              121.0991715,
              14.6473437
            ]
          ]
        ]
      },
      "id": "relation/16629584"
    },
    {
      "type": "Feature",
      "properties": {
        "@id": "relation/17698096",
        "leisure": "park",
        "name": "Ilaya Park",
        "type": "multipolygon"
      },
      "geometry": {
        "type": "Polygon",
        "coordinates": [
          [
            [
              121.0814429,
              14.6168856
            ],
            [
              121.0815171,
              14.6163103
            ],
            [
              121.0820505,
              14.6164078
            ],
            [
              121.0819962,
              14.6170099
            ],
            [
              121.0816988,
              14.6169258
            ],
            [
              121.0814429,
              14.6168856
            ]
          ]
        ]
      },
      "id": "relation/17698096"
    },
    {
      "type": "Feature",
      "properties": {
        "@id": "relation/17758178",
        "leisure": "park",
        "type": "multipolygon"
      },
      "geometry": {
        "type": "Polygon",
        "coordinates": [
          [
            [
              121.1110638,
              14.6361383
            ],
            [
              121.1110366,
              14.6359935
            ],
            [
              121.1111113,
              14.6359999
            ],
            [
              121.111511,
              14.6361601
            ],
            [
              121.1117531,
              14.636225
            ],
            [
              121.1120756,
              14.6363042
            ],
            [
              121.1122969,
              14.6364183
            ],
            [
              121.1127911,
              14.6369997
            ],
            [
              121.1127622,
              14.6370204
            ],
            [
              121.1124196,
              14.6366344
            ],
            [
              121.1111891,
              14.6361108
            ],
            [
              121.1110638,
              14.6361383
            ]
          ]
        ]
      },
      "id": "relation/17758178"
    },
    {
      "type": "Feature",
      "properties": {
        "@id": "relation/17876581",
        "leisure": "park",
        "name": "Carillon Plaza",
        "type": "multipolygon"
      },
      "geometry": {
        "type": "Polygon",
        "coordinates": [
          [
            [
              121.0668931,
              14.6563742
            ],
            [
              121.0666867,
              14.6563761
            ],
            [
              121.0666832,
              14.6567427
            ],
            [
              121.0664304,
              14.656743
            ],
            [
              121.0663143,
              14.6567436
            ],
            [
              121.066315,
              14.6562953
            ],
            [
              121.0664229,
              14.6561442
            ],
            [
              121.0668938,
              14.6561424
            ],
            [
              121.0668931,
              14.6563742
            ]
          ]
        ]
      },
      "id": "relation/17876581"
    },
    {
      "type": "Feature",
      "properties": {
        "@id": "way/4794369",
        "leisure": "park",
        "name": "Marikina-Yeongdo Friendship Park",
        "name:en": "Marikina-Yeongdo Friendship Park",
        "name:ko": "마리키나-영도구 우호공원"
      },
      "geometry": {
        "type": "Polygon",
        "coordinates": [
          [
            [
              121.1164479,
              14.6505308
            ],
            [
              121.1165495,
              14.6504798
            ],
            [
              121.116689,
              14.6503981
            ],
            [
              121.116889,
              14.6502275
            ],
            [
              121.1169124,
              14.6502866
            ],
            [
              121.1169948,
              14.6504835
            ],
            [
              121.1170666,
              14.6506401
            ],
            [
              121.1158417,
              14.6510503
            ],
            [
              121.115732,
              14.6508887
            ],
            [
              121.1155703,
              14.6506525
            ],
            [
              121.1158535,
              14.6506563
            ],
            [
              121.1160959,
              14.6506326
            ],
            [
              121.1163497,
              14.6505654
            ],
            [
              121.1164479,
              14.6505308
            ]
          ]
        ]
      },
      "id": "way/4794369"
    },
    {
      "type": "Feature",
      "properties": {
        "@id": "way/5169095",
        "addr:city": "Marikina",
        "leisure": "park",
        "name": "Freedom Park"
      },
      "geometry": {
        "type": "Polygon",
        "coordinates": [
          [
            [
              121.0978644,
              14.6327304
            ],
            [
              121.0985969,
              14.6328164
            ],
            [
              121.0985578,
              14.6330896
            ],
            [
              121.0978224,
              14.6330072
            ],
            [
              121.0978644,
              14.6327304
            ]
          ]
        ]
      },
      "id": "way/5169095"
    },
    {
      "type": "Feature",
      "properties": {
        "@id": "way/5644353",
        "leisure": "park",
        "name": "Parang Plaza",
        "place": "square"
      },
      "geometry": {
        "type": "Polygon",
        "coordinates": [
          [
            [
              121.1119944,
              14.6589074
            ],
            [
              121.111775,
              14.6594767
            ],
            [
              121.1109844,
              14.6591866
            ],
            [
              121.1111983,
              14.6586368
            ],
            [
              121.1119944,
              14.6589074
            ]
          ]
        ]
      },
      "id": "way/5644353"
    },
    {
      "type": "Feature",
      "properties": {
        "@id": "way/18338479",
        "landuse": "forest",
        "name": "Mini-forest"
      },
      "geometry": {
        "type": "Polygon",
        "coordinates": [
          [
            [
              121.0759613,
              14.6441938
            ],
            [
              121.0761887,
              14.6439282
            ],
            [
              121.0762095,
              14.6439039
            ],
            [
              121.0764625,
              14.6435085
            ],
            [
              121.0767205,
              14.6432939
            ],
            [
              121.0767754,
              14.6432771
            ],
            [
              121.076917,
              14.6433542
            ],
            [
              121.077017,
              14.6434204
            ],
            [
              121.0771663,
              14.6434981
            ],
            [
              121.0773154,
              14.6434713
            ],
            [
              121.0781093,
              14.6434188
            ],
            [
              121.0784025,
              14.6438009
            ],
            [
              121.07854,
              14.6439807
            ],
            [
              121.0786022,
              14.6440724
            ],
            [
              121.0786723,
              14.6444448
            ],
            [
              121.0773778,
              14.6442725
            ],
            [
              121.0773938,
              14.6441329
            ],
            [
              121.0772408,
              14.6440737
            ],
            [
              121.07712,
              14.644054
            ],
            [
              121.0768659,
              14.6440688
            ],
            [
              121.076742,
              14.6442879
            ],
            [
              121.0759613,
              14.6441938
            ]
          ]
        ]
      },
      "id": "way/18338479"
    },
    {
      "type": "Feature",
      "properties": {
        "@id": "way/19018649",
        "leisure": "park",
        "name": "Marikina Riverbanks"
      },
      "geometry": {
        "type": "Polygon",
        "coordinates": [
          [
            [
              121.0801627,
              14.6203064
            ],
            [
              121.0805859,
              14.6204266
            ],
            [
              121.0807315,
              14.6203344
            ],
            [
              121.0809835,
              14.6206823
            ],
            [
              121.0812973,
              14.621466
            ],
            [
              121.0814834,
              14.6228258
            ],
            [
              121.0815032,
              14.6229803
            ],
            [
              121.0814959,
              14.6232547
            ],
            [
              121.0814853,
              14.6236455
            ],
            [
              121.081473,
              14.6239762
            ],
            [
              121.0814661,
              14.6241656
            ],
            [
              121.0814534,
              14.6244938
            ],
            [
              121.0814586,
              14.6247646
            ],
            [
              121.0814714,
              14.624878
            ],
            [
              121.0815027,
              14.6250644
            ],
            [
              121.0815674,
              14.6253184
            ],
            [
              121.0816576,
              14.625434
            ],
            [
              121.0820956,
              14.6269871
            ],
            [
              121.0821624,
              14.6273011
            ],
            [
              121.0824568,
              14.6281979
            ],
            [
              121.0826635,
              14.6288059
            ],
            [
              121.0827712,
              14.6291252
            ],
            [
              121.0828676,
              14.6293777
            ],
            [
              121.0829335,
              14.6295338
            ],
            [
              121.0830696,
              14.6298075
            ],
            [
              121.0831568,
              14.6299686
            ],
            [
              121.0832456,
              14.6300982
            ],
            [
              121.0833294,
              14.6301887
            ],
            [
              121.0834074,
              14.6302566
            ],
            [
              121.0835276,
              14.6303514
            ],
            [
              121.0836686,
              14.6304391
            ],
            [
              121.0838892,
              14.6305231
            ],
            [
              121.0840676,
              14.6305651
            ],
            [
              121.0842056,
              14.6305806
            ],
            [
              121.0844221,
              14.6305467
            ],
            [
              121.0846167,
              14.6304742
            ],
            [
              121.0854015,
              14.6300885
            ],
            [
              121.0861214,
              14.6295898
            ],
            [
              121.0862221,
              14.6294734
            ],
            [
              121.0863115,
              14.6293559
            ],
            [
              121.0863997,
              14.6292393
            ],
            [
              121.0865611,
              14.629024
            ],
            [
              121.0867844,
              14.6287192
            ],
            [
              121.0870265,
              14.6283905
            ],
            [
              121.0871715,
              14.6281987
            ],
            [
              121.0873033,
              14.6280386
            ],
            [
              121.0877543,
              14.6275442
            ],
            [
              121.0881648,
              14.6271008
            ],
            [
              121.08832,
              14.6272848
            ],
            [
              121.0881873,
              14.6273989
            ],
            [
              121.0880252,
              14.627554
            ],
            [
              121.0876794,
              14.6279285
            ],
            [
              121.0870795,
              14.6285571
            ],
            [
              121.0870313,
              14.6286084
            ],
            [
              121.0869903,
              14.6286629
            ],
            [
              121.0863836,
              14.6295246
            ],
            [
              121.0861411,
              14.629791
            ],
            [
              121.0859487,
              14.6300218
            ],
            [
              121.0859347,
              14.6301321
            ],
            [
              121.0859678,
              14.6302217
            ],
            [
              121.0860644,
              14.6303656
            ],
            [
              121.0860836,
              14.630479
            ],
            [
              121.0855031,
              14.6305845
            ],
            [
              121.0849153,
              14.6312564
            ],
            [
              121.0845349,
              14.6313141
            ],
            [
              121.0843423,
              14.6314476
            ],
            [
              121.0839941,
              14.6315487
            ],
            [
              121.0839263,
              14.6312597
            ],
            [
              121.0838373,
              14.631259
            ],
            [
              121.083618,
              14.6311935
            ],
            [
              121.0835002,
              14.6310855
            ],
            [
              121.0834151,
              14.6309382
            ],
            [
              121.0833716,
              14.6307544
            ],
            [
              121.0833263,
              14.6306648
            ],
            [
              121.0832106,
              14.6304966
            ],
            [
              121.0830631,
              14.6302011
            ],
            [
              121.0831042,
              14.6301694
            ],
            [
              121.0828266,
              14.629763
            ],
            [
              121.0827681,
              14.6296512
            ],
            [
              121.0827016,
              14.6294712
            ],
            [
              121.0825114,
              14.6287135
            ],
            [
              121.0823546,
              14.6287384
            ],
            [
              121.0819325,
              14.6270534
            ],
            [
              121.0819112,
              14.6267429
            ],
            [
              121.0816085,
              14.6259416
            ],
            [
              121.0813023,
              14.6251478
            ],
            [
              121.0812503,
              14.6249397
            ],
            [
              121.0812518,
              14.6247481
            ],
            [
              121.0812544,
              14.6243297
            ],
            [
              121.0813334,
              14.6229214
            ],
            [
              121.081305,
              14.6226612
            ],
            [
              121.08119,
              14.621914
            ],
            [
              121.0807262,
              14.6212815
            ],
            [
              121.0800148,
              14.6203841
            ],
            [
              121.0801627,
              14.6203064
            ]
          ]
        ]
      },
      "id": "way/19018649"
    },
    {
      "type": "Feature",
      "properties": {
        "@id": "way/25175881",
        "leisure": "park",
        "name": "Marikina River Park"
      },
      "geometry": {
        "type": "Polygon",
        "coordinates": [
          [
            [
              121.0939885,
              14.624786
            ],
            [
              121.0937632,
              14.6249989
            ],
            [
              121.0941465,
              14.6259003
            ],
            [
              121.0943965,
              14.6267738
            ],
            [
              121.0946125,
              14.62878
            ],
            [
              121.0946495,
              14.6291573
            ],
            [
              121.0945175,
              14.6299867
            ],
            [
              121.0947535,
              14.6300813
            ],
            [
              121.0945645,
              14.630372
            ],
            [
              121.0943665,
              14.631161
            ],
            [
              121.0942395,
              14.6321636
            ],
            [
              121.0941355,
              14.6330046
            ],
            [
              121.0938376,
              14.6343473
            ],
            [
              121.0937954,
              14.6345296
            ],
            [
              121.0937137,
              14.6350761
            ],
            [
              121.0936595,
              14.6354322
            ],
            [
              121.0936653,
              14.6357256
            ],
            [
              121.0936014,
              14.6357638
            ],
            [
              121.0935498,
              14.6358118
            ],
            [
              121.0935069,
              14.6358849
            ],
            [
              121.0935073,
              14.6360888
            ],
            [
              121.093523,
              14.6361673
            ],
            [
              121.0937332,
              14.6363439
            ],
            [
              121.0935482,
              14.6378315
            ],
            [
              121.0935241,
              14.6382492
            ],
            [
              121.0935076,
              14.6382782
            ],
            [
              121.0937068,
              14.6383105
            ],
            [
              121.0938991,
              14.6383016
            ],
            [
              121.0939414,
              14.6383945
            ],
            [
              121.0938378,
              14.6384566
            ],
            [
              121.0937188,
              14.6386987
            ],
            [
              121.0937148,
              14.6393859
            ],
            [
              121.0937148,
              14.6396566
            ],
            [
              121.0936106,
              14.6398137
            ],
            [
              121.0934923,
              14.6398399
            ],
            [
              121.09325,
              14.6398254
            ],
            [
              121.0926611,
              14.6396451
            ],
            [
              121.0924753,
              14.6403196
            ],
            [
              121.0923292,
              14.6402744
            ],
            [
              121.0921839,
              14.6402259
            ],
            [
              121.0923779,
              14.6396221
            ],
            [
              121.0927203,
              14.6385961
            ],
            [
              121.0928969,
              14.6379823
            ],
            [
              121.0930863,
              14.6373242
            ],
            [
              121.0932112,
              14.6368134
            ],
            [
              121.0932936,
              14.6364178
            ],
            [
              121.0933294,
              14.6362165
            ],
            [
              121.0934098,
              14.6357216
            ],
            [
              121.0934463,
              14.635613
            ],
            [
              121.0934697,
              14.6354964
            ],
            [
              121.0935573,
              14.6350764
            ],
            [
              121.0936111,
              14.6347455
            ],
            [
              121.0936418,
              14.6346147
            ],
            [
              121.0936716,
              14.63446
            ],
            [
              121.093713,
              14.6342551
            ],
            [
              121.0937337,
              14.6341425
            ],
            [
              121.0937803,
              14.633831
            ],
            [
              121.0938131,
              14.6336437
            ],
            [
              121.0938287,
              14.6335361
            ],
            [
              121.0938391,
              14.6334729
            ],
            [
              121.0938716,
              14.6332194
            ],
            [
              121.0938779,
              14.6331662
            ],
            [
              121.0939003,
              14.6329444
            ],
            [
              121.0939147,
              14.6326796
            ],
            [
              121.0939188,
              14.6325485
            ],
            [
              121.093931,
              14.6323695
            ],
            [
              121.0939356,
              14.6323148
            ],
            [
              121.093951,
              14.6321788
            ],
            [
              121.0939599,
              14.6321246
            ],
            [
              121.0940123,
              14.6317912
            ],
            [
              121.0940201,
              14.6317346
            ],
            [
              121.0940905,
              14.6312735
            ],
            [
              121.0940994,
              14.6312229
            ],
            [
              121.0941271,
              14.6310335
            ],
            [
              121.0941364,
              14.6309785
            ],
            [
              121.0941728,
              14.6307592
            ],
            [
              121.0941829,
              14.6307049
            ],
            [
              121.0942445,
              14.6303868
            ],
            [
              121.0942546,
              14.6303322
            ],
            [
              121.0943325,
              14.6299131
            ],
            [
              121.0943731,
              14.6296668
            ],
            [
              121.0943956,
              14.6295
            ],
            [
              121.0944137,
              14.6293127
            ],
            [
              121.0944221,
              14.6291331
            ],
            [
              121.0944244,
              14.6289044
            ],
            [
              121.0944253,
              14.6287901
            ],
            [
              121.0944206,
              14.6287328
            ],
            [
              121.0944191,
              14.6286538
            ],
            [
              121.0943811,
              14.628368
            ],
            [
              121.0943687,
              14.6281359
            ],
            [
              121.0943149,
              14.6276685
            ],
            [
              121.0942501,
              14.6272166
            ],
            [
              121.0942003,
              14.6268609
            ],
            [
              121.0941101,
              14.6264223
            ],
            [
              121.0940403,
              14.6261722
            ],
            [
              121.0939655,
              14.6259494
            ],
            [
              121.0939244,
              14.6258339
            ],
            [
              121.0937357,
              14.6253984
            ],
            [
              121.0935641,
              14.6250277
            ],
            [
              121.0933497,
              14.6247018
            ],
            [
              121.0932298,
              14.6245541
            ],
            [
              121.0929647,
              14.6242857
            ],
            [
              121.0927025,
              14.6240945
            ],
            [
              121.0924262,
              14.6239839
            ],
            [
              121.0911547,
              14.6239597
            ],
            [
              121.0908446,
              14.6240326
            ],
            [
              121.090573,
              14.6241331
            ],
            [
              121.0903765,
              14.6242233
            ],
            [
              121.0900614,
              14.6243959
            ],
            [
              121.0897516,
              14.6246022
            ],
            [
              121.089423,
              14.6248488
            ],
            [
              121.089022,
              14.6251875
            ],
            [
              121.0887149,
              14.6254762
            ],
            [
              121.0885566,
              14.6256442
            ],
            [
              121.0881235,
              14.6260893
            ],
            [
              121.0876763,
              14.6265385
            ],
            [
              121.0872989,
              14.6269569
            ],
            [
              121.0871782,
              14.6270866
            ],
            [
              121.0868011,
              14.6275
            ],
            [
              121.0865365,
              14.627815
            ],
            [
              121.0863233,
              14.628159
            ],
            [
              121.0860051,
              14.6287338
            ],
            [
              121.0857573,
              14.6290628
            ],
            [
              121.0854815,
              14.629362
            ],
            [
              121.0852106,
              14.6295382
            ],
            [
              121.0850135,
              14.6296692
            ],
            [
              121.0847467,
              14.6297994
            ],
            [
              121.0843311,
              14.629958
            ],
            [
              121.0842051,
              14.6299879
            ],
            [
              121.0841206,
              14.6299995
            ],
            [
              121.0839838,
              14.6299866
            ],
            [
              121.0838872,
              14.6299502
            ],
            [
              121.0837506,
              14.6297973
            ],
            [
              121.0835905,
              14.629518
            ],
            [
              121.0834921,
              14.6293044
            ],
            [
              121.0833431,
              14.628847
            ],
            [
              121.0831957,
              14.628434
            ],
            [
              121.0830372,
              14.6280541
            ],
            [
              121.0828778,
              14.6275901
            ],
            [
              121.0826803,
              14.6269353
            ],
            [
              121.0826181,
              14.626754
            ],
            [
              121.0825847,
              14.6267061
            ],
            [
              121.0825094,
              14.6265897
            ],
            [
              121.0824186,
              14.6261576
            ],
            [
              121.0823917,
              14.6260063
            ],
            [
              121.0823204,
              14.6257287
            ],
            [
              121.0822597,
              14.6254515
            ],
            [
              121.0822387,
              14.6252054
            ],
            [
              121.0822474,
              14.6250144
            ],
            [
              121.0824006,
              14.6249938
            ],
            [
              121.0823778,
              14.6254813
            ],
            [
              121.0824788,
              14.6260324
            ],
            [
              121.0826634,
              14.6263908
            ],
            [
              121.0830152,
              14.6267643
            ],
            [
              121.0843069,
              14.6279813
            ],
            [
              121.0847359,
              14.6285887
            ],
            [
              121.085016,
              14.6289506
            ],
            [
              121.085258,
              14.6291678
            ],
            [
              121.0857862,
              14.6285599
            ],
            [
              121.0863603,
              14.6277
            ],
            [
              121.0865287,
              14.6276731
            ],
            [
              121.087238,
              14.626783
            ],
            [
              121.0885045,
              14.6255137
            ],
            [
              121.0885553,
              14.6254007
            ],
            [
              121.0893572,
              14.6248083
            ],
            [
              121.0901475,
              14.624266
            ],
            [
              121.0905925,
              14.6240486
            ],
            [
              121.0911185,
              14.6239026
            ],
            [
              121.0916024,
              14.623864
            ],
            [
              121.0920953,
              14.6238687
            ],
            [
              121.0926635,
              14.6239686
            ],
            [
              121.0929115,
              14.6240691
            ],
            [
              121.0930341,
              14.6240884
            ],
            [
              121.0932112,
              14.624311
            ],
            [
              121.0932886,
              14.6243386
            ],
            [
              121.0933422,
              14.6243631
            ],
            [
              121.0934133,
              14.6243396
            ],
            [
              121.0936525,
              14.6242961
            ],
            [
              121.094107,
              14.6243208
            ],
            [
              121.094088,
              14.6244162
            ],
            [
              121.0937152,
              14.6244995
            ],
            [
              121.0939885,
              14.624786
            ]
          ]
        ]
      },
      "id": "way/25175881"
    },
    {
      "type": "Feature",
      "properties": {
        "@id": "way/25849653",
        "alt_name": "SEC Field",
        "leisure": "park",
        "name": "Science Education Complex Field",
        "surface": "grass"
      },
      "geometry": {
        "type": "Polygon",
        "coordinates": [
          [
            [
              121.0768076,
              14.6386369
            ],
            [
              121.0768476,
              14.6385112
            ],
            [
              121.0769702,
              14.6383884
            ],
            [
              121.0771151,
              14.638352
            ],
            [
              121.0772471,
              14.6383751
            ],
            [
              121.0773673,
              14.6384295
            ],
            [
              121.0775611,
              14.6386111
            ],
            [
              121.0772163,
              14.6388617
            ],
            [
              121.0770593,
              14.6386965
            ],
            [
              121.0768076,
              14.6386369
            ]
          ]
        ]
      },
      "id": "way/25849653"
    },
    {
      "type": "Feature",
      "properties": {
        "@id": "way/29251452",
        "leisure": "park",
        "name": "Sunken Garden",
        "official_name": "General del Pilar Parade Grounds"
      },
      "geometry": {
        "type": "Polygon",
        "coordinates": [
          [
            [
              121.0715081,
              14.6560489
            ],
            [
              121.0715313,
              14.6545148
            ],
            [
              121.071543,
              14.6544404
            ],
            [
              121.0715521,
              14.6543434
            ],
            [
              121.0714828,
              14.6542895
            ],
            [
              121.0715059,
              14.6542244
            ],
            [
              121.0715392,
              14.6539909
            ],
            [
              121.0726241,
              14.6540061
            ],
            [
              121.0726626,
              14.6540136
            ],
            [
              121.0726907,
              14.6540225
            ],
            [
              121.0727282,
              14.6540413
            ],
            [
              121.0727582,
              14.6540615
            ],
            [
              121.0727826,
              14.654085
            ],
            [
              121.0728032,
              14.6541102
            ],
            [
              121.0729979,
              14.6545241
            ],
            [
              121.0730098,
              14.65456
            ],
            [
              121.0730196,
              14.6545876
            ],
            [
              121.0730253,
              14.6546251
            ],
            [
              121.0730282,
              14.6546674
            ],
            [
              121.0730296,
              14.6547657
            ],
            [
              121.0730247,
              14.6556426
            ],
            [
              121.073023,
              14.6556595
            ],
            [
              121.0730196,
              14.6556922
            ],
            [
              121.0730071,
              14.6557404
            ],
            [
              121.0727866,
              14.6560107
            ],
            [
              121.0727636,
              14.6560277
            ],
            [
              121.0727364,
              14.6560439
            ],
            [
              121.0727086,
              14.6560556
            ],
            [
              121.0715081,
              14.6560489
            ]
          ]
        ]
      },
      "id": "way/29251452"
    },
    {
      "type": "Feature",
      "properties": {
        "@id": "way/29251728",
        "leisure": "park"
      },
      "geometry": {
        "type": "Polygon",
        "coordinates": [
          [
            [
              121.0600643,
              14.6469029
            ],
            [
              121.0607996,
              14.6468975
            ],
            [
              121.0607986,
              14.6470527
            ],
            [
              121.0606151,
              14.6470433
            ],
            [
              121.0604321,
              14.6470972
            ],
            [
              121.0603673,
              14.6471051
            ],
            [
              121.0601704,
              14.6470438
            ],
            [
              121.0600643,
              14.6469029
            ]
          ]
        ]
      },
      "id": "way/29251728"
    },
    {
      "type": "Feature",
      "properties": {
        "@id": "way/29480205",
        "landuse": "grass"
      },
      "geometry": {
        "type": "Polygon",
        "coordinates": [
          [
            [
              121.0632656,
              14.609422
            ],
            [
              121.0633356,
              14.6091419
            ],
            [
              121.0635425,
              14.6091904
            ],
            [
              121.0634725,
              14.6094704
            ],
            [
              121.0636171,
              14.6095026
            ],
            [
              121.0636788,
              14.6092217
            ],
            [
              121.0642836,
              14.6093705
            ],
            [
              121.0637626,
              14.6114596
            ],
            [
              121.0628477,
              14.6112618
            ],
            [
              121.0632656,
              14.609422
            ]
          ]
        ]
      },
      "id": "way/29480205"
    },
    {
      "type": "Feature",
      "properties": {
        "@id": "way/30062454",
        "leisure": "park",
        "name": "Marikina River Park"
      },
      "geometry": {
        "type": "Polygon",
        "coordinates": [
          [
            [
              121.0915716,
              14.6400594
            ],
            [
              121.0912511,
              14.6399752
            ],
            [
              121.0913816,
              14.6393116
            ],
            [
              121.0914278,
              14.6389128
            ],
            [
              121.0914645,
              14.6386626
            ],
            [
              121.0916635,
              14.6381584
            ],
            [
              121.0918026,
              14.6376656
            ],
            [
              121.0918941,
              14.6374139
            ],
            [
              121.0919466,
              14.6372059
            ],
            [
              121.0921648,
              14.6370602
            ],
            [
              121.0924405,
              14.636613
            ],
            [
              121.0925554,
              14.6361487
            ],
            [
              121.0925866,
              14.635973
            ],
            [
              121.092721,
              14.6350627
            ],
            [
              121.092875,
              14.6344668
            ],
            [
              121.0929806,
              14.6338797
            ],
            [
              121.0930042,
              14.6336234
            ],
            [
              121.0928881,
              14.633237
            ],
            [
              121.0928072,
              14.6329715
            ],
            [
              121.0928185,
              14.6327215
            ],
            [
              121.0928294,
              14.632635
            ],
            [
              121.0930308,
              14.6322734
            ],
            [
              121.0930913,
              14.6319585
            ],
            [
              121.0931476,
              14.6314525
            ],
            [
              121.093249,
              14.631029
            ],
            [
              121.0933645,
              14.6305574
            ],
            [
              121.0935091,
              14.6300595
            ],
            [
              121.0937006,
              14.6301846
            ],
            [
              121.0936614,
              14.6304633
            ],
            [
              121.0935706,
              14.6310968
            ],
            [
              121.0935255,
              14.6315166
            ],
            [
              121.0934786,
              14.6317433
            ],
            [
              121.0934574,
              14.6319262
            ],
            [
              121.09346,
              14.6320467
            ],
            [
              121.0934088,
              14.6326177
            ],
            [
              121.0932796,
              14.6337626
            ],
            [
              121.0929106,
              14.6352658
            ],
            [
              121.0927906,
              14.6358554
            ],
            [
              121.0921976,
              14.6381474
            ],
            [
              121.0915716,
              14.6400594
            ]
          ]
        ]
      },
      "id": "way/30062454"
    },
    {
      "type": "Feature",
      "properties": {
        "@id": "way/30062456",
        "leisure": "park",
        "name": "Marikina River Park"
      },
      "geometry": {
        "type": "Polygon",
        "coordinates": [
          [
            [
              121.08832,
              14.6272848
            ],
            [
              121.0881648,
              14.6271008
            ],
            [
              121.0884403,
              14.6268249
            ],
            [
              121.0890963,
              14.6260419
            ],
            [
              121.0891236,
              14.6257994
            ],
            [
              121.0901603,
              14.6249254
            ],
            [
              121.0906873,
              14.6246372
            ],
            [
              121.0912053,
              14.6244781
            ],
            [
              121.0916534,
              14.6244511
            ],
            [
              121.0920828,
              14.6244487
            ],
            [
              121.0924288,
              14.6245524
            ],
            [
              121.0926111,
              14.6246796
            ],
            [
              121.0931732,
              14.6253737
            ],
            [
              121.0935417,
              14.6263788
            ],
            [
              121.0936976,
              14.6271126
            ],
            [
              121.0938626,
              14.6290456
            ],
            [
              121.0937006,
              14.6301846
            ],
            [
              121.0935091,
              14.6300595
            ],
            [
              121.0935812,
              14.6295236
            ],
            [
              121.093592,
              14.6292536
            ],
            [
              121.0935475,
              14.6289992
            ],
            [
              121.0932159,
              14.6273175
            ],
            [
              121.0930051,
              14.6265717
            ],
            [
              121.0929075,
              14.6262185
            ],
            [
              121.0929955,
              14.6261777
            ],
            [
              121.0928512,
              14.6257569
            ],
            [
              121.0926751,
              14.6253705
            ],
            [
              121.0925872,
              14.6252392
            ],
            [
              121.092467,
              14.6251088
            ],
            [
              121.0923573,
              14.6250235
            ],
            [
              121.0919402,
              14.6247762
            ],
            [
              121.0917768,
              14.6247095
            ],
            [
              121.0916832,
              14.6246839
            ],
            [
              121.0915655,
              14.6246813
            ],
            [
              121.0914583,
              14.6246964
            ],
            [
              121.0912898,
              14.6247473
            ],
            [
              121.091147,
              14.624808
            ],
            [
              121.0905797,
              14.6250753
            ],
            [
              121.0904631,
              14.6251403
            ],
            [
              121.0903824,
              14.6252046
            ],
            [
              121.0901545,
              14.6254347
            ],
            [
              121.0897548,
              14.6258702
            ],
            [
              121.0896524,
              14.6260021
            ],
            [
              121.0894711,
              14.6262402
            ],
            [
              121.0892549,
              14.6264727
            ],
            [
              121.0887823,
              14.62691
            ],
            [
              121.08832,
              14.6272848
            ]
          ]
        ]
      },
      "id": "way/30062456"
    },
    {
      "type": "Feature",
      "properties": {
        "@id": "way/31536944",
        "addr:province": "Rizal",
        "leisure": "park",
        "name": "Valley Golf & Country Club",
        "sport": "golf",
        "website": "https://www.valleygolf.com.ph/"
      },
      "geometry": {
        "type": "Polygon",
        "coordinates": [
          [
            [
              121.1392937,
              14.5972689
            ],
            [
              121.1413612,
              14.598035
            ],
            [
              121.1418869,
              14.5980551
            ],
            [
              121.1424532,
              14.5978257
            ],
            [
              121.1431508,
              14.5971545
            ],
            [
              121.1433986,
              14.5970212
            ],
            [
              121.1447073,
              14.5964923
            ],
            [
              121.1450993,
              14.5964556
            ],
            [
              121.1454147,
              14.5965894
            ],
            [
              121.145543,
              14.596703
            ],
            [
              121.1456674,
              14.5968847
            ],
            [
              121.1456344,
              14.5974436
            ],
            [
              121.1455132,
              14.598202
            ],
            [
              121.1451443,
              14.598897
            ],
            [
              121.1447323,
              14.5994263
            ],
            [
              121.1443257,
              14.5997755
            ],
            [
              121.1436054,
              14.6003561
            ],
            [
              121.1433295,
              14.6007294
            ],
            [
              121.1428671,
              14.6017157
            ],
            [
              121.1425275,
              14.6024251
            ],
            [
              121.1424614,
              14.6027868
            ],
            [
              121.1427447,
              14.6032104
            ],
            [
              121.1429838,
              14.6035758
            ],
            [
              121.1429557,
              14.6037958
            ],
            [
              121.1428166,
              14.6041151
            ],
            [
              121.1428048,
              14.6049214
            ],
            [
              121.1429077,
              14.605943
            ],
            [
              121.1426674,
              14.6072221
            ],
            [
              121.1426503,
              14.6077537
            ],
            [
              121.1428048,
              14.6081191
            ],
            [
              121.1427618,
              14.6087835
            ],
            [
              121.142985,
              14.609232
            ],
            [
              121.1432082,
              14.6098882
            ],
            [
              121.1433637,
              14.6107402
            ],
            [
              121.1437672,
              14.6117432
            ],
            [
              121.1439317,
              14.6121379
            ],
            [
              121.1436412,
              14.6126054
            ],
            [
              121.143231,
              14.6130446
            ],
            [
              121.1429043,
              14.6126444
            ],
            [
              121.1425831,
              14.6121698
            ],
            [
              121.1420133,
              14.611124
            ],
            [
              121.1416569,
              14.6107597
            ],
            [
              121.1397617,
              14.6097982
            ],
            [
              121.1394908,
              14.609717
            ],
            [
              121.1390429,
              14.610475
            ],
            [
              121.1385349,
              14.6108469
            ],
            [
              121.1383207,
              14.6108087
            ],
            [
              121.1381898,
              14.6107024
            ],
            [
              121.1382249,
              14.6105755
            ],
            [
              121.1385589,
              14.6095871
            ],
            [
              121.1384944,
              14.608984
            ],
            [
              121.1381224,
              14.6077272
            ],
            [
              121.13826,
              14.607716
            ],
            [
              121.1383473,
              14.6074594
            ],
            [
              121.1381677,
              14.6070121
            ],
            [
              121.1376706,
              14.6072532
            ],
            [
              121.13698,
              14.6074769
            ],
            [
              121.1366445,
              14.6075396
            ],
            [
              121.1363232,
              14.6075033
            ],
            [
              121.1369511,
              14.6066407
            ],
            [
              121.136479,
              14.6055527
            ],
            [
              121.136994,
              14.6044397
            ],
            [
              121.1378523,
              14.6036423
            ],
            [
              121.1379725,
              14.6032769
            ],
            [
              121.137818,
              14.6030775
            ],
            [
              121.1370283,
              14.6028118
            ],
            [
              121.1374489,
              14.6017984
            ],
            [
              121.1371142,
              14.6011838
            ],
            [
              121.1370627,
              14.6004114
            ],
            [
              121.1366048,
              14.5994034
            ],
            [
              121.1366791,
              14.5987197
            ],
            [
              121.1369339,
              14.598094
            ],
            [
              121.1372258,
              14.5973714
            ],
            [
              121.1372855,
              14.5969507
            ],
            [
              121.137206,
              14.5963316
            ],
            [
              121.1369123,
              14.5953612
            ],
            [
              121.1369714,
              14.5952676
            ],
            [
              121.1370772,
              14.5952071
            ],
            [
              121.1372731,
              14.5951369
            ],
            [
              121.1374825,
              14.5950739
            ],
            [
              121.1377299,
              14.5949851
            ],
            [
              121.1382568,
              14.5955057
            ],
            [
              121.1386334,
              14.5959012
            ],
            [
              121.1390976,
              14.5970095
            ],
            [
              121.1392937,
              14.5972689
            ]
          ]
        ]
      },
      "id": "way/31536944"
    },
    {
      "type": "Feature",
      "properties": {
        "@id": "way/36845063",
        "leisure": "park"
      },
      "geometry": {
        "type": "Polygon",
        "coordinates": [
          [
            [
              121.1013596,
              14.6219642
            ],
            [
              121.1014332,
              14.6225902
            ],
            [
              121.1009661,
              14.6226359
            ],
            [
              121.1008924,
              14.6220099
            ],
            [
              121.1013596,
              14.6219642
            ]
          ]
        ]
      },
      "id": "way/36845063"
    },
    {
      "type": "Feature",
      "properties": {
        "@id": "way/46335924",
        "leisure": "park"
      },
      "geometry": {
        "type": "Polygon",
        "coordinates": [
          [
            [
              121.0660523,
              14.6353123
            ],
            [
              121.0662025,
              14.6346168
            ],
            [
              121.0675436,
              14.6347414
            ],
            [
              121.0675436,
              14.6349282
            ],
            [
              121.0674041,
              14.6350749
            ],
            [
              121.0660523,
              14.6353123
            ]
          ]
        ]
      },
      "id": "way/46335924"
    },
    {
      "type": "Feature",
      "properties": {
        "@id": "way/46423471",
        "addr:city": "Quezon City",
        "addr:street": "Camerino",
        "leisure": "park",
        "name": "Camerino Park"
      },
      "geometry": {
        "type": "Polygon",
        "coordinates": [
          [
            [
              121.0687572,
              14.6251524
            ],
            [
              121.0688627,
              14.6251165
            ],
            [
              121.0689339,
              14.6250773
            ],
            [
              121.0690396,
              14.6250004
            ],
            [
              121.0691746,
              14.6249168
            ],
            [
              121.0693324,
              14.625197
            ],
            [
              121.0693243,
              14.6258215
            ],
            [
              121.0690787,
              14.6257695
            ],
            [
              121.0686823,
              14.6256583
            ],
            [
              121.0686396,
              14.6256264
            ],
            [
              121.0686615,
              14.6251733
            ],
            [
              121.0687572,
              14.6251524
            ]
          ]
        ]
      },
      "id": "way/46423471"
    },
    {
      "type": "Feature",
      "properties": {
        "@id": "way/52871956",
        "leisure": "park",
        "name": "Riverbanks Plaza"
      },
      "geometry": {
        "type": "Polygon",
        "coordinates": [
          [
            [
              121.0834732,
              14.6316945
            ],
            [
              121.083283,
              14.6309756
            ],
            [
              121.0834151,
              14.6309382
            ],
            [
              121.0835002,
              14.6310855
            ],
            [
              121.083618,
              14.6311935
            ],
            [
              121.0838373,
              14.631259
            ],
            [
              121.0839263,
              14.6312597
            ],
            [
              121.0839941,
              14.6315487
            ],
            [
              121.0834732,
              14.6316945
            ]
          ]
        ]
      },
      "id": "way/52871956"
    },
    {
      "type": "Feature",
      "properties": {
        "@id": "way/53574707",
        "addr:city": "Marikina",
        "leisure": "park",
        "name": "Cityhood Park",
        "wikidata": "Q108402626",
        "wikipedia": "en:Marikina Cityhood Park"
      },
      "geometry": {
        "type": "Polygon",
        "coordinates": [
          [
            [
              121.0978242,
              14.6355584
            ],
            [
              121.0975414,
              14.6355743
            ],
            [
              121.0975012,
              14.6355762
            ],
            [
              121.0974767,
              14.635566
            ],
            [
              121.0974636,
              14.6355446
            ],
            [
              121.0975133,
              14.6351478
            ],
            [
              121.0976594,
              14.6351666
            ],
            [
              121.0977223,
              14.6351989
            ],
            [
              121.0977649,
              14.6352321
            ],
            [
              121.0978065,
              14.6353001
            ],
            [
              121.0978241,
              14.6353905
            ],
            [
              121.0978242,
              14.6354704
            ],
            [
              121.0978242,
              14.6355088
            ],
            [
              121.0978242,
              14.6355584
            ]
          ]
        ]
      },
      "id": "way/53574707"
    },
    {
      "type": "Feature",
      "properties": {
        "@id": "way/54032383",
        "leisure": "park"
      },
      "geometry": {
        "type": "Polygon",
        "coordinates": [
          [
            [
              121.0902076,
              14.6356623
            ],
            [
              121.0900979,
              14.6359736
            ],
            [
              121.0899629,
              14.6359092
            ],
            [
              121.0898158,
              14.6358428
            ],
            [
              121.0898302,
              14.6358022
            ],
            [
              121.0898663,
              14.6357007
            ],
            [
              121.0899832,
              14.6357396
            ],
            [
              121.0899983,
              14.6356631
            ],
            [
              121.0902076,
              14.6356623
            ]
          ]
        ]
      },
      "id": "way/54032383"
    },
    {
      "type": "Feature",
      "properties": {
        "@id": "way/57883714",
        "leisure": "park"
      },
      "geometry": {
        "type": "Polygon",
        "coordinates": [
          [
            [
              121.0963547,
              14.6234948
            ],
            [
              121.0964189,
              14.6233526
            ],
            [
              121.0971305,
              14.6236536
            ],
            [
              121.0971072,
              14.6237053
            ],
            [
              121.0970417,
              14.6236776
            ],
            [
              121.0970008,
              14.6237681
            ],
            [
              121.0963547,
              14.6234948
            ]
          ]
        ]
      },
      "id": "way/57883714"
    },
    {
      "type": "Feature",
      "properties": {
        "@id": "way/59260185",
        "leisure": "park"
      },
      "geometry": {
        "type": "Polygon",
        "coordinates": [
          [
            [
              121.1183495,
              14.6497053
            ],
            [
              121.1177331,
              14.6501679
            ],
            [
              121.1172025,
              14.6505774
            ],
            [
              121.1171314,
              14.6504633
            ],
            [
              121.1171969,
              14.6504198
            ],
            [
              121.1175744,
              14.6501232
            ],
            [
              121.1182587,
              14.6495495
            ],
            [
              121.1183495,
              14.6497053
            ]
          ]
        ]
      },
      "id": "way/59260185"
    },
    {
      "type": "Feature",
      "properties": {
        "@id": "way/75366909",
        "leisure": "park",
        "name": "IVC Park"
      },
      "geometry": {
        "type": "Polygon",
        "coordinates": [
          [
            [
              121.0815183,
              14.6262504
            ],
            [
              121.0816082,
              14.6264301
            ],
            [
              121.0807973,
              14.6275088
            ],
            [
              121.0807289,
              14.6274711
            ],
            [
              121.0807246,
              14.6272846
            ],
            [
              121.0807937,
              14.6270863
            ],
            [
              121.0814087,
              14.6262065
            ],
            [
              121.0814458,
              14.6262045
            ],
            [
              121.0814777,
              14.6262219
            ],
            [
              121.0815183,
              14.6262504
            ]
          ]
        ]
      },
      "id": "way/75366909"
    },
    {
      "type": "Feature",
      "properties": {
        "@id": "way/75383924",
        "leisure": "park",
        "source": "Yahoo"
      },
      "geometry": {
        "type": "Polygon",
        "coordinates": [
          [
            [
              121.0741831,
              14.6184839
            ],
            [
              121.0738773,
              14.6178111
            ],
            [
              121.074173,
              14.6177111
            ],
            [
              121.0743681,
              14.6178299
            ],
            [
              121.0747805,
              14.6177643
            ],
            [
              121.0748858,
              14.6182056
            ],
            [
              121.0746605,
              14.6182886
            ],
            [
              121.0745639,
              14.6183717
            ],
            [
              121.0745384,
              14.618421
            ],
            [
              121.0741831,
              14.6184839
            ]
          ]
        ]
      },
      "id": "way/75383924"
    },
    {
      "type": "Feature",
      "properties": {
        "@id": "way/93177954",
        "leisure": "park",
        "name": "Goodrich Village Park"
      },
      "geometry": {
        "type": "Polygon",
        "coordinates": [
          [
            [
              121.107683,
              14.6429317
            ],
            [
              121.1073843,
              14.643031
            ],
            [
              121.1071983,
              14.6430355
            ],
            [
              121.1072612,
              14.6429279
            ],
            [
              121.1072473,
              14.6427885
            ],
            [
              121.107181,
              14.6427002
            ],
            [
              121.1070627,
              14.6425981
            ],
            [
              121.1069292,
              14.6424955
            ],
            [
              121.1074886,
              14.6422958
            ],
            [
              121.1077135,
              14.6429058
            ],
            [
              121.107683,
              14.6429317
            ]
          ]
        ]
      },
      "id": "way/93177954"
    },
    {
      "type": "Feature",
      "properties": {
        "@id": "way/95606446",
        "leisure": "park"
      },
      "geometry": {
        "type": "Polygon",
        "coordinates": [
          [
            [
              121.1222531,
              14.6441838
            ],
            [
              121.1223073,
              14.6441929
            ],
            [
              121.1229583,
              14.6451482
            ],
            [
              121.1229794,
              14.6452417
            ],
            [
              121.1229583,
              14.645323
            ],
            [
              121.1229101,
              14.645522
            ],
            [
              121.1229222,
              14.6458625
            ],
            [
              121.1228709,
              14.6461247
            ],
            [
              121.1228348,
              14.6461458
            ],
            [
              121.1225967,
              14.6455009
            ],
            [
              121.1222983,
              14.6449282
            ],
            [
              121.1219819,
              14.6445274
            ],
            [
              121.1222531,
              14.6441838
            ]
          ]
        ]
      },
      "id": "way/95606446"
    },
    {
      "type": "Feature",
      "properties": {
        "@id": "way/97918729",
        "leisure": "park",
        "source": "Bing"
      },
      "geometry": {
        "type": "Polygon",
        "coordinates": [
          [
            [
              121.1203535,
              14.6420883
            ],
            [
              121.1203974,
              14.6420504
            ],
            [
              121.1210133,
              14.6419792
            ],
            [
              121.1210517,
              14.6420084
            ],
            [
              121.1210376,
              14.6423535
            ],
            [
              121.1209772,
              14.6425642
            ],
            [
              121.1207845,
              14.642868
            ],
            [
              121.1204231,
              14.6426697
            ],
            [
              121.1204055,
              14.6423403
            ],
            [
              121.1203535,
              14.6420883
            ]
          ]
        ]
      },
      "id": "way/97918729"
    },
    {
      "type": "Feature",
      "properties": {
        "@id": "way/98329820",
        "landuse": "grass",
        "name": "University Amphitheater",
        "previously": "node:321702585"
      },
      "geometry": {
        "type": "Polygon",
        "coordinates": [
          [
            [
              121.0655049,
              14.6553455
            ],
            [
              121.0654219,
              14.6553414
            ],
            [
              121.0654068,
              14.6553344
            ],
            [
              121.0653954,
              14.6553175
            ],
            [
              121.0654069,
              14.6545516
            ],
            [
              121.0658143,
              14.6545642
            ],
            [
              121.0658658,
              14.6545701
            ],
            [
              121.0659174,
              14.6545912
            ],
            [
              121.0659657,
              14.6546115
            ],
            [
              121.0659981,
              14.6546356
            ],
            [
              121.0660455,
              14.654682
            ],
            [
              121.0660824,
              14.6547271
            ],
            [
              121.0661048,
              14.6547744
            ],
            [
              121.0661221,
              14.654818
            ],
            [
              121.0661344,
              14.654877
            ],
            [
              121.0661381,
              14.6549377
            ],
            [
              121.0661287,
              14.6549958
            ],
            [
              121.0661181,
              14.6550452
            ],
            [
              121.0660939,
              14.6551082
            ],
            [
              121.0660592,
              14.6551635
            ],
            [
              121.0660165,
              14.6552134
            ],
            [
              121.06597,
              14.6552577
            ],
            [
              121.0659224,
              14.6552931
            ],
            [
              121.0658498,
              14.6553323
            ],
            [
              121.065783,
              14.6553474
            ],
            [
              121.0655049,
              14.6553455
            ]
          ]
        ]
      },
      "id": "way/98329820"
    },
    {
      "type": "Feature",
      "properties": {
        "@id": "way/104087112",
        "addr:city": "Cainta",
        "addr:postcode": "1900",
        "addr:province": "Rizal",
        "leisure": "park",
        "name": "Community Circle",
        "source": "Bing"
      },
      "geometry": {
        "type": "Polygon",
        "coordinates": [
          [
            [
              121.1195115,
              14.6118494
            ],
            [
              121.1195137,
              14.6115509
            ],
            [
              121.1194329,
              14.6115158
            ],
            [
              121.1194213,
              14.6113589
            ],
            [
              121.1200395,
              14.6114744
            ],
            [
              121.1200254,
              14.6117314
            ],
            [
              121.1200158,
              14.6118613
            ],
            [
              121.1195115,
              14.6118494
            ]
          ]
        ]
      },
      "id": "way/104087112"
    },
    {
      "type": "Feature",
      "properties": {
        "@id": "way/113684585",
        "landuse": "grass"
      },
      "geometry": {
        "type": "Polygon",
        "coordinates": [
          [
            [
              121.0841928,
              14.6250663
            ],
            [
              121.084581,
              14.6246263
            ],
            [
              121.0846132,
              14.6246509
            ],
            [
              121.0846794,
              14.6247379
            ],
            [
              121.0847399,
              14.6248268
            ],
            [
              121.0847626,
              14.6248967
            ],
            [
              121.0848118,
              14.6250934
            ],
            [
              121.0848137,
              14.6252183
            ],
            [
              121.0848155,
              14.6254074
            ],
            [
              121.0848099,
              14.6255038
            ],
            [
              121.0848288,
              14.6255492
            ],
            [
              121.0850979,
              14.6259152
            ],
            [
              121.0850764,
              14.6259362
            ],
            [
              121.0841928,
              14.6250663
            ]
          ]
        ]
      },
      "id": "way/113684585"
    },
    {
      "type": "Feature",
      "properties": {
        "@id": "way/115836938",
        "leisure": "park"
      },
      "geometry": {
        "type": "Polygon",
        "coordinates": [
          [
            [
              121.1074863,
              14.6539374
            ],
            [
              121.1081604,
              14.6536992
            ],
            [
              121.1083663,
              14.6543168
            ],
            [
              121.1080242,
              14.6544342
            ],
            [
              121.107595,
              14.6542237
            ],
            [
              121.1074863,
              14.6539374
            ]
          ]
        ]
      },
      "id": "way/115836938"
    },
    {
      "type": "Feature",
      "properties": {
        "@id": "way/116587582",
        "leisure": "park",
        "name": "Marikina-Brampton Friendship Park",
        "source:name": "interpolation",
        "source_ref": "https://osm.org/note/3523025"
      },
      "geometry": {
        "type": "Polygon",
        "coordinates": [
          [
            [
              121.1142798,
              14.6499637
            ],
            [
              121.1142749,
              14.649874
            ],
            [
              121.1143108,
              14.649791
            ],
            [
              121.1143803,
              14.6497314
            ],
            [
              121.1144696,
              14.6497068
            ],
            [
              121.1145612,
              14.6497222
            ],
            [
              121.1146368,
              14.6497745
            ],
            [
              121.1146814,
              14.6498533
            ],
            [
              121.1146863,
              14.6499431
            ],
            [
              121.1146504,
              14.650026
            ],
            [
              121.1145809,
              14.6500857
            ],
            [
              121.1144916,
              14.6501102
            ],
            [
              121.1144,
              14.6500949
            ],
            [
              121.1143244,
              14.6500426
            ],
            [
              121.1142798,
              14.6499637
            ]
          ]
        ]
      },
      "id": "way/116587582"
    },
    {
      "type": "Feature",
      "properties": {
        "@id": "way/116588635",
        "leisure": "park",
        "name": "Hardin ng Bayan"
      },
      "geometry": {
        "type": "Polygon",
        "coordinates": [
          [
            [
              121.1144194,
              14.6510272
            ],
            [
              121.1146745,
              14.6506942
            ],
            [
              121.1149554,
              14.6503442
            ],
            [
              121.1151482,
              14.6504845
            ],
            [
              121.1153498,
              14.6506886
            ],
            [
              121.1154743,
              14.6508611
            ],
            [
              121.1155805,
              14.6510402
            ],
            [
              121.1150619,
              14.6512042
            ],
            [
              121.1145969,
              14.6513805
            ],
            [
              121.1144194,
              14.6510272
            ]
          ]
        ]
      },
      "id": "way/116588635"
    },
    {
      "type": "Feature",
      "properties": {
        "@id": "way/116914596",
        "leisure": "park"
      },
      "geometry": {
        "type": "Polygon",
        "coordinates": [
          [
            [
              121.0943075,
              14.6471177
            ],
            [
              121.0942525,
              14.6470556
            ],
            [
              121.0941511,
              14.6464846
            ],
            [
              121.0941862,
              14.6464172
            ],
            [
              121.0942549,
              14.6463788
            ],
            [
              121.0950608,
              14.6462544
            ],
            [
              121.095123,
              14.6462616
            ],
            [
              121.0951636,
              14.6462927
            ],
            [
              121.0952617,
              14.6468571
            ],
            [
              121.0952449,
              14.6469001
            ],
            [
              121.0952091,
              14.646936
            ],
            [
              121.0943673,
              14.6471512
            ],
            [
              121.0943075,
              14.6471177
            ]
          ]
        ]
      },
      "id": "way/116914596"
    },
    {
      "type": "Feature",
      "properties": {
        "@id": "way/118531610",
        "leisure": "park"
      },
      "geometry": {
        "type": "Polygon",
        "coordinates": [
          [
            [
              121.0819855,
              14.6374883
            ],
            [
              121.0818822,
              14.6375045
            ],
            [
              121.0818144,
              14.6370988
            ],
            [
              121.0819177,
              14.6370826
            ],
            [
              121.0819855,
              14.6374883
            ]
          ]
        ]
      },
      "id": "way/118531610"
    },
    {
      "type": "Feature",
      "properties": {
        "@id": "way/118584587",
        "dog": "yes",
        "leisure": "park",
        "name": "Rancho 1 Playground and Park",
        "operator": "Rancho 1 Homeowners Association"
      },
      "geometry": {
        "type": "Polygon",
        "coordinates": [
          [
            [
              121.1244494,
              14.6422691
            ],
            [
              121.1252696,
              14.6425481
            ],
            [
              121.1253509,
              14.6425896
            ],
            [
              121.1248894,
              14.6433185
            ],
            [
              121.1239679,
              14.642475
            ],
            [
              121.1238533,
              14.6423737
            ],
            [
              121.1238217,
              14.6422974
            ],
            [
              121.1238134,
              14.642216
            ],
            [
              121.1238317,
              14.6421579
            ],
            [
              121.1238583,
              14.6420865
            ],
            [
              121.1238815,
              14.6420765
            ],
            [
              121.1244494,
              14.6422691
            ]
          ]
        ]
      },
      "id": "way/118584587"
    },
    {
      "type": "Feature",
      "properties": {
        "@id": "way/119412446",
        "leisure": "park"
      },
      "geometry": {
        "type": "Polygon",
        "coordinates": [
          [
            [
              121.0860736,
              14.6343707
            ],
            [
              121.0859984,
              14.6345396
            ],
            [
              121.0859304,
              14.634513
            ],
            [
              121.0857973,
              14.6344772
            ],
            [
              121.0857239,
              14.6344791
            ],
            [
              121.0857205,
              14.6344302
            ],
            [
              121.0858042,
              14.634251
            ],
            [
              121.0860736,
              14.6343707
            ]
          ]
        ]
      },
      "id": "way/119412446"
    },
    {
      "type": "Feature",
      "properties": {
        "@id": "way/119709410",
        "leisure": "park"
      },
      "geometry": {
        "type": "Polygon",
        "coordinates": [
          [
            [
              121.0824946,
              14.6379861
            ],
            [
              121.0824723,
              14.6377842
            ],
            [
              121.0826363,
              14.6377672
            ],
            [
              121.0826586,
              14.6379691
            ],
            [
              121.0824946,
              14.6379861
            ]
          ]
        ]
      },
      "id": "way/119709410"
    },
    {
      "type": "Feature",
      "properties": {
        "@id": "way/120282368",
        "leisure": "park"
      },
      "geometry": {
        "type": "Polygon",
        "coordinates": [
          [
            [
              121.1263854,
              14.6470009
            ],
            [
              121.126597,
              14.64664
            ],
            [
              121.1267886,
              14.6463132
            ],
            [
              121.1268173,
              14.6462936
            ],
            [
              121.1268616,
              14.6462728
            ],
            [
              121.1269034,
              14.6462688
            ],
            [
              121.1275323,
              14.6466968
            ],
            [
              121.1273523,
              14.6469213
            ],
            [
              121.126859,
              14.6474054
            ],
            [
              121.1263854,
              14.6470009
            ]
          ]
        ]
      },
      "id": "way/120282368"
    },
    {
      "type": "Feature",
      "properties": {
        "@id": "way/120409092",
        "addr:province": "Rizal",
        "leisure": "park"
      },
      "geometry": {
        "type": "Polygon",
        "coordinates": [
          [
            [
              121.1283893,
              14.6408885
            ],
            [
              121.1287713,
              14.6410147
            ],
            [
              121.1287699,
              14.6410185
            ],
            [
              121.1283592,
              14.6421332
            ],
            [
              121.128337,
              14.6422458
            ],
            [
              121.1283575,
              14.6423277
            ],
            [
              121.1284838,
              14.642587
            ],
            [
              121.1281835,
              14.6429504
            ],
            [
              121.1281545,
              14.6429521
            ],
            [
              121.1277245,
              14.6427559
            ],
            [
              121.1277058,
              14.6427201
            ],
            [
              121.1280589,
              14.6417578
            ],
            [
              121.1283893,
              14.6408885
            ]
          ]
        ]
      },
      "id": "way/120409092"
    },
    {
      "type": "Feature",
      "properties": {
        "@id": "way/120786745",
        "leisure": "park"
      },
      "geometry": {
        "type": "Polygon",
        "coordinates": [
          [
            [
              121.1208037,
              14.6432379
            ],
            [
              121.1203734,
              14.6429731
            ],
            [
              121.1203523,
              14.642933
            ],
            [
              121.1203463,
              14.6428969
            ],
            [
              121.1203383,
              14.6428347
            ],
            [
              121.1203503,
              14.6427545
            ],
            [
              121.120904,
              14.6430223
            ],
            [
              121.120915,
              14.6430413
            ],
            [
              121.120916,
              14.6430634
            ],
            [
              121.120914,
              14.6430804
            ],
            [
              121.1208207,
              14.6432309
            ],
            [
              121.1208037,
              14.6432379
            ]
          ]
        ]
      },
      "id": "way/120786745"
    },
    {
      "type": "Feature",
      "properties": {
        "@id": "way/128723374",
        "architect": "Office of Campus Architect",
        "leisure": "park",
        "name": "National Science Complex Amphitheater"
      },
      "geometry": {
        "type": "Polygon",
        "coordinates": [
          [
            [
              121.0717819,
              14.6501321
            ],
            [
              121.071715,
              14.6500914
            ],
            [
              121.0716591,
              14.6500375
            ],
            [
              121.0716171,
              14.6499728
            ],
            [
              121.071591,
              14.6499007
            ],
            [
              121.0715821,
              14.6498248
            ],
            [
              121.0715909,
              14.6497489
            ],
            [
              121.0716169,
              14.6496768
            ],
            [
              121.0716589,
              14.6496121
            ],
            [
              121.0717147,
              14.649558
            ],
            [
              121.0717816,
              14.6495173
            ],
            [
              121.0718561,
              14.6494921
            ],
            [
              121.0719345,
              14.6494835
            ],
            [
              121.072013,
              14.649492
            ],
            [
              121.0720875,
              14.6495172
            ],
            [
              121.0721544,
              14.6495578
            ],
            [
              121.0722103,
              14.6496118
            ],
            [
              121.0722523,
              14.6496765
            ],
            [
              121.0722784,
              14.6497486
            ],
            [
              121.0722873,
              14.6498245
            ],
            [
              121.0722785,
              14.6499004
            ],
            [
              121.0722525,
              14.6499725
            ],
            [
              121.0722105,
              14.6500372
            ],
            [
              121.0721547,
              14.6500913
            ],
            [
              121.0720878,
              14.6501319
            ],
            [
              121.0720133,
              14.6501572
            ],
            [
              121.0719349,
              14.6501658
            ],
            [
              121.0718564,
              14.6501573
            ],
            [
              121.0717819,
              14.6501321
            ]
          ]
        ]
      },
      "id": "way/128723374"
    },
    {
      "type": "Feature",
      "properties": {
        "@id": "way/129531526",
        "landuse": "grass"
      },
      "geometry": {
        "type": "Polygon",
        "coordinates": [
          [
            [
              121.0728887,
              14.650988
            ],
            [
              121.072888,
              14.6509552
            ],
            [
              121.0728644,
              14.6509329
            ],
            [
              121.0729165,
              14.650889
            ],
            [
              121.0728745,
              14.6508383
            ],
            [
              121.0728965,
              14.6508228
            ],
            [
              121.0728965,
              14.6507906
            ],
            [
              121.073309,
              14.6508063
            ],
            [
              121.0733075,
              14.6508361
            ],
            [
              121.0733227,
              14.6508527
            ],
            [
              121.0732624,
              14.6509046
            ],
            [
              121.0733201,
              14.650965
            ],
            [
              121.0733014,
              14.6509846
            ],
            [
              121.0733002,
              14.6510057
            ],
            [
              121.0728887,
              14.650988
            ]
          ]
        ]
      },
      "id": "way/129531526"
    },
    {
      "type": "Feature",
      "properties": {
        "@id": "way/129624178",
        "landuse": "grass"
      },
      "geometry": {
        "type": "Polygon",
        "coordinates": [
          [
            [
              121.0719869,
              14.6529828
            ],
            [
              121.0719884,
              14.6529133
            ],
            [
              121.0724026,
              14.652922
            ],
            [
              121.072401,
              14.6529915
            ],
            [
              121.0719869,
              14.6529828
            ]
          ]
        ]
      },
      "id": "way/129624178"
    },
    {
      "type": "Feature",
      "properties": {
        "@id": "way/134094190",
        "addr:city": "Pasig",
        "addr:province": "Metro Manila",
        "leisure": "park",
        "source": "Bing"
      },
      "geometry": {
        "type": "Polygon",
        "coordinates": [
          [
            [
              121.0933839,
              14.6122935
            ],
            [
              121.0932983,
              14.6120211
            ],
            [
              121.0934961,
              14.6119629
            ],
            [
              121.0935817,
              14.6122353
            ],
            [
              121.0933839,
              14.6122935
            ]
          ]
        ]
      },
      "id": "way/134094190"
    },
    {
      "type": "Feature",
      "properties": {
        "@id": "way/140796245",
        "landuse": "grass"
      },
      "geometry": {
        "type": "Polygon",
        "coordinates": [
          [
            [
              121.0622816,
              14.6529943
            ],
            [
              121.0623032,
              14.6546868
            ],
            [
              121.0623018,
              14.6547054
            ],
            [
              121.0622957,
              14.6547225
            ],
            [
              121.0622859,
              14.6547342
            ],
            [
              121.0622733,
              14.6547417
            ],
            [
              121.0622003,
              14.6547419
            ],
            [
              121.0621521,
              14.6546902
            ],
            [
              121.0618963,
              14.6546822
            ],
            [
              121.0618015,
              14.6547036
            ],
            [
              121.0586264,
              14.6545752
            ],
            [
              121.0586107,
              14.6545761
            ],
            [
              121.0585939,
              14.6545695
            ],
            [
              121.0585819,
              14.6545594
            ],
            [
              121.058574,
              14.6545465
            ],
            [
              121.0588105,
              14.6532651
            ],
            [
              121.0593573,
              14.6532316
            ],
            [
              121.0601436,
              14.6531614
            ],
            [
              121.0604906,
              14.6531355
            ],
            [
              121.0611594,
              14.6531004
            ],
            [
              121.0621291,
              14.6530038
            ],
            [
              121.0622816,
              14.6529943
            ]
          ]
        ]
      },
      "id": "way/140796245"
    },
    {
      "type": "Feature",
      "properties": {
        "@id": "way/140796252",
        "landuse": "grass"
      },
      "geometry": {
        "type": "Polygon",
        "coordinates": [
          [
            [
              121.0624125,
              14.6547507
            ],
            [
              121.0623992,
              14.6547438
            ],
            [
              121.0623837,
              14.6547314
            ],
            [
              121.0623764,
              14.6547118
            ],
            [
              121.0623624,
              14.6530049
            ],
            [
              121.0637462,
              14.6530657
            ],
            [
              121.0651064,
              14.6530594
            ],
            [
              121.0647963,
              14.6537345
            ],
            [
              121.0646991,
              14.6539461
            ],
            [
              121.0646363,
              14.6540802
            ],
            [
              121.0645743,
              14.6542148
            ],
            [
              121.0644737,
              14.654433
            ],
            [
              121.0644071,
              14.6545778
            ],
            [
              121.0643384,
              14.6547269
            ],
            [
              121.0643261,
              14.6547492
            ],
            [
              121.0643174,
              14.6547599
            ],
            [
              121.0643067,
              14.6547688
            ],
            [
              121.0642899,
              14.6547743
            ],
            [
              121.0640857,
              14.6547717
            ],
            [
              121.0640641,
              14.6547715
            ],
            [
              121.0624125,
              14.6547507
            ]
          ]
        ]
      },
      "id": "way/140796252"
    },
    {
      "type": "Feature",
      "properties": {
        "@id": "way/163764649",
        "leisure": "park"
      },
      "geometry": {
        "type": "Polygon",
        "coordinates": [
          [
            [
              121.1108753,
              14.6527621
            ],
            [
              121.1110926,
              14.652827
            ],
            [
              121.111191,
              14.6528203
            ],
            [
              121.1114342,
              14.6527841
            ],
            [
              121.1116982,
              14.6527311
            ],
            [
              121.1117163,
              14.6527142
            ],
            [
              121.1117616,
              14.6525745
            ],
            [
              121.1118516,
              14.6528374
            ],
            [
              121.1109994,
              14.6531228
            ],
            [
              121.1108753,
              14.6527621
            ]
          ]
        ]
      },
      "id": "way/163764649"
    },
    {
      "type": "Feature",
      "properties": {
        "@id": "way/166087837",
        "leisure": "park"
      },
      "geometry": {
        "type": "Polygon",
        "coordinates": [
          [
            [
              121.1028255,
              14.6261709
            ],
            [
              121.1028527,
              14.6257021
            ],
            [
              121.1033095,
              14.6257291
            ],
            [
              121.1034322,
              14.62577
            ],
            [
              121.1037596,
              14.6259672
            ],
            [
              121.1038154,
              14.6260639
            ],
            [
              121.1035885,
              14.6264731
            ],
            [
              121.1030639,
              14.6261867
            ],
            [
              121.1028255,
              14.6261709
            ]
          ]
        ]
      },
      "id": "way/166087837"
    },
    {
      "type": "Feature",
      "properties": {
        "@id": "way/179254173",
        "leisure": "park"
      },
      "geometry": {
        "type": "Polygon",
        "coordinates": [
          [
            [
              121.1055953,
              14.646493
            ],
            [
              121.1059385,
              14.6463483
            ],
            [
              121.1060685,
              14.6466369
            ],
            [
              121.1057254,
              14.6467816
            ],
            [
              121.1055953,
              14.646493
            ]
          ]
        ]
      },
      "id": "way/179254173"
    },
    {
      "type": "Feature",
      "properties": {
        "@id": "way/183015020",
        "addr:city": "Cainta",
        "addr:postcode": "1900",
        "addr:province": "Rizal",
        "leisure": "park",
        "name": "Camia Park"
      },
      "geometry": {
        "type": "Polygon",
        "coordinates": [
          [
            [
              121.1165893,
              14.6128526
            ],
            [
              121.1164015,
              14.6123245
            ],
            [
              121.1165281,
              14.6122949
            ],
            [
              121.1166524,
              14.6122893
            ],
            [
              121.116634,
              14.6128335
            ],
            [
              121.1166152,
              14.6128543
            ],
            [
              121.1165893,
              14.6128526
            ]
          ]
        ]
      },
      "id": "way/183015020"
    },
    {
      "type": "Feature",
      "properties": {
        "@id": "way/187748449",
        "leisure": "park",
        "name": "Eastwood Mall Open Park"
      },
      "geometry": {
        "type": "Polygon",
        "coordinates": [
          [
            [
              121.0799682,
              14.6094282
            ],
            [
              121.0800277,
              14.6093681
            ],
            [
              121.0800801,
              14.6093188
            ],
            [
              121.0803729,
              14.6096045
            ],
            [
              121.0803796,
              14.6096159
            ],
            [
              121.0803754,
              14.6096288
            ],
            [
              121.0803679,
              14.6096433
            ],
            [
              121.0803184,
              14.6096904
            ],
            [
              121.0802455,
              14.6097518
            ],
            [
              121.0802006,
              14.609715
            ],
            [
              121.080115,
              14.6098158
            ],
            [
              121.0800348,
              14.6099368
            ],
            [
              121.0799898,
              14.6099169
            ],
            [
              121.079957,
              14.6099714
            ],
            [
              121.0799405,
              14.6100392
            ],
            [
              121.0799297,
              14.6100987
            ],
            [
              121.0798736,
              14.6101201
            ],
            [
              121.0798257,
              14.6101509
            ],
            [
              121.0797916,
              14.6101457
            ],
            [
              121.0797594,
              14.6101565
            ],
            [
              121.0797383,
              14.6101745
            ],
            [
              121.0797229,
              14.6102027
            ],
            [
              121.0797182,
              14.6102268
            ],
            [
              121.0797244,
              14.6102578
            ],
            [
              121.0796839,
              14.6103056
            ],
            [
              121.0796498,
              14.6103702
            ],
            [
              121.0795956,
              14.6103842
            ],
            [
              121.0795331,
              14.6104003
            ],
            [
              121.0794823,
              14.6104201
            ],
            [
              121.0795088,
              14.6104648
            ],
            [
              121.0793848,
              14.6105346
            ],
            [
              121.0792714,
              14.6106286
            ],
            [
              121.0793151,
              14.6106732
            ],
            [
              121.0792452,
              14.610739
            ],
            [
              121.0791887,
              14.6107925
            ],
            [
              121.078971,
              14.610597
            ],
            [
              121.0790139,
              14.610549
            ],
            [
              121.0791592,
              14.6105405
            ],
            [
              121.0794532,
              14.6102469
            ],
            [
              121.0793557,
              14.6101531
            ],
            [
              121.0793712,
              14.6101285
            ],
            [
              121.0793793,
              14.6101048
            ],
            [
              121.0793775,
              14.610076
            ],
            [
              121.079366,
              14.6100499
            ],
            [
              121.0794969,
              14.6099167
            ],
            [
              121.0796902,
              14.6097199
            ],
            [
              121.079691,
              14.609736
            ],
            [
              121.0797966,
              14.6097344
            ],
            [
              121.0797968,
              14.6097124
            ],
            [
              121.0798153,
              14.6097125
            ],
            [
              121.0798537,
              14.6097503
            ],
            [
              121.0800059,
              14.6096025
            ],
            [
              121.0800259,
              14.6095837
            ],
            [
              121.0800096,
              14.6095672
            ],
            [
              121.0800497,
              14.6095279
            ],
            [
              121.0800071,
              14.6094904
            ],
            [
              121.0800222,
              14.6094763
            ],
            [
              121.0799682,
              14.6094282
            ]
          ]
        ]
      },
      "id": "way/187748449"
    },
    {
      "type": "Feature",
      "properties": {
        "@id": "way/197152388",
        "leisure": "park"
      },
      "geometry": {
        "type": "Polygon",
        "coordinates": [
          [
            [
              121.0753533,
              14.6300991
            ],
            [
              121.0757901,
              14.6304909
            ],
            [
              121.0754898,
              14.6307396
            ],
            [
              121.0753351,
              14.6305481
            ],
            [
              121.0751486,
              14.6303434
            ],
            [
              121.0753533,
              14.6300991
            ]
          ]
        ]
      },
      "id": "way/197152388"
    },
    {
      "type": "Feature",
      "properties": {
        "@id": "way/221154056",
        "leisure": "park",
        "previously": "node:318615902"
      },
      "geometry": {
        "type": "Polygon",
        "coordinates": [
          [
            [
              121.1045992,
              14.6668894
            ],
            [
              121.1044947,
              14.6665675
            ],
            [
              121.1048909,
              14.6664471
            ],
            [
              121.1049954,
              14.6667691
            ],
            [
              121.1045992,
              14.6668894
            ]
          ]
        ]
      },
      "id": "way/221154056"
    },
    {
      "type": "Feature",
      "properties": {
        "@id": "way/237521634",
        "landuse": "grass"
      },
      "geometry": {
        "type": "Polygon",
        "coordinates": [
          [
            [
              121.0718568,
              14.6129594
            ],
            [
              121.0718561,
              14.6129076
            ],
            [
              121.0719737,
              14.612906
            ],
            [
              121.0719744,
              14.6129579
            ],
            [
              121.0718568,
              14.6129594
            ]
          ]
        ]
      },
      "id": "way/237521634"
    },
    {
      "type": "Feature",
      "properties": {
        "@id": "way/237521641",
        "leisure": "park",
        "name": "Kiddie Park"
      },
      "geometry": {
        "type": "Polygon",
        "coordinates": [
          [
            [
              121.0746541,
              14.6131331
            ],
            [
              121.0746693,
              14.6130598
            ],
            [
              121.0748324,
              14.6130915
            ],
            [
              121.0748172,
              14.6131648
            ],
            [
              121.0746541,
              14.6131331
            ]
          ]
        ]
      },
      "id": "way/237521641"
    },
    {
      "type": "Feature",
      "properties": {
        "@id": "way/238067809",
        "leisure": "park",
        "name": "Saint Ignatius Park"
      },
      "geometry": {
        "type": "Polygon",
        "coordinates": [
          [
            [
              121.07294,
              14.6131024
            ],
            [
              121.0729631,
              14.6129501
            ],
            [
              121.0731411,
              14.6129753
            ],
            [
              121.073118,
              14.6131276
            ],
            [
              121.07294,
              14.6131024
            ]
          ]
        ]
      },
      "id": "way/238067809"
    },
    {
      "type": "Feature",
      "properties": {
        "@id": "way/259940407",
        "addr:city": "Quezon City",
        "addr:street": "Esteban Abada Street",
        "leisure": "park",
        "name": "Loyola Heights Park"
      },
      "geometry": {
        "type": "Polygon",
        "coordinates": [
          [
            [
              121.0732803,
              14.6409854
            ],
            [
              121.0732804,
              14.64104
            ],
            [
              121.0732615,
              14.641074
            ],
            [
              121.0730645,
              14.6410286
            ],
            [
              121.0729599,
              14.6410235
            ],
            [
              121.072838,
              14.6409845
            ],
            [
              121.0727169,
              14.6409131
            ],
            [
              121.0726947,
              14.640869
            ],
            [
              121.0727189,
              14.6407899
            ],
            [
              121.072739,
              14.6407237
            ],
            [
              121.0727102,
              14.6407003
            ],
            [
              121.072644,
              14.6406746
            ],
            [
              121.0725921,
              14.6406588
            ],
            [
              121.0724983,
              14.6406874
            ],
            [
              121.0724044,
              14.6406938
            ],
            [
              121.0723494,
              14.640677
            ],
            [
              121.0723373,
              14.640616
            ],
            [
              121.0723682,
              14.6405252
            ],
            [
              121.072342,
              14.6403085
            ],
            [
              121.0725186,
              14.6403827
            ],
            [
              121.0728779,
              14.6407095
            ],
            [
              121.0729989,
              14.6408087
            ],
            [
              121.0732803,
              14.6409854
            ]
          ]
        ]
      },
      "id": "way/259940407"
    },
    {
      "type": "Feature",
      "properties": {
        "@id": "way/260322059",
        "leisure": "park"
      },
      "geometry": {
        "type": "Polygon",
        "coordinates": [
          [
            [
              121.0940591,
              14.6327667
            ],
            [
              121.0940398,
              14.6326104
            ],
            [
              121.0940398,
              14.6324442
            ],
            [
              121.0942105,
              14.6324432
            ],
            [
              121.0941882,
              14.6326428
            ],
            [
              121.094177,
              14.6327884
            ],
            [
              121.0940591,
              14.6327667
            ]
          ]
        ]
      },
      "id": "way/260322059"
    },
    {
      "type": "Feature",
      "properties": {
        "@id": "way/260322061",
        "leisure": "park"
      },
      "geometry": {
        "type": "Polygon",
        "coordinates": [
          [
            [
              121.0941674,
              14.632162
            ],
            [
              121.0940833,
              14.6321337
            ],
            [
              121.0941229,
              14.6317885
            ],
            [
              121.0944434,
              14.6318339
            ],
            [
              121.0944032,
              14.632159
            ],
            [
              121.0943623,
              14.6321674
            ],
            [
              121.0943187,
              14.6321791
            ],
            [
              121.0941674,
              14.632162
            ]
          ]
        ]
      },
      "id": "way/260322061"
    },
    {
      "type": "Feature",
      "properties": {
        "@id": "way/260322062",
        "leisure": "park",
        "name": "Roman Garden"
      },
      "geometry": {
        "type": "Polygon",
        "coordinates": [
          [
            [
              121.0931029,
              14.6328067
            ],
            [
              121.0931302,
              14.6328387
            ],
            [
              121.0931449,
              14.6328777
            ],
            [
              121.0931454,
              14.6329193
            ],
            [
              121.0931316,
              14.6329586
            ],
            [
              121.0931067,
              14.6329899
            ],
            [
              121.0930728,
              14.6330119
            ],
            [
              121.0930335,
              14.6330224
            ],
            [
              121.0929928,
              14.6330204
            ],
            [
              121.0929548,
              14.633006
            ],
            [
              121.0929234,
              14.6329807
            ],
            [
              121.092902,
              14.6329471
            ],
            [
              121.0928926,
              14.6329087
            ],
            [
              121.0928963,
              14.6328694
            ],
            [
              121.0929138,
              14.6328314
            ],
            [
              121.0929433,
              14.6328013
            ],
            [
              121.0929815,
              14.6327824
            ],
            [
              121.0930241,
              14.6327768
            ],
            [
              121.0930661,
              14.6327852
            ],
            [
              121.0931029,
              14.6328067
            ]
          ]
        ]
      },
      "id": "way/260322062"
    },
    {
      "type": "Feature",
      "properties": {
        "@id": "way/263307856",
        "access": "yes",
        "addr:city": "Quezon City",
        "addr:postcode": "1110",
        "leisure": "park",
        "name": "AFP Bahayani Child Development Center",
        "operator": "AFP",
        "operator:type": "government"
      },
      "geometry": {
        "type": "Polygon",
        "coordinates": [
          [
            [
              121.0612666,
              14.6118587
            ],
            [
              121.0612975,
              14.6117353
            ],
            [
              121.0614431,
              14.6117694
            ],
            [
              121.0614552,
              14.6117208
            ],
            [
              121.0615687,
              14.6117474
            ],
            [
              121.0615256,
              14.6119195
            ],
            [
              121.0612666,
              14.6118587
            ]
          ]
        ]
      },
      "id": "way/263307856"
    },
    {
      "type": "Feature",
      "properties": {
        "@id": "way/267736826",
        "leisure": "park",
        "name": "Marikit"
      },
      "geometry": {
        "type": "Polygon",
        "coordinates": [
          [
            [
              121.1095288,
              14.648588
            ],
            [
              121.109335,
              14.6489708
            ],
            [
              121.1092123,
              14.6489209
            ],
            [
              121.1091252,
              14.648723
            ],
            [
              121.1092677,
              14.648661
            ],
            [
              121.1092928,
              14.6485984
            ],
            [
              121.1092103,
              14.6484207
            ],
            [
              121.1094222,
              14.6483363
            ],
            [
              121.1095288,
              14.648588
            ]
          ]
        ]
      },
      "id": "way/267736826"
    },
    {
      "type": "Feature",
      "properties": {
        "@id": "way/291266205",
        "leisure": "park"
      },
      "geometry": {
        "type": "Polygon",
        "coordinates": [
          [
            [
              121.1189908,
              14.649021
            ],
            [
              121.1184349,
              14.6496169
            ],
            [
              121.1184028,
              14.6495892
            ],
            [
              121.1188098,
              14.6491386
            ],
            [
              121.118961,
              14.6489792
            ],
            [
              121.1189908,
              14.649021
            ]
          ]
        ]
      },
      "id": "way/291266205"
    },
    {
      "type": "Feature",
      "properties": {
        "@id": "way/291840655",
        "leisure": "park"
      },
      "geometry": {
        "type": "Polygon",
        "coordinates": [
          [
            [
              121.0906291,
              14.6220488
            ],
            [
              121.0906281,
              14.6220306
            ],
            [
              121.0907794,
              14.6220353
            ],
            [
              121.0907948,
              14.6220483
            ],
            [
              121.0906446,
              14.6228103
            ],
            [
              121.0906126,
              14.6228091
            ],
            [
              121.0906291,
              14.6220488
            ]
          ]
        ]
      },
      "id": "way/291840655"
    },
    {
      "type": "Feature",
      "properties": {
        "@id": "way/299052290",
        "leisure": "park"
      },
      "geometry": {
        "type": "Polygon",
        "coordinates": [
          [
            [
              121.0901678,
              14.6496202
            ],
            [
              121.0901637,
              14.6495443
            ],
            [
              121.0902104,
              14.6495465
            ],
            [
              121.0902137,
              14.6496205
            ],
            [
              121.0901678,
              14.6496202
            ]
          ]
        ]
      },
      "id": "way/299052290"
    },
    {
      "type": "Feature",
      "properties": {
        "@id": "way/305213057",
        "leisure": "park",
        "name": "Marikina Health Center Park"
      },
      "geometry": {
        "type": "Polygon",
        "coordinates": [
          [
            [
              121.0975139,
              14.636396
            ],
            [
              121.0974633,
              14.6363953
            ],
            [
              121.0974644,
              14.6363175
            ],
            [
              121.0974662,
              14.6361923
            ],
            [
              121.0975167,
              14.6361929
            ],
            [
              121.0975139,
              14.636396
            ]
          ]
        ]
      },
      "id": "way/305213057"
    },
    {
      "type": "Feature",
      "properties": {
        "@id": "way/308354433",
        "landuse": "grass",
        "name": "MDPS Grass Area"
      },
      "geometry": {
        "type": "Polygon",
        "coordinates": [
          [
            [
              121.121779,
              14.655219
            ],
            [
              121.1218492,
              14.6551166
            ],
            [
              121.1222071,
              14.6553462
            ],
            [
              121.1221369,
              14.6554486
            ],
            [
              121.121779,
              14.655219
            ]
          ]
        ]
      },
      "id": "way/308354433"
    },
    {
      "type": "Feature",
      "properties": {
        "@id": "way/316623687",
        "leisure": "park",
        "name": "playground"
      },
      "geometry": {
        "type": "Polygon",
        "coordinates": [
          [
            [
              121.0711779,
              14.6397704
            ],
            [
              121.0711901,
              14.6396789
            ],
            [
              121.0712489,
              14.6397255
            ],
            [
              121.0711779,
              14.6397704
            ]
          ]
        ]
      },
      "id": "way/316623687"
    },
    {
      "type": "Feature",
      "properties": {
        "@id": "way/316650910",
        "landuse": "grass"
      },
      "geometry": {
        "type": "Polygon",
        "coordinates": [
          [
            [
              121.0767421,
              14.6346536
            ],
            [
              121.0766375,
              14.6346264
            ],
            [
              121.0765611,
              14.6345991
            ],
            [
              121.0762365,
              14.6345861
            ],
            [
              121.0760609,
              14.6345745
            ],
            [
              121.0760474,
              14.6345355
            ],
            [
              121.0766871,
              14.634542
            ],
            [
              121.0766831,
              14.6344745
            ],
            [
              121.0767113,
              14.6344745
            ],
            [
              121.0767596,
              14.6344797
            ],
            [
              121.0767944,
              14.6344927
            ],
            [
              121.0768266,
              14.6345122
            ],
            [
              121.0768454,
              14.6345381
            ],
            [
              121.0768561,
              14.6345732
            ],
            [
              121.0768467,
              14.6345991
            ],
            [
              121.0768306,
              14.6346212
            ],
            [
              121.0767877,
              14.6346458
            ],
            [
              121.0767421,
              14.6346536
            ]
          ]
        ]
      },
      "id": "way/316650910"
    },
    {
      "type": "Feature",
      "properties": {
        "@id": "way/316652521",
        "landuse": "grass"
      },
      "geometry": {
        "type": "Polygon",
        "coordinates": [
          [
            [
              121.0765694,
              14.6349278
            ],
            [
              121.0764631,
              14.6349548
            ],
            [
              121.076468,
              14.6348789
            ],
            [
              121.076488,
              14.6348662
            ],
            [
              121.0765053,
              14.6348574
            ],
            [
              121.0765277,
              14.6348593
            ],
            [
              121.076548,
              14.6348702
            ],
            [
              121.0765643,
              14.6348839
            ],
            [
              121.0765765,
              14.6349016
            ],
            [
              121.0765694,
              14.6349183
            ],
            [
              121.0765602,
              14.6349233
            ],
            [
              121.0765694,
              14.6349278
            ]
          ]
        ]
      },
      "id": "way/316652521"
    },
    {
      "type": "Feature",
      "properties": {
        "@id": "way/416850794",
        "landuse": "grass"
      },
      "geometry": {
        "type": "Polygon",
        "coordinates": [
          [
            [
              121.0758154,
              14.6510079
            ],
            [
              121.0758155,
              14.650859
            ],
            [
              121.0759946,
              14.6508591
            ],
            [
              121.0759944,
              14.6510079
            ],
            [
              121.0758154,
              14.6510079
            ]
          ]
        ]
      },
      "id": "way/416850794"
    },
    {
      "type": "Feature",
      "properties": {
        "@id": "way/421286317",
        "landuse": "recreation_ground",
        "leisure": "park"
      },
      "geometry": {
        "type": "Polygon",
        "coordinates": [
          [
            [
              121.1093475,
              14.6177859
            ],
            [
              121.1093548,
              14.6174265
            ],
            [
              121.1097333,
              14.6174223
            ],
            [
              121.1097302,
              14.6177837
            ],
            [
              121.1093475,
              14.6177859
            ]
          ]
        ]
      },
      "id": "way/421286317"
    },
    {
      "type": "Feature",
      "properties": {
        "@id": "way/421286348",
        "addr:city": "Cainta",
        "addr:street": "Catleya Street",
        "leisure": "park",
        "name": "Catleya Triangle Park"
      },
      "geometry": {
        "type": "Polygon",
        "coordinates": [
          [
            [
              121.108119,
              14.617033
            ],
            [
              121.1080999,
              14.6170443
            ],
            [
              121.1079,
              14.6170305
            ],
            [
              121.1078864,
              14.6169985
            ],
            [
              121.1081084,
              14.6167851
            ],
            [
              121.1081372,
              14.6167729
            ],
            [
              121.108119,
              14.617033
            ]
          ]
        ]
      },
      "id": "way/421286348"
    },
    {
      "type": "Feature",
      "properties": {
        "@id": "way/421289773",
        "addr:street": "Everlasting Street",
        "description": "Park's name is derived from its architect/designer, Jose Porthos Singson.",
        "fixme": "Confirm existance, appears to not exist anyome from aerial imagery.",
        "leisure": "park",
        "name": "Porthos Park"
      },
      "geometry": {
        "type": "Polygon",
        "coordinates": [
          [
            [
              121.1111364,
              14.6182625
            ],
            [
              121.1111456,
              14.6180433
            ],
            [
              121.1112779,
              14.6180485
            ],
            [
              121.1112865,
              14.6178449
            ],
            [
              121.111336,
              14.6178141
            ],
            [
              121.1114103,
              14.6178141
            ],
            [
              121.1114422,
              14.6178723
            ],
            [
              121.1114351,
              14.617999
            ],
            [
              121.1114705,
              14.6181257
            ],
            [
              121.1114642,
              14.6182754
            ],
            [
              121.1111364,
              14.6182625
            ]
          ]
        ]
      },
      "id": "way/421289773"
    },
    {
      "type": "Feature",
      "properties": {
        "@id": "way/429418585",
        "leisure": "park"
      },
      "geometry": {
        "type": "Polygon",
        "coordinates": [
          [
            [
              121.0622648,
              14.6108114
            ],
            [
              121.0621369,
              14.6113151
            ],
            [
              121.0621087,
              14.6113489
            ],
            [
              121.0620671,
              14.611358
            ],
            [
              121.0620155,
              14.6113453
            ],
            [
              121.0618928,
              14.6113151
            ],
            [
              121.0616542,
              14.6112567
            ],
            [
              121.0617808,
              14.6107007
            ],
            [
              121.0621344,
              14.6107816
            ],
            [
              121.0622648,
              14.6108114
            ]
          ]
        ]
      },
      "id": "way/429418585"
    },
    {
      "type": "Feature",
      "properties": {
        "@id": "way/443497576",
        "leisure": "park",
        "name": "New Intramuros Village Park"
      },
      "geometry": {
        "type": "Polygon",
        "coordinates": [
          [
            [
              121.0730218,
              14.6712138
            ],
            [
              121.0730258,
              14.6704659
            ],
            [
              121.0730267,
              14.6702937
            ],
            [
              121.0733322,
              14.6702882
            ],
            [
              121.0733336,
              14.6703588
            ],
            [
              121.0733397,
              14.6706652
            ],
            [
              121.0734751,
              14.6708311
            ],
            [
              121.0736481,
              14.6708883
            ],
            [
              121.0736478,
              14.6709196
            ],
            [
              121.0736665,
              14.6712155
            ],
            [
              121.0730218,
              14.6712138
            ]
          ]
        ]
      },
      "id": "way/443497576"
    },
    {
      "type": "Feature",
      "properties": {
        "@id": "way/469265290",
        "leisure": "park",
        "name": "Tierra Bella Park"
      },
      "geometry": {
        "type": "Polygon",
        "coordinates": [
          [
            [
              121.0645336,
              14.6679868
            ],
            [
              121.0648801,
              14.6680596
            ],
            [
              121.0649771,
              14.6689193
            ],
            [
              121.0639886,
              14.6688924
            ],
            [
              121.063541,
              14.6689987
            ],
            [
              121.0628896,
              14.6687975
            ],
            [
              121.063062,
              14.6686387
            ],
            [
              121.0632632,
              14.6680704
            ],
            [
              121.0644487,
              14.6680549
            ],
            [
              121.0645336,
              14.6679868
            ]
          ]
        ]
      },
      "id": "way/469265290"
    },
    {
      "type": "Feature",
      "properties": {
        "@id": "way/472457789",
        "leisure": "park",
        "name": "Science Complex Park"
      },
      "geometry": {
        "type": "Polygon",
        "coordinates": [
          [
            [
              121.069544,
              14.649707
            ],
            [
              121.0695735,
              14.6495773
            ],
            [
              121.0697773,
              14.6493645
            ],
            [
              121.0699101,
              14.6490959
            ],
            [
              121.0699624,
              14.6489389
            ],
            [
              121.0699891,
              14.6487658
            ],
            [
              121.0699893,
              14.6486865
            ],
            [
              121.070358,
              14.6486827
            ],
            [
              121.0703713,
              14.6480885
            ],
            [
              121.0704665,
              14.6480846
            ],
            [
              121.0704734,
              14.6478483
            ],
            [
              121.0709749,
              14.6480961
            ],
            [
              121.0707228,
              14.6485243
            ],
            [
              121.0706638,
              14.6486385
            ],
            [
              121.0708607,
              14.6487445
            ],
            [
              121.0708088,
              14.6488403
            ],
            [
              121.0707832,
              14.6489103
            ],
            [
              121.0707787,
              14.6493034
            ],
            [
              121.0707769,
              14.6493354
            ],
            [
              121.0707341,
              14.6493428
            ],
            [
              121.0706415,
              14.6493475
            ],
            [
              121.0705084,
              14.6493783
            ],
            [
              121.0702588,
              14.6495286
            ],
            [
              121.0700979,
              14.6496739
            ],
            [
              121.0699932,
              14.6497414
            ],
            [
              121.0697626,
              14.6497336
            ],
            [
              121.069544,
              14.649707
            ]
          ]
        ]
      },
      "id": "way/472457789"
    },
    {
      "type": "Feature",
      "properties": {
        "@id": "way/482184780",
        "leisure": "park"
      },
      "geometry": {
        "type": "Polygon",
        "coordinates": [
          [
            [
              121.0734444,
              14.6152168
            ],
            [
              121.0741586,
              14.6154015
            ],
            [
              121.0742017,
              14.6152517
            ],
            [
              121.0744464,
              14.6153058
            ],
            [
              121.0745752,
              14.6153412
            ],
            [
              121.0744349,
              14.6159654
            ],
            [
              121.0744069,
              14.6160304
            ],
            [
              121.074366,
              14.6160672
            ],
            [
              121.0743273,
              14.6160916
            ],
            [
              121.0742892,
              14.6160968
            ],
            [
              121.074243,
              14.6160953
            ],
            [
              121.0742139,
              14.6160894
            ],
            [
              121.0741848,
              14.6160733
            ],
            [
              121.0741592,
              14.6160556
            ],
            [
              121.0741334,
              14.6160359
            ],
            [
              121.0741086,
              14.6160096
            ],
            [
              121.0740902,
              14.6159888
            ],
            [
              121.0736676,
              14.6153722
            ],
            [
              121.073642,
              14.6153484
            ],
            [
              121.0734444,
              14.6152168
            ]
          ]
        ]
      },
      "id": "way/482184780"
    },
    {
      "type": "Feature",
      "properties": {
        "@id": "way/497621755",
        "leisure": "park"
      },
      "geometry": {
        "type": "Polygon",
        "coordinates": [
          [
            [
              121.1119784,
              14.6642002
            ],
            [
              121.1117008,
              14.6641204
            ],
            [
              121.1117818,
              14.6639088
            ],
            [
              121.1120513,
              14.6640062
            ],
            [
              121.1119784,
              14.6642002
            ]
          ]
        ]
      },
      "id": "way/497621755"
    },
    {
      "type": "Feature",
      "properties": {
        "@id": "way/509640133",
        "leisure": "park",
        "name": "Engineering Unity Path Park"
      },
      "geometry": {
        "type": "Polygon",
        "coordinates": [
          [
            [
              121.0675327,
              14.6485258
            ],
            [
              121.0680439,
              14.6485664
            ],
            [
              121.0679748,
              14.6487001
            ],
            [
              121.0679501,
              14.6489054
            ],
            [
              121.0681623,
              14.6489532
            ],
            [
              121.0681327,
              14.6491013
            ],
            [
              121.0677882,
              14.649575
            ],
            [
              121.0676045,
              14.6494595
            ],
            [
              121.0674842,
              14.6493421
            ],
            [
              121.0673824,
              14.6492207
            ],
            [
              121.0673731,
              14.6492107
            ],
            [
              121.0675,
              14.6491173
            ],
            [
              121.0675327,
              14.6485258
            ]
          ]
        ]
      },
      "id": "way/509640133"
    },
    {
      "type": "Feature",
      "properties": {
        "@id": "way/525094363",
        "leisure": "park",
        "name": "Plaza delos Kapitanes",
        "place": "square"
      },
      "geometry": {
        "type": "Polygon",
        "coordinates": [
          [
            [
              121.081899,
              14.6331327
            ],
            [
              121.0820279,
              14.632765
            ],
            [
              121.0823145,
              14.632859
            ],
            [
              121.0823206,
              14.6329882
            ],
            [
              121.0822629,
              14.6329907
            ],
            [
              121.0822581,
              14.6328869
            ],
            [
              121.0821037,
              14.6328936
            ],
            [
              121.0821144,
              14.6331232
            ],
            [
              121.081899,
              14.6331327
            ]
          ]
        ]
      },
      "id": "way/525094363"
    },
    {
      "type": "Feature",
      "properties": {
        "@id": "way/550984113",
        "leisure": "park"
      },
      "geometry": {
        "type": "Polygon",
        "coordinates": [
          [
            [
              121.0697523,
              14.6498499
            ],
            [
              121.0696094,
              14.6500542
            ],
            [
              121.0696147,
              14.6502826
            ],
            [
              121.0699775,
              14.6504695
            ],
            [
              121.0700943,
              14.6508924
            ],
            [
              121.0700381,
              14.6509109
            ],
            [
              121.0699776,
              14.6509315
            ],
            [
              121.0698427,
              14.651002
            ],
            [
              121.0696756,
              14.6511837
            ],
            [
              121.0696224,
              14.6511537
            ],
            [
              121.0695277,
              14.6511003
            ],
            [
              121.0694261,
              14.6509691
            ],
            [
              121.0693829,
              14.6508111
            ],
            [
              121.0693811,
              14.6506983
            ],
            [
              121.0693737,
              14.6502358
            ],
            [
              121.069346,
              14.65013
            ],
            [
              121.0692993,
              14.6500803
            ],
            [
              121.068831,
              14.6500714
            ],
            [
              121.068857,
              14.6498345
            ],
            [
              121.0697523,
              14.6498499
            ]
          ]
        ]
      },
      "id": "way/550984113"
    },
    {
      "type": "Feature",
      "properties": {
        "@id": "way/554598780",
        "leisure": "park",
        "name": "College of Music Front Lawn"
      },
      "geometry": {
        "type": "Polygon",
        "coordinates": [
          [
            [
              121.0655503,
              14.6564018
            ],
            [
              121.0648908,
              14.6564125
            ],
            [
              121.0648678,
              14.6564018
            ],
            [
              121.064854,
              14.6563875
            ],
            [
              121.064843,
              14.656368
            ],
            [
              121.0648411,
              14.6561962
            ],
            [
              121.0648531,
              14.6561802
            ],
            [
              121.0648669,
              14.6561651
            ],
            [
              121.0648807,
              14.6561526
            ],
            [
              121.0648917,
              14.6561455
            ],
            [
              121.0655982,
              14.6561464
            ],
            [
              121.0656,
              14.6563511
            ],
            [
              121.0655945,
              14.6563653
            ],
            [
              121.0655834,
              14.6563831
            ],
            [
              121.0655696,
              14.6563964
            ],
            [
              121.0655503,
              14.6564018
            ]
          ]
        ]
      },
      "id": "way/554598780"
    },
    {
      "type": "Feature",
      "properties": {
        "@id": "way/554598782",
        "leisure": "park"
      },
      "geometry": {
        "type": "Polygon",
        "coordinates": [
          [
            [
              121.0656809,
              14.6561446
            ],
            [
              121.0663625,
              14.6561393
            ],
            [
              121.0662456,
              14.656293
            ],
            [
              121.0657686,
              14.6562949
            ],
            [
              121.0656809,
              14.6561446
            ]
          ]
        ]
      },
      "id": "way/554598782"
    },
    {
      "type": "Feature",
      "properties": {
        "@id": "way/554776206",
        "access": "destination",
        "leisure": "park"
      },
      "geometry": {
        "type": "Polygon",
        "coordinates": [
          [
            [
              121.0630006,
              14.6124455
            ],
            [
              121.0631441,
              14.611855
            ],
            [
              121.0637315,
              14.6119887
            ],
            [
              121.063588,
              14.6125791
            ],
            [
              121.0630006,
              14.6124455
            ]
          ]
        ]
      },
      "id": "way/554776206"
    },
    {
      "type": "Feature",
      "properties": {
        "@id": "way/557191248",
        "leisure": "park"
      },
      "geometry": {
        "type": "Polygon",
        "coordinates": [
          [
            [
              121.090222,
              14.6145271
            ],
            [
              121.0903063,
              14.6145653
            ],
            [
              121.0904504,
              14.6145653
            ],
            [
              121.0904828,
              14.614592
            ],
            [
              121.0904922,
              14.6145952
            ],
            [
              121.090593,
              14.6145946
            ],
            [
              121.0906061,
              14.6145866
            ],
            [
              121.090636,
              14.6145667
            ],
            [
              121.0906676,
              14.6145636
            ],
            [
              121.0908721,
              14.6145619
            ],
            [
              121.090925,
              14.6145824
            ],
            [
              121.0909433,
              14.6146134
            ],
            [
              121.0909797,
              14.6147823
            ],
            [
              121.0909988,
              14.6148833
            ],
            [
              121.0909937,
              14.6149041
            ],
            [
              121.0909863,
              14.6149167
            ],
            [
              121.0909777,
              14.6149352
            ],
            [
              121.0909763,
              14.614944
            ],
            [
              121.0909601,
              14.6149727
            ],
            [
              121.0909453,
              14.6149802
            ],
            [
              121.0909376,
              14.6149898
            ],
            [
              121.0909148,
              14.6149972
            ],
            [
              121.0908701,
              14.6150334
            ],
            [
              121.0908205,
              14.6150758
            ],
            [
              121.0907465,
              14.615118
            ],
            [
              121.0907249,
              14.6151277
            ],
            [
              121.0906283,
              14.6151493
            ],
            [
              121.0905526,
              14.6151627
            ],
            [
              121.0904723,
              14.6151906
            ],
            [
              121.0903829,
              14.6152202
            ],
            [
              121.0903501,
              14.6152219
            ],
            [
              121.0902855,
              14.6152142
            ],
            [
              121.0902527,
              14.6152108
            ],
            [
              121.0902066,
              14.6151886
            ],
            [
              121.090132,
              14.6151165
            ],
            [
              121.09012,
              14.6150405
            ],
            [
              121.0901104,
              14.6150343
            ],
            [
              121.0900634,
              14.615038
            ],
            [
              121.0900685,
              14.6150089
            ],
            [
              121.090093,
              14.6149662
            ],
            [
              121.0900961,
              14.6149437
            ],
            [
              121.0900956,
              14.6149164
            ],
            [
              121.0901368,
              14.6149164
            ],
            [
              121.0901471,
              14.6146698
            ],
            [
              121.0901605,
              14.6145411
            ],
            [
              121.0901801,
              14.6145043
            ],
            [
              121.090222,
              14.6145271
            ]
          ]
        ]
      },
      "id": "way/557191248"
    },
    {
      "type": "Feature",
      "properties": {
        "@id": "way/563497964",
        "leisure": "park"
      },
      "geometry": {
        "type": "Polygon",
        "coordinates": [
          [
            [
              121.0866054,
              14.6658689
            ],
            [
              121.0862338,
              14.6653837
            ],
            [
              121.0859214,
              14.6649776
            ],
            [
              121.0862539,
              14.6647674
            ],
            [
              121.0863546,
              14.6647194
            ],
            [
              121.0865154,
              14.6647337
            ],
            [
              121.0867596,
              14.6648076
            ],
            [
              121.0871391,
              14.6649568
            ],
            [
              121.0873684,
              14.6650528
            ],
            [
              121.0872048,
              14.6653733
            ],
            [
              121.0870265,
              14.6655867
            ],
            [
              121.0866054,
              14.6658689
            ]
          ]
        ]
      },
      "id": "way/563497964"
    },
    {
      "type": "Feature",
      "properties": {
        "@id": "way/565992308",
        "landuse": "grass"
      },
      "geometry": {
        "type": "Polygon",
        "coordinates": [
          [
            [
              121.0729426,
              14.6541236
            ],
            [
              121.0729431,
              14.6541126
            ],
            [
              121.0729462,
              14.6541033
            ],
            [
              121.0729508,
              14.6540937
            ],
            [
              121.0729607,
              14.6540858
            ],
            [
              121.0729766,
              14.654083
            ],
            [
              121.0732885,
              14.6541922
            ],
            [
              121.073291,
              14.6542007
            ],
            [
              121.0732919,
              14.6542113
            ],
            [
              121.0732896,
              14.6542212
            ],
            [
              121.0732852,
              14.6542283
            ],
            [
              121.0732393,
              14.6542283
            ],
            [
              121.07324,
              14.654375
            ],
            [
              121.0732849,
              14.6543753
            ],
            [
              121.0732907,
              14.6543826
            ],
            [
              121.0732951,
              14.6543931
            ],
            [
              121.0732959,
              14.6544035
            ],
            [
              121.0732946,
              14.6544118
            ],
            [
              121.0732903,
              14.6544203
            ],
            [
              121.0732842,
              14.6544275
            ],
            [
              121.0731566,
              14.6545399
            ],
            [
              121.0729426,
              14.6541236
            ]
          ]
        ]
      },
      "id": "way/565992308"
    },
    {
      "type": "Feature",
      "properties": {
        "@id": "way/567860953",
        "landuse": "grass"
      },
      "geometry": {
        "type": "Polygon",
        "coordinates": [
          [
            [
              121.0731053,
              14.6503537
            ],
            [
              121.0729437,
              14.6503452
            ],
            [
              121.0729465,
              14.6502961
            ],
            [
              121.0730274,
              14.6502221
            ],
            [
              121.0729551,
              14.650143
            ],
            [
              121.0729582,
              14.650089
            ],
            [
              121.0731239,
              14.6500977
            ],
            [
              121.0731053,
              14.6503537
            ]
          ]
        ]
      },
      "id": "way/567860953"
    },
    {
      "type": "Feature",
      "properties": {
        "@id": "way/567860954",
        "landuse": "grass"
      },
      "geometry": {
        "type": "Polygon",
        "coordinates": [
          [
            [
              121.0732205,
              14.6501028
            ],
            [
              121.07338,
              14.6501113
            ],
            [
              121.0733766,
              14.6501713
            ],
            [
              121.0732943,
              14.6502402
            ],
            [
              121.073368,
              14.6503233
            ],
            [
              121.0733655,
              14.6503675
            ],
            [
              121.0732016,
              14.6503588
            ],
            [
              121.0732205,
              14.6501028
            ]
          ]
        ]
      },
      "id": "way/567860954"
    },
    {
      "type": "Feature",
      "properties": {
        "@id": "way/567871021",
        "landuse": "grass"
      },
      "geometry": {
        "type": "Polygon",
        "coordinates": [
          [
            [
              121.0722099,
              14.6498259
            ],
            [
              121.0722059,
              14.6498752
            ],
            [
              121.0721927,
              14.6499229
            ],
            [
              121.0721706,
              14.6499675
            ],
            [
              121.0721404,
              14.6500074
            ],
            [
              121.0721031,
              14.6500412
            ],
            [
              121.07206,
              14.6500679
            ],
            [
              121.0720126,
              14.6500864
            ],
            [
              121.0719625,
              14.6500962
            ],
            [
              121.0719114,
              14.6500969
            ],
            [
              121.0718611,
              14.6500885
            ],
            [
              121.0718131,
              14.6500713
            ],
            [
              121.0717693,
              14.6500459
            ],
            [
              121.071731,
              14.6500131
            ],
            [
              121.0716996,
              14.6499741
            ],
            [
              121.0716762,
              14.6499302
            ],
            [
              121.0716615,
              14.6498828
            ],
            [
              121.071656,
              14.6498337
            ],
            [
              121.07166,
              14.6497844
            ],
            [
              121.0716733,
              14.6497366
            ],
            [
              121.0716954,
              14.649692
            ],
            [
              121.0717256,
              14.6496521
            ],
            [
              121.0717629,
              14.6496183
            ],
            [
              121.0718059,
              14.6495917
            ],
            [
              121.0718533,
              14.6495731
            ],
            [
              121.0719034,
              14.6495633
            ],
            [
              121.0719545,
              14.6495626
            ],
            [
              121.0720049,
              14.649571
            ],
            [
              121.0720528,
              14.6495882
            ],
            [
              121.0720967,
              14.6496136
            ],
            [
              121.0721349,
              14.6496464
            ],
            [
              121.0721663,
              14.6496854
            ],
            [
              121.0721898,
              14.6497293
            ],
            [
              121.0722045,
              14.6497767
            ],
            [
              121.0722099,
              14.6498259
            ]
          ]
        ]
      },
      "id": "way/567871021"
    },
    {
      "type": "Feature",
      "properties": {
        "@id": "way/568988342",
        "landuse": "grass"
      },
      "geometry": {
        "type": "Polygon",
        "coordinates": [
          [
            [
              121.071513,
              14.6645599
            ],
            [
              121.0715218,
              14.6645443
            ],
            [
              121.0715238,
              14.6645356
            ],
            [
              121.0715246,
              14.6645273
            ],
            [
              121.0715231,
              14.6645167
            ],
            [
              121.0715193,
              14.6645026
            ],
            [
              121.0715129,
              14.6644888
            ],
            [
              121.0715071,
              14.6644789
            ],
            [
              121.0715001,
              14.6644701
            ],
            [
              121.0715147,
              14.6644726
            ],
            [
              121.0715342,
              14.6644742
            ],
            [
              121.0715518,
              14.664474
            ],
            [
              121.0715672,
              14.6644736
            ],
            [
              121.0715858,
              14.664472
            ],
            [
              121.071605,
              14.6644688
            ],
            [
              121.0716217,
              14.6644651
            ],
            [
              121.0716523,
              14.6644571
            ],
            [
              121.0716718,
              14.6644514
            ],
            [
              121.0716895,
              14.6644451
            ],
            [
              121.0717217,
              14.664434
            ],
            [
              121.0717637,
              14.6644198
            ],
            [
              121.0717979,
              14.6644074
            ],
            [
              121.071842,
              14.6643919
            ],
            [
              121.0719091,
              14.664369
            ],
            [
              121.0720289,
              14.6643266
            ],
            [
              121.0720391,
              14.6643234
            ],
            [
              121.0720465,
              14.6643234
            ],
            [
              121.0720528,
              14.6643256
            ],
            [
              121.0720559,
              14.6643319
            ],
            [
              121.0720526,
              14.6643388
            ],
            [
              121.0720455,
              14.664345
            ],
            [
              121.0720328,
              14.664352
            ],
            [
              121.0719036,
              14.6644118
            ],
            [
              121.0718659,
              14.6644285
            ],
            [
              121.0718306,
              14.6644433
            ],
            [
              121.0717874,
              14.6644614
            ],
            [
              121.0717641,
              14.6644711
            ],
            [
              121.0717296,
              14.6644844
            ],
            [
              121.0716887,
              14.6644996
            ],
            [
              121.0716562,
              14.664511
            ],
            [
              121.0716222,
              14.6645224
            ],
            [
              121.0715821,
              14.6645365
            ],
            [
              121.0715397,
              14.6645508
            ],
            [
              121.071513,
              14.6645599
            ]
          ]
        ]
      },
      "id": "way/568988342"
    },
    {
      "type": "Feature",
      "properties": {
        "@id": "way/568988343",
        "leisure": "park"
      },
      "geometry": {
        "type": "Polygon",
        "coordinates": [
          [
            [
              121.0708789,
              14.6650328
            ],
            [
              121.0708942,
              14.6650316
            ],
            [
              121.0709156,
              14.6650266
            ],
            [
              121.070948,
              14.665015
            ],
            [
              121.070995,
              14.6649911
            ],
            [
              121.0710354,
              14.6649724
            ],
            [
              121.0710708,
              14.6649579
            ],
            [
              121.0711012,
              14.6649451
            ],
            [
              121.0711122,
              14.664943
            ],
            [
              121.0711233,
              14.6649424
            ],
            [
              121.0711283,
              14.6649456
            ],
            [
              121.0711288,
              14.6649505
            ],
            [
              121.0711244,
              14.6649558
            ],
            [
              121.0711078,
              14.6649665
            ],
            [
              121.0710873,
              14.6649799
            ],
            [
              121.071058,
              14.6650002
            ],
            [
              121.0710293,
              14.6650205
            ],
            [
              121.0710005,
              14.6650425
            ],
            [
              121.0709695,
              14.6650655
            ],
            [
              121.0709469,
              14.6650853
            ],
            [
              121.0709259,
              14.6651083
            ],
            [
              121.0709015,
              14.6651361
            ],
            [
              121.0708822,
              14.6651629
            ],
            [
              121.0708728,
              14.6651784
            ],
            [
              121.0708683,
              14.6651971
            ],
            [
              121.0708645,
              14.6652158
            ],
            [
              121.0707131,
              14.6651112
            ],
            [
              121.0705537,
              14.6650048
            ],
            [
              121.0705726,
              14.6649935
            ],
            [
              121.0707651,
              14.6648781
            ],
            [
              121.0707641,
              14.6649048
            ],
            [
              121.0707673,
              14.6649208
            ],
            [
              121.0707748,
              14.6649499
            ],
            [
              121.0707816,
              14.664971
            ],
            [
              121.0707902,
              14.6649926
            ],
            [
              121.0708062,
              14.6650123
            ],
            [
              121.0708191,
              14.6650205
            ],
            [
              121.0708372,
              14.6650268
            ],
            [
              121.0708534,
              14.6650294
            ],
            [
              121.0708658,
              14.6650312
            ],
            [
              121.0708789,
              14.6650328
            ]
          ]
        ]
      },
      "id": "way/568988343"
    },
    {
      "type": "Feature",
      "properties": {
        "@id": "way/570572131",
        "leisure": "park"
      },
      "geometry": {
        "type": "Polygon",
        "coordinates": [
          [
            [
              121.0765536,
              14.6410907
            ],
            [
              121.0764143,
              14.6410416
            ],
            [
              121.076276,
              14.6409639
            ],
            [
              121.0759289,
              14.6407579
            ],
            [
              121.076156,
              14.6403865
            ],
            [
              121.0762655,
              14.6401258
            ],
            [
              121.0763287,
              14.6399973
            ],
            [
              121.0764853,
              14.640087
            ],
            [
              121.076958,
              14.6400802
            ],
            [
              121.0771422,
              14.640032
            ],
            [
              121.0771424,
              14.640415
            ],
            [
              121.0771361,
              14.6410362
            ],
            [
              121.0768853,
              14.641101
            ],
            [
              121.0766821,
              14.6411158
            ],
            [
              121.0765536,
              14.6410907
            ]
          ]
        ]
      },
      "id": "way/570572131"
    },
    {
      "type": "Feature",
      "properties": {
        "@id": "way/572432190",
        "leisure": "park"
      },
      "geometry": {
        "type": "Polygon",
        "coordinates": [
          [
            [
              121.0628919,
              14.6630419
            ],
            [
              121.0628772,
              14.6626202
            ],
            [
              121.0628504,
              14.6625787
            ],
            [
              121.0628128,
              14.6624879
            ],
            [
              121.0628007,
              14.6624399
            ],
            [
              121.0628222,
              14.6623957
            ],
            [
              121.0628732,
              14.6623399
            ],
            [
              121.0629308,
              14.6623075
            ],
            [
              121.063014,
              14.6622504
            ],
            [
              121.0630824,
              14.6622297
            ],
            [
              121.0631682,
              14.6622413
            ],
            [
              121.0632822,
              14.6622517
            ],
            [
              121.0633653,
              14.6622439
            ],
            [
              121.0634297,
              14.6622258
            ],
            [
              121.0635102,
              14.6621531
            ],
            [
              121.0635424,
              14.6620727
            ],
            [
              121.0635665,
              14.6620078
            ],
            [
              121.0636215,
              14.6619741
            ],
            [
              121.0639112,
              14.662026
            ],
            [
              121.0639112,
              14.6625813
            ],
            [
              121.063816,
              14.6625852
            ],
            [
              121.0638253,
              14.6629835
            ],
            [
              121.0628919,
              14.6630419
            ]
          ]
        ]
      },
      "id": "way/572432190"
    },
    {
      "type": "Feature",
      "properties": {
        "@id": "way/586980369",
        "leisure": "park",
        "name": "Phase 8 Open Space"
      },
      "geometry": {
        "type": "Polygon",
        "coordinates": [
          [
            [
              121.1120394,
              14.6142973
            ],
            [
              121.1119227,
              14.6141208
            ],
            [
              121.1119334,
              14.6139521
            ],
            [
              121.1120367,
              14.613677
            ],
            [
              121.1121681,
              14.6134434
            ],
            [
              121.1122888,
              14.6134914
            ],
            [
              121.1124873,
              14.6134862
            ],
            [
              121.112844,
              14.6133902
            ],
            [
              121.113009,
              14.6141182
            ],
            [
              121.1123747,
              14.6141727
            ],
            [
              121.1121896,
              14.6142065
            ],
            [
              121.1120394,
              14.6142973
            ]
          ]
        ]
      },
      "id": "way/586980369"
    },
    {
      "type": "Feature",
      "properties": {
        "@id": "way/587370220",
        "leisure": "park",
        "operator": "Octagon Village"
      },
      "geometry": {
        "type": "Polygon",
        "coordinates": [
          [
            [
              121.0968125,
              14.6108298
            ],
            [
              121.0966717,
              14.6103769
            ],
            [
              121.0972175,
              14.6101887
            ],
            [
              121.0974079,
              14.6106767
            ],
            [
              121.0971143,
              14.6107688
            ],
            [
              121.0969989,
              14.6108194
            ],
            [
              121.0969734,
              14.6107909
            ],
            [
              121.0968125,
              14.6108298
            ]
          ]
        ]
      },
      "id": "way/587370220"
    },
    {
      "type": "Feature",
      "properties": {
        "@id": "way/608076887",
        "leisure": "park",
        "name": "Ateneoville Park"
      },
      "geometry": {
        "type": "Polygon",
        "coordinates": [
          [
            [
              121.1111133,
              14.6695051
            ],
            [
              121.1113832,
              14.670009
            ],
            [
              121.1108145,
              14.6698134
            ],
            [
              121.1106946,
              14.6697955
            ],
            [
              121.1106568,
              14.6697005
            ],
            [
              121.1111133,
              14.6695051
            ]
          ]
        ]
      },
      "id": "way/608076887"
    },
    {
      "type": "Feature",
      "properties": {
        "@id": "way/608076941",
        "landuse": "grass"
      },
      "geometry": {
        "type": "Polygon",
        "coordinates": [
          [
            [
              121.0748585,
              14.6392463
            ],
            [
              121.0748351,
              14.6378984
            ],
            [
              121.0753616,
              14.6379058
            ],
            [
              121.0753633,
              14.6380528
            ],
            [
              121.075508,
              14.6382009
            ],
            [
              121.0757093,
              14.6384972
            ],
            [
              121.0759986,
              14.6391994
            ],
            [
              121.075994,
              14.6397732
            ],
            [
              121.0758959,
              14.6397822
            ],
            [
              121.0758819,
              14.6392445
            ],
            [
              121.0748585,
              14.6392463
            ]
          ]
        ]
      },
      "id": "way/608076941"
    },
    {
      "type": "Feature",
      "properties": {
        "@id": "way/608076975",
        "landuse": "grass"
      },
      "geometry": {
        "type": "Polygon",
        "coordinates": [
          [
            [
              121.1104308,
              14.6687567
            ],
            [
              121.1103989,
              14.6686837
            ],
            [
              121.1105309,
              14.6686295
            ],
            [
              121.1105628,
              14.6687025
            ],
            [
              121.1104308,
              14.6687567
            ]
          ]
        ]
      },
      "id": "way/608076975"
    },
    {
      "type": "Feature",
      "properties": {
        "@id": "way/608092968",
        "landuse": "grass"
      },
      "geometry": {
        "type": "Polygon",
        "coordinates": [
          [
            [
              121.0760752,
              14.6392503
            ],
            [
              121.0760716,
              14.639151
            ],
            [
              121.0757568,
              14.6384858
            ],
            [
              121.0755726,
              14.6382059
            ],
            [
              121.0758168,
              14.6382264
            ],
            [
              121.0759407,
              14.6382778
            ],
            [
              121.0758831,
              14.6384959
            ],
            [
              121.0762026,
              14.638901
            ],
            [
              121.0762096,
              14.6391715
            ],
            [
              121.0763512,
              14.6391715
            ],
            [
              121.0763583,
              14.639264
            ],
            [
              121.0760752,
              14.6392503
            ]
          ]
        ]
      },
      "id": "way/608092968"
    },
    {
      "type": "Feature",
      "properties": {
        "@id": "way/608204742",
        "landuse": "grass"
      },
      "geometry": {
        "type": "Polygon",
        "coordinates": [
          [
            [
              121.0754239,
              14.6379072
            ],
            [
              121.0758859,
              14.6378875
            ],
            [
              121.0757431,
              14.6381752
            ],
            [
              121.0755245,
              14.6381611
            ],
            [
              121.0754166,
              14.6380525
            ],
            [
              121.0754239,
              14.6379072
            ]
          ]
        ]
      },
      "id": "way/608204742"
    },
    {
      "type": "Feature",
      "properties": {
        "@id": "way/608204747",
        "leisure": "park",
        "name": "Matteo Field"
      },
      "geometry": {
        "type": "Polygon",
        "coordinates": [
          [
            [
              121.076797,
              14.6376603
            ],
            [
              121.0772015,
              14.637615
            ],
            [
              121.0771039,
              14.6381343
            ],
            [
              121.076986,
              14.63815
            ],
            [
              121.076797,
              14.6376603
            ]
          ]
        ]
      },
      "id": "way/608204747"
    },
    {
      "type": "Feature",
      "properties": {
        "@id": "way/608204758",
        "landuse": "grass"
      },
      "geometry": {
        "type": "Polygon",
        "coordinates": [
          [
            [
              121.0764534,
              14.6399706
            ],
            [
              121.0762623,
              14.6399686
            ],
            [
              121.0762582,
              14.6397936
            ],
            [
              121.0760712,
              14.6397759
            ],
            [
              121.0760712,
              14.6392802
            ],
            [
              121.0764513,
              14.6392842
            ],
            [
              121.0764493,
              14.6396952
            ],
            [
              121.0771283,
              14.6396677
            ],
            [
              121.0771384,
              14.6399863
            ],
            [
              121.0770266,
              14.6399902
            ],
            [
              121.0770205,
              14.6398427
            ],
            [
              121.0764493,
              14.6398565
            ],
            [
              121.0764534,
              14.6399706
            ]
          ]
        ]
      },
      "id": "way/608204758"
    },
    {
      "type": "Feature",
      "properties": {
        "@id": "way/608204759",
        "landuse": "grass"
      },
      "geometry": {
        "type": "Polygon",
        "coordinates": [
          [
            [
              121.0774736,
              14.6369987
            ],
            [
              121.0782626,
              14.6381029
            ],
            [
              121.0781552,
              14.6382019
            ],
            [
              121.078053,
              14.6381023
            ],
            [
              121.0776826,
              14.6377795
            ],
            [
              121.0773284,
              14.6381999
            ],
            [
              121.0774588,
              14.6382908
            ],
            [
              121.0773788,
              14.6383833
            ],
            [
              121.0772339,
              14.6382977
            ],
            [
              121.0772912,
              14.6381948
            ],
            [
              121.0773903,
              14.6375461
            ],
            [
              121.0772779,
              14.6375394
            ],
            [
              121.0772871,
              14.6375016
            ],
            [
              121.077286,
              14.6374824
            ],
            [
              121.0772787,
              14.6373786
            ],
            [
              121.0766974,
              14.637435
            ],
            [
              121.0767029,
              14.6375715
            ],
            [
              121.0767639,
              14.6375667
            ],
            [
              121.0767656,
              14.6376031
            ],
            [
              121.0766755,
              14.6376452
            ],
            [
              121.0765292,
              14.6375206
            ],
            [
              121.0770225,
              14.6372689
            ],
            [
              121.0774736,
              14.6369987
            ]
          ]
        ]
      },
      "id": "way/608204759"
    },
    {
      "type": "Feature",
      "properties": {
        "@id": "way/608204769",
        "landuse": "grass"
      },
      "geometry": {
        "type": "Polygon",
        "coordinates": [
          [
            [
              121.0774155,
              14.6369
            ],
            [
              121.0764894,
              14.6374394
            ],
            [
              121.076439,
              14.6374479
            ],
            [
              121.0764442,
              14.6373729
            ],
            [
              121.0765371,
              14.6372231
            ],
            [
              121.0765285,
              14.6371648
            ],
            [
              121.076112,
              14.6366102
            ],
            [
              121.0761137,
              14.6363987
            ],
            [
              121.0766204,
              14.6360384
            ],
            [
              121.0767325,
              14.6360757
            ],
            [
              121.0768531,
              14.6361599
            ],
            [
              121.0769736,
              14.6362717
            ],
            [
              121.0774155,
              14.6369
            ]
          ]
        ]
      },
      "id": "way/608204769"
    },
    {
      "type": "Feature",
      "properties": {
        "@id": "way/608204770",
        "landuse": "grass"
      },
      "geometry": {
        "type": "Polygon",
        "coordinates": [
          [
            [
              121.0758499,
              14.635883
            ],
            [
              121.0749941,
              14.6358215
            ],
            [
              121.0750169,
              14.6355892
            ],
            [
              121.0759772,
              14.6356461
            ],
            [
              121.0759712,
              14.6358912
            ],
            [
              121.0758499,
              14.635883
            ]
          ]
        ]
      },
      "id": "way/608204770"
    },
    {
      "type": "Feature",
      "properties": {
        "@id": "way/621711580",
        "landuse": "grass"
      },
      "geometry": {
        "type": "Polygon",
        "coordinates": [
          [
            [
              121.1364847,
              14.6101653
            ],
            [
              121.1366123,
              14.6099323
            ],
            [
              121.1367492,
              14.6095162
            ],
            [
              121.1376189,
              14.609507
            ],
            [
              121.1375815,
              14.6098121
            ],
            [
              121.1373295,
              14.6104898
            ],
            [
              121.1372115,
              14.6107345
            ],
            [
              121.1371603,
              14.6108278
            ],
            [
              121.1370132,
              14.611073
            ],
            [
              121.1366424,
              14.6108223
            ],
            [
              121.1364847,
              14.6106852
            ],
            [
              121.1362819,
              14.6105185
            ],
            [
              121.1364847,
              14.6101653
            ]
          ]
        ]
      },
      "id": "way/621711580"
    },
    {
      "type": "Feature",
      "properties": {
        "@id": "way/670821730",
        "landuse": "grass"
      },
      "geometry": {
        "type": "Polygon",
        "coordinates": [
          [
            [
              121.0643376,
              14.6618456
            ],
            [
              121.0644476,
              14.6617833
            ],
            [
              121.0645509,
              14.6618417
            ],
            [
              121.0643376,
              14.6618456
            ]
          ]
        ]
      },
      "id": "way/670821730"
    },
    {
      "type": "Feature",
      "properties": {
        "@id": "way/696906835",
        "landuse": "grass"
      },
      "geometry": {
        "type": "Polygon",
        "coordinates": [
          [
            [
              121.0927717,
              14.618563
            ],
            [
              121.0953518,
              14.6182688
            ],
            [
              121.095484,
              14.6189732
            ],
            [
              121.0952423,
              14.6189162
            ],
            [
              121.0950146,
              14.6187078
            ],
            [
              121.0940424,
              14.6185173
            ],
            [
              121.0930799,
              14.6186483
            ],
            [
              121.0927717,
              14.618563
            ]
          ]
        ]
      },
      "id": "way/696906835"
    },
    {
      "type": "Feature",
      "properties": {
        "@id": "way/701558012",
        "leisure": "park"
      },
      "geometry": {
        "type": "Polygon",
        "coordinates": [
          [
            [
              121.1066354,
              14.649523
            ],
            [
              121.1065784,
              14.6494022
            ],
            [
              121.106718,
              14.6493406
            ],
            [
              121.106775,
              14.6494614
            ],
            [
              121.1066354,
              14.649523
            ]
          ]
        ]
      },
      "id": "way/701558012"
    },
    {
      "type": "Feature",
      "properties": {
        "@id": "way/791614447",
        "leisure": "park"
      },
      "geometry": {
        "type": "Polygon",
        "coordinates": [
          [
            [
              121.1098943,
              14.6508775
            ],
            [
              121.1103643,
              14.6507718
            ],
            [
              121.1105863,
              14.6507646
            ],
            [
              121.1107057,
              14.6508684
            ],
            [
              121.1106876,
              14.6509223
            ],
            [
              121.109899,
              14.6510053
            ],
            [
              121.1098943,
              14.6508775
            ]
          ]
        ]
      },
      "id": "way/791614447"
    },
    {
      "type": "Feature",
      "properties": {
        "@id": "way/794233033",
        "leisure": "park",
        "name": "Upsilon Sigma Phi Promenade"
      },
      "geometry": {
        "type": "Polygon",
        "coordinates": [
          [
            [
              121.0697904,
              14.655158
            ],
            [
              121.0697912,
              14.6550987
            ],
            [
              121.0701188,
              14.6551027
            ],
            [
              121.0701584,
              14.6550731
            ],
            [
              121.0702015,
              14.6550749
            ],
            [
              121.0702393,
              14.6550992
            ],
            [
              121.0705768,
              14.6551
            ],
            [
              121.0705766,
              14.655161
            ],
            [
              121.0702375,
              14.6551602
            ],
            [
              121.0702051,
              14.655188
            ],
            [
              121.0701566,
              14.655188
            ],
            [
              121.0701206,
              14.6551619
            ],
            [
              121.0697904,
              14.655158
            ]
          ]
        ]
      },
      "id": "way/794233033"
    },
    {
      "type": "Feature",
      "properties": {
        "@id": "way/803554671",
        "leisure": "park"
      },
      "geometry": {
        "type": "Polygon",
        "coordinates": [
          [
            [
              121.0794194,
              14.6697792
            ],
            [
              121.07942,
              14.6694546
            ],
            [
              121.0799159,
              14.6694553
            ],
            [
              121.0799153,
              14.66978
            ],
            [
              121.0794194,
              14.6697792
            ]
          ]
        ]
      },
      "id": "way/803554671"
    },
    {
      "type": "Feature",
      "properties": {
        "@id": "way/824052831",
        "description": "Park with playground and fitness area",
        "dog": "leashed",
        "leisure": "park"
      },
      "geometry": {
        "type": "Polygon",
        "coordinates": [
          [
            [
              121.1198704,
              14.6152314
            ],
            [
              121.119975,
              14.6152029
            ],
            [
              121.1206456,
              14.615138
            ],
            [
              121.1206402,
              14.6154313
            ],
            [
              121.120683,
              14.6158265
            ],
            [
              121.1204677,
              14.615795
            ],
            [
              121.1204643,
              14.615901
            ],
            [
              121.1202388,
              14.6158945
            ],
            [
              121.1201442,
              14.6158912
            ],
            [
              121.1201521,
              14.6156155
            ],
            [
              121.1201172,
              14.6155065
            ],
            [
              121.1200287,
              14.6153742
            ],
            [
              121.1198704,
              14.6152314
            ]
          ]
        ]
      },
      "id": "way/824052831"
    },
    {
      "type": "Feature",
      "properties": {
        "@id": "way/824053459",
        "leisure": "park",
        "name": "Irvine 2 Mini Park"
      },
      "geometry": {
        "type": "Polygon",
        "coordinates": [
          [
            [
              121.1165663,
              14.6144455
            ],
            [
              121.1165219,
              14.6142795
            ],
            [
              121.116621,
              14.6142492
            ],
            [
              121.1166451,
              14.6144305
            ],
            [
              121.1165663,
              14.6144455
            ]
          ]
        ]
      },
      "id": "way/824053459"
    },
    {
      "type": "Feature",
      "properties": {
        "@id": "way/824053460",
        "leisure": "park",
        "name": "Lilac Park"
      },
      "geometry": {
        "type": "Polygon",
        "coordinates": [
          [
            [
              121.1202265,
              14.6111609
            ],
            [
              121.1205039,
              14.6112176
            ],
            [
              121.1204791,
              14.6113355
            ],
            [
              121.1203753,
              14.6113115
            ],
            [
              121.1203415,
              14.6115166
            ],
            [
              121.1202874,
              14.6114708
            ],
            [
              121.1201994,
              14.6113289
            ],
            [
              121.1202265,
              14.6111609
            ]
          ]
        ]
      },
      "id": "way/824053460"
    },
    {
      "type": "Feature",
      "properties": {
        "@id": "way/824385519",
        "addr:city": "Cainta",
        "addr:postcode": "1900",
        "addr:street": "Madison Drive",
        "leisure": "park",
        "name": "Mini Park"
      },
      "geometry": {
        "type": "Polygon",
        "coordinates": [
          [
            [
              121.1194305,
              14.610193
            ],
            [
              121.1194439,
              14.6101099
            ],
            [
              121.1194935,
              14.6101138
            ],
            [
              121.119582,
              14.6101307
            ],
            [
              121.1196169,
              14.6101683
            ],
            [
              121.1197577,
              14.6102254
            ],
            [
              121.1197591,
              14.6102475
            ],
            [
              121.1194305,
              14.610193
            ]
          ]
        ]
      },
      "id": "way/824385519"
    },
    {
      "type": "Feature",
      "properties": {
        "@id": "way/844761256",
        "leisure": "park",
        "name": "Santolan Central Park"
      },
      "geometry": {
        "type": "Polygon",
        "coordinates": [
          [
            [
              121.0866391,
              14.6116167
            ],
            [
              121.0866315,
              14.6115955
            ],
            [
              121.0866431,
              14.6115739
            ],
            [
              121.0866647,
              14.6115662
            ],
            [
              121.0867064,
              14.6115946
            ],
            [
              121.0867797,
              14.6116597
            ],
            [
              121.0868125,
              14.6116954
            ],
            [
              121.0868366,
              14.6117365
            ],
            [
              121.086828,
              14.6117541
            ],
            [
              121.0868115,
              14.6117584
            ],
            [
              121.0867669,
              14.611733
            ],
            [
              121.086725,
              14.6116947
            ],
            [
              121.0866391,
              14.6116167
            ]
          ]
        ]
      },
      "id": "way/844761256"
    },
    {
      "type": "Feature",
      "properties": {
        "@id": "way/871221078",
        "leisure": "park",
        "name": "Old Playground"
      },
      "geometry": {
        "type": "Polygon",
        "coordinates": [
          [
            [
              121.1310636,
              14.6691605
            ],
            [
              121.1309724,
              14.6690048
            ],
            [
              121.13108,
              14.6689458
            ],
            [
              121.1311712,
              14.6691015
            ],
            [
              121.1310636,
              14.6691605
            ]
          ]
        ]
      },
      "id": "way/871221078"
    },
    {
      "type": "Feature",
      "properties": {
        "@id": "way/873340608",
        "leisure": "park"
      },
      "geometry": {
        "type": "Polygon",
        "coordinates": [
          [
            [
              121.0848,
              14.6364743
            ],
            [
              121.0848353,
              14.6364434
            ],
            [
              121.0848793,
              14.6364257
            ],
            [
              121.0849269,
              14.6364233
            ],
            [
              121.0849725,
              14.6364364
            ],
            [
              121.085011,
              14.6364635
            ],
            [
              121.0850366,
              14.6364988
            ],
            [
              121.0850494,
              14.6365401
            ],
            [
              121.0850482,
              14.6365832
            ],
            [
              121.0850331,
              14.6366237
            ],
            [
              121.0850056,
              14.6366576
            ],
            [
              121.0849685,
              14.6366815
            ],
            [
              121.0849255,
              14.6366929
            ],
            [
              121.084881,
              14.6366907
            ],
            [
              121.0848395,
              14.6366751
            ],
            [
              121.0848031,
              14.6366454
            ],
            [
              121.084779,
              14.6366056
            ],
            [
              121.0847701,
              14.6365604
            ],
            [
              121.0847774,
              14.6365148
            ],
            [
              121.0848,
              14.6364743
            ]
          ]
        ]
      },
      "id": "way/873340608"
    },
    {
      "type": "Feature",
      "properties": {
        "@id": "way/874207579",
        "leisure": "park"
      },
      "geometry": {
        "type": "Polygon",
        "coordinates": [
          [
            [
              121.1202135,
              14.6830318
            ],
            [
              121.120126,
              14.6826481
            ],
            [
              121.1203365,
              14.6826229
            ],
            [
              121.1203804,
              14.6829657
            ],
            [
              121.1202135,
              14.6830318
            ]
          ]
        ]
      },
      "id": "way/874207579"
    },
    {
      "type": "Feature",
      "properties": {
        "@id": "way/905643586",
        "leisure": "park"
      },
      "geometry": {
        "type": "Polygon",
        "coordinates": [
          [
            [
              121.087241,
              14.6190332
            ],
            [
              121.0871061,
              14.6190596
            ],
            [
              121.0870601,
              14.61884
            ],
            [
              121.087195,
              14.6188135
            ],
            [
              121.087241,
              14.6190332
            ]
          ]
        ]
      },
      "id": "way/905643586"
    },
    {
      "type": "Feature",
      "properties": {
        "@id": "way/913397912",
        "leisure": "park"
      },
      "geometry": {
        "type": "Polygon",
        "coordinates": [
          [
            [
              121.1043148,
              14.6483553
            ],
            [
              121.1042264,
              14.6481571
            ],
            [
              121.10442,
              14.6480762
            ],
            [
              121.1045084,
              14.6482744
            ],
            [
              121.1043148,
              14.6483553
            ]
          ]
        ]
      },
      "id": "way/913397912"
    },
    {
      "type": "Feature",
      "properties": {
        "@id": "way/913397913",
        "leisure": "park"
      },
      "geometry": {
        "type": "Polygon",
        "coordinates": [
          [
            [
              121.1036032,
              14.648646
            ],
            [
              121.1035148,
              14.6484478
            ],
            [
              121.1037084,
              14.648367
            ],
            [
              121.1037968,
              14.6485652
            ],
            [
              121.1036032,
              14.648646
            ]
          ]
        ]
      },
      "id": "way/913397913"
    },
    {
      "type": "Feature",
      "properties": {
        "@id": "way/1071722004",
        "landuse": "grass"
      },
      "geometry": {
        "type": "Polygon",
        "coordinates": [
          [
            [
              121.0834378,
              14.6255949
            ],
            [
              121.0836568,
              14.6255295
            ],
            [
              121.0828538,
              14.6263308
            ],
            [
              121.0827931,
              14.626291
            ],
            [
              121.0827931,
              14.6262469
            ],
            [
              121.0834378,
              14.6255949
            ]
          ]
        ]
      },
      "id": "way/1071722004"
    },
    {
      "type": "Feature",
      "properties": {
        "@id": "way/1103969455",
        "alt_name": "Plaza Diokno",
        "leisure": "park",
        "name": "Liwasang Diokno",
        "name:en": "Diokno Square",
        "name:etymology": "Jose Wright Diokno",
        "name:etymology:wikidata": "Q1704109",
        "name:fil": "Liwasang Diokno",
        "operator": "Commission on Human Rights",
        "operator:type": "government",
        "operator:wikidata": "Q5152717"
      },
      "geometry": {
        "type": "Polygon",
        "coordinates": [
          [
            [
              121.0597874,
              14.6577523
            ],
            [
              121.0600001,
              14.6574704
            ],
            [
              121.0602208,
              14.6576262
            ],
            [
              121.0600082,
              14.6579081
            ],
            [
              121.0597874,
              14.6577523
            ]
          ]
        ]
      },
      "id": "way/1103969455"
    },
    {
      "type": "Feature",
      "properties": {
        "@id": "way/1149406386",
        "landuse": "grass"
      },
      "geometry": {
        "type": "Polygon",
        "coordinates": [
          [
            [
              121.0723295,
              14.649927
            ],
            [
              121.0723458,
              14.6498588
            ],
            [
              121.0723473,
              14.6498085
            ],
            [
              121.072345,
              14.6497605
            ],
            [
              121.0723334,
              14.6497155
            ],
            [
              121.0723124,
              14.6496698
            ],
            [
              121.0724217,
              14.6497433
            ],
            [
              121.0724481,
              14.6497523
            ],
            [
              121.0724915,
              14.6497673
            ],
            [
              121.0724334,
              14.6498138
            ],
            [
              121.0723869,
              14.6498588
            ],
            [
              121.0723295,
              14.649927
            ]
          ]
        ]
      },
      "id": "way/1149406386"
    },
    {
      "type": "Feature",
      "properties": {
        "@id": "way/1174213183",
        "leisure": "park"
      },
      "geometry": {
        "type": "Polygon",
        "coordinates": [
          [
            [
              121.0660626,
              14.6688577
            ],
            [
              121.0660623,
              14.6687292
            ],
            [
              121.0660583,
              14.6686243
            ],
            [
              121.0662311,
              14.6686187
            ],
            [
              121.0662246,
              14.6688476
            ],
            [
              121.0660626,
              14.6688577
            ]
          ]
        ]
      },
      "id": "way/1174213183"
    },
    {
      "type": "Feature",
      "properties": {
        "@id": "way/1177745738",
        "landuse": "grass"
      },
      "geometry": {
        "type": "Polygon",
        "coordinates": [
          [
            [
              121.090923,
              14.6211107
            ],
            [
              121.0909025,
              14.6211071
            ],
            [
              121.0908921,
              14.6210978
            ],
            [
              121.0908857,
              14.6210861
            ],
            [
              121.090884,
              14.6210644
            ],
            [
              121.0908923,
              14.6210435
            ],
            [
              121.0909075,
              14.62103
            ],
            [
              121.0909273,
              14.6210236
            ],
            [
              121.0909396,
              14.6210661
            ],
            [
              121.0911346,
              14.6210257
            ],
            [
              121.0911279,
              14.6209837
            ],
            [
              121.091146,
              14.6209855
            ],
            [
              121.0911578,
              14.6209906
            ],
            [
              121.0911678,
              14.6210088
            ],
            [
              121.0911679,
              14.6210302
            ],
            [
              121.0911525,
              14.6210498
            ],
            [
              121.090923,
              14.6211107
            ]
          ]
        ]
      },
      "id": "way/1177745738"
    },
    {
      "type": "Feature",
      "properties": {
        "@id": "way/1177747955",
        "leisure": "park"
      },
      "geometry": {
        "type": "Polygon",
        "coordinates": [
          [
            [
              121.0894446,
              14.6221439
            ],
            [
              121.0893486,
              14.6221425
            ],
            [
              121.0893489,
              14.6220244
            ],
            [
              121.0893546,
              14.6220121
            ],
            [
              121.0893637,
              14.6220004
            ],
            [
              121.0894485,
              14.6220028
            ],
            [
              121.0894481,
              14.6220189
            ],
            [
              121.0894446,
              14.6221439
            ]
          ]
        ]
      },
      "id": "way/1177747955"
    },
    {
      "type": "Feature",
      "properties": {
        "@id": "way/1203825192",
        "leisure": "park"
      },
      "geometry": {
        "type": "Polygon",
        "coordinates": [
          [
            [
              121.057877,
              14.6741061
            ],
            [
              121.0595435,
              14.6738498
            ],
            [
              121.0595649,
              14.6741693
            ],
            [
              121.0596934,
              14.6743396
            ],
            [
              121.0592616,
              14.6746639
            ],
            [
              121.0590605,
              14.6744826
            ],
            [
              121.0588029,
              14.6747716
            ],
            [
              121.0582726,
              14.6748554
            ],
            [
              121.0580072,
              14.6748288
            ],
            [
              121.0579138,
              14.6748009
            ],
            [
              121.0578868,
              14.6746157
            ],
            [
              121.0576251,
              14.6746803
            ],
            [
              121.0576415,
              14.6745043
            ],
            [
              121.0578957,
              14.6744939
            ],
            [
              121.057877,
              14.6741061
            ]
          ]
        ]
      },
      "id": "way/1203825192"
    },
    {
      "type": "Feature",
      "properties": {
        "@id": "way/1221488370",
        "addr:street": "Monterey Street",
        "leisure": "park"
      },
      "geometry": {
        "type": "Polygon",
        "coordinates": [
          [
            [
              121.1043461,
              14.6642841
            ],
            [
              121.1050301,
              14.664072
            ],
            [
              121.1050856,
              14.6642393
            ],
            [
              121.1044016,
              14.6644515
            ],
            [
              121.1043461,
              14.6642841
            ]
          ]
        ]
      },
      "id": "way/1221488370"
    },
    {
      "type": "Feature",
      "properties": {
        "@id": "way/1239355726",
        "amenity": "social_facility",
        "amenity_1": "restaurant",
        "leisure": "park"
      },
      "geometry": {
        "type": "Polygon",
        "coordinates": [
          [
            [
              121.1219222,
              14.6108957
            ],
            [
              121.1219171,
              14.6107649
            ],
            [
              121.1219508,
              14.610764
            ],
            [
              121.1219661,
              14.6108369
            ],
            [
              121.1219901,
              14.6108373
            ],
            [
              121.1219912,
              14.6107691
            ],
            [
              121.1220526,
              14.6107236
            ],
            [
              121.122162,
              14.6107216
            ],
            [
              121.1221671,
              14.6109291
            ],
            [
              121.1221091,
              14.6109282
            ],
            [
              121.1220695,
              14.6109297
            ],
            [
              121.12197,
              14.6109337
            ],
            [
              121.1219679,
              14.6108959
            ],
            [
              121.1219222,
              14.6108957
            ]
          ]
        ]
      },
      "id": "way/1239355726"
    },
    {
      "type": "Feature",
      "properties": {
        "@id": "way/1239454605",
        "leisure": "park"
      },
      "geometry": {
        "type": "Polygon",
        "coordinates": [
          [
            [
              121.1064687,
              14.6134193
            ],
            [
              121.1064437,
              14.6131923
            ],
            [
              121.107068,
              14.6131279
            ],
            [
              121.107093,
              14.613355
            ],
            [
              121.1064687,
              14.6134193
            ]
          ]
        ]
      },
      "id": "way/1239454605"
    },
    {
      "type": "Feature",
      "properties": {
        "@id": "way/1293542519",
        "leisure": "park"
      },
      "geometry": {
        "type": "Polygon",
        "coordinates": [
          [
            [
              121.104385,
              14.6235965
            ],
            [
              121.1043267,
              14.6230775
            ],
            [
              121.1045875,
              14.6230366
            ],
            [
              121.1046056,
              14.6232559
            ],
            [
              121.1047746,
              14.6234629
            ],
            [
              121.104554,
              14.6235745
            ],
            [
              121.104385,
              14.6235965
            ]
          ]
        ]
      },
      "id": "way/1293542519"
    },
    {
      "type": "Feature",
      "properties": {
        "@id": "way/1303207490",
        "access": "private",
        "landuse": "grass"
      },
      "geometry": {
        "type": "Polygon",
        "coordinates": [
          [
            [
              121.1180203,
              14.6430746
            ],
            [
              121.1180203,
              14.6430389
            ],
            [
              121.1180203,
              14.6429477
            ],
            [
              121.1182081,
              14.6429436
            ],
            [
              121.118186,
              14.6430797
            ],
            [
              121.1180203,
              14.6430746
            ]
          ]
        ]
      },
      "id": "way/1303207490"
    },
    {
      "type": "Feature",
      "properties": {
        "@id": "way/1303828172",
        "leisure": "park"
      },
      "geometry": {
        "type": "Polygon",
        "coordinates": [
          [
            [
              121.1197007,
              14.6447358
            ],
            [
              121.1196686,
              14.644766
            ],
            [
              121.119541,
              14.6448859
            ],
            [
              121.1195148,
              14.6448839
            ],
            [
              121.119488,
              14.6448677
            ],
            [
              121.1190803,
              14.6445767
            ],
            [
              121.1186218,
              14.6443148
            ],
            [
              121.118512,
              14.6442633
            ],
            [
              121.1182191,
              14.644126
            ],
            [
              121.1180662,
              14.6440543
            ],
            [
              121.1181886,
              14.6437731
            ],
            [
              121.1182216,
              14.6437258
            ],
            [
              121.1182844,
              14.6437227
            ],
            [
              121.1190044,
              14.644068
            ],
            [
              121.1194226,
              14.6443279
            ],
            [
              121.1196718,
              14.6445292
            ],
            [
              121.1195789,
              14.6446411
            ],
            [
              121.1197007,
              14.6447358
            ]
          ]
        ]
      },
      "id": "way/1303828172"
    },
    {
      "type": "Feature",
      "properties": {
        "@id": "way/1331937132",
        "leisure": "park",
        "name": "A Luna Baba Court"
      },
      "geometry": {
        "type": "Polygon",
        "coordinates": [
          [
            [
              121.0633753,
              14.6266154
            ],
            [
              121.0634119,
              14.626522
            ],
            [
              121.0635054,
              14.6265318
            ],
            [
              121.0634485,
              14.6266272
            ],
            [
              121.0633753,
              14.6266154
            ]
          ]
        ]
      },
      "id": "way/1331937132"
    },
    {
      "type": "Feature",
      "properties": {
        "@id": "way/1362281741",
        "landuse": "forest",
        "leaf_type": "broadleaved"
      },
      "geometry": {
        "type": "Polygon",
        "coordinates": [
          [
            [
              121.0860501,
              14.6667413
            ],
            [
              121.0861833,
              14.6664186
            ],
            [
              121.0863499,
              14.6662366
            ],
            [
              121.0866195,
              14.666013
            ],
            [
              121.0868076,
              14.6662306
            ],
            [
              121.0864889,
              14.6664312
            ],
            [
              121.0863412,
              14.6668436
            ],
            [
              121.0860501,
              14.6667413
            ]
          ]
        ]
      },
      "id": "way/1362281741"
    },
    {
      "type": "Feature",
      "properties": {
        "@id": "way/1382995710",
        "landuse": "forest",
        "name": "Biology Arboretum"
      },
      "geometry": {
        "type": "Polygon",
        "coordinates": [
          [
            [
              121.0696756,
              14.6511837
            ],
            [
              121.0696224,
              14.6511537
            ],
            [
              121.0695277,
              14.6511003
            ],
            [
              121.0694244,
              14.6509843
            ],
            [
              121.0693829,
              14.6508111
            ],
            [
              121.0693737,
              14.6502358
            ],
            [
              121.069346,
              14.65013
            ],
            [
              121.0692993,
              14.6500803
            ],
            [
              121.068831,
              14.6500714
            ],
            [
              121.068857,
              14.6498345
            ],
            [
              121.0697523,
              14.6498499
            ],
            [
              121.0703068,
              14.6503788
            ],
            [
              121.070162,
              14.651147
            ],
            [
              121.0696756,
              14.6511837
            ]
          ]
        ]
      },
      "id": "way/1382995710"
    },
    {
      "type": "Feature",
      "properties": {
        "@id": "way/1421530393",
        "landuse": "grass"
      },
      "geometry": {
        "type": "Polygon",
        "coordinates": [
          [
            [
              121.1354626,
              14.610423
            ],
            [
              121.1352909,
              14.6102654
            ],
            [
              121.1355033,
              14.6099931
            ],
            [
              121.1355705,
              14.6099812
            ],
            [
              121.1356165,
              14.6100342
            ],
            [
              121.1354821,
              14.6101712
            ],
            [
              121.1355953,
              14.6102911
            ],
            [
              121.1354626,
              14.610423
            ]
          ]
        ]
      },
      "id": "way/1421530393"
    },
    {
      "type": "Feature",
      "properties": {
        "@id": "way/1421530394",
        "landuse": "grass"
      },
      "geometry": {
        "type": "Polygon",
        "coordinates": [
          [
            [
              121.1350892,
              14.6105017
            ],
            [
              121.1349583,
              14.6103682
            ],
            [
              121.1349636,
              14.6102483
            ],
            [
              121.1350397,
              14.6101473
            ],
            [
              121.1352237,
              14.6103716
            ],
            [
              121.1350892,
              14.6105017
            ]
          ]
        ]
      },
      "id": "way/1421530394"
    },
    {
      "type": "Feature",
      "properties": {
        "@id": "way/1421530395",
        "landuse": "grass"
      },
      "geometry": {
        "type": "Polygon",
        "coordinates": [
          [
            [
              121.1345088,
              14.6103801
            ],
            [
              121.1344026,
              14.6101986
            ],
            [
              121.1344698,
              14.6100651
            ],
            [
              121.1346291,
              14.610149
            ],
            [
              121.1345088,
              14.6103801
            ]
          ]
        ]
      },
      "id": "way/1421530395"
    },
    {
      "type": "Feature",
      "properties": {
        "@id": "way/1421530405",
        "landuse": "grass"
      },
      "geometry": {
        "type": "Polygon",
        "coordinates": [
          [
            [
              121.1351801,
              14.6101776
            ],
            [
              121.1348918,
              14.6099077
            ],
            [
              121.1349535,
              14.6098181
            ],
            [
              121.1353411,
              14.6100582
            ],
            [
              121.1352391,
              14.610188
            ],
            [
              121.1351801,
              14.6101776
            ]
          ]
        ]
      },
      "id": "way/1421530405"
    },
    {
      "type": "Feature",
      "properties": {
        "@id": "way/1421534003",
        "landuse": "grass"
      },
      "geometry": {
        "type": "Polygon",
        "coordinates": [
          [
            [
              121.1356818,
              14.6099647
            ],
            [
              121.1356109,
              14.6098991
            ],
            [
              121.1355909,
              14.609838
            ],
            [
              121.135631,
              14.6097612
            ],
            [
              121.1357734,
              14.6098246
            ],
            [
              121.1356818,
              14.6099647
            ]
          ]
        ]
      },
      "id": "way/1421534003"
    },
    {
      "type": "Feature",
      "properties": {
        "@id": "way/1431889806",
        "landuse": "forest"
      },
      "geometry": {
        "type": "Polygon",
        "coordinates": [
          [
            [
              121.0659282,
              14.6428984
            ],
            [
              121.0657766,
              14.6427673
            ],
            [
              121.0658075,
              14.6426038
            ],
            [
              121.066065,
              14.6422665
            ],
            [
              121.0663949,
              14.6420018
            ],
            [
              121.0658209,
              14.6417124
            ],
            [
              121.0658603,
              14.6416096
            ],
            [
              121.066577,
              14.6418732
            ],
            [
              121.0668967,
              14.6421348
            ],
            [
              121.0669589,
              14.6420995
            ],
            [
              121.0669074,
              14.6420538
            ],
            [
              121.0669096,
              14.6419604
            ],
            [
              121.0669568,
              14.6418504
            ],
            [
              121.0670405,
              14.6418026
            ],
            [
              121.0672872,
              14.6420476
            ],
            [
              121.0674181,
              14.6419293
            ],
            [
              121.0672486,
              14.6417756
            ],
            [
              121.067195,
              14.6416864
            ],
            [
              121.0672272,
              14.6416386
            ],
            [
              121.067401,
              14.6414974
            ],
            [
              121.0672808,
              14.6413667
            ],
            [
              121.0673259,
              14.641294
            ],
            [
              121.0674289,
              14.6413791
            ],
            [
              121.067519,
              14.6413044
            ],
            [
              121.0675383,
              14.6411964
            ],
            [
              121.0674611,
              14.6410968
            ],
            [
              121.0675877,
              14.6409971
            ],
            [
              121.0678602,
              14.6412691
            ],
            [
              121.0677314,
              14.6416158
            ],
            [
              121.0677057,
              14.6417923
            ],
            [
              121.0678966,
              14.6420746
            ],
            [
              121.0677958,
              14.6421805
            ],
            [
              121.0674868,
              14.642305
            ],
            [
              121.0674388,
              14.6423985
            ],
            [
              121.0672731,
              14.6421842
            ],
            [
              121.0671568,
              14.642154
            ],
            [
              121.0671048,
              14.6421892
            ],
            [
              121.0668549,
              14.6424741
            ],
            [
              121.0660489,
              14.6427712
            ],
            [
              121.0659282,
              14.6428984
            ]
          ]
        ]
      },
      "id": "way/1431889806"
    },
    {
      "type": "Feature",
      "properties": {
        "@id": "way/1431889808",
        "landuse": "forest"
      },
      "geometry": {
        "type": "Polygon",
        "coordinates": [
          [
            [
              121.0665099,
              14.6444191
            ],
            [
              121.0672362,
              14.6443442
            ],
            [
              121.0674776,
              14.6443223
            ],
            [
              121.0675461,
              14.6443076
            ],
            [
              121.0676339,
              14.6443752
            ],
            [
              121.067725,
              14.6444413
            ],
            [
              121.0678307,
              14.6444429
            ],
            [
              121.0678827,
              14.6445121
            ],
            [
              121.0679315,
              14.6446112
            ],
            [
              121.0680076,
              14.6447162
            ],
            [
              121.0678205,
              14.6446747
            ],
            [
              121.0673055,
              14.6447162
            ],
            [
              121.0669675,
              14.6449524
            ],
            [
              121.0671204,
              14.6452041
            ],
            [
              121.0672975,
              14.6453287
            ],
            [
              121.0676502,
              14.6450264
            ],
            [
              121.0678795,
              14.6449628
            ],
            [
              121.067932,
              14.644951
            ],
            [
              121.0681009,
              14.6448654
            ],
            [
              121.0681349,
              14.6448298
            ],
            [
              121.0681674,
              14.6447668
            ],
            [
              121.0681264,
              14.6447407
            ],
            [
              121.0680683,
              14.6446969
            ],
            [
              121.0680811,
              14.6446476
            ],
            [
              121.0680711,
              14.6445243
            ],
            [
              121.0680711,
              14.644412
            ],
            [
              121.0681377,
              14.6443627
            ],
            [
              121.0682127,
              14.6443778
            ],
            [
              121.0683472,
              14.6444353
            ],
            [
              121.0683571,
              14.6445312
            ],
            [
              121.0684704,
              14.6445353
            ],
            [
              121.0685553,
              14.6444695
            ],
            [
              121.0685865,
              14.6444024
            ],
            [
              121.0686487,
              14.644349
            ],
            [
              121.0687903,
              14.6442901
            ],
            [
              121.068946,
              14.6441477
            ],
            [
              121.0690961,
              14.6440408
            ],
            [
              121.0691655,
              14.6439847
            ],
            [
              121.0691669,
              14.6438902
            ],
            [
              121.069198,
              14.6438381
            ],
            [
              121.0693184,
              14.6438093
            ],
            [
              121.0694713,
              14.6438025
            ],
            [
              121.0697572,
              14.6440518
            ],
            [
              121.0697601,
              14.6441463
            ],
            [
              121.0698054,
              14.6442449
            ],
            [
              121.0697782,
              14.6443399
            ],
            [
              121.0696846,
              14.6443881
            ],
            [
              121.0697536,
              14.6444477
            ],
            [
              121.0698473,
              14.6443571
            ],
            [
              121.0699311,
              14.6442641
            ],
            [
              121.0700445,
              14.6443952
            ],
            [
              121.0698103,
              14.6446003
            ],
            [
              121.0696057,
              14.6447434
            ],
            [
              121.0694652,
              14.6448245
            ],
            [
              121.0692015,
              14.6450773
            ],
            [
              121.0688219,
              14.6453825
            ],
            [
              121.068462,
              14.6456472
            ],
            [
              121.0681688,
              14.6459653
            ],
            [
              121.0677428,
              14.6458079
            ],
            [
              121.067836,
              14.6457831
            ],
            [
              121.0678853,
              14.6457235
            ],
            [
              121.0678483,
              14.6456162
            ],
            [
              121.0675501,
              14.6454254
            ],
            [
              121.0673578,
              14.6454135
            ],
            [
              121.0672173,
              14.6453467
            ],
            [
              121.0671015,
              14.6453133
            ],
            [
              121.0668821,
              14.6450868
            ],
            [
              121.06685,
              14.6449604
            ],
            [
              121.0667095,
              14.6449556
            ],
            [
              121.0666405,
              14.6451178
            ],
            [
              121.0660909,
              14.6449437
            ],
            [
              121.0661278,
              14.6447982
            ],
            [
              121.0662043,
              14.6447815
            ],
            [
              121.0661944,
              14.6446909
            ],
            [
              121.0662264,
              14.6446361
            ],
            [
              121.0663521,
              14.6446385
            ],
            [
              121.0664064,
              14.6445311
            ],
            [
              121.0665099,
              14.6444191
            ]
          ]
        ]
      },
      "id": "way/1431889808"
    },
    {
      "type": "Feature",
      "properties": {
        "@id": "way/1431889809",
        "landuse": "grass"
      },
      "geometry": {
        "type": "Polygon",
        "coordinates": [
          [
            [
              121.0678602,
              14.6412691
            ],
            [
              121.0684637,
              14.6418679
            ],
            [
              121.0686244,
              14.6420124
            ],
            [
              121.0683815,
              14.6422944
            ],
            [
              121.0682358,
              14.6424064
            ],
            [
              121.0681634,
              14.6424819
            ],
            [
              121.0681759,
              14.642623
            ],
            [
              121.0682844,
              14.6427282
            ],
            [
              121.0687477,
              14.6431475
            ],
            [
              121.0688822,
              14.6433571
            ],
            [
              121.0688934,
              14.6434402
            ],
            [
              121.0687439,
              14.6436607
            ],
            [
              121.0687551,
              14.6438162
            ],
            [
              121.0689457,
              14.6438523
            ],
            [
              121.069198,
              14.6438381
            ],
            [
              121.0691669,
              14.6438902
            ],
            [
              121.0691655,
              14.6439847
            ],
            [
              121.0690961,
              14.6440408
            ],
            [
              121.068946,
              14.6441477
            ],
            [
              121.0687903,
              14.6442901
            ],
            [
              121.0686487,
              14.644349
            ],
            [
              121.0685865,
              14.6444024
            ],
            [
              121.0685553,
              14.6444695
            ],
            [
              121.0684704,
              14.6445353
            ],
            [
              121.0683571,
              14.6445312
            ],
            [
              121.0683472,
              14.6444353
            ],
            [
              121.0682127,
              14.6443778
            ],
            [
              121.0681377,
              14.6443627
            ],
            [
              121.0680711,
              14.644412
            ],
            [
              121.0680711,
              14.6445243
            ],
            [
              121.0680811,
              14.6446476
            ],
            [
              121.0680683,
              14.6446969
            ],
            [
              121.0681264,
              14.6447407
            ],
            [
              121.0681674,
              14.6447668
            ],
            [
              121.0681349,
              14.6448298
            ],
            [
              121.0681009,
              14.6448654
            ],
            [
              121.067932,
              14.644951
            ],
            [
              121.0678795,
              14.6449628
            ],
            [
              121.0678379,
              14.6448668
            ],
            [
              121.0680364,
              14.6447902
            ],
            [
              121.0680076,
              14.6447162
            ],
            [
              121.0679315,
              14.6446112
            ],
            [
              121.0678827,
              14.6445121
            ],
            [
              121.0678307,
              14.6444429
            ],
            [
              121.067725,
              14.6444413
            ],
            [
              121.0676339,
              14.6443752
            ],
            [
              121.0675461,
              14.6443076
            ],
            [
              121.0674776,
              14.6443223
            ],
            [
              121.0674482,
              14.6441881
            ],
            [
              121.0679337,
              14.6440784
            ],
            [
              121.0678774,
              14.6438668
            ],
            [
              121.0677651,
              14.6438013
            ],
            [
              121.0674576,
              14.6438216
            ],
            [
              121.0673922,
              14.6437223
            ],
            [
              121.067235,
              14.643777
            ],
            [
              121.0671905,
              14.6435964
            ],
            [
              121.0672585,
              14.6435362
            ],
            [
              121.0673972,
              14.6435362
            ],
            [
              121.0674284,
              14.6433965
            ],
            [
              121.0674284,
              14.6432485
            ],
            [
              121.0674114,
              14.6431417
            ],
            [
              121.0674448,
              14.6427842
            ],
            [
              121.0676261,
              14.6426495
            ],
            [
              121.0675522,
              14.6424924
            ],
            [
              121.0674388,
              14.6423985
            ],
            [
              121.0674868,
              14.642305
            ],
            [
              121.0677958,
              14.6421805
            ],
            [
              121.0678966,
              14.6420746
            ],
            [
              121.0677057,
              14.6417923
            ],
            [
              121.0677314,
              14.6416158
            ],
            [
              121.0678602,
              14.6412691
            ]
          ]
        ]
      },
      "id": "way/1431889809"
    },
    {
      "type": "Feature",
      "properties": {
        "@id": "way/1431889811",
        "landuse": "forest"
      },
      "geometry": {
        "type": "Polygon",
        "coordinates": [
          [
            [
              121.0650727,
              14.6428349
            ],
            [
              121.064762,
              14.6425862
            ],
            [
              121.0646034,
              14.6425013
            ],
            [
              121.0643062,
              14.6422794
            ],
            [
              121.0641702,
              14.6424766
            ],
            [
              121.0640004,
              14.6423479
            ],
            [
              121.0640966,
              14.6421753
            ],
            [
              121.0635842,
              14.6418164
            ],
            [
              121.0634624,
              14.6417699
            ],
            [
              121.0635275,
              14.6416932
            ],
            [
              121.0636295,
              14.6417589
            ],
            [
              121.0637059,
              14.6416438
            ],
            [
              121.0634822,
              14.6414877
            ],
            [
              121.0635728,
              14.6413617
            ],
            [
              121.0635842,
              14.6412576
            ],
            [
              121.0634907,
              14.6412275
            ],
            [
              121.0635755,
              14.6411468
            ],
            [
              121.063472,
              14.6410943
            ],
            [
              121.0634966,
              14.6410109
            ],
            [
              121.0634646,
              14.6409393
            ],
            [
              121.0636075,
              14.640863
            ],
            [
              121.0636568,
              14.6409345
            ],
            [
              121.0637653,
              14.6410514
            ],
            [
              121.0638392,
              14.6409775
            ],
            [
              121.0639354,
              14.6409846
            ],
            [
              121.0640758,
              14.6410037
            ],
            [
              121.0641695,
              14.6410061
            ],
            [
              121.064347,
              14.6410824
            ],
            [
              121.0644209,
              14.6411444
            ],
            [
              121.0644209,
              14.6412803
            ],
            [
              121.0643815,
              14.6414163
            ],
            [
              121.0643051,
              14.6414425
            ],
            [
              121.0642928,
              14.6415284
            ],
            [
              121.0643642,
              14.641588
            ],
            [
              121.0644604,
              14.6415379
            ],
            [
              121.0644776,
              14.6414735
            ],
            [
              121.0645664,
              14.6414878
            ],
            [
              121.0646526,
              14.6414139
            ],
            [
              121.0647044,
              14.641309
            ],
            [
              121.0648424,
              14.6413352
            ],
            [
              121.0649188,
              14.6414306
            ],
            [
              121.0650248,
              14.6415212
            ],
            [
              121.065153,
              14.6414067
            ],
            [
              121.0651924,
              14.6413209
            ],
            [
              121.0650495,
              14.6411325
            ],
            [
              121.0648621,
              14.6410276
            ],
            [
              121.0649238,
              14.640925
            ],
            [
              121.0649114,
              14.6408749
            ],
            [
              121.0650199,
              14.64077
            ],
            [
              121.0650766,
              14.6408177
            ],
            [
              121.0650347,
              14.6408892
            ],
            [
              121.0652516,
              14.6411158
            ],
            [
              121.0653009,
              14.6410681
            ],
            [
              121.065466,
              14.641266
            ],
            [
              121.065429,
              14.641452
            ],
            [
              121.0658603,
              14.6416096
            ],
            [
              121.0658209,
              14.6417124
            ],
            [
              121.0651503,
              14.6427284
            ],
            [
              121.0650727,
              14.6428349
            ]
          ]
        ]
      },
      "id": "way/1431889811"
    },
    {
      "type": "Feature",
      "properties": {
        "@id": "way/1431889812",
        "landuse": "forest"
      },
      "geometry": {
        "type": "Polygon",
        "coordinates": [
          [
            [
              121.0686244,
              14.6420124
            ],
            [
              121.0688284,
              14.6422173
            ],
            [
              121.0685258,
              14.6425264
            ],
            [
              121.0699868,
              14.6440659
            ],
            [
              121.070352,
              14.6436742
            ],
            [
              121.0706437,
              14.6439755
            ],
            [
              121.0702252,
              14.6443444
            ],
            [
              121.0700766,
              14.6442088
            ],
            [
              121.0700285,
              14.644154
            ],
            [
              121.0698954,
              14.6440595
            ],
            [
              121.0698189,
              14.6440403
            ],
            [
              121.0697572,
              14.6440518
            ],
            [
              121.0694713,
              14.6438025
            ],
            [
              121.0693184,
              14.6438093
            ],
            [
              121.069198,
              14.6438381
            ],
            [
              121.0689457,
              14.6438523
            ],
            [
              121.0687551,
              14.6438162
            ],
            [
              121.0687439,
              14.6436607
            ],
            [
              121.0688934,
              14.6434402
            ],
            [
              121.0688822,
              14.6433571
            ],
            [
              121.0687477,
              14.6431475
            ],
            [
              121.0681759,
              14.642623
            ],
            [
              121.0681634,
              14.6424819
            ],
            [
              121.0682358,
              14.6424064
            ],
            [
              121.0683815,
              14.6422944
            ],
            [
              121.0686244,
              14.6420124
            ]
          ]
        ]
      },
      "id": "way/1431889812"
    },
    {
      "type": "Feature",
      "properties": {
        "@id": "way/1431889813",
        "landuse": "forest"
      },
      "geometry": {
        "type": "Polygon",
        "coordinates": [
          [
            [
              121.0701758,
              14.6444109
            ],
            [
              121.0704312,
              14.6441866
            ],
            [
              121.0706544,
              14.644415
            ],
            [
              121.0707402,
              14.6444254
            ],
            [
              121.0708818,
              14.6444067
            ],
            [
              121.0709462,
              14.6442884
            ],
            [
              121.0710685,
              14.6444316
            ],
            [
              121.0709934,
              14.6445271
            ],
            [
              121.0711758,
              14.6447015
            ],
            [
              121.0712401,
              14.6445749
            ],
            [
              121.0717616,
              14.6450503
            ],
            [
              121.071665,
              14.6451437
            ],
            [
              121.0717637,
              14.6452081
            ],
            [
              121.0718195,
              14.6451562
            ],
            [
              121.0718796,
              14.6451935
            ],
            [
              121.0718388,
              14.6452413
            ],
            [
              121.0718968,
              14.6452786
            ],
            [
              121.0721006,
              14.6453721
            ],
            [
              121.0721006,
              14.645424
            ],
            [
              121.0719547,
              14.6453658
            ],
            [
              121.0719161,
              14.6454883
            ],
            [
              121.0719847,
              14.6455278
            ],
            [
              121.0719096,
              14.6456004
            ],
            [
              121.0717358,
              14.6455465
            ],
            [
              121.0716414,
              14.6454343
            ],
            [
              121.0717144,
              14.6453783
            ],
            [
              121.0716564,
              14.6453368
            ],
            [
              121.0715963,
              14.6453762
            ],
            [
              121.071547,
              14.645343
            ],
            [
              121.071532,
              14.6454738
            ],
            [
              121.0715427,
              14.6455651
            ],
            [
              121.0716006,
              14.6456752
            ],
            [
              121.0715384,
              14.6456918
            ],
            [
              121.0713496,
              14.6456212
            ],
            [
              121.0713217,
              14.6456793
            ],
            [
              121.0713753,
              14.6457561
            ],
            [
              121.0713088,
              14.6458828
            ],
            [
              121.071414,
              14.6459222
            ],
            [
              121.0714397,
              14.6458599
            ],
            [
              121.0715448,
              14.6458994
            ],
            [
              121.0716886,
              14.6456295
            ],
            [
              121.0718216,
              14.6456461
            ],
            [
              121.0718002,
              14.6458101
            ],
            [
              121.0718667,
              14.6458413
            ],
            [
              121.0718453,
              14.6458849
            ],
            [
              121.071768,
              14.6459824
            ],
            [
              121.0716543,
              14.6459513
            ],
            [
              121.071562,
              14.6460925
            ],
            [
              121.0714333,
              14.6461215
            ],
            [
              121.0710872,
              14.6459514
            ],
            [
              121.0711264,
              14.6458558
            ],
            [
              121.0709719,
              14.6457894
            ],
            [
              121.0708818,
              14.6458226
            ],
            [
              121.0708003,
              14.6459326
            ],
            [
              121.0707402,
              14.6460551
            ],
            [
              121.0707702,
              14.6461111
            ],
            [
              121.0708871,
              14.6461358
            ],
            [
              121.0708487,
              14.6462163
            ],
            [
              121.0706179,
              14.6461506
            ],
            [
              121.0704698,
              14.6460696
            ],
            [
              121.0703883,
              14.6461776
            ],
            [
              121.070472,
              14.6462316
            ],
            [
              121.0704398,
              14.6462793
            ],
            [
              121.0703454,
              14.6462648
            ],
            [
              121.0697531,
              14.6455589
            ],
            [
              121.0706157,
              14.6448883
            ],
            [
              121.0701758,
              14.6444109
            ]
          ]
        ]
      },
      "id": "way/1431889813"
    },
    {
      "type": "Feature",
      "properties": {
        "@id": "way/1431889814",
        "landuse": "forest"
      },
      "geometry": {
        "type": "Polygon",
        "coordinates": [
          [
            [
              121.0697531,
              14.6455589
            ],
            [
              121.0703454,
              14.6462648
            ],
            [
              121.0704398,
              14.6462793
            ],
            [
              121.070472,
              14.6462316
            ],
            [
              121.0705186,
              14.6462434
            ],
            [
              121.0705002,
              14.6463365
            ],
            [
              121.0706333,
              14.6463516
            ],
            [
              121.0706659,
              14.6463146
            ],
            [
              121.0707197,
              14.6463009
            ],
            [
              121.0706928,
              14.6464255
            ],
            [
              121.0707182,
              14.6465255
            ],
            [
              121.070874,
              14.6465379
            ],
            [
              121.0708386,
              14.6466502
            ],
            [
              121.0709476,
              14.6466899
            ],
            [
              121.070932,
              14.6467447
            ],
            [
              121.0708906,
              14.6468099
            ],
            [
              121.0708317,
              14.6468145
            ],
            [
              121.0707103,
              14.6468217
            ],
            [
              121.0705721,
              14.6468199
            ],
            [
              121.0705758,
              14.6469283
            ],
            [
              121.0707383,
              14.6469211
            ],
            [
              121.0708579,
              14.6469464
            ],
            [
              121.0708448,
              14.6471054
            ],
            [
              121.0711082,
              14.6471597
            ],
            [
              121.0710965,
              14.6472304
            ],
            [
              121.0710727,
              14.6473747
            ],
            [
              121.0708579,
              14.6473024
            ],
            [
              121.0708355,
              14.6471795
            ],
            [
              121.0706505,
              14.6471542
            ],
            [
              121.0706561,
              14.6471994
            ],
            [
              121.0704581,
              14.6471705
            ],
            [
              121.0702788,
              14.6471362
            ],
            [
              121.0701088,
              14.647091
            ],
            [
              121.0697595,
              14.647082
            ],
            [
              121.0692981,
              14.647091
            ],
            [
              121.0689376,
              14.6470838
            ],
            [
              121.068988,
              14.6470079
            ],
            [
              121.0691225,
              14.6469771
            ],
            [
              121.0691468,
              14.6464982
            ],
            [
              121.0690142,
              14.6465253
            ],
            [
              121.068833,
              14.646547
            ],
            [
              121.068691,
              14.6466121
            ],
            [
              121.0685584,
              14.6465904
            ],
            [
              121.0683884,
              14.6467783
            ],
            [
              121.0682277,
              14.6468072
            ],
            [
              121.0679438,
              14.6467422
            ],
            [
              121.0679886,
              14.6465596
            ],
            [
              121.0680633,
              14.6463102
            ],
            [
              121.0682221,
              14.6460319
            ],
            [
              121.0684033,
              14.6458349
            ],
            [
              121.0688666,
              14.6454825
            ],
            [
              121.0698622,
              14.6446312
            ],
            [
              121.0699206,
              14.6446978
            ],
            [
              121.0693255,
              14.6452196
            ],
            [
              121.0697531,
              14.6455589
            ]
          ]
        ]
      },
      "id": "way/1431889814"
    },
    {
      "type": "Feature",
      "properties": {
        "@id": "way/1431889815",
        "landuse": "grass"
      },
      "geometry": {
        "type": "Polygon",
        "coordinates": [
          [
            [
              121.0689376,
              14.6470838
            ],
            [
              121.0684793,
              14.6470928
            ],
            [
              121.0681786,
              14.6471145
            ],
            [
              121.0679021,
              14.6471543
            ],
            [
              121.0679021,
              14.6469663
            ],
            [
              121.0679438,
              14.6467422
            ],
            [
              121.0682277,
              14.6468072
            ],
            [
              121.0683884,
              14.6467783
            ],
            [
              121.0685584,
              14.6465904
            ],
            [
              121.068691,
              14.6466121
            ],
            [
              121.068833,
              14.646547
            ],
            [
              121.0690142,
              14.6465253
            ],
            [
              121.0691468,
              14.6464982
            ],
            [
              121.0691225,
              14.6469771
            ],
            [
              121.068988,
              14.6470079
            ],
            [
              121.0689376,
              14.6470838
            ]
          ]
        ]
      },
      "id": "way/1431889815"
    },
    {
      "type": "Feature",
      "properties": {
        "@id": "way/1431889816",
        "landuse": "forest"
      },
      "geometry": {
        "type": "Polygon",
        "coordinates": [
          [
            [
              121.0710727,
              14.6473747
            ],
            [
              121.0710965,
              14.6472304
            ],
            [
              121.0711674,
              14.6472754
            ],
            [
              121.0711898,
              14.6471904
            ],
            [
              121.0711972,
              14.6470513
            ],
            [
              121.0712122,
              14.6468994
            ],
            [
              121.0711281,
              14.6468579
            ],
            [
              121.0710571,
              14.6468109
            ],
            [
              121.0711057,
              14.6467476
            ],
            [
              121.0712047,
              14.6467494
            ],
            [
              121.0712327,
              14.6467006
            ],
            [
              121.0712066,
              14.6465922
            ],
            [
              121.071272,
              14.6464079
            ],
            [
              121.0713523,
              14.6463536
            ],
            [
              121.0713784,
              14.6462091
            ],
            [
              121.0715055,
              14.6461892
            ],
            [
              121.0715951,
              14.6462289
            ],
            [
              121.0715578,
              14.6463265
            ],
            [
              121.0714606,
              14.6464259
            ],
            [
              121.0714382,
              14.6465796
            ],
            [
              121.0716381,
              14.6466302
            ],
            [
              121.0716717,
              14.6464115
            ],
            [
              121.0716997,
              14.6462922
            ],
            [
              121.0716736,
              14.6462307
            ],
            [
              121.0717109,
              14.6461386
            ],
            [
              121.0718025,
              14.6461657
            ],
            [
              121.0718492,
              14.6462289
            ],
            [
              121.0718977,
              14.6463356
            ],
            [
              121.0719631,
              14.6464097
            ],
            [
              121.0719042,
              14.6464906
            ],
            [
              121.0718099,
              14.6465814
            ],
            [
              121.0717763,
              14.646697
            ],
            [
              121.0719314,
              14.6466537
            ],
            [
              121.072064,
              14.6467187
            ],
            [
              121.07195,
              14.6468416
            ],
            [
              121.0718099,
              14.6468886
            ],
            [
              121.0717184,
              14.6469464
            ],
            [
              121.0716867,
              14.6469916
            ],
            [
              121.0716811,
              14.647373
            ],
            [
              121.0716194,
              14.6474001
            ],
            [
              121.0716979,
              14.6475266
            ],
            [
              121.071851,
              14.6475736
            ],
            [
              121.0718865,
              14.6475808
            ],
            [
              121.0719765,
              14.647565
            ],
            [
              121.0720191,
              14.6476293
            ],
            [
              121.0719411,
              14.6477763
            ],
            [
              121.0722495,
              14.6479088
            ],
            [
              121.0722312,
              14.6479481
            ],
            [
              121.0721742,
              14.6480218
            ],
            [
              121.0720547,
              14.6479567
            ],
            [
              121.0718361,
              14.6478139
            ],
            [
              121.071625,
              14.6476947
            ],
            [
              121.071442,
              14.6475916
            ],
            [
              121.0712309,
              14.6474434
            ],
            [
              121.0710727,
              14.6473747
            ]
          ]
        ]
      },
      "id": "way/1431889816"
    },
    {
      "type": "Feature",
      "properties": {
        "@id": "way/1431889817",
        "landuse": "forest"
      },
      "geometry": {
        "type": "Polygon",
        "coordinates": [
          [
            [
              121.0728477,
              14.6481424
            ],
            [
              121.0728796,
              14.6480573
            ],
            [
              121.0728724,
              14.6477759
            ],
            [
              121.0729014,
              14.6477731
            ],
            [
              121.0729752,
              14.6477415
            ],
            [
              121.0730285,
              14.6476864
            ],
            [
              121.073035,
              14.6479222
            ],
            [
              121.0736795,
              14.647934
            ],
            [
              121.0736832,
              14.6477849
            ],
            [
              121.07353,
              14.647775
            ],
            [
              121.0735346,
              14.6475464
            ],
            [
              121.0735758,
              14.647465
            ],
            [
              121.0737476,
              14.6475762
            ],
            [
              121.0738261,
              14.647681
            ],
            [
              121.0740615,
              14.6476846
            ],
            [
              121.0740867,
              14.6476159
            ],
            [
              121.0742324,
              14.6476078
            ],
            [
              121.0742189,
              14.647891
            ],
            [
              121.0742189,
              14.6479977
            ],
            [
              121.0741647,
              14.6480898
            ],
            [
              121.074075,
              14.6481802
            ],
            [
              121.0738621,
              14.648182
            ],
            [
              121.0734922,
              14.6481802
            ],
            [
              121.0729729,
              14.6481802
            ],
            [
              121.0728477,
              14.6481424
            ]
          ]
        ]
      },
      "id": "way/1431889817"
    },
    {
      "type": "Feature",
      "properties": {
        "@id": "way/1435026746",
        "leisure": "park"
      },
      "geometry": {
        "type": "Polygon",
        "coordinates": [
          [
            [
              121.0630515,
              14.6589004
            ],
            [
              121.0627779,
              14.6589108
            ],
            [
              121.0627779,
              14.6589601
            ],
            [
              121.0623541,
              14.6589549
            ],
            [
              121.0623416,
              14.6594814
            ],
            [
              121.0620477,
              14.6592544
            ],
            [
              121.0612981,
              14.6587696
            ],
            [
              121.0613457,
              14.6586844
            ],
            [
              121.0619209,
              14.6587609
            ],
            [
              121.0619976,
              14.6583985
            ],
            [
              121.0625151,
              14.6581816
            ],
            [
              121.0631427,
              14.6587577
            ],
            [
              121.0630918,
              14.6588641
            ],
            [
              121.0630515,
              14.6589004
            ]
          ]
        ]
      },
      "id": "way/1435026746"
    },
    {
      "type": "Feature",
      "properties": {
        "@id": "way/1435811755",
        "landuse": "grass"
      },
      "geometry": {
        "type": "Polygon",
        "coordinates": [
          [
            [
              121.1351728,
              14.6123844
            ],
            [
              121.1352886,
              14.6122339
            ],
            [
              121.1354523,
              14.6123736
            ],
            [
              121.1353303,
              14.6125172
            ],
            [
              121.1353039,
              14.6125231
            ],
            [
              121.1352805,
              14.6125054
            ],
            [
              121.1351728,
              14.6123844
            ]
          ]
        ]
      },
      "id": "way/1435811755"
    },
    {
      "type": "Feature",
      "properties": {
        "@id": "way/1435811757",
        "landuse": "grass"
      },
      "geometry": {
        "type": "Polygon",
        "coordinates": [
          [
            [
              121.1346971,
              14.6120913
            ],
            [
              121.1348669,
              14.6118956
            ],
            [
              121.1350234,
              14.6120352
            ],
            [
              121.1349868,
              14.6120795
            ],
            [
              121.1349675,
              14.6121336
            ],
            [
              121.1347479,
              14.6121149
            ],
            [
              121.1346971,
              14.6120913
            ]
          ]
        ]
      },
      "id": "way/1435811757"
    },
    {
      "type": "Feature",
      "properties": {
        "@id": "way/1435813846",
        "landuse": "forest"
      },
      "geometry": {
        "type": "Polygon",
        "coordinates": [
          [
            [
              121.0622462,
              14.6474078
            ],
            [
              121.0622517,
              14.6494717
            ],
            [
              121.0616062,
              14.6494268
            ],
            [
              121.0615892,
              14.6497063
            ],
            [
              121.0614165,
              14.6497063
            ],
            [
              121.0614051,
              14.6498597
            ],
            [
              121.0622149,
              14.6499035
            ],
            [
              121.0622291,
              14.6494926
            ],
            [
              121.0624074,
              14.6495035
            ],
            [
              121.062481,
              14.6496871
            ],
            [
              121.0628633,
              14.6497145
            ],
            [
              121.0628689,
              14.6498898
            ],
            [
              121.0625745,
              14.649898
            ],
            [
              121.0624244,
              14.6501308
            ],
            [
              121.0619488,
              14.6501336
            ],
            [
              121.0618185,
              14.6501391
            ],
            [
              121.0617222,
              14.6503829
            ],
            [
              121.0616769,
              14.6505472
            ],
            [
              121.0623027,
              14.6505664
            ],
            [
              121.0622942,
              14.6507472
            ],
            [
              121.0619063,
              14.6507664
            ],
            [
              121.0609181,
              14.6508513
            ],
            [
              121.0604736,
              14.6509965
            ],
            [
              121.0603765,
              14.6514332
            ],
            [
              121.0601842,
              14.6514255
            ],
            [
              121.0601876,
              14.6512814
            ],
            [
              121.0599781,
              14.6512677
            ],
            [
              121.0597998,
              14.6512731
            ],
            [
              121.0598507,
              14.651128
            ],
            [
              121.0598875,
              14.6510622
            ],
            [
              121.0599357,
              14.6509088
            ],
            [
              121.0598167,
              14.6508184
            ],
            [
              121.0597545,
              14.6508431
            ],
            [
              121.0595959,
              14.6509088
            ],
            [
              121.0593552,
              14.6510951
            ],
            [
              121.0592137,
              14.6510814
            ],
            [
              121.0593637,
              14.6504103
            ],
            [
              121.0596371,
              14.6493319
            ],
            [
              121.059922,
              14.6479485
            ],
            [
              121.0599362,
              14.6478977
            ],
            [
              121.0599644,
              14.6478263
            ],
            [
              121.0600089,
              14.6477394
            ],
            [
              121.0600441,
              14.6476765
            ],
            [
              121.0600812,
              14.6476144
            ],
            [
              121.0601198,
              14.6475648
            ],
            [
              121.0601775,
              14.6475054
            ],
            [
              121.0602496,
              14.6474383
            ],
            [
              121.0603272,
              14.647373
            ],
            [
              121.0605081,
              14.6472729
            ],
            [
              121.0607978,
              14.6472002
            ],
            [
              121.0612484,
              14.6472002
            ],
            [
              121.0616668,
              14.6472417
            ],
            [
              121.0622462,
              14.6474078
            ]
          ]
        ]
      },
      "id": "way/1435813846"
    },
    {
      "type": "Feature",
      "properties": {
        "@id": "way/1435813847",
        "landuse": "forest"
      },
      "geometry": {
        "type": "Polygon",
        "coordinates": [
          [
            [
              121.062364,
              14.6492471
            ],
            [
              121.0623705,
              14.6484353
            ],
            [
              121.0623542,
              14.6481741
            ],
            [
              121.0624258,
              14.6474756
            ],
            [
              121.0630112,
              14.6475983
            ],
            [
              121.0629494,
              14.6478132
            ],
            [
              121.0629131,
              14.647939
            ],
            [
              121.0628356,
              14.6482087
            ],
            [
              121.0628746,
              14.6484196
            ],
            [
              121.0629429,
              14.6484573
            ],
            [
              121.0630404,
              14.648514
            ],
            [
              121.063151,
              14.6484353
            ],
            [
              121.063177,
              14.6484636
            ],
            [
              121.0631738,
              14.6485391
            ],
            [
              121.0632876,
              14.6486839
            ],
            [
              121.0631478,
              14.648816
            ],
            [
              121.0629884,
              14.648621
            ],
            [
              121.0629429,
              14.6487342
            ],
            [
              121.0626892,
              14.6488664
            ],
            [
              121.0626046,
              14.648901
            ],
            [
              121.0625884,
              14.6489388
            ],
            [
              121.0624388,
              14.6489576
            ],
            [
              121.0624648,
              14.6490395
            ],
            [
              121.0624648,
              14.6491213
            ],
            [
              121.0624388,
              14.6492471
            ],
            [
              121.062364,
              14.6492471
            ]
          ]
        ]
      },
      "id": "way/1435813847"
    },
    {
      "type": "Feature",
      "properties": {
        "@id": "way/1435813848",
        "landuse": "forest"
      },
      "geometry": {
        "type": "Polygon",
        "coordinates": [
          [
            [
              121.0629131,
              14.647939
            ],
            [
              121.0629494,
              14.6478132
            ],
            [
              121.063078,
              14.6479004
            ],
            [
              121.0632167,
              14.6479305
            ],
            [
              121.0632564,
              14.6478484
            ],
            [
              121.0630978,
              14.6478319
            ],
            [
              121.0630412,
              14.6477552
            ],
            [
              121.0630412,
              14.6476977
            ],
            [
              121.0631969,
              14.647747
            ],
            [
              121.063279,
              14.6477881
            ],
            [
              121.0635084,
              14.6478456
            ],
            [
              121.0635565,
              14.6477141
            ],
            [
              121.0643551,
              14.6478044
            ],
            [
              121.0643181,
              14.6490893
            ],
            [
              121.0641313,
              14.6490811
            ],
            [
              121.0634177,
              14.6490489
            ],
            [
              121.0632649,
              14.6488758
            ],
            [
              121.0633624,
              14.6488003
            ],
            [
              121.0634502,
              14.6488979
            ],
            [
              121.0635934,
              14.6487846
            ],
            [
              121.0635055,
              14.6486902
            ],
            [
              121.0634633,
              14.6486461
            ],
            [
              121.0633559,
              14.6485801
            ],
            [
              121.0634437,
              14.6484447
            ],
            [
              121.0635251,
              14.648278
            ],
            [
              121.0634665,
              14.6482276
            ],
            [
              121.0632421,
              14.6483283
            ],
            [
              121.0632811,
              14.6481175
            ],
            [
              121.063164,
              14.6481206
            ],
            [
              121.0630339,
              14.648042
            ],
            [
              121.0630339,
              14.6479759
            ],
            [
              121.0629131,
              14.647939
            ]
          ]
        ]
      },
      "id": "way/1435813848"
    },
    {
      "type": "Feature",
      "properties": {
        "@id": "way/1435813850",
        "landuse": "forest"
      },
      "geometry": {
        "type": "Polygon",
        "coordinates": [
          [
            [
              121.0623626,
              14.6516234
            ],
            [
              121.0623424,
              14.6506678
            ],
            [
              121.0639024,
              14.6506692
            ],
            [
              121.0638104,
              14.6508541
            ],
            [
              121.0637736,
              14.6509992
            ],
            [
              121.063734,
              14.6512841
            ],
            [
              121.0636448,
              14.6513129
            ],
            [
              121.063632,
              14.651517
            ],
            [
              121.0635061,
              14.65158
            ],
            [
              121.0632456,
              14.6516046
            ],
            [
              121.0630545,
              14.651454
            ],
            [
              121.0629256,
              14.6514485
            ],
            [
              121.0627699,
              14.6513964
            ],
            [
              121.0626411,
              14.6513992
            ],
            [
              121.0625717,
              14.6514279
            ],
            [
              121.0625731,
              14.6516279
            ],
            [
              121.0623626,
              14.6516234
            ]
          ]
        ]
      },
      "id": "way/1435813850"
    },
    {
      "type": "Feature",
      "properties": {
        "@id": "way/1435813851",
        "landuse": "forest"
      },
      "geometry": {
        "type": "Polygon",
        "coordinates": [
          [
            [
              121.0644199,
              14.6504224
            ],
            [
              121.0643796,
              14.6493822
            ],
            [
              121.064746,
              14.6493889
            ],
            [
              121.0650093,
              14.6493937
            ],
            [
              121.0650535,
              14.6493945
            ],
            [
              121.0650412,
              14.6495224
            ],
            [
              121.0656599,
              14.6495033
            ],
            [
              121.0656722,
              14.6492959
            ],
            [
              121.0657203,
              14.6492935
            ],
            [
              121.0657141,
              14.6491599
            ],
            [
              121.0660257,
              14.649148
            ],
            [
              121.0660171,
              14.6494986
            ],
            [
              121.0660311,
              14.6495968
            ],
            [
              121.066059,
              14.6496716
            ],
            [
              121.0661763,
              14.6497831
            ],
            [
              121.0666804,
              14.6501732
            ],
            [
              121.0667259,
              14.6502456
            ],
            [
              121.0667455,
              14.6503243
            ],
            [
              121.0666804,
              14.6504092
            ],
            [
              121.0664007,
              14.6506452
            ],
            [
              121.0660885,
              14.6508812
            ],
            [
              121.0657827,
              14.6511235
            ],
            [
              121.06576,
              14.6510134
            ],
            [
              121.065786,
              14.6508529
            ],
            [
              121.0657307,
              14.6507239
            ],
            [
              121.0655681,
              14.6505445
            ],
            [
              121.0655193,
              14.650447
            ],
            [
              121.0654835,
              14.6503809
            ],
            [
              121.0654705,
              14.6502865
            ],
            [
              121.0653729,
              14.6501795
            ],
            [
              121.0648396,
              14.6501701
            ],
            [
              121.0648266,
              14.6504218
            ],
            [
              121.0644199,
              14.6504224
            ]
          ]
        ]
      },
      "id": "way/1435813851"
    },
    {
      "type": "Feature",
      "properties": {
        "@id": "way/1435813852",
        "landuse": "forest"
      },
      "geometry": {
        "type": "Polygon",
        "coordinates": [
          [
            [
              121.0657141,
              14.6491599
            ],
            [
              121.0653497,
              14.6491454
            ],
            [
              121.0653454,
              14.6492056
            ],
            [
              121.0651609,
              14.6492243
            ],
            [
              121.0651608,
              14.6493852
            ],
            [
              121.0650093,
              14.6493937
            ],
            [
              121.0650079,
              14.6492318
            ],
            [
              121.0647474,
              14.6492359
            ],
            [
              121.064746,
              14.6493889
            ],
            [
              121.0643796,
              14.6493822
            ],
            [
              121.0643664,
              14.6486295
            ],
            [
              121.0645326,
              14.6486584
            ],
            [
              121.0647138,
              14.6487307
            ],
            [
              121.065377,
              14.6486656
            ],
            [
              121.0657917,
              14.6486277
            ],
            [
              121.0658571,
              14.6486277
            ],
            [
              121.0658925,
              14.6486475
            ],
            [
              121.0659243,
              14.6486963
            ],
            [
              121.0659859,
              14.6489982
            ],
            [
              121.0660257,
              14.649148
            ],
            [
              121.0657141,
              14.6491599
            ]
          ]
        ]
      },
      "id": "way/1435813852"
    },
    {
      "type": "Feature",
      "properties": {
        "@id": "way/1435813853",
        "landuse": "forest"
      },
      "geometry": {
        "type": "Polygon",
        "coordinates": [
          [
            [
              121.0668352,
              14.6509308
            ],
            [
              121.066855,
              14.6506158
            ],
            [
              121.0668635,
              14.6504404
            ],
            [
              121.0668522,
              14.6503802
            ],
            [
              121.0670956,
              14.6501419
            ],
            [
              121.0671636,
              14.650161
            ],
            [
              121.0671523,
              14.6504596
            ],
            [
              121.0677044,
              14.6505062
            ],
            [
              121.0677072,
              14.6502076
            ],
            [
              121.0682933,
              14.6503336
            ],
            [
              121.0684094,
              14.6503994
            ],
            [
              121.0683783,
              14.6506322
            ],
            [
              121.0683839,
              14.6510486
            ],
            [
              121.0684236,
              14.6513335
            ],
            [
              121.0684717,
              14.6515608
            ],
            [
              121.0684151,
              14.6515663
            ],
            [
              121.0684236,
              14.6514595
            ],
            [
              121.0683443,
              14.651443
            ],
            [
              121.0683528,
              14.65138
            ],
            [
              121.0678856,
              14.6513581
            ],
            [
              121.067829,
              14.6514047
            ],
            [
              121.067829,
              14.6515663
            ],
            [
              121.0674807,
              14.6515307
            ],
            [
              121.0673505,
              14.6515334
            ],
            [
              121.067291,
              14.6515581
            ],
            [
              121.0672174,
              14.6516594
            ],
            [
              121.0672032,
              14.6517361
            ],
            [
              121.0672061,
              14.6517854
            ],
            [
              121.0672466,
              14.6518497
            ],
            [
              121.06734,
              14.6519147
            ],
            [
              121.0673886,
              14.651922
            ],
            [
              121.0674259,
              14.651922
            ],
            [
              121.0673269,
              14.6520087
            ],
            [
              121.0671457,
              14.6518623
            ],
            [
              121.0670366,
              14.6518029
            ],
            [
              121.0669787,
              14.6517064
            ],
            [
              121.0670145,
              14.6516539
            ],
            [
              121.0671599,
              14.6515883
            ],
            [
              121.0673595,
              14.6514297
            ],
            [
              121.0673669,
              14.6513057
            ],
            [
              121.06759,
              14.6512902
            ],
            [
              121.0676159,
              14.6508216
            ],
            [
              121.0669873,
              14.6507728
            ],
            [
              121.0669701,
              14.6509456
            ],
            [
              121.0668352,
              14.6509308
            ]
          ]
        ]
      },
      "id": "way/1435813853"
    },
    {
      "type": "Feature",
      "properties": {
        "@id": "way/1435813855",
        "landuse": "forest"
      },
      "geometry": {
        "type": "Polygon",
        "coordinates": [
          [
            [
              121.066858,
              14.6502801
            ],
            [
              121.066826,
              14.6501466
            ],
            [
              121.0666904,
              14.6500178
            ],
            [
              121.066296,
              14.6497626
            ],
            [
              121.0661876,
              14.6496696
            ],
            [
              121.0661235,
              14.6496148
            ],
            [
              121.0661013,
              14.6495504
            ],
            [
              121.0660816,
              14.6494717
            ],
            [
              121.0660865,
              14.6493095
            ],
            [
              121.0660645,
              14.6491113
            ],
            [
              121.0660781,
              14.6489776
            ],
            [
              121.0666721,
              14.6489885
            ],
            [
              121.0666721,
              14.6488367
            ],
            [
              121.0666423,
              14.648524
            ],
            [
              121.0666983,
              14.6484716
            ],
            [
              121.0667992,
              14.6486957
            ],
            [
              121.0669187,
              14.6487445
            ],
            [
              121.0669505,
              14.6487174
            ],
            [
              121.067013,
              14.6488141
            ],
            [
              121.0671461,
              14.648762
            ],
            [
              121.0670895,
              14.6486524
            ],
            [
              121.0671489,
              14.6486072
            ],
            [
              121.0671107,
              14.648499
            ],
            [
              121.0675368,
              14.648273
            ],
            [
              121.0675311,
              14.6485018
            ],
            [
              121.0680932,
              14.6485511
            ],
            [
              121.0682885,
              14.6487757
            ],
            [
              121.068423,
              14.6488195
            ],
            [
              121.0684457,
              14.6490387
            ],
            [
              121.0682701,
              14.6489921
            ],
            [
              121.0682531,
              14.6490798
            ],
            [
              121.0681739,
              14.6490702
            ],
            [
              121.0681583,
              14.6491455
            ],
            [
              121.0682008,
              14.6491619
            ],
            [
              121.0679884,
              14.6497975
            ],
            [
              121.0680337,
              14.6498139
            ],
            [
              121.0679247,
              14.6500399
            ],
            [
              121.0684513,
              14.6501645
            ],
            [
              121.0684754,
              14.6501988
            ],
            [
              121.0684358,
              14.6502892
            ],
            [
              121.0677605,
              14.6500851
            ],
            [
              121.067769,
              14.6499947
            ],
            [
              121.0673683,
              14.6498591
            ],
            [
              121.0671886,
              14.6500426
            ],
            [
              121.0670909,
              14.6500276
            ],
            [
              121.067013,
              14.6500714
            ],
            [
              121.0669196,
              14.6502221
            ],
            [
              121.066858,
              14.6502801
            ]
          ]
        ]
      },
      "id": "way/1435813855"
    },
    {
      "type": "Feature",
      "properties": {
        "@id": "way/1436157877",
        "landuse": "grass"
      },
      "geometry": {
        "type": "Polygon",
        "coordinates": [
          [
            [
              121.0626888,
              14.6549205
            ],
            [
              121.0626023,
              14.654914
            ],
            [
              121.0625828,
              14.6549029
            ],
            [
              121.0625754,
              14.6548841
            ],
            [
              121.0625828,
              14.6548614
            ],
            [
              121.0626016,
              14.6548523
            ],
            [
              121.0626405,
              14.6548517
            ],
            [
              121.0640654,
              14.6548783
            ],
            [
              121.064107,
              14.6548984
            ],
            [
              121.0641418,
              14.6549127
            ],
            [
              121.0641439,
              14.6549205
            ],
            [
              121.0641378,
              14.6549244
            ],
            [
              121.0640607,
              14.6549406
            ],
            [
              121.0639916,
              14.6549464
            ],
            [
              121.0626888,
              14.6549205
            ]
          ]
        ]
      },
      "id": "way/1436157877"
    },
    {
      "type": "Feature",
      "properties": {
        "@id": "way/1436157878",
        "landuse": "grass"
      },
      "geometry": {
        "type": "Polygon",
        "coordinates": [
          [
            [
              121.0620779,
              14.654912
            ],
            [
              121.0616367,
              14.6549055
            ],
            [
              121.0616179,
              14.6548991
            ],
            [
              121.0616051,
              14.6548809
            ],
            [
              121.0616004,
              14.6548575
            ],
            [
              121.0616085,
              14.6548426
            ],
            [
              121.061646,
              14.6548368
            ],
            [
              121.0617017,
              14.65484
            ],
            [
              121.0620826,
              14.654842
            ],
            [
              121.0621027,
              14.6548562
            ],
            [
              121.0621081,
              14.6548731
            ],
            [
              121.0621067,
              14.6548919
            ],
            [
              121.0620953,
              14.6549055
            ],
            [
              121.0620779,
              14.654912
            ]
          ]
        ]
      },
      "id": "way/1436157878"
    },
    {
      "type": "Feature",
      "properties": {
        "@id": "way/1436157879",
        "landuse": "grass"
      },
      "geometry": {
        "type": "Polygon",
        "coordinates": [
          [
            [
              121.0585749,
              14.6548257
            ],
            [
              121.0585429,
              14.6548232
            ],
            [
              121.058524,
              14.6548193
            ],
            [
              121.0585112,
              14.6548082
            ],
            [
              121.0585105,
              14.6547933
            ],
            [
              121.0585186,
              14.6547836
            ],
            [
              121.0585425,
              14.6547803
            ],
            [
              121.059346,
              14.654794
            ],
            [
              121.0615324,
              14.6548316
            ],
            [
              121.0615468,
              14.6548381
            ],
            [
              121.0615565,
              14.654852
            ],
            [
              121.0615592,
              14.6548702
            ],
            [
              121.0615542,
              14.6548838
            ],
            [
              121.0615445,
              14.6548958
            ],
            [
              121.0615223,
              14.6549023
            ],
            [
              121.0593233,
              14.6548582
            ],
            [
              121.0592696,
              14.6548491
            ],
            [
              121.0591583,
              14.6548316
            ],
            [
              121.059102,
              14.6548303
            ],
            [
              121.0585749,
              14.6548257
            ]
          ]
        ]
      },
      "id": "way/1436157879"
    },
    {
      "type": "Feature",
      "properties": {
        "@id": "way/1436157890",
        "landuse": "grass"
      },
      "geometry": {
        "type": "Polygon",
        "coordinates": [
          [
            [
              121.0622086,
              14.6527878
            ],
            [
              121.0622145,
              14.6527969
            ],
            [
              121.0622067,
              14.6528015
            ],
            [
              121.06178,
              14.6527789
            ],
            [
              121.0617723,
              14.6527729
            ],
            [
              121.0617815,
              14.6527633
            ],
            [
              121.0622086,
              14.6527878
            ]
          ]
        ]
      },
      "id": "way/1436157890"
    },
    {
      "type": "Feature",
      "properties": {
        "@id": "way/1441770409",
        "landuse": "forest"
      },
      "geometry": {
        "type": "Polygon",
        "coordinates": [
          [
            [
              121.0746854,
              14.6544485
            ],
            [
              121.0746911,
              14.6541315
            ],
            [
              121.0746842,
              14.6539006
            ],
            [
              121.07467,
              14.6536513
            ],
            [
              121.0746928,
              14.6536134
            ],
            [
              121.0751026,
              14.6536134
            ],
            [
              121.0755059,
              14.6535552
            ],
            [
              121.0758002,
              14.6535064
            ],
            [
              121.075862,
              14.6535159
            ],
            [
              121.0760132,
              14.6535647
            ],
            [
              121.0760604,
              14.653604
            ],
            [
              121.0761043,
              14.6535741
            ],
            [
              121.0760962,
              14.6535222
            ],
            [
              121.0761612,
              14.6534451
            ],
            [
              121.0762425,
              14.6534058
            ],
            [
              121.0771808,
              14.6531477
            ],
            [
              121.0774183,
              14.6530769
            ],
            [
              121.077711,
              14.652992
            ],
            [
              121.077828,
              14.6531084
            ],
            [
              121.0779695,
              14.653036
            ],
            [
              121.0780671,
              14.6530392
            ],
            [
              121.0782444,
              14.652929
            ],
            [
              121.0783647,
              14.6528095
            ],
            [
              121.0783728,
              14.6527481
            ],
            [
              121.0784151,
              14.6526726
            ],
            [
              121.078381,
              14.6526002
            ],
            [
              121.0784948,
              14.6525924
            ],
            [
              121.0785891,
              14.6525987
            ],
            [
              121.078633,
              14.6525105
            ],
            [
              121.0786119,
              14.6524728
            ],
            [
              121.0787322,
              14.6522966
            ],
            [
              121.0788249,
              14.6522132
            ],
            [
              121.0787924,
              14.6521361
            ],
            [
              121.0791957,
              14.652059
            ],
            [
              121.0794689,
              14.6520323
            ],
            [
              121.0796071,
              14.6520574
            ],
            [
              121.0797746,
              14.6521377
            ],
            [
              121.079851,
              14.6522305
            ],
            [
              121.0797778,
              14.652328
            ],
            [
              121.0798478,
              14.6524177
            ],
            [
              121.0799112,
              14.6523957
            ],
            [
              121.0801031,
              14.6526411
            ],
            [
              121.0801372,
              14.6525908
            ],
            [
              121.0802348,
              14.6526931
            ],
            [
              121.0803503,
              14.6526883
            ],
            [
              121.0803226,
              14.6527355
            ],
            [
              121.0803096,
              14.6528205
            ],
            [
              121.0801405,
              14.6529479
            ],
            [
              121.0800657,
              14.652896
            ],
            [
              121.079973,
              14.6529338
            ],
            [
              121.0799811,
              14.6529951
            ],
            [
              121.0799193,
              14.653014
            ],
            [
              121.0798852,
              14.652981
            ],
            [
              121.0798185,
              14.6530156
            ],
            [
              121.0798917,
              14.6531509
            ],
            [
              121.0797632,
              14.6533003
            ],
            [
              121.0797307,
              14.6532736
            ],
            [
              121.0797713,
              14.6532075
            ],
            [
              121.0796656,
              14.6531226
            ],
            [
              121.0796136,
              14.6531666
            ],
            [
              121.0796721,
              14.653217
            ],
            [
              121.0796412,
              14.6532689
            ],
            [
              121.0796916,
              14.6533699
            ],
            [
              121.079432,
              14.6536825
            ],
            [
              121.0793872,
              14.653753
            ],
            [
              121.07946,
              14.6537927
            ],
            [
              121.0795385,
              14.6537367
            ],
            [
              121.0795926,
              14.6536355
            ],
            [
              121.0797271,
              14.6534674
            ],
            [
              121.0798523,
              14.6533066
            ],
            [
              121.0800428,
              14.6530988
            ],
            [
              121.0801101,
              14.6533084
            ],
            [
              121.0801642,
              14.6534367
            ],
            [
              121.0804461,
              14.6536715
            ],
            [
              121.0804341,
              14.6537447
            ],
            [
              121.0804148,
              14.6538257
            ],
            [
              121.0803762,
              14.653888
            ],
            [
              121.0803097,
              14.6539565
            ],
            [
              121.080271,
              14.6539869
            ],
            [
              121.0801369,
              14.6540959
            ],
            [
              121.0800446,
              14.6541987
            ],
            [
              121.0799513,
              14.6541977
            ],
            [
              121.0799019,
              14.6543378
            ],
            [
              121.0799996,
              14.6543575
            ],
            [
              121.0799974,
              14.6544457
            ],
            [
              121.0798483,
              14.6544395
            ],
            [
              121.0797942,
              14.6545329
            ],
            [
              121.0799701,
              14.6545765
            ],
            [
              121.0799165,
              14.6549003
            ],
            [
              121.0798843,
              14.6549273
            ],
            [
              121.079843,
              14.6550937
            ],
            [
              121.0798494,
              14.6554147
            ],
            [
              121.079618,
              14.6555687
            ],
            [
              121.0793381,
              14.6559125
            ],
            [
              121.0792597,
              14.6559552
            ],
            [
              121.0792045,
              14.6560127
            ],
            [
              121.0792668,
              14.6561552
            ],
            [
              121.0793022,
              14.6562332
            ],
            [
              121.0794123,
              14.6562607
            ],
            [
              121.0793038,
              14.6566104
            ],
            [
              121.0792045,
              14.6566085
            ],
            [
              121.0790913,
              14.6566195
            ],
            [
              121.0789865,
              14.6565756
            ],
            [
              121.0788577,
              14.6565017
            ],
            [
              121.078845,
              14.6564703
            ],
            [
              121.0779587,
              14.6558593
            ],
            [
              121.077412,
              14.6554905
            ],
            [
              121.077252,
              14.6554244
            ],
            [
              121.0770609,
              14.6553908
            ],
            [
              121.0769012,
              14.6553808
            ],
            [
              121.0769016,
              14.6551912
            ],
            [
              121.0769901,
              14.6551858
            ],
            [
              121.077058,
              14.6552282
            ],
            [
              121.0771755,
              14.6552584
            ],
            [
              121.0772364,
              14.6551926
            ],
            [
              121.0772086,
              14.6551515
            ],
            [
              121.0773401,
              14.6550299
            ],
            [
              121.0774289,
              14.6549694
            ],
            [
              121.0774615,
              14.6549187
            ],
            [
              121.0774275,
              14.654879
            ],
            [
              121.0773596,
              14.6549132
            ],
            [
              121.0773044,
              14.6548475
            ],
            [
              121.0771968,
              14.6548393
            ],
            [
              121.077143,
              14.6548886
            ],
            [
              121.0771161,
              14.6549036
            ],
            [
              121.0770991,
              14.6549543
            ],
            [
              121.0770368,
              14.6550009
            ],
            [
              121.0769872,
              14.6550324
            ],
            [
              121.076966,
              14.6550324
            ],
            [
              121.0769473,
              14.6550156
            ],
            [
              121.0770188,
              14.6549442
            ],
            [
              121.0769477,
              14.6548775
            ],
            [
              121.0766534,
              14.6546016
            ],
            [
              121.0764995,
              14.6547552
            ],
            [
              121.0764275,
              14.654832
            ],
            [
              121.0762904,
              14.654829
            ],
            [
              121.0762957,
              14.6546054
            ],
            [
              121.0761611,
              14.6546023
            ],
            [
              121.0760358,
              14.6545915
            ],
            [
              121.076039,
              14.6545238
            ],
            [
              121.075748,
              14.6545191
            ],
            [
              121.0756983,
              14.6545459
            ],
            [
              121.0756683,
              14.654645
            ],
            [
              121.0756881,
              14.6547236
            ],
            [
              121.0754589,
              14.6547197
            ],
            [
              121.0754374,
              14.6546009
            ],
            [
              121.0754032,
              14.654516
            ],
            [
              121.0752487,
              14.6545144
            ],
            [
              121.075104,
              14.6545191
            ],
            [
              121.0749902,
              14.654505
            ],
            [
              121.0749902,
              14.6544452
            ],
            [
              121.0748666,
              14.6544468
            ],
            [
              121.0746854,
              14.6544485
            ]
          ]
        ]
      },
      "id": "way/1441770409"
    },
    {
      "type": "Feature",
      "properties": {
        "@id": "way/1441770410",
        "landuse": "forest"
      },
      "geometry": {
        "type": "Polygon",
        "coordinates": [
          [
            [
              121.0764995,
              14.6547552
            ],
            [
              121.0767614,
              14.6550008
            ],
            [
              121.0766497,
              14.655006
            ],
            [
              121.0766367,
              14.6550205
            ],
            [
              121.0765806,
              14.6551
            ],
            [
              121.0765588,
              14.655097
            ],
            [
              121.0761745,
              14.6550868
            ],
            [
              121.0761686,
              14.6552961
            ],
            [
              121.0765528,
              14.6553063
            ],
            [
              121.0765844,
              14.655297
            ],
            [
              121.076661,
              14.6553132
            ],
            [
              121.0766609,
              14.6553804
            ],
            [
              121.0769012,
              14.6553808
            ],
            [
              121.0770609,
              14.6553908
            ],
            [
              121.0770221,
              14.6555165
            ],
            [
              121.0772674,
              14.6556328
            ],
            [
              121.077212,
              14.6557397
            ],
            [
              121.0771944,
              14.6557549
            ],
            [
              121.0770412,
              14.6559053
            ],
            [
              121.0771365,
              14.6559962
            ],
            [
              121.0766988,
              14.6564469
            ],
            [
              121.076098,
              14.6568978
            ],
            [
              121.0760871,
              14.6570423
            ],
            [
              121.0761136,
              14.6571602
            ],
            [
              121.0759698,
              14.6571421
            ],
            [
              121.0759025,
              14.6571566
            ],
            [
              121.0758278,
              14.657171
            ],
            [
              121.0757606,
              14.6571873
            ],
            [
              121.0756859,
              14.6571909
            ],
            [
              121.0756093,
              14.6571855
            ],
            [
              121.0756055,
              14.6568873
            ],
            [
              121.0755775,
              14.656862
            ],
            [
              121.0755756,
              14.6567066
            ],
            [
              121.0757307,
              14.656703
            ],
            [
              121.0758689,
              14.6567319
            ],
            [
              121.075981,
              14.6567247
            ],
            [
              121.0761005,
              14.6567319
            ],
            [
              121.076179,
              14.6566957
            ],
            [
              121.0762182,
              14.6566307
            ],
            [
              121.0761958,
              14.6565584
            ],
            [
              121.0760501,
              14.6565331
            ],
            [
              121.0760482,
              14.6562421
            ],
            [
              121.075811,
              14.6562223
            ],
            [
              121.0758147,
              14.6560668
            ],
            [
              121.0760576,
              14.6560668
            ],
            [
              121.0761304,
              14.6560614
            ],
            [
              121.076151,
              14.6560777
            ],
            [
              121.0761641,
              14.6561464
            ],
            [
              121.0761603,
              14.6562421
            ],
            [
              121.0762033,
              14.6563072
            ],
            [
              121.0763172,
              14.6562945
            ],
            [
              121.0763901,
              14.6562927
            ],
            [
              121.0764461,
              14.656271
            ],
            [
              121.076491,
              14.6562277
            ],
            [
              121.0765022,
              14.6560126
            ],
            [
              121.0764779,
              14.6559909
            ],
            [
              121.0763434,
              14.6559783
            ],
            [
              121.0762108,
              14.6559909
            ],
            [
              121.0761529,
              14.656
            ],
            [
              121.0761211,
              14.6560018
            ],
            [
              121.0760875,
              14.6559584
            ],
            [
              121.0760949,
              14.6558156
            ],
            [
              121.0761416,
              14.6558156
            ],
            [
              121.0761398,
              14.6557343
            ],
            [
              121.0761883,
              14.6557433
            ],
            [
              121.0762126,
              14.6558138
            ],
            [
              121.0761865,
              14.6558572
            ],
            [
              121.0762986,
              14.6558735
            ],
            [
              121.0763695,
              14.6558735
            ],
            [
              121.0764461,
              14.6558283
            ],
            [
              121.0764387,
              14.6556349
            ],
            [
              121.0764387,
              14.6555879
            ],
            [
              121.076392,
              14.6555644
            ],
            [
              121.0762761,
              14.6555897
            ],
            [
              121.0761827,
              14.6556223
            ],
            [
              121.0761416,
              14.6556313
            ],
            [
              121.0761174,
              14.6556078
            ],
            [
              121.0761192,
              14.6555518
            ],
            [
              121.0761472,
              14.655503
            ],
            [
              121.0761174,
              14.6554289
            ],
            [
              121.0760763,
              14.6553873
            ],
            [
              121.0760843,
              14.6551068
            ],
            [
              121.0760177,
              14.6551045
            ],
            [
              121.0760202,
              14.6550377
            ],
            [
              121.0760387,
              14.6549793
            ],
            [
              121.0760732,
              14.6549041
            ],
            [
              121.0761422,
              14.6548791
            ],
            [
              121.0761531,
              14.6549386
            ],
            [
              121.0764249,
              14.6549446
            ],
            [
              121.0764275,
              14.654832
            ],
            [
              121.0764995,
              14.6547552
            ]
          ]
        ]
      },
      "id": "way/1441770410"
    },
    {
      "type": "Feature",
      "properties": {
        "@id": "way/1441770411",
        "landuse": "forest"
      },
      "geometry": {
        "type": "Polygon",
        "coordinates": [
          [
            [
              121.0753333,
              14.6547176
            ],
            [
              121.0751327,
              14.6547142
            ],
            [
              121.0751197,
              14.6554283
            ],
            [
              121.0755775,
              14.6554361
            ],
            [
              121.0755761,
              14.655512
            ],
            [
              121.0755437,
              14.655541
            ],
            [
              121.0755308,
              14.6555908
            ],
            [
              121.075475,
              14.6555306
            ],
            [
              121.07543,
              14.6555098
            ],
            [
              121.0753763,
              14.6555036
            ],
            [
              121.0752905,
              14.6554849
            ],
            [
              121.0752197,
              14.6554829
            ],
            [
              121.0751532,
              14.6555015
            ],
            [
              121.0750995,
              14.6555431
            ],
            [
              121.0750631,
              14.6556136
            ],
            [
              121.0750352,
              14.6556697
            ],
            [
              121.0749601,
              14.6556904
            ],
            [
              121.0748935,
              14.6556261
            ],
            [
              121.0749107,
              14.6555742
            ],
            [
              121.0748734,
              14.6555139
            ],
            [
              121.0748528,
              14.6555161
            ],
            [
              121.0747734,
              14.6555119
            ],
            [
              121.0747268,
              14.655545
            ],
            [
              121.0747227,
              14.6556702
            ],
            [
              121.0746635,
              14.6556782
            ],
            [
              121.0746339,
              14.6556199
            ],
            [
              121.0746425,
              14.6554662
            ],
            [
              121.0746446,
              14.6553708
            ],
            [
              121.0747154,
              14.6553147
            ],
            [
              121.0747669,
              14.6553189
            ],
            [
              121.0748034,
              14.6552026
            ],
            [
              121.074812,
              14.6551528
            ],
            [
              121.0747991,
              14.6550718
            ],
            [
              121.0748034,
              14.6549473
            ],
            [
              121.0748034,
              14.6548787
            ],
            [
              121.0747412,
              14.6548331
            ],
            [
              121.0747412,
              14.65475
            ],
            [
              121.0747498,
              14.6546587
            ],
            [
              121.0748227,
              14.6545923
            ],
            [
              121.0748592,
              14.6545902
            ],
            [
              121.0749107,
              14.6546628
            ],
            [
              121.074988,
              14.6546421
            ],
            [
              121.0750759,
              14.6546068
            ],
            [
              121.0752455,
              14.6545777
            ],
            [
              121.0753206,
              14.654584
            ],
            [
              121.0753334,
              14.6546483
            ],
            [
              121.0753333,
              14.6547176
            ]
          ]
        ]
      },
      "id": "way/1441770411"
    },
    {
      "type": "Feature",
      "properties": {
        "@id": "way/1441770412",
        "landuse": "forest"
      },
      "geometry": {
        "type": "Polygon",
        "coordinates": [
          [
            [
              121.0771365,
              14.6559962
            ],
            [
              121.0772897,
              14.6558458
            ],
            [
              121.077337,
              14.6558637
            ],
            [
              121.0772218,
              14.6559862
            ],
            [
              121.0775928,
              14.6563125
            ],
            [
              121.077708,
              14.6561899
            ],
            [
              121.077962,
              14.6563306
            ],
            [
              121.0784889,
              14.6566641
            ],
            [
              121.078684,
              14.6566893
            ],
            [
              121.0787978,
              14.6566893
            ],
            [
              121.079071,
              14.6567554
            ],
            [
              121.0792337,
              14.65679
            ],
            [
              121.079327,
              14.656801
            ],
            [
              121.0794882,
              14.6567663
            ],
            [
              121.0795131,
              14.6566805
            ],
            [
              121.0796104,
              14.6566627
            ],
            [
              121.0796291,
              14.6567259
            ],
            [
              121.079633,
              14.656739
            ],
            [
              121.0796622,
              14.6568105
            ],
            [
              121.0797411,
              14.6568177
            ],
            [
              121.0797972,
              14.6568217
            ],
            [
              121.0798614,
              14.6567926
            ],
            [
              121.0799394,
              14.656872
            ],
            [
              121.0796068,
              14.657385
            ],
            [
              121.0795077,
              14.6573249
            ],
            [
              121.079436,
              14.6574356
            ],
            [
              121.0793738,
              14.6574162
            ],
            [
              121.0792949,
              14.6575188
            ],
            [
              121.0792407,
              14.6577382
            ],
            [
              121.0792728,
              14.6578192
            ],
            [
              121.079364,
              14.6578812
            ],
            [
              121.0794749,
              14.6579194
            ],
            [
              121.0795661,
              14.6579218
            ],
            [
              121.0797657,
              14.6578788
            ],
            [
              121.0798545,
              14.6578359
            ],
            [
              121.0799185,
              14.657824
            ],
            [
              121.0800295,
              14.6578765
            ],
            [
              121.0801133,
              14.6579265
            ],
            [
              121.0801798,
              14.6579885
            ],
            [
              121.0802217,
              14.6580625
            ],
            [
              121.0802316,
              14.6581245
            ],
            [
              121.0801798,
              14.6581698
            ],
            [
              121.0800073,
              14.6581936
            ],
            [
              121.0798939,
              14.6582342
            ],
            [
              121.0798224,
              14.6582342
            ],
            [
              121.0797657,
              14.6582723
            ],
            [
              121.0795044,
              14.658351
            ],
            [
              121.0793541,
              14.6583653
            ],
            [
              121.0792062,
              14.658351
            ],
            [
              121.0784051,
              14.6582461
            ],
            [
              121.0782104,
              14.6581936
            ],
            [
              121.0780132,
              14.6582175
            ],
            [
              121.0778382,
              14.6582675
            ],
            [
              121.0777889,
              14.6582175
            ],
            [
              121.0776657,
              14.6582318
            ],
            [
              121.0775301,
              14.6581674
            ],
            [
              121.0773452,
              14.6580887
            ],
            [
              121.0772319,
              14.6580386
            ],
            [
              121.0771382,
              14.6580267
            ],
            [
              121.0770963,
              14.6580815
            ],
            [
              121.0770224,
              14.6581149
            ],
            [
              121.0769385,
              14.6581459
            ],
            [
              121.0769072,
              14.6582477
            ],
            [
              121.0767768,
              14.6585176
            ],
            [
              121.0767808,
              14.6585656
            ],
            [
              121.0765713,
              14.6586705
            ],
            [
              121.0764727,
              14.6587516
            ],
            [
              121.0763273,
              14.6588398
            ],
            [
              121.0762583,
              14.6588804
            ],
            [
              121.0761449,
              14.6589233
            ],
            [
              121.076098,
              14.6589567
            ],
            [
              121.0760315,
              14.6590115
            ],
            [
              121.0759642,
              14.6589994
            ],
            [
              121.0757512,
              14.6588024
            ],
            [
              121.0756727,
              14.658712
            ],
            [
              121.0755532,
              14.6586235
            ],
            [
              121.0754075,
              14.6585006
            ],
            [
              121.075329,
              14.6584373
            ],
            [
              121.0752356,
              14.6583705
            ],
            [
              121.0751777,
              14.6583072
            ],
            [
              121.0750077,
              14.6581663
            ],
            [
              121.0749741,
              14.6581337
            ],
            [
              121.0748827,
              14.6580208
            ],
            [
              121.0748994,
              14.6580145
            ],
            [
              121.0749797,
              14.6580361
            ],
            [
              121.0750713,
              14.658103
            ],
            [
              121.0750843,
              14.6581482
            ],
            [
              121.075146,
              14.6581825
            ],
            [
              121.0752244,
              14.6582494
            ],
            [
              121.0752842,
              14.6582729
            ],
            [
              121.0753589,
              14.6582151
            ],
            [
              121.0754022,
              14.6581976
            ],
            [
              121.0754816,
              14.6582174
            ],
            [
              121.0758781,
              14.6582173
            ],
            [
              121.0758795,
              14.6579617
            ],
            [
              121.0761598,
              14.6579617
            ],
            [
              121.0761563,
              14.657575
            ],
            [
              121.076259,
              14.6576379
            ],
            [
              121.0763681,
              14.6576514
            ],
            [
              121.0764474,
              14.6576468
            ],
            [
              121.0764831,
              14.6576183
            ],
            [
              121.0764934,
              14.6575801
            ],
            [
              121.0765408,
              14.657585
            ],
            [
              121.0765733,
              14.657417
            ],
            [
              121.0764872,
              14.6573815
            ],
            [
              121.0764715,
              14.6573409
            ],
            [
              121.0764747,
              14.6572996
            ],
            [
              121.0764213,
              14.6572922
            ],
            [
              121.0763254,
              14.6572876
            ],
            [
              121.0762259,
              14.6572696
            ],
            [
              121.0761136,
              14.6571602
            ],
            [
              121.0760871,
              14.6570423
            ],
            [
              121.076098,
              14.6568978
            ],
            [
              121.0766988,
              14.6564469
            ],
            [
              121.0771365,
              14.6559962
            ]
          ]
        ]
      },
      "id": "way/1441770412"
    },
    {
      "type": "Feature",
      "properties": {
        "@id": "way/1441770413",
        "landuse": "forest"
      },
      "geometry": {
        "type": "Polygon",
        "coordinates": [
          [
            [
              121.0753589,
              14.6582151
            ],
            [
              121.0753053,
              14.6581708
            ],
            [
              121.0752795,
              14.6581313
            ],
            [
              121.0752709,
              14.6580545
            ],
            [
              121.0752066,
              14.657986
            ],
            [
              121.0751413,
              14.6579665
            ],
            [
              121.0751186,
              14.657905
            ],
            [
              121.0751615,
              14.6578573
            ],
            [
              121.0751952,
              14.6578491
            ],
            [
              121.0752087,
              14.6579403
            ],
            [
              121.0754512,
              14.6579466
            ],
            [
              121.0755284,
              14.6579445
            ],
            [
              121.0755569,
              14.6579133
            ],
            [
              121.0755564,
              14.6578082
            ],
            [
              121.0755128,
              14.6578084
            ],
            [
              121.0754856,
              14.6578015
            ],
            [
              121.0755413,
              14.6577473
            ],
            [
              121.0755585,
              14.6577307
            ],
            [
              121.0756379,
              14.6577473
            ],
            [
              121.07564,
              14.6576829
            ],
            [
              121.0756679,
              14.6575563
            ],
            [
              121.0757108,
              14.6575459
            ],
            [
              121.075709,
              14.6575692
            ],
            [
              121.0757039,
              14.6579366
            ],
            [
              121.0757088,
              14.6579743
            ],
            [
              121.0755646,
              14.6579756
            ],
            [
              121.0755661,
              14.6581464
            ],
            [
              121.075865,
              14.6581438
            ],
            [
              121.0758781,
              14.6582173
            ],
            [
              121.0754816,
              14.6582174
            ],
            [
              121.0754022,
              14.6581976
            ],
            [
              121.0753589,
              14.6582151
            ]
          ]
        ]
      },
      "id": "way/1441770413"
    },
    {
      "type": "Feature",
      "properties": {
        "@id": "way/1441770414",
        "landuse": "forest"
      },
      "geometry": {
        "type": "Polygon",
        "coordinates": [
          [
            [
              121.0763254,
              14.6572876
            ],
            [
              121.0762981,
              14.6573259
            ],
            [
              121.0762766,
              14.657384
            ],
            [
              121.0763002,
              14.6574504
            ],
            [
              121.0762659,
              14.6574816
            ],
            [
              121.0761457,
              14.6574878
            ],
            [
              121.0759719,
              14.6574795
            ],
            [
              121.0759247,
              14.6574587
            ],
            [
              121.0758196,
              14.65744
            ],
            [
              121.0758453,
              14.6574068
            ],
            [
              121.0758904,
              14.657384
            ],
            [
              121.0759247,
              14.6573674
            ],
            [
              121.0760063,
              14.6573715
            ],
            [
              121.0760771,
              14.6573591
            ],
            [
              121.0761457,
              14.657357
            ],
            [
              121.0761586,
              14.6573072
            ],
            [
              121.0761436,
              14.6572885
            ],
            [
              121.0761221,
              14.6572387
            ],
            [
              121.0761136,
              14.6571602
            ],
            [
              121.0762259,
              14.6572696
            ],
            [
              121.0763254,
              14.6572876
            ]
          ]
        ]
      },
      "id": "way/1441770414"
    },
    {
      "type": "Feature",
      "properties": {
        "@id": "way/1441770415",
        "landuse": "forest"
      },
      "geometry": {
        "type": "Polygon",
        "coordinates": [
          [
            [
              121.0760286,
              14.6590528
            ],
            [
              121.0761037,
              14.6590175
            ],
            [
              121.0762346,
              14.6590092
            ],
            [
              121.0762926,
              14.658949
            ],
            [
              121.076387,
              14.6589034
            ],
            [
              121.0765651,
              14.6587664
            ],
            [
              121.0767196,
              14.6586937
            ],
            [
              121.0768891,
              14.6586439
            ],
            [
              121.0770822,
              14.6586169
            ],
            [
              121.077168,
              14.6586148
            ],
            [
              121.0772389,
              14.6586501
            ],
            [
              121.0773397,
              14.658646
            ],
            [
              121.0773032,
              14.6585816
            ],
            [
              121.0772904,
              14.6585463
            ],
            [
              121.0773618,
              14.6585
            ],
            [
              121.0774298,
              14.6585131
            ],
            [
              121.0775307,
              14.658511
            ],
            [
              121.0777002,
              14.658457
            ],
            [
              121.0777903,
              14.6584197
            ],
            [
              121.0779277,
              14.6583823
            ],
            [
              121.0779963,
              14.6583823
            ],
            [
              121.07805,
              14.6583989
            ],
            [
              121.0781272,
              14.6584218
            ],
            [
              121.0785177,
              14.6584508
            ],
            [
              121.0785757,
              14.658455
            ],
            [
              121.0786186,
              14.6584031
            ],
            [
              121.078625,
              14.6585691
            ],
            [
              121.0785628,
              14.6585733
            ],
            [
              121.0785607,
              14.6586543
            ],
            [
              121.0785885,
              14.6586709
            ],
            [
              121.0786122,
              14.6586999
            ],
            [
              121.0786529,
              14.6587581
            ],
            [
              121.0786143,
              14.6588452
            ],
            [
              121.0785993,
              14.6589034
            ],
            [
              121.0785864,
              14.6589823
            ],
            [
              121.0785692,
              14.6590466
            ],
            [
              121.0785628,
              14.6590985
            ],
            [
              121.0785757,
              14.6591608
            ],
            [
              121.0785564,
              14.6592542
            ],
            [
              121.0785349,
              14.6593352
            ],
            [
              121.0784855,
              14.6594431
            ],
            [
              121.0785113,
              14.6595054
            ],
            [
              121.0785156,
              14.6596009
            ],
            [
              121.0783439,
              14.6597192
            ],
            [
              121.0782753,
              14.6596943
            ],
            [
              121.0782216,
              14.6595386
            ],
            [
              121.0782602,
              14.6594867
            ],
            [
              121.0782581,
              14.6594223
            ],
            [
              121.0782431,
              14.6593289
            ],
            [
              121.0781658,
              14.65925
            ],
            [
              121.0781272,
              14.6591815
            ],
            [
              121.0780457,
              14.6591732
            ],
            [
              121.077977,
              14.6592044
            ],
            [
              121.0779534,
              14.6592646
            ],
            [
              121.0779577,
              14.6593642
            ],
            [
              121.0780264,
              14.6593954
            ],
            [
              121.0780457,
              14.6594473
            ],
            [
              121.0779234,
              14.659522
            ],
            [
              121.077844,
              14.6595635
            ],
            [
              121.0777882,
              14.6595656
            ],
            [
              121.0778096,
              14.6594722
            ],
            [
              121.0777946,
              14.659441
            ],
            [
              121.0777861,
              14.6593687
            ],
            [
              121.0778332,
              14.659331
            ],
            [
              121.0778418,
              14.6592812
            ],
            [
              121.0778397,
              14.6592334
            ],
            [
              121.077786,
              14.659221
            ],
            [
              121.0777088,
              14.6591795
            ],
            [
              121.0776637,
              14.6592044
            ],
            [
              121.0775951,
              14.6592065
            ],
            [
              121.077535,
              14.659221
            ],
            [
              121.0774813,
              14.6592584
            ],
            [
              121.0774105,
              14.6592584
            ],
            [
              121.0773097,
              14.6593372
            ],
            [
              121.0772753,
              14.6593933
            ],
            [
              121.0773003,
              14.6595059
            ],
            [
              121.0773041,
              14.6596541
            ],
            [
              121.0773115,
              14.6597734
            ],
            [
              121.0771882,
              14.6598059
            ],
            [
              121.0771275,
              14.6597536
            ],
            [
              121.0771471,
              14.6596595
            ],
            [
              121.0771415,
              14.6595854
            ],
            [
              121.077093,
              14.6594264
            ],
            [
              121.0771397,
              14.6593722
            ],
            [
              121.077149,
              14.6592746
            ],
            [
              121.0766764,
              14.6592638
            ],
            [
              121.0766521,
              14.6593415
            ],
            [
              121.0766615,
              14.6594047
            ],
            [
              121.0765512,
              14.6594445
            ],
            [
              121.0764485,
              14.6594589
            ],
            [
              121.0763869,
              14.6594662
            ],
            [
              121.0763495,
              14.6594824
            ],
            [
              121.0762953,
              14.6594589
            ],
            [
              121.0762841,
              14.6593794
            ],
            [
              121.0762935,
              14.6593433
            ],
            [
              121.076342,
              14.6593144
            ],
            [
              121.076342,
              14.6592764
            ],
            [
              121.076258,
              14.6592728
            ],
            [
              121.0762225,
              14.6592222
            ],
            [
              121.0761571,
              14.6591824
            ],
            [
              121.0761104,
              14.6591409
            ],
            [
              121.0760656,
              14.6590921
            ],
            [
              121.0760286,
              14.6590528
            ]
          ]
        ]
      },
      "id": "way/1441770415"
    },
    {
      "type": "Feature",
      "properties": {
        "@id": "way/1441770416",
        "landuse": "forest"
      },
      "geometry": {
        "type": "Polygon",
        "coordinates": [
          [
            [
              121.0796104,
              14.6566627
            ],
            [
              121.079662,
              14.6566016
            ],
            [
              121.0797243,
              14.6565632
            ],
            [
              121.0797725,
              14.6564646
            ],
            [
              121.079764,
              14.6563742
            ],
            [
              121.0797526,
              14.6562783
            ],
            [
              121.07973,
              14.6561003
            ],
            [
              121.0797526,
              14.6559935
            ],
            [
              121.0797894,
              14.6558921
            ],
            [
              121.0798574,
              14.6558455
            ],
            [
              121.0799735,
              14.6558647
            ],
            [
              121.0800782,
              14.655851
            ],
            [
              121.0801349,
              14.6558209
            ],
            [
              121.0802226,
              14.6557935
            ],
            [
              121.080367,
              14.6558127
            ],
            [
              121.0803189,
              14.6560483
            ],
            [
              121.0802651,
              14.6561359
            ],
            [
              121.0801802,
              14.6561469
            ],
            [
              121.0801207,
              14.6561441
            ],
            [
              121.0801122,
              14.6562181
            ],
            [
              121.0802934,
              14.6562318
            ],
            [
              121.0803189,
              14.6561907
            ],
            [
              121.08035,
              14.6561688
            ],
            [
              121.0804491,
              14.6561715
            ],
            [
              121.0806813,
              14.6561907
            ],
            [
              121.0808965,
              14.6562016
            ],
            [
              121.0810211,
              14.6562345
            ],
            [
              121.0811004,
              14.6562619
            ],
            [
              121.0811372,
              14.6563249
            ],
            [
              121.0810466,
              14.6564044
            ],
            [
              121.0810717,
              14.6564554
            ],
            [
              121.0810481,
              14.6565249
            ],
            [
              121.080869,
              14.6565789
            ],
            [
              121.0807692,
              14.6565083
            ],
            [
              121.0806394,
              14.656499
            ],
            [
              121.0803035,
              14.6565166
            ],
            [
              121.0801694,
              14.6565187
            ],
            [
              121.0800042,
              14.6565519
            ],
            [
              121.0797038,
              14.6566786
            ],
            [
              121.0796291,
              14.6567259
            ],
            [
              121.0796104,
              14.6566627
            ]
          ]
        ]
      },
      "id": "way/1441770416"
    },
    {
      "type": "Feature",
      "properties": {
        "@id": "way/1441770417",
        "landuse": "forest"
      },
      "geometry": {
        "type": "Polygon",
        "coordinates": [
          [
            [
              121.0811974,
              14.6561227
            ],
            [
              121.0811507,
              14.6560468
            ],
            [
              121.081089,
              14.6559962
            ],
            [
              121.0810218,
              14.6560143
            ],
            [
              121.0809452,
              14.6560215
            ],
            [
              121.0809228,
              14.6559637
            ],
            [
              121.0809433,
              14.6558824
            ],
            [
              121.0808836,
              14.6558209
            ],
            [
              121.0807677,
              14.6557992
            ],
            [
              121.0807024,
              14.655783
            ],
            [
              121.080693,
              14.6557071
            ],
            [
              121.0807005,
              14.6556764
            ],
            [
              121.0807958,
              14.6557071
            ],
            [
              121.0808032,
              14.6556655
            ],
            [
              121.0807976,
              14.6556312
            ],
            [
              121.0808053,
              14.6555796
            ],
            [
              121.0808294,
              14.6555462
            ],
            [
              121.0809078,
              14.6555643
            ],
            [
              121.0809324,
              14.6555369
            ],
            [
              121.0810454,
              14.6549385
            ],
            [
              121.0811021,
              14.654948
            ],
            [
              121.081132,
              14.6549227
            ],
            [
              121.0811675,
              14.6548685
            ],
            [
              121.081175,
              14.6548233
            ],
            [
              121.0813225,
              14.6548306
            ],
            [
              121.0812852,
              14.6547059
            ],
            [
              121.0811768,
              14.6546932
            ],
            [
              121.0811058,
              14.6546986
            ],
            [
              121.0810749,
              14.654753
            ],
            [
              121.0809985,
              14.654747
            ],
            [
              121.0809788,
              14.6546625
            ],
            [
              121.0809695,
              14.6545884
            ],
            [
              121.0809097,
              14.6545739
            ],
            [
              121.0808425,
              14.6545739
            ],
            [
              121.0808014,
              14.6546173
            ],
            [
              121.0807509,
              14.6546968
            ],
            [
              121.0806968,
              14.6547438
            ],
            [
              121.080657,
              14.6548059
            ],
            [
              121.0805683,
              14.6549144
            ],
            [
              121.0805337,
              14.6549919
            ],
            [
              121.0804857,
              14.6550277
            ],
            [
              121.0803661,
              14.654986
            ],
            [
              121.0803427,
              14.6549478
            ],
            [
              121.0803809,
              14.654856
            ],
            [
              121.0804278,
              14.6548035
            ],
            [
              121.0804881,
              14.6547678
            ],
            [
              121.0805202,
              14.6547213
            ],
            [
              121.0805572,
              14.6546628
            ],
            [
              121.0805596,
              14.6546199
            ],
            [
              121.0805337,
              14.6545651
            ],
            [
              121.0804721,
              14.6545615
            ],
            [
              121.0803994,
              14.6545758
            ],
            [
              121.0803329,
              14.6545675
            ],
            [
              121.0802897,
              14.6545567
            ],
            [
              121.0802959,
              14.6545174
            ],
            [
              121.0802244,
              14.6544947
            ],
            [
              121.08018,
              14.6544864
            ],
            [
              121.080148,
              14.6544244
            ],
            [
              121.0800839,
              14.6544423
            ],
            [
              121.0800445,
              14.6544542
            ],
            [
              121.0799974,
              14.6544457
            ],
            [
              121.0799996,
              14.6543575
            ],
            [
              121.0800519,
              14.6542539
            ],
            [
              121.0800901,
              14.6541799
            ],
            [
              121.0801961,
              14.6540965
            ],
            [
              121.0802762,
              14.6540524
            ],
            [
              121.080355,
              14.6539904
            ],
            [
              121.0804315,
              14.6538831
            ],
            [
              121.0804672,
              14.6538187
            ],
            [
              121.0804894,
              14.6537352
            ],
            [
              121.0804931,
              14.6536506
            ],
            [
              121.0805214,
              14.6535802
            ],
            [
              121.0805522,
              14.6534872
            ],
            [
              121.080519,
              14.6533799
            ],
            [
              121.080482,
              14.6533489
            ],
            [
              121.0805528,
              14.653251
            ],
            [
              121.0804276,
              14.6531204
            ],
            [
              121.0801723,
              14.6533076
            ],
            [
              121.0801089,
              14.6530827
            ],
            [
              121.0802455,
              14.6529411
            ],
            [
              121.0803707,
              14.6528419
            ],
            [
              121.0804048,
              14.6527617
            ],
            [
              121.0804374,
              14.6526878
            ],
            [
              121.0804504,
              14.6526406
            ],
            [
              121.0804992,
              14.6525666
            ],
            [
              121.0805496,
              14.6525729
            ],
            [
              121.0806309,
              14.6526327
            ],
            [
              121.0806423,
              14.6526673
            ],
            [
              121.080678,
              14.6527208
            ],
            [
              121.080948,
              14.6526547
            ],
            [
              121.0810621,
              14.6526504
            ],
            [
              121.0811489,
              14.6526668
            ],
            [
              121.0812511,
              14.6527143
            ],
            [
              121.0813813,
              14.652833
            ],
            [
              121.0813463,
              14.6529816
            ],
            [
              121.0812948,
              14.6530605
            ],
            [
              121.0813699,
              14.6531768
            ],
            [
              121.0814343,
              14.6532162
            ],
            [
              121.0814987,
              14.6531768
            ],
            [
              121.0816167,
              14.6534757
            ],
            [
              121.0816575,
              14.6535546
            ],
            [
              121.0817154,
              14.6536605
            ],
            [
              121.0817969,
              14.6537539
            ],
            [
              121.0818828,
              14.653812
            ],
            [
              121.08196,
              14.6538473
            ],
            [
              121.0820973,
              14.6538847
            ],
            [
              121.0821381,
              14.6538909
            ],
            [
              121.082239,
              14.6538888
            ],
            [
              121.082402,
              14.653893
            ],
            [
              121.0824965,
              14.653839
            ],
            [
              121.0825329,
              14.6538183
            ],
            [
              121.0830844,
              14.6535235
            ],
            [
              121.083314,
              14.6534197
            ],
            [
              121.0836444,
              14.6533263
            ],
            [
              121.0837024,
              14.6533242
            ],
            [
              121.0837689,
              14.6533366
            ],
            [
              121.0835844,
              14.6534778
            ],
            [
              121.0836208,
              14.6534986
            ],
            [
              121.0835565,
              14.6535857
            ],
            [
              121.0834663,
              14.6537124
            ],
            [
              121.0833569,
              14.6537248
            ],
            [
              121.0832153,
              14.6538307
            ],
            [
              121.0830973,
              14.6539428
            ],
            [
              121.0831123,
              14.6540155
            ],
            [
              121.0830758,
              14.6541047
            ],
            [
              121.0830412,
              14.6541978
            ],
            [
              121.0829192,
              14.6543331
            ],
            [
              121.0827797,
              14.6544846
            ],
            [
              121.0826703,
              14.654522
            ],
            [
              121.0826574,
              14.6545905
            ],
            [
              121.0826231,
              14.6546507
            ],
            [
              121.0825844,
              14.654713
            ],
            [
              121.0825688,
              14.6549727
            ],
            [
              121.082666,
              14.6550182
            ],
            [
              121.082769,
              14.6549455
            ],
            [
              121.0827947,
              14.6548728
            ],
            [
              121.0828462,
              14.6548106
            ],
            [
              121.0828977,
              14.6548479
            ],
            [
              121.0829664,
              14.6547711
            ],
            [
              121.0830071,
              14.65474
            ],
            [
              121.0830672,
              14.6547794
            ],
            [
              121.0830758,
              14.6548147
            ],
            [
              121.0829535,
              14.6549061
            ],
            [
              121.0828741,
              14.6549891
            ],
            [
              121.0828012,
              14.6550784
            ],
            [
              121.0827454,
              14.6551137
            ],
            [
              121.0827561,
              14.6551863
            ],
            [
              121.0828462,
              14.6553005
            ],
            [
              121.0828827,
              14.6554126
            ],
            [
              121.0828612,
              14.6555413
            ],
            [
              121.0827475,
              14.6556223
            ],
            [
              121.0826746,
              14.6556326
            ],
            [
              121.0826467,
              14.6554977
            ],
            [
              121.082593,
              14.655479
            ],
            [
              121.0825093,
              14.6555828
            ],
            [
              121.0823527,
              14.6555807
            ],
            [
              121.0823347,
              14.6556696
            ],
            [
              121.0821853,
              14.6557323
            ],
            [
              121.0820351,
              14.6559316
            ],
            [
              121.081945,
              14.6560063
            ],
            [
              121.0818055,
              14.656025
            ],
            [
              121.0817154,
              14.6559606
            ],
            [
              121.0816489,
              14.6559239
            ],
            [
              121.0815802,
              14.6558859
            ],
            [
              121.0814965,
              14.6559523
            ],
            [
              121.0815673,
              14.6560125
            ],
            [
              121.0815008,
              14.6561994
            ],
            [
              121.0813721,
              14.6564568
            ],
            [
              121.0813206,
              14.6564236
            ],
            [
              121.0813163,
              14.6563738
            ],
            [
              121.0812728,
              14.6563191
            ],
            [
              121.0812179,
              14.6563309
            ],
            [
              121.081184,
              14.6563389
            ],
            [
              121.0811372,
              14.6563249
            ],
            [
              121.0811004,
              14.6562619
            ],
            [
              121.081144,
              14.656226
            ],
            [
              121.0811986,
              14.656164
            ],
            [
              121.0811974,
              14.6561227
            ]
          ]
        ]
      },
      "id": "way/1441770417"
    },
    {
      "type": "Feature",
      "properties": {
        "@id": "way/1441784924",
        "landuse": "forest"
      },
      "geometry": {
        "type": "Polygon",
        "coordinates": [
          [
            [
              121.080869,
              14.6565789
            ],
            [
              121.0810481,
              14.6565249
            ],
            [
              121.0810582,
              14.6565345
            ],
            [
              121.0811191,
              14.6565249
            ],
            [
              121.0811389,
              14.6564879
            ],
            [
              121.0811941,
              14.6564345
            ],
            [
              121.0812663,
              14.656414
            ],
            [
              121.0812833,
              14.656451
            ],
            [
              121.0812819,
              14.6565222
            ],
            [
              121.0812734,
              14.6565537
            ],
            [
              121.0812578,
              14.6566304
            ],
            [
              121.0812352,
              14.6566893
            ],
            [
              121.0811715,
              14.6567276
            ],
            [
              121.0811375,
              14.6567961
            ],
            [
              121.0811064,
              14.6568783
            ],
            [
              121.0810695,
              14.6569714
            ],
            [
              121.0810073,
              14.6570549
            ],
            [
              121.0809492,
              14.6571097
            ],
            [
              121.0809039,
              14.6572015
            ],
            [
              121.0809294,
              14.6572371
            ],
            [
              121.080928,
              14.6573165
            ],
            [
              121.080894,
              14.6573248
            ],
            [
              121.0808643,
              14.6573782
            ],
            [
              121.0808855,
              14.6574604
            ],
            [
              121.0809053,
              14.6575275
            ],
            [
              121.0808501,
              14.6575891
            ],
            [
              121.0808091,
              14.6576357
            ],
            [
              121.0807524,
              14.6577069
            ],
            [
              121.080676,
              14.6577973
            ],
            [
              121.0805939,
              14.6579096
            ],
            [
              121.0804948,
              14.6579835
            ],
            [
              121.0804212,
              14.6580342
            ],
            [
              121.0803249,
              14.6580822
            ],
            [
              121.0803079,
              14.6580561
            ],
            [
              121.0803348,
              14.658015
            ],
            [
              121.0803518,
              14.6579644
            ],
            [
              121.0803405,
              14.6579246
            ],
            [
              121.0803022,
              14.6579192
            ],
            [
              121.0802428,
              14.6579014
            ],
            [
              121.0801522,
              14.6579205
            ],
            [
              121.0800941,
              14.6578849
            ],
            [
              121.0799384,
              14.6578028
            ],
            [
              121.0798988,
              14.6577411
            ],
            [
              121.0798761,
              14.6576863
            ],
            [
              121.0798521,
              14.6576165
            ],
            [
              121.0798266,
              14.657585
            ],
            [
              121.0797954,
              14.6575672
            ],
            [
              121.0797346,
              14.6575672
            ],
            [
              121.0797162,
              14.657511
            ],
            [
              121.0797445,
              14.6574453
            ],
            [
              121.0797946,
              14.6573391
            ],
            [
              121.079869,
              14.6572987
            ],
            [
              121.0799412,
              14.6572864
            ],
            [
              121.0799653,
              14.6572878
            ],
            [
              121.0800149,
              14.6573238
            ],
            [
              121.0799866,
              14.6573758
            ],
            [
              121.0799711,
              14.6574326
            ],
            [
              121.0799714,
              14.6575107
            ],
            [
              121.0799993,
              14.6575922
            ],
            [
              121.0800262,
              14.6576323
            ],
            [
              121.0800603,
              14.657667
            ],
            [
              121.0801315,
              14.6577104
            ],
            [
              121.0801867,
              14.6577269
            ],
            [
              121.0802442,
              14.6577316
            ],
            [
              121.0802683,
              14.6577603
            ],
            [
              121.0803291,
              14.6578041
            ],
            [
              121.0804282,
              14.6577699
            ],
            [
              121.080499,
              14.6577165
            ],
            [
              121.0805203,
              14.6576685
            ],
            [
              121.0805514,
              14.6576384
            ],
            [
              121.0806279,
              14.657585
            ],
            [
              121.0806632,
              14.6575494
            ],
            [
              121.0806746,
              14.6574302
            ],
            [
              121.0805868,
              14.6574206
            ],
            [
              121.0805053,
              14.6574326
            ],
            [
              121.0804924,
              14.6573827
            ],
            [
              121.0804698,
              14.6573363
            ],
            [
              121.0804137,
              14.6572721
            ],
            [
              121.0803691,
              14.6572421
            ],
            [
              121.0803191,
              14.6572214
            ],
            [
              121.0802532,
              14.6572098
            ],
            [
              121.0801863,
              14.6572142
            ],
            [
              121.0801309,
              14.6572308
            ],
            [
              121.0800805,
              14.6572585
            ],
            [
              121.0800418,
              14.6572398
            ],
            [
              121.0800956,
              14.6571837
            ],
            [
              121.0801182,
              14.6571522
            ],
            [
              121.0802116,
              14.6571563
            ],
            [
              121.0802173,
              14.6571344
            ],
            [
              121.0802785,
              14.6570833
            ],
            [
              121.0803038,
              14.6571085
            ],
            [
              121.0803472,
              14.6571407
            ],
            [
              121.0803957,
              14.6571651
            ],
            [
              121.0804628,
              14.6571837
            ],
            [
              121.0805324,
              14.6571874
            ],
            [
              121.0806089,
              14.6571738
            ],
            [
              121.0806846,
              14.6571393
            ],
            [
              121.0807498,
              14.6570846
            ],
            [
              121.0808016,
              14.6570052
            ],
            [
              121.0808345,
              14.6569536
            ],
            [
              121.0808529,
              14.6569194
            ],
            [
              121.0808827,
              14.6568865
            ],
            [
              121.0809215,
              14.656797
            ],
            [
              121.080915,
              14.6567721
            ],
            [
              121.0808914,
              14.6567493
            ],
            [
              121.0808764,
              14.656714
            ],
            [
              121.0809429,
              14.6566517
            ],
            [
              121.080869,
              14.6565789
            ]
          ]
        ]
      },
      "id": "way/1441784924"
    },
    {
      "type": "Feature",
      "properties": {
        "@id": "way/1441784925",
        "landuse": "forest"
      },
      "geometry": {
        "type": "Polygon",
        "coordinates": [
          [
            [
              121.0815008,
              14.6561994
            ],
            [
              121.0815673,
              14.6560125
            ],
            [
              121.0816143,
              14.655988
            ],
            [
              121.0816313,
              14.6559564
            ],
            [
              121.0816489,
              14.6559239
            ],
            [
              121.0817154,
              14.6559606
            ],
            [
              121.0818055,
              14.656025
            ],
            [
              121.081945,
              14.6560063
            ],
            [
              121.0820351,
              14.6559316
            ],
            [
              121.0821853,
              14.6557323
            ],
            [
              121.0823347,
              14.6556696
            ],
            [
              121.0823518,
              14.6556716
            ],
            [
              121.0824807,
              14.6556867
            ],
            [
              121.082526,
              14.6556908
            ],
            [
              121.082584,
              14.65571
            ],
            [
              121.0826236,
              14.6557168
            ],
            [
              121.0826491,
              14.6557401
            ],
            [
              121.0827241,
              14.6558373
            ],
            [
              121.082642,
              14.6558784
            ],
            [
              121.0827312,
              14.6559825
            ],
            [
              121.0829662,
              14.6558168
            ],
            [
              121.0830186,
              14.6558469
            ],
            [
              121.0831517,
              14.6558634
            ],
            [
              121.0831828,
              14.6559113
            ],
            [
              121.083238,
              14.6559318
            ],
            [
              121.0833145,
              14.6559976
            ],
            [
              121.0832522,
              14.6560757
            ],
            [
              121.0831913,
              14.6561332
            ],
            [
              121.0831588,
              14.656103
            ],
            [
              121.0830639,
              14.656051
            ],
            [
              121.0829535,
              14.6561537
            ],
            [
              121.0828912,
              14.6561975
            ],
            [
              121.0823504,
              14.656666
            ],
            [
              121.0824665,
              14.656818
            ],
            [
              121.0824849,
              14.6568536
            ],
            [
              121.0824509,
              14.6568878
            ],
            [
              121.0823957,
              14.6569317
            ],
            [
              121.0823249,
              14.6570015
            ],
            [
              121.082257,
              14.6570672
            ],
            [
              121.0822301,
              14.657096
            ],
            [
              121.0821989,
              14.6571344
            ],
            [
              121.0821862,
              14.657233
            ],
            [
              121.0821763,
              14.6572864
            ],
            [
              121.0821621,
              14.6572973
            ],
            [
              121.0819597,
              14.6573617
            ],
            [
              121.0820211,
              14.6575518
            ],
            [
              121.0820601,
              14.6576761
            ],
            [
              121.0821593,
              14.6580222
            ],
            [
              121.0822471,
              14.6582991
            ],
            [
              121.0822992,
              14.6584848
            ],
            [
              121.0824016,
              14.6587979
            ],
            [
              121.0824293,
              14.6587979
            ],
            [
              121.0824439,
              14.6588152
            ],
            [
              121.0823967,
              14.6588388
            ],
            [
              121.0823593,
              14.6588435
            ],
            [
              121.0822894,
              14.6588419
            ],
            [
              121.082252,
              14.6588089
            ],
            [
              121.0822341,
              14.65879
            ],
            [
              121.0821642,
              14.6587758
            ],
            [
              121.0821057,
              14.6588104
            ],
            [
              121.0820406,
              14.6588136
            ],
            [
              121.0820292,
              14.6587821
            ],
            [
              121.0819463,
              14.6587743
            ],
            [
              121.0819186,
              14.6587475
            ],
            [
              121.0819284,
              14.6587223
            ],
            [
              121.0819495,
              14.6586783
            ],
            [
              121.0819495,
              14.6585981
            ],
            [
              121.0819609,
              14.6585807
            ],
            [
              121.0819772,
              14.6585446
            ],
            [
              121.0819674,
              14.658521
            ],
            [
              121.0819203,
              14.6585052
            ],
            [
              121.0818471,
              14.658521
            ],
            [
              121.0817707,
              14.658532
            ],
            [
              121.0816991,
              14.6585587
            ],
            [
              121.0817398,
              14.658587
            ],
            [
              121.0818227,
              14.6585965
            ],
            [
              121.0818634,
              14.6586468
            ],
            [
              121.081852,
              14.6587475
            ],
            [
              121.0818194,
              14.6589159
            ],
            [
              121.0815885,
              14.6588718
            ],
            [
              121.0815528,
              14.6591534
            ],
            [
              121.0815365,
              14.6593265
            ],
            [
              121.0807539,
              14.6592636
            ],
            [
              121.0807668,
              14.6591359
            ],
            [
              121.0807282,
              14.6591359
            ],
            [
              121.0807379,
              14.6590799
            ],
            [
              121.0807421,
              14.659001
            ],
            [
              121.0807829,
              14.6589377
            ],
            [
              121.0808473,
              14.6589356
            ],
            [
              121.0808494,
              14.6588412
            ],
            [
              121.0807979,
              14.6588287
            ],
            [
              121.0808022,
              14.6587737
            ],
            [
              121.080792,
              14.6586817
            ],
            [
              121.0807165,
              14.6585938
            ],
            [
              121.0803418,
              14.6585318
            ],
            [
              121.080352,
              14.6584857
            ],
            [
              121.0805482,
              14.6585037
            ],
            [
              121.0805575,
              14.6584703
            ],
            [
              121.0806537,
              14.6584793
            ],
            [
              121.0806808,
              14.658333
            ],
            [
              121.0803978,
              14.6583095
            ],
            [
              121.0803801,
              14.6584161
            ],
            [
              121.0803408,
              14.6583953
            ],
            [
              121.080339,
              14.6583402
            ],
            [
              121.0800999,
              14.6583004
            ],
            [
              121.0802708,
              14.6582263
            ],
            [
              121.0803698,
              14.6581721
            ],
            [
              121.080466,
              14.6581016
            ],
            [
              121.0805697,
              14.6580248
            ],
            [
              121.0806649,
              14.6579254
            ],
            [
              121.080735,
              14.6578224
            ],
            [
              121.0808452,
              14.6576806
            ],
            [
              121.0808452,
              14.6576544
            ],
            [
              121.0808854,
              14.6576028
            ],
            [
              121.0808984,
              14.6575667
            ],
            [
              121.0809053,
              14.6575275
            ],
            [
              121.0808855,
              14.6574604
            ],
            [
              121.0809078,
              14.6574646
            ],
            [
              121.0809395,
              14.6574275
            ],
            [
              121.0809713,
              14.657376
            ],
            [
              121.0810002,
              14.6573507
            ],
            [
              121.0810647,
              14.6572893
            ],
            [
              121.0810684,
              14.6572721
            ],
            [
              121.0810525,
              14.6572324
            ],
            [
              121.0810871,
              14.6571483
            ],
            [
              121.0811768,
              14.6569369
            ],
            [
              121.0813094,
              14.6566776
            ],
            [
              121.0815228,
              14.656285
            ],
            [
              121.0815008,
              14.6561994
            ]
          ]
        ]
      },
      "id": "way/1441784925"
    },
    {
      "type": "Feature",
      "properties": {
        "@id": "way/1441784926",
        "landuse": "forest"
      },
      "geometry": {
        "type": "Polygon",
        "coordinates": [
          [
            [
              121.0807539,
              14.6592636
            ],
            [
              121.0815365,
              14.6593265
            ],
            [
              121.0815504,
              14.6594332
            ],
            [
              121.0816945,
              14.659446
            ],
            [
              121.081682,
              14.6594729
            ],
            [
              121.0816219,
              14.6594824
            ],
            [
              121.0816056,
              14.6595138
            ],
            [
              121.0816089,
              14.6595768
            ],
            [
              121.0815097,
              14.6595752
            ],
            [
              121.081469,
              14.659915
            ],
            [
              121.0814023,
              14.6601652
            ],
            [
              121.0814365,
              14.6601966
            ],
            [
              121.0814284,
              14.6603477
            ],
            [
              121.0814235,
              14.6604625
            ],
            [
              121.0814235,
              14.6605302
            ],
            [
              121.0813728,
              14.660759
            ],
            [
              121.0813176,
              14.660848
            ],
            [
              121.0812851,
              14.6610315
            ],
            [
              121.0813176,
              14.6611671
            ],
            [
              121.081428,
              14.6611726
            ],
            [
              121.081438,
              14.6612041
            ],
            [
              121.0815158,
              14.6611891
            ],
            [
              121.0815625,
              14.6611315
            ],
            [
              121.0816163,
              14.6610781
            ],
            [
              121.0816645,
              14.6610288
            ],
            [
              121.0817253,
              14.6609795
            ],
            [
              121.0817678,
              14.660911
            ],
            [
              121.081789,
              14.660859
            ],
            [
              121.0818046,
              14.6608782
            ],
            [
              121.0818287,
              14.6609206
            ],
            [
              121.0817876,
              14.660985
            ],
            [
              121.0817211,
              14.6610507
            ],
            [
              121.0816999,
              14.6611028
            ],
            [
              121.0816574,
              14.6611493
            ],
            [
              121.0816107,
              14.6611904
            ],
            [
              121.0815158,
              14.6612329
            ],
            [
              121.0814875,
              14.6612479
            ],
            [
              121.0813955,
              14.6612685
            ],
            [
              121.0813176,
              14.6612699
            ],
            [
              121.0812568,
              14.6612616
            ],
            [
              121.0810557,
              14.6612452
            ],
            [
              121.0807683,
              14.661211
            ],
            [
              121.0803606,
              14.661137
            ],
            [
              121.0801823,
              14.6611096
            ],
            [
              121.0800463,
              14.6610672
            ],
            [
              121.0799005,
              14.6610206
            ],
            [
              121.0798227,
              14.6609781
            ],
            [
              121.0796768,
              14.6609477
            ],
            [
              121.0788078,
              14.6607957
            ],
            [
              121.0788205,
              14.660681
            ],
            [
              121.0788093,
              14.6606304
            ],
            [
              121.0787757,
              14.6605961
            ],
            [
              121.0787701,
              14.6605527
            ],
            [
              121.0787234,
              14.660531
            ],
            [
              121.0786617,
              14.6605509
            ],
            [
              121.0786449,
              14.6606015
            ],
            [
              121.0786038,
              14.6606159
            ],
            [
              121.0785291,
              14.6606738
            ],
            [
              121.0784936,
              14.6606575
            ],
            [
              121.0784207,
              14.6605762
            ],
            [
              121.0784637,
              14.660531
            ],
            [
              121.0784861,
              14.6605202
            ],
            [
              121.0785347,
              14.6604949
            ],
            [
              121.0785646,
              14.660437
            ],
            [
              121.0786374,
              14.6604316
            ],
            [
              121.0787103,
              14.6604226
            ],
            [
              121.0787775,
              14.6604298
            ],
            [
              121.0788354,
              14.6604461
            ],
            [
              121.0788691,
              14.6604334
            ],
            [
              121.0789027,
              14.6604009
            ],
            [
              121.0790652,
              14.6603846
            ],
            [
              121.0791941,
              14.6603918
            ],
            [
              121.079308,
              14.6603991
            ],
            [
              121.079407,
              14.6604153
            ],
            [
              121.0794556,
              14.6603973
            ],
            [
              121.0796181,
              14.6603955
            ],
            [
              121.0796555,
              14.6603196
            ],
            [
              121.0797264,
              14.6602718
            ],
            [
              121.0803281,
              14.6603923
            ],
            [
              121.0803366,
              14.6602951
            ],
            [
              121.0803564,
              14.6602184
            ],
            [
              121.0803592,
              14.6601691
            ],
            [
              121.080372,
              14.6600417
            ],
            [
              121.0804229,
              14.6598787
            ],
            [
              121.0804442,
              14.6597842
            ],
            [
              121.080447,
              14.6597048
            ],
            [
              121.0804626,
              14.6596199
            ],
            [
              121.0804824,
              14.6595432
            ],
            [
              121.0804852,
              14.6594637
            ],
            [
              121.080505,
              14.6594076
            ],
            [
              121.0805164,
              14.6593542
            ],
            [
              121.0805022,
              14.6593007
            ],
            [
              121.080539,
              14.6592282
            ],
            [
              121.0806055,
              14.6591583
            ],
            [
              121.0806537,
              14.6591775
            ],
            [
              121.0806424,
              14.6592473
            ],
            [
              121.0807539,
              14.6592636
            ]
          ]
        ]
      },
      "id": "way/1441784926"
    },
    {
      "type": "Feature",
      "properties": {
        "@id": "way/1441784927",
        "landuse": "forest"
      },
      "geometry": {
        "type": "Polygon",
        "coordinates": [
          [
            [
              121.0815816,
              14.6531066
            ],
            [
              121.0815161,
              14.6529651
            ],
            [
              121.0814002,
              14.6527346
            ],
            [
              121.0814508,
              14.6527234
            ],
            [
              121.0815124,
              14.6527307
            ],
            [
              121.0816283,
              14.6527542
            ],
            [
              121.0815965,
              14.6529891
            ],
            [
              121.0816451,
              14.6530126
            ],
            [
              121.0817684,
              14.6529981
            ],
            [
              121.0818562,
              14.6529909
            ],
            [
              121.0818823,
              14.6529403
            ],
            [
              121.0819066,
              14.6529006
            ],
            [
              121.0818935,
              14.6528409
            ],
            [
              121.0819253,
              14.6527885
            ],
            [
              121.0819888,
              14.6527993
            ],
            [
              121.0819944,
              14.6527487
            ],
            [
              121.0821027,
              14.6527596
            ],
            [
              121.0821476,
              14.6527487
            ],
            [
              121.0822354,
              14.6527506
            ],
            [
              121.0822204,
              14.6528048
            ],
            [
              121.0821737,
              14.6528608
            ],
            [
              121.0821644,
              14.653
            ],
            [
              121.0822951,
              14.6530054
            ],
            [
              121.0823512,
              14.6529819
            ],
            [
              121.0823979,
              14.6529873
            ],
            [
              121.082439,
              14.6530234
            ],
            [
              121.0824222,
              14.653074
            ],
            [
              121.0824259,
              14.6531192
            ],
            [
              121.0824707,
              14.6531012
            ],
            [
              121.0825884,
              14.6531228
            ],
            [
              121.0825511,
              14.6532024
            ],
            [
              121.0824577,
              14.6531662
            ],
            [
              121.0824352,
              14.6532566
            ],
            [
              121.0823381,
              14.6532855
            ],
            [
              121.0823288,
              14.6533271
            ],
            [
              121.0823848,
              14.6533343
            ],
            [
              121.0824352,
              14.6533867
            ],
            [
              121.0825959,
              14.6532584
            ],
            [
              121.0825791,
              14.6531951
            ],
            [
              121.0826332,
              14.6531951
            ],
            [
              121.0826837,
              14.6532403
            ],
            [
              121.0827192,
              14.6533415
            ],
            [
              121.0827902,
              14.6533686
            ],
            [
              121.0828331,
              14.6533451
            ],
            [
              121.0828481,
              14.6533813
            ],
            [
              121.0827733,
              14.6534192
            ],
            [
              121.0828574,
              14.6534933
            ],
            [
              121.0829583,
              14.6534373
            ],
            [
              121.0828088,
              14.6532204
            ],
            [
              121.0828032,
              14.6531283
            ],
            [
              121.0828014,
              14.653074
            ],
            [
              121.0827976,
              14.653
            ],
            [
              121.0828854,
              14.6530216
            ],
            [
              121.0829695,
              14.6530921
            ],
            [
              121.0829714,
              14.6532078
            ],
            [
              121.0830816,
              14.653159
            ],
            [
              121.0831563,
              14.6532439
            ],
            [
              121.0832459,
              14.6531951
            ],
            [
              121.0832273,
              14.6531301
            ],
            [
              121.0831899,
              14.6530759
            ],
            [
              121.0831339,
              14.6530253
            ],
            [
              121.0831525,
              14.652962
            ],
            [
              121.0832721,
              14.6529747
            ],
            [
              121.0834813,
              14.6529765
            ],
            [
              121.0835392,
              14.6530307
            ],
            [
              121.0835243,
              14.6531355
            ],
            [
              121.0835448,
              14.6531879
            ],
            [
              121.0836401,
              14.6531716
            ],
            [
              121.0837167,
              14.6531247
            ],
            [
              121.0837503,
              14.65315
            ],
            [
              121.083742,
              14.6532836
            ],
            [
              121.083548,
              14.6533037
            ],
            [
              121.0833009,
              14.6533696
            ],
            [
              121.0829742,
              14.6535329
            ],
            [
              121.082525,
              14.6537574
            ],
            [
              121.082338,
              14.6538319
            ],
            [
              121.0821492,
              14.6538431
            ],
            [
              121.0820019,
              14.6538168
            ],
            [
              121.0818786,
              14.6537427
            ],
            [
              121.0817964,
              14.6536343
            ],
            [
              121.0817142,
              14.6534843
            ],
            [
              121.0815816,
              14.6531066
            ]
          ]
        ]
      },
      "id": "way/1441784927"
    },
    {
      "type": "Feature",
      "properties": {
        "@id": "way/1441784928",
        "landuse": "forest"
      },
      "geometry": {
        "type": "Polygon",
        "coordinates": [
          [
            [
              121.0888973,
              14.6719231
            ],
            [
              121.0892356,
              14.6719626
            ],
            [
              121.0895196,
              14.671959
            ],
            [
              121.0897773,
              14.6719554
            ],
            [
              121.0901323,
              14.671959
            ],
            [
              121.0901329,
              14.6717666
            ],
            [
              121.0905042,
              14.6717728
            ],
            [
              121.0905127,
              14.6719908
            ],
            [
              121.0909741,
              14.6719721
            ],
            [
              121.0909869,
              14.6718123
            ],
            [
              121.0911414,
              14.6717998
            ],
            [
              121.0911093,
              14.6719763
            ],
            [
              121.0913174,
              14.6719825
            ],
            [
              121.0915835,
              14.6719991
            ],
            [
              121.0915813,
              14.67208
            ],
            [
              121.0915856,
              14.672161
            ],
            [
              121.0915942,
              14.6723001
            ],
            [
              121.0915878,
              14.6723374
            ],
            [
              121.0913453,
              14.6723727
            ],
            [
              121.0913625,
              14.6724994
            ],
            [
              121.091356,
              14.6726592
            ],
            [
              121.0913839,
              14.6726592
            ],
            [
              121.0914333,
              14.6728253
            ],
            [
              121.0913667,
              14.672954
            ],
            [
              121.0912487,
              14.6730411
            ],
            [
              121.0910921,
              14.6730349
            ],
            [
              121.0910599,
              14.6730681
            ],
            [
              121.0906694,
              14.6730619
            ],
            [
              121.0906629,
              14.6730951
            ],
            [
              121.0904484,
              14.6730847
            ],
            [
              121.0903926,
              14.6730536
            ],
            [
              121.0900128,
              14.6730515
            ],
            [
              121.0899377,
              14.6730785
            ],
            [
              121.0898797,
              14.6731553
            ],
            [
              121.0897596,
              14.6732529
            ],
            [
              121.0895192,
              14.673203
            ],
            [
              121.0894205,
              14.6732134
            ],
            [
              121.0892952,
              14.6731907
            ],
            [
              121.0892943,
              14.6731167
            ],
            [
              121.0891258,
              14.6731222
            ],
            [
              121.0890267,
              14.6731085
            ],
            [
              121.0887974,
              14.6730757
            ],
            [
              121.0888554,
              14.6728908
            ],
            [
              121.0888158,
              14.6728921
            ],
            [
              121.0888342,
              14.6726744
            ],
            [
              121.0886657,
              14.6726113
            ],
            [
              121.0885194,
              14.6726113
            ],
            [
              121.0883161,
              14.6726286
            ],
            [
              121.0882088,
              14.6726144
            ],
            [
              121.0881584,
              14.6726663
            ],
            [
              121.0881014,
              14.672712
            ],
            [
              121.0880283,
              14.6727104
            ],
            [
              121.0880039,
              14.6727513
            ],
            [
              121.0879161,
              14.6727073
            ],
            [
              121.0878152,
              14.6725987
            ],
            [
              121.0877957,
              14.6724917
            ],
            [
              121.0888293,
              14.6724868
            ],
            [
              121.0888937,
              14.6722065
            ],
            [
              121.0888973,
              14.6719231
            ]
          ]
        ]
      },
      "id": "way/1441784928"
    },
    {
      "type": "Feature",
      "properties": {
        "@id": "way/1443040386",
        "landuse": "forest"
      },
      "geometry": {
        "type": "Polygon",
        "coordinates": [
          [
            [
              121.067654,
              14.6465354
            ],
            [
              121.0677588,
              14.6466366
            ],
            [
              121.0677762,
              14.6467235
            ],
            [
              121.0676317,
              14.6467873
            ],
            [
              121.0674529,
              14.6467522
            ],
            [
              121.067437,
              14.6465872
            ],
            [
              121.0676402,
              14.6466186
            ],
            [
              121.067654,
              14.6465354
            ]
          ]
        ]
      },
      "id": "way/1443040386"
    },
    {
      "type": "Feature",
      "properties": {
        "@id": "way/1444835688",
        "landuse": "forest"
      },
      "geometry": {
        "type": "Polygon",
        "coordinates": [
          [
            [
              121.074239,
              14.6687839
            ],
            [
              121.0742651,
              14.668397
            ],
            [
              121.0757446,
              14.6695083
            ],
            [
              121.0762459,
              14.6699092
            ],
            [
              121.0762422,
              14.6701071
            ],
            [
              121.0761897,
              14.6702358
            ],
            [
              121.0761081,
              14.6702711
            ],
            [
              121.0760974,
              14.6703738
            ],
            [
              121.0761854,
              14.6703728
            ],
            [
              121.0761768,
              14.6704205
            ],
            [
              121.0762444,
              14.6704683
            ],
            [
              121.0763484,
              14.670379
            ],
            [
              121.0764235,
              14.6704081
            ],
            [
              121.0763838,
              14.6705482
            ],
            [
              121.0765868,
              14.6705832
            ],
            [
              121.0765652,
              14.670626
            ],
            [
              121.0758152,
              14.6705897
            ],
            [
              121.0757133,
              14.6705855
            ],
            [
              121.0756854,
              14.6706748
            ],
            [
              121.074267,
              14.6706551
            ],
            [
              121.0742703,
              14.6704994
            ],
            [
              121.0742467,
              14.6704807
            ],
            [
              121.074239,
              14.6687839
            ]
          ]
        ]
      },
      "id": "way/1444835688"
    },
    {
      "type": "Feature",
      "properties": {
        "@id": "way/1444835689",
        "landuse": "forest"
      },
      "geometry": {
        "type": "Polygon",
        "coordinates": [
          [
            [
              121.0736665,
              14.6712155
            ],
            [
              121.0730218,
              14.6712138
            ],
            [
              121.0730058,
              14.6705383
            ],
            [
              121.0729521,
              14.6704753
            ],
            [
              121.0730258,
              14.6704659
            ],
            [
              121.0730267,
              14.6702937
            ],
            [
              121.0733322,
              14.6702882
            ],
            [
              121.0733336,
              14.6703588
            ],
            [
              121.0733977,
              14.6703573
            ],
            [
              121.0733961,
              14.6707082
            ],
            [
              121.0736693,
              14.670705
            ],
            [
              121.0736665,
              14.6712155
            ]
          ]
        ]
      },
      "id": "way/1444835689"
    },
    {
      "type": "Feature",
      "properties": {
        "@id": "way/1444835690",
        "landuse": "forest"
      },
      "geometry": {
        "type": "Polygon",
        "coordinates": [
          [
            [
              121.0789471,
              14.6725282
            ],
            [
              121.0767972,
              14.6725127
            ],
            [
              121.0767734,
              14.6704441
            ],
            [
              121.0768149,
              14.6703891
            ],
            [
              121.0775244,
              14.6710399
            ],
            [
              121.0783613,
              14.6718785
            ],
            [
              121.0789471,
              14.6724867
            ],
            [
              121.0789471,
              14.6725282
            ]
          ]
        ]
      },
      "id": "way/1444835690"
    },
    {
      "type": "Feature",
      "properties": {
        "@id": "way/1444835691",
        "landuse": "forest"
      },
      "geometry": {
        "type": "Polygon",
        "coordinates": [
          [
            [
              121.0782671,
              14.6738881
            ],
            [
              121.078261,
              14.673342
            ],
            [
              121.0788971,
              14.6733457
            ],
            [
              121.0788982,
              14.6738861
            ],
            [
              121.0782671,
              14.6738881
            ]
          ]
        ]
      },
      "id": "way/1444835691"
    },
    {
      "type": "Feature",
      "properties": {
        "@id": "way/1444835692",
        "landuse": "forest"
      },
      "geometry": {
        "type": "Polygon",
        "coordinates": [
          [
            [
              121.0742204,
              14.6755103
            ],
            [
              121.0742488,
              14.6743594
            ],
            [
              121.0742389,
              14.6740804
            ],
            [
              121.0742463,
              14.6739064
            ],
            [
              121.0745298,
              14.673904
            ],
            [
              121.0745224,
              14.674002
            ],
            [
              121.0746456,
              14.6740089
            ],
            [
              121.0746493,
              14.6740697
            ],
            [
              121.0747097,
              14.6740757
            ],
            [
              121.0747035,
              14.6741901
            ],
            [
              121.0746592,
              14.6741973
            ],
            [
              121.0746555,
              14.6742366
            ],
            [
              121.074706,
              14.6743082
            ],
            [
              121.0747159,
              14.6755147
            ],
            [
              121.0742204,
              14.6755103
            ]
          ]
        ]
      },
      "id": "way/1444835692"
    },
    {
      "type": "Feature",
      "properties": {
        "@id": "way/1444835693",
        "landuse": "forest"
      },
      "geometry": {
        "type": "Polygon",
        "coordinates": [
          [
            [
              121.0599415,
              14.6792958
            ],
            [
              121.0600128,
              14.6792082
            ],
            [
              121.0604248,
              14.6792103
            ],
            [
              121.0606694,
              14.6791376
            ],
            [
              121.0606829,
              14.6791178
            ],
            [
              121.0610574,
              14.6791106
            ],
            [
              121.0610527,
              14.67888
            ],
            [
              121.0610954,
              14.6788792
            ],
            [
              121.0610919,
              14.6787071
            ],
            [
              121.0607418,
              14.6787137
            ],
            [
              121.0607431,
              14.6787765
            ],
            [
              121.0605079,
              14.6787957
            ],
            [
              121.0603691,
              14.6788163
            ],
            [
              121.0603083,
              14.678956
            ],
            [
              121.0602414,
              14.6789743
            ],
            [
              121.0602433,
              14.6786958
            ],
            [
              121.0603168,
              14.6786963
            ],
            [
              121.0603177,
              14.6785706
            ],
            [
              121.0602424,
              14.6785701
            ],
            [
              121.0602425,
              14.6785493
            ],
            [
              121.060481,
              14.6783849
            ],
            [
              121.060481,
              14.6782466
            ],
            [
              121.060052,
              14.6782438
            ],
            [
              121.0600393,
              14.6778344
            ],
            [
              121.0604045,
              14.6778207
            ],
            [
              121.0604088,
              14.6779083
            ],
            [
              121.0604937,
              14.6779193
            ],
            [
              121.0604965,
              14.6780959
            ],
            [
              121.0614677,
              14.6781014
            ],
            [
              121.0614875,
              14.6780535
            ],
            [
              121.061843,
              14.6780575
            ],
            [
              121.0618358,
              14.6782018
            ],
            [
              121.061608,
              14.6782029
            ],
            [
              121.0616095,
              14.6785143
            ],
            [
              121.0618374,
              14.6785132
            ],
            [
              121.0620127,
              14.678552
            ],
            [
              121.0620113,
              14.6786492
            ],
            [
              121.0622194,
              14.6786424
            ],
            [
              121.0622223,
              14.6785862
            ],
            [
              121.0625337,
              14.6785985
            ],
            [
              121.0626399,
              14.6785862
            ],
            [
              121.0626215,
              14.6788163
            ],
            [
              121.0619292,
              14.6788218
            ],
            [
              121.0619292,
              14.6789519
            ],
            [
              121.0620113,
              14.6789546
            ],
            [
              121.0620042,
              14.679108
            ],
            [
              121.0619632,
              14.6791272
            ],
            [
              121.0619504,
              14.6792158
            ],
            [
              121.0618594,
              14.6792151
            ],
            [
              121.0599415,
              14.6792958
            ]
          ]
        ]
      },
      "id": "way/1444835693"
    },
    {
      "type": "Feature",
      "properties": {
        "@id": "way/1463400506",
        "landuse": "forest"
      },
      "geometry": {
        "type": "Polygon",
        "coordinates": [
          [
            [
              121.0660528,
              14.6612019
            ],
            [
              121.0664492,
              14.6611911
            ],
            [
              121.0664593,
              14.6608382
            ],
            [
              121.0664177,
              14.6606079
            ],
            [
              121.0664418,
              14.6605456
            ],
            [
              121.0666854,
              14.6602987
            ],
            [
              121.0666855,
              14.6589152
            ],
            [
              121.0663683,
              14.6586624
            ],
            [
              121.0663469,
              14.6584704
            ],
            [
              121.0668399,
              14.6584608
            ],
            [
              121.066798,
              14.6576191
            ],
            [
              121.0705871,
              14.6575859
            ],
            [
              121.0705685,
              14.6593593
            ],
            [
              121.0689572,
              14.6593363
            ],
            [
              121.0689386,
              14.659653
            ],
            [
              121.0687088,
              14.6596674
            ],
            [
              121.0686902,
              14.6598699
            ],
            [
              121.0687313,
              14.6601735
            ],
            [
              121.069301,
              14.6601608
            ],
            [
              121.0693738,
              14.6599385
            ],
            [
              121.0694,
              14.6596964
            ],
            [
              121.0696484,
              14.6596909
            ],
            [
              121.0696466,
              14.6599168
            ],
            [
              121.0701677,
              14.6599114
            ],
            [
              121.0701752,
              14.6600361
            ],
            [
              121.0702126,
              14.6600235
            ],
            [
              121.0702238,
              14.6601427
            ],
            [
              121.0704087,
              14.6601373
            ],
            [
              121.0704031,
              14.6594632
            ],
            [
              121.0705544,
              14.6594632
            ],
            [
              121.0705507,
              14.6601084
            ],
            [
              121.0705096,
              14.6601066
            ],
            [
              121.0705264,
              14.6603054
            ],
            [
              121.071109,
              14.6603021
            ],
            [
              121.0715428,
              14.6602329
            ],
            [
              121.0715551,
              14.659601
            ],
            [
              121.0716587,
              14.6595223
            ],
            [
              121.0726766,
              14.6594985
            ],
            [
              121.0729243,
              14.6594883
            ],
            [
              121.0729179,
              14.6596316
            ],
            [
              121.0730874,
              14.6597374
            ],
            [
              121.0730767,
              14.6598537
            ],
            [
              121.0728128,
              14.659862
            ],
            [
              121.0728171,
              14.6601194
            ],
            [
              121.0731067,
              14.6601028
            ],
            [
              121.0731754,
              14.6601672
            ],
            [
              121.0731432,
              14.6603623
            ],
            [
              121.0733578,
              14.660381
            ],
            [
              121.0734243,
              14.6605886
            ],
            [
              121.073493,
              14.6606467
            ],
            [
              121.0735337,
              14.6607194
            ],
            [
              121.0733986,
              14.6607775
            ],
            [
              121.0733753,
              14.6608129
            ],
            [
              121.0736518,
              14.6610743
            ],
            [
              121.0737505,
              14.6610992
            ],
            [
              121.0737505,
              14.6608211
            ],
            [
              121.0738427,
              14.6607277
            ],
            [
              121.0738277,
              14.6606571
            ],
            [
              121.0739672,
              14.6606405
            ],
            [
              121.0740595,
              14.6605076
            ],
            [
              121.0741517,
              14.6605927
            ],
            [
              121.0740058,
              14.6606841
            ],
            [
              121.0740273,
              14.6608086
            ],
            [
              121.0740187,
              14.6609996
            ],
            [
              121.0741238,
              14.6610224
            ],
            [
              121.0741861,
              14.6607713
            ],
            [
              121.0743105,
              14.6606135
            ],
            [
              121.0743642,
              14.6605844
            ],
            [
              121.0743942,
              14.6607816
            ],
            [
              121.0744049,
              14.6609477
            ],
            [
              121.0743062,
              14.6610121
            ],
            [
              121.0742955,
              14.6611034
            ],
            [
              121.0741603,
              14.6611366
            ],
            [
              121.0741603,
              14.66123
            ],
            [
              121.0741818,
              14.6613234
            ],
            [
              121.0739676,
              14.6612958
            ],
            [
              121.073792,
              14.6612072
            ],
            [
              121.0737603,
              14.6613301
            ],
            [
              121.0736781,
              14.6614638
            ],
            [
              121.0738331,
              14.6614891
            ],
            [
              121.0741264,
              14.6616879
            ],
            [
              121.0740685,
              14.6617403
            ],
            [
              121.0738462,
              14.6615975
            ],
            [
              121.0737509,
              14.6616301
            ],
            [
              121.0737061,
              14.6617566
            ],
            [
              121.073594,
              14.6617909
            ],
            [
              121.0735062,
              14.6617475
            ],
            [
              121.0733829,
              14.6620385
            ],
            [
              121.0731009,
              14.6619554
            ],
            [
              121.0730523,
              14.6621542
            ],
            [
              121.0733456,
              14.6621542
            ],
            [
              121.0732727,
              14.662418
            ],
            [
              121.0732017,
              14.6624379
            ],
            [
              121.0731289,
              14.6622572
            ],
            [
              121.0731027,
              14.6622174
            ],
            [
              121.0729309,
              14.6621397
            ],
            [
              121.0727833,
              14.6622011
            ],
            [
              121.0728076,
              14.6623349
            ],
            [
              121.0729421,
              14.6623367
            ],
            [
              121.0730822,
              14.6624379
            ],
            [
              121.0730598,
              14.6624885
            ],
            [
              121.0731905,
              14.6625192
            ],
            [
              121.0731513,
              14.6625879
            ],
            [
              121.0731139,
              14.662624
            ],
            [
              121.0731662,
              14.6627035
            ],
            [
              121.0730766,
              14.6627433
            ],
            [
              121.0729421,
              14.6627324
            ],
            [
              121.0728151,
              14.6626331
            ],
            [
              121.0727254,
              14.662624
            ],
            [
              121.0726133,
              14.6625228
            ],
            [
              121.0725386,
              14.6626529
            ],
            [
              121.0724284,
              14.6627849
            ],
            [
              121.0723948,
              14.6630071
            ],
            [
              121.072391,
              14.6630704
            ],
            [
              121.0723238,
              14.6631174
            ],
            [
              121.0723163,
              14.6632439
            ],
            [
              121.0723574,
              14.66328
            ],
            [
              121.0723331,
              14.663477
            ],
            [
              121.0724545,
              14.6634625
            ],
            [
              121.0724284,
              14.6635782
            ],
            [
              121.0721612,
              14.6636367
            ],
            [
              121.0721131,
              14.6641462
            ],
            [
              121.0718096,
              14.6643145
            ],
            [
              121.0718145,
              14.6640156
            ],
            [
              121.0719641,
              14.6640156
            ],
            [
              121.0719852,
              14.6637214
            ],
            [
              121.0718454,
              14.663723
            ],
            [
              121.0718567,
              14.6633926
            ],
            [
              121.0713282,
              14.6633612
            ],
            [
              121.0713169,
              14.6634178
            ],
            [
              121.0710908,
              14.6635311
            ],
            [
              121.0710241,
              14.6635531
            ],
            [
              121.0710664,
              14.6633675
            ],
            [
              121.0707591,
              14.6633266
            ],
            [
              121.0703914,
              14.6631767
            ],
            [
              121.070406,
              14.6629313
            ],
            [
              121.06958,
              14.6628148
            ],
            [
              121.0694703,
              14.6628319
            ],
            [
              121.0693661,
              14.6629045
            ],
            [
              121.0691542,
              14.6632381
            ],
            [
              121.0688926,
              14.6630954
            ],
            [
              121.0690682,
              14.6627899
            ],
            [
              121.0687245,
              14.6627285
            ],
            [
              121.068661,
              14.6628243
            ],
            [
              121.0685004,
              14.6626833
            ],
            [
              121.0680539,
              14.6626436
            ],
            [
              121.0675204,
              14.6625333
            ],
            [
              121.0671984,
              14.6625243
            ],
            [
              121.0670235,
              14.6625709
            ],
            [
              121.0666831,
              14.6623242
            ],
            [
              121.0669131,
              14.662053
            ],
            [
              121.0669948,
              14.6619044
            ],
            [
              121.0668742,
              14.6617832
            ],
            [
              121.0660528,
              14.6612019
            ]
          ]
        ]
      },
      "id": "way/1463400506"
    },
    {
      "type": "Feature",
      "properties": {
        "@id": "way/1463400507",
        "landuse": "forest"
      },
      "geometry": {
        "type": "Polygon",
        "coordinates": [
          [
            [
              121.0705685,
              14.6593593
            ],
            [
              121.0705845,
              14.6583475
            ],
            [
              121.0705871,
              14.6575859
            ],
            [
              121.0716916,
              14.6575905
            ],
            [
              121.0726928,
              14.6575942
            ],
            [
              121.0726872,
              14.6577496
            ],
            [
              121.072704,
              14.6581309
            ],
            [
              121.0727003,
              14.6585809
            ],
            [
              121.0726797,
              14.6589116
            ],
            [
              121.0727806,
              14.6589423
            ],
            [
              121.0727582,
              14.6588664
            ],
            [
              121.0728006,
              14.6587275
            ],
            [
              121.0729372,
              14.6585796
            ],
            [
              121.0730494,
              14.6585246
            ],
            [
              121.073251,
              14.658708
            ],
            [
              121.0733356,
              14.6587322
            ],
            [
              121.073908,
              14.6587322
            ],
            [
              121.073921,
              14.6585985
            ],
            [
              121.0737893,
              14.6585592
            ],
            [
              121.0737747,
              14.658523
            ],
            [
              121.0737763,
              14.6583704
            ],
            [
              121.0738218,
              14.658254
            ],
            [
              121.0738153,
              14.6580699
            ],
            [
              121.0738413,
              14.6579299
            ],
            [
              121.073721,
              14.6578512
            ],
            [
              121.0735811,
              14.6578433
            ],
            [
              121.0731388,
              14.6578276
            ],
            [
              121.0730169,
              14.6578921
            ],
            [
              121.0728038,
              14.6579078
            ],
            [
              121.0727892,
              14.6575932
            ],
            [
              121.0735746,
              14.6575963
            ],
            [
              121.0741731,
              14.65759
            ],
            [
              121.0742479,
              14.6578119
            ],
            [
              121.0742137,
              14.6579598
            ],
            [
              121.0740446,
              14.658051
            ],
            [
              121.074069,
              14.6582697
            ],
            [
              121.0739763,
              14.6587244
            ],
            [
              121.0739714,
              14.6596321
            ],
            [
              121.0740576,
              14.6596557
            ],
            [
              121.0740901,
              14.6596935
            ],
            [
              121.0740316,
              14.6597847
            ],
            [
              121.0738755,
              14.6597926
            ],
            [
              121.0738674,
              14.6591838
            ],
            [
              121.0729177,
              14.6591853
            ],
            [
              121.0727648,
              14.6591098
            ],
            [
              121.0726412,
              14.6591067
            ],
            [
              121.0725875,
              14.6592656
            ],
            [
              121.0725076,
              14.659349
            ],
            [
              121.0724212,
              14.6593815
            ],
            [
              121.0717486,
              14.6593774
            ],
            [
              121.0717461,
              14.6592648
            ],
            [
              121.0723232,
              14.659266
            ],
            [
              121.0723077,
              14.6590837
            ],
            [
              121.0721102,
              14.6590807
            ],
            [
              121.0721162,
              14.6589044
            ],
            [
              121.0717232,
              14.6589044
            ],
            [
              121.0717307,
              14.6593709
            ],
            [
              121.0716587,
              14.6595223
            ],
            [
              121.0715551,
              14.659601
            ],
            [
              121.0706036,
              14.6595771
            ],
            [
              121.0705685,
              14.6593593
            ]
          ]
        ]
      },
      "id": "way/1463400507"
    },
    {
      "type": "Feature",
      "properties": {
        "@id": "way/1463400508",
        "landuse": "forest"
      },
      "geometry": {
        "type": "Polygon",
        "coordinates": [
          [
            [
              121.0715059,
              14.6542244
            ],
            [
              121.0715392,
              14.6539909
            ],
            [
              121.0726241,
              14.6540061
            ],
            [
              121.0726626,
              14.6540136
            ],
            [
              121.0726907,
              14.6540225
            ],
            [
              121.0727282,
              14.6540413
            ],
            [
              121.0727582,
              14.6540615
            ],
            [
              121.0727826,
              14.654085
            ],
            [
              121.0728032,
              14.6541102
            ],
            [
              121.0729979,
              14.6545241
            ],
            [
              121.0730098,
              14.65456
            ],
            [
              121.0730196,
              14.6545876
            ],
            [
              121.0730253,
              14.6546251
            ],
            [
              121.0730282,
              14.6546674
            ],
            [
              121.0730296,
              14.6547657
            ],
            [
              121.0730247,
              14.6556426
            ],
            [
              121.073023,
              14.6556595
            ],
            [
              121.0730196,
              14.6556922
            ],
            [
              121.0730071,
              14.6557404
            ],
            [
              121.0727866,
              14.6560107
            ],
            [
              121.0727636,
              14.6560277
            ],
            [
              121.0727364,
              14.6560439
            ],
            [
              121.0727086,
              14.6560556
            ],
            [
              121.0715081,
              14.6560489
            ],
            [
              121.0715313,
              14.6545148
            ],
            [
              121.0716036,
              14.6546413
            ],
            [
              121.0716615,
              14.6548552
            ],
            [
              121.0716701,
              14.6550814
            ],
            [
              121.0716229,
              14.655206
            ],
            [
              121.0715778,
              14.6553513
            ],
            [
              121.0716465,
              14.655451
            ],
            [
              121.0717044,
              14.6555174
            ],
            [
              121.0716937,
              14.6556191
            ],
            [
              121.0715864,
              14.6557374
            ],
            [
              121.0715328,
              14.6558994
            ],
            [
              121.0717173,
              14.6559014
            ],
            [
              121.0718654,
              14.6559264
            ],
            [
              121.0720263,
              14.6559264
            ],
            [
              121.0721636,
              14.6559305
            ],
            [
              121.0722988,
              14.6559928
            ],
            [
              121.0725756,
              14.6559347
            ],
            [
              121.07267,
              14.6558288
            ],
            [
              121.0727301,
              14.6556793
            ],
            [
              121.0727237,
              14.6554302
            ],
            [
              121.0727222,
              14.6553632
            ],
            [
              121.072758,
              14.6552751
            ],
            [
              121.0727515,
              14.6551555
            ],
            [
              121.0726864,
              14.655058
            ],
            [
              121.0726409,
              14.6549825
            ],
            [
              121.072797,
              14.6548094
            ],
            [
              121.072797,
              14.6547276
            ],
            [
              121.0727352,
              14.6545199
            ],
            [
              121.0726149,
              14.6543437
            ],
            [
              121.0726279,
              14.6542367
            ],
            [
              121.0725661,
              14.6541549
            ],
            [
              121.0724848,
              14.6541832
            ],
            [
              121.0723319,
              14.6542556
            ],
            [
              121.072101,
              14.6542745
            ],
            [
              121.0717953,
              14.654221
            ],
            [
              121.0716262,
              14.6542682
            ],
            [
              121.0715059,
              14.6542244
            ]
          ]
        ]
      },
      "id": "way/1463400508"
    },
    {
      "type": "Feature",
      "properties": {
        "@id": "way/1484812240",
        "leisure": "park"
      },
      "geometry": {
        "type": "Polygon",
        "coordinates": [
          [
            [
              121.0982183,
              14.6332028
            ],
            [
              121.0982304,
              14.6331192
            ],
            [
              121.0985467,
              14.6331575
            ],
            [
              121.0984995,
              14.6335657
            ],
            [
              121.0984303,
              14.6335551
            ],
            [
              121.0984675,
              14.6332413
            ],
            [
              121.0982183,
              14.6332028
            ]
          ]
        ]
      },
      "id": "way/1484812240"
    },
    {
      "type": "Feature",
      "properties": {
        "@id": "way/1485300729",
        "landuse": "grass"
      },
      "geometry": {
        "type": "Polygon",
        "coordinates": [
          [
            [
              121.1060112,
              14.6340421
            ],
            [
              121.105989,
              14.633939
            ],
            [
              121.1060325,
              14.6338973
            ],
            [
              121.1061519,
              14.6340139
            ],
            [
              121.1060112,
              14.6340421
            ]
          ]
        ]
      },
      "id": "way/1485300729"
    },
    {
      "type": "Feature",
      "properties": {
        "@id": "way/1486867345",
        "landuse": "grass"
      },
      "geometry": {
        "type": "Polygon",
        "coordinates": [
          [
            [
              121.0609107,
              14.6815356
            ],
            [
              121.0620716,
              14.6815576
            ],
            [
              121.0620612,
              14.6824204
            ],
            [
              121.0623157,
              14.6826502
            ],
            [
              121.0622985,
              14.6826695
            ],
            [
              121.0622638,
              14.6827077
            ],
            [
              121.0622543,
              14.6827183
            ],
            [
              121.062175,
              14.6828062
            ],
            [
              121.0620986,
              14.6827658
            ],
            [
              121.0620763,
              14.6828071
            ],
            [
              121.0621465,
              14.6828448
            ],
            [
              121.0619688,
              14.6830367
            ],
            [
              121.0619257,
              14.682998
            ],
            [
              121.0618594,
              14.683068
            ],
            [
              121.0619026,
              14.6831068
            ],
            [
              121.0618858,
              14.6831259
            ],
            [
              121.0618117,
              14.6830627
            ],
            [
              121.0617811,
              14.6830973
            ],
            [
              121.0617514,
              14.6831309
            ],
            [
              121.0617351,
              14.6831492
            ],
            [
              121.0617211,
              14.6831649
            ],
            [
              121.061716,
              14.6831712
            ],
            [
              121.0609081,
              14.6824792
            ],
            [
              121.0609107,
              14.6815356
            ]
          ]
        ]
      },
      "id": "way/1486867345"
    },
    {
      "type": "Feature",
      "properties": {
        "@id": "way/1486867346",
        "landuse": "grass"
      },
      "geometry": {
        "type": "Polygon",
        "coordinates": [
          [
            [
              121.0621404,
              14.6830748
            ],
            [
              121.062115,
              14.6830493
            ],
            [
              121.0621054,
              14.6830422
            ],
            [
              121.0620953,
              14.6830335
            ],
            [
              121.0623319,
              14.6827821
            ],
            [
              121.062811,
              14.6831835
            ],
            [
              121.0637001,
              14.6831804
            ],
            [
              121.0648243,
              14.6831765
            ],
            [
              121.0648472,
              14.6831845
            ],
            [
              121.0648609,
              14.6832023
            ],
            [
              121.064867,
              14.6832252
            ],
            [
              121.0648682,
              14.6836807
            ],
            [
              121.0647963,
              14.6836782
            ],
            [
              121.0647913,
              14.6838413
            ],
            [
              121.0646347,
              14.6838407
            ],
            [
              121.0646345,
              14.6837993
            ],
            [
              121.0645214,
              14.6837998
            ],
            [
              121.0645197,
              14.6838978
            ],
            [
              121.0645027,
              14.6839164
            ],
            [
              121.0644382,
              14.6839172
            ],
            [
              121.06444,
              14.6836631
            ],
            [
              121.0643925,
              14.6836615
            ],
            [
              121.0643961,
              14.6835341
            ],
            [
              121.0647244,
              14.6835371
            ],
            [
              121.0647281,
              14.6833361
            ],
            [
              121.0644274,
              14.6833354
            ],
            [
              121.0643975,
              14.6833101
            ],
            [
              121.064398,
              14.683244
            ],
            [
              121.0639294,
              14.6832334
            ],
            [
              121.0639081,
              14.6832517
            ],
            [
              121.0639077,
              14.683356
            ],
            [
              121.0639336,
              14.6833742
            ],
            [
              121.0640545,
              14.6833733
            ],
            [
              121.0640538,
              14.6834487
            ],
            [
              121.0640106,
              14.6834487
            ],
            [
              121.06401,
              14.6834917
            ],
            [
              121.0637419,
              14.6834898
            ],
            [
              121.0637412,
              14.6835466
            ],
            [
              121.0637582,
              14.6835588
            ],
            [
              121.0637585,
              14.6835867
            ],
            [
              121.0637963,
              14.683622
            ],
            [
              121.0637943,
              14.6836829
            ],
            [
              121.0638048,
              14.6836913
            ],
            [
              121.063817,
              14.683701
            ],
            [
              121.0640131,
              14.6837009
            ],
            [
              121.0640285,
              14.6837177
            ],
            [
              121.0638671,
              14.6838685
            ],
            [
              121.063793,
              14.683802
            ],
            [
              121.0631782,
              14.6837976
            ],
            [
              121.063178,
              14.6838342
            ],
            [
              121.0631332,
              14.6838339
            ],
            [
              121.0631325,
              14.6839234
            ],
            [
              121.0631802,
              14.6839237
            ],
            [
              121.06318,
              14.6839393
            ],
            [
              121.0633364,
              14.6839404
            ],
            [
              121.0633359,
              14.6840168
            ],
            [
              121.0631306,
              14.6842374
            ],
            [
              121.0629804,
              14.6841078
            ],
            [
              121.0630606,
              14.6840236
            ],
            [
              121.0630007,
              14.683971
            ],
            [
              121.0630725,
              14.6838946
            ],
            [
              121.0628205,
              14.6836728
            ],
            [
              121.0627795,
              14.683713
            ],
            [
              121.0626187,
              14.6835686
            ],
            [
              121.0626493,
              14.6835368
            ],
            [
              121.0625893,
              14.6834829
            ],
            [
              121.0626114,
              14.6834598
            ],
            [
              121.0623503,
              14.6832252
            ],
            [
              121.0623306,
              14.6832458
            ],
            [
              121.0621404,
              14.6830748
            ]
          ]
        ]
      },
      "id": "way/1486867346"
    },
    {
      "type": "Feature",
      "properties": {
        "@id": "way/1486867347",
        "landuse": "grass"
      },
      "geometry": {
        "type": "Polygon",
        "coordinates": [
          [
            [
              121.0639557,
              14.6838856
            ],
            [
              121.0639564,
              14.6838562
            ],
            [
              121.0640234,
              14.6837933
            ],
            [
              121.0640616,
              14.6837959
            ],
            [
              121.0640623,
              14.6838186
            ],
            [
              121.0641106,
              14.6838192
            ],
            [
              121.0641294,
              14.6838335
            ],
            [
              121.0644087,
              14.6838297
            ],
            [
              121.0644075,
              14.6838789
            ],
            [
              121.0644066,
              14.6839176
            ],
            [
              121.0643902,
              14.6839178
            ],
            [
              121.0643318,
              14.6839399
            ],
            [
              121.0642169,
              14.6839387
            ],
            [
              121.0641528,
              14.6839381
            ],
            [
              121.0641032,
              14.6838854
            ],
            [
              121.0640619,
              14.6838859
            ],
            [
              121.0639557,
              14.6838856
            ]
          ]
        ]
      },
      "id": "way/1486867347"
    },
    {
      "type": "Feature",
      "properties": {
        "@id": "way/1486867350",
        "landuse": "forest"
      },
      "geometry": {
        "type": "Polygon",
        "coordinates": [
          [
            [
              121.0631212,
              14.6839273
            ],
            [
              121.0631568,
              14.6839732
            ],
            [
              121.0632625,
              14.6839898
            ],
            [
              121.0632934,
              14.6840494
            ],
            [
              121.0633509,
              14.6840906
            ],
            [
              121.0634579,
              14.6841303
            ],
            [
              121.0635301,
              14.6841547
            ],
            [
              121.0636058,
              14.6842065
            ],
            [
              121.0636179,
              14.6842559
            ],
            [
              121.06361,
              14.6843034
            ],
            [
              121.0635851,
              14.6843374
            ],
            [
              121.0634716,
              14.6843814
            ],
            [
              121.0634429,
              14.684402
            ],
            [
              121.0634239,
              14.6844301
            ],
            [
              121.063406,
              14.6844741
            ],
            [
              121.063366,
              14.6845422
            ],
            [
              121.0633663,
              14.6846397
            ],
            [
              121.0633449,
              14.6847536
            ],
            [
              121.0632786,
              14.6848036
            ],
            [
              121.0631666,
              14.6848249
            ],
            [
              121.0631063,
              14.6847924
            ],
            [
              121.0630929,
              14.6846859
            ],
            [
              121.0631253,
              14.684592
            ],
            [
              121.0630928,
              14.6844525
            ],
            [
              121.0630776,
              14.6843149
            ],
            [
              121.0630126,
              14.684253
            ],
            [
              121.0629659,
              14.684188
            ],
            [
              121.0629689,
              14.68413
            ],
            [
              121.0629274,
              14.6840319
            ],
            [
              121.0628924,
              14.6840055
            ],
            [
              121.0628784,
              14.683955
            ],
            [
              121.0629332,
              14.6838923
            ],
            [
              121.0630161,
              14.6838821
            ],
            [
              121.0630722,
              14.6838166
            ],
            [
              121.063092,
              14.683785
            ],
            [
              121.0631224,
              14.6837421
            ],
            [
              121.0631481,
              14.6837432
            ],
            [
              121.0631749,
              14.6837568
            ],
            [
              121.0632053,
              14.6837511
            ],
            [
              121.0632129,
              14.6837268
            ],
            [
              121.0631826,
              14.6837202
            ],
            [
              121.0630217,
              14.6837316
            ],
            [
              121.0629659,
              14.6837274
            ],
            [
              121.0629143,
              14.6837091
            ],
            [
              121.0627552,
              14.683571
            ],
            [
              121.0627492,
              14.6835341
            ],
            [
              121.0627759,
              14.6835085
            ],
            [
              121.0628294,
              14.6835021
            ],
            [
              121.06289,
              14.6835115
            ],
            [
              121.0629585,
              14.683528
            ],
            [
              121.062985,
              14.6835062
            ],
            [
              121.0629514,
              14.6834685
            ],
            [
              121.0629786,
              14.6834241
            ],
            [
              121.0630423,
              14.6834081
            ],
            [
              121.0630991,
              14.6834282
            ],
            [
              121.0631262,
              14.6834798
            ],
            [
              121.0631655,
              14.6835917
            ],
            [
              121.0631806,
              14.6836465
            ],
            [
              121.0631978,
              14.6836593
            ],
            [
              121.0632232,
              14.6836574
            ],
            [
              121.0632489,
              14.6836207
            ],
            [
              121.0633186,
              14.6835377
            ],
            [
              121.0633774,
              14.6834613
            ],
            [
              121.0633757,
              14.6834688
            ],
            [
              121.0633909,
              14.6834473
            ],
            [
              121.0634201,
              14.6834349
            ],
            [
              121.0634469,
              14.6834518
            ],
            [
              121.0634856,
              14.6834823
            ],
            [
              121.0634963,
              14.6835308
            ],
            [
              121.0635088,
              14.6835614
            ],
            [
              121.063528,
              14.6835738
            ],
            [
              121.0635562,
              14.6835727
            ],
            [
              121.0635731,
              14.6835601
            ],
            [
              121.0635793,
              14.6835203
            ],
            [
              121.0636066,
              14.6834332
            ],
            [
              121.0636318,
              14.683352
            ],
            [
              121.0636601,
              14.6833364
            ],
            [
              121.0636921,
              14.6833481
            ],
            [
              121.0637087,
              14.6833777
            ],
            [
              121.0637474,
              14.6833841
            ],
            [
              121.0637736,
              14.6833374
            ],
            [
              121.0638063,
              14.6833117
            ],
            [
              121.0638524,
              14.6833134
            ],
            [
              121.0638728,
              14.6833354
            ],
            [
              121.0639331,
              14.6833822
            ],
            [
              121.0639978,
              14.6833819
            ],
            [
              121.0640218,
              14.6833971
            ],
            [
              121.0640258,
              14.6834251
            ],
            [
              121.0640038,
              14.6834555
            ],
            [
              121.0639917,
              14.6834717
            ],
            [
              121.063967,
              14.6834817
            ],
            [
              121.0639247,
              14.6834831
            ],
            [
              121.0638967,
              14.6834619
            ],
            [
              121.0638813,
              14.6834315
            ],
            [
              121.0638608,
              14.6834066
            ],
            [
              121.0638385,
              14.6834006
            ],
            [
              121.0637988,
              14.6834175
            ],
            [
              121.0637866,
              14.6834687
            ],
            [
              121.0638066,
              14.6835037
            ],
            [
              121.0638018,
              14.6835283
            ],
            [
              121.0637793,
              14.6835419
            ],
            [
              121.0637816,
              14.6835759
            ],
            [
              121.0638084,
              14.6836053
            ],
            [
              121.0638196,
              14.6836434
            ],
            [
              121.063806,
              14.6836733
            ],
            [
              121.0638048,
              14.6836913
            ],
            [
              121.0638246,
              14.6836843
            ],
            [
              121.0638445,
              14.6836875
            ],
            [
              121.0638647,
              14.68372
            ],
            [
              121.0638363,
              14.6837653
            ],
            [
              121.0638018,
              14.6837868
            ],
            [
              121.0637719,
              14.683765
            ],
            [
              121.06376,
              14.6837303
            ],
            [
              121.0636824,
              14.6837278
            ],
            [
              121.0636603,
              14.6837015
            ],
            [
              121.0636608,
              14.6836403
            ],
            [
              121.0636715,
              14.6835508
            ],
            [
              121.0636453,
              14.6835708
            ],
            [
              121.063626,
              14.6836614
            ],
            [
              121.0635951,
              14.6836646
            ],
            [
              121.0635577,
              14.6836424
            ],
            [
              121.063545,
              14.6836023
            ],
            [
              121.063521,
              14.6835938
            ],
            [
              121.0634918,
              14.6835995
            ],
            [
              121.0634516,
              14.6836179
            ],
            [
              121.0634189,
              14.6836371
            ],
            [
              121.0633921,
              14.6836585
            ],
            [
              121.0633851,
              14.6836845
            ],
            [
              121.0633991,
              14.6837026
            ],
            [
              121.0634084,
              14.6837376
            ],
            [
              121.0633932,
              14.6837715
            ],
            [
              121.0633722,
              14.6837873
            ],
            [
              121.0633349,
              14.6837884
            ],
            [
              121.0633045,
              14.6837748
            ],
            [
              121.0632882,
              14.6837636
            ],
            [
              121.063259,
              14.6837658
            ],
            [
              121.0632426,
              14.6837771
            ],
            [
              121.0632204,
              14.683785
            ],
            [
              121.0632006,
              14.683785
            ],
            [
              121.0631737,
              14.6837861
            ],
            [
              121.0631609,
              14.6838053
            ],
            [
              121.0631224,
              14.6838618
            ],
            [
              121.0631212,
              14.6839273
            ]
          ]
        ]
      },
      "id": "way/1486867350"
    },
    {
      "type": "Feature",
      "properties": {
        "@id": "way/1493548254",
        "landuse": "grass"
      },
      "geometry": {
        "type": "Polygon",
        "coordinates": [
          [
            [
              121.1056976,
              14.6339618
            ],
            [
              121.1056235,
              14.633578
            ],
            [
              121.1056512,
              14.6335981
            ],
            [
              121.1056829,
              14.6337337
            ],
            [
              121.1058043,
              14.6339404
            ],
            [
              121.1056976,
              14.6339618
            ]
          ]
        ]
      },
      "id": "way/1493548254"
    },
    {
      "type": "Feature",
      "properties": {
        "@id": "way/1493548664",
        "landuse": "grass"
      },
      "geometry": {
        "type": "Polygon",
        "coordinates": [
          [
            [
              121.1048818,
              14.6342704
            ],
            [
              121.1048704,
              14.6342169
            ],
            [
              121.1049188,
              14.6342063
            ],
            [
              121.1049309,
              14.6342603
            ],
            [
              121.1048818,
              14.6342704
            ]
          ]
        ]
      },
      "id": "way/1493548664"
    },
    {
      "type": "Feature",
      "properties": {
        "@id": "way/1494566435",
        "leisure": "park"
      },
      "geometry": {
        "type": "Polygon",
        "coordinates": [
          [
            [
              121.0963991,
              14.6295357
            ],
            [
              121.09631,
              14.6296493
            ],
            [
              121.0962958,
              14.6295047
            ],
            [
              121.0963991,
              14.6295357
            ]
          ]
        ]
      },
      "id": "way/1494566435"
    },
    {
      "type": "Feature",
      "properties": {
        "@id": "way/1494566436",
        "leisure": "park"
      },
      "geometry": {
        "type": "Polygon",
        "coordinates": [
          [
            [
              121.0962954,
              14.6294854
            ],
            [
              121.0962759,
              14.6293921
            ],
            [
              121.0962753,
              14.6293782
            ],
            [
              121.0962821,
              14.6293685
            ],
            [
              121.0963046,
              14.6293697
            ],
            [
              121.0963436,
              14.6293859
            ],
            [
              121.0962954,
              14.6294854
            ]
          ]
        ]
      },
      "id": "way/1494566436"
    },
    {
      "type": "Feature",
      "properties": {
        "@id": "way/1525696851",
        "landuse": "grass"
      },
      "geometry": {
        "type": "Polygon",
        "coordinates": [
          [
            [
              121.0701148,
              14.6124876
            ],
            [
              121.0701299,
              14.6124396
            ],
            [
              121.070202,
              14.6124507
            ],
            [
              121.0701872,
              14.6125168
            ],
            [
              121.0702036,
              14.6125214
            ],
            [
              121.070154,
              14.6127465
            ],
            [
              121.069815,
              14.6126645
            ],
            [
              121.069875,
              14.6124189
            ],
            [
              121.0701148,
              14.6124876
            ]
          ]
        ]
      },
      "id": "way/1525696851"
    },
    {
      "type": "Feature",
      "properties": {
        "@id": "way/1525696852",
        "landuse": "grass"
      },
      "geometry": {
        "type": "Polygon",
        "coordinates": [
          [
            [
              121.0700528,
              14.6132714
            ],
            [
              121.0698999,
              14.6132387
            ],
            [
              121.0698955,
              14.6132549
            ],
            [
              121.0697513,
              14.6132212
            ],
            [
              121.069754,
              14.613205
            ],
            [
              121.0697222,
              14.6131957
            ],
            [
              121.0697299,
              14.6131618
            ],
            [
              121.0697027,
              14.6131239
            ],
            [
              121.0697918,
              14.6127596
            ],
            [
              121.0701359,
              14.6128445
            ],
            [
              121.0700528,
              14.6132714
            ]
          ]
        ]
      },
      "id": "way/1525696852"
    },
    {
      "type": "Feature",
      "properties": {
        "@id": "way/1534156854",
        "access": "customers",
        "landuse": "grass",
        "name": "Open Field",
        "operator": "College of San Benildo - Rizal High School Department"
      },
      "geometry": {
        "type": "Polygon",
        "coordinates": [
          [
            [
              121.1486147,
              14.6197943
            ],
            [
              121.1488234,
              14.6200458
            ],
            [
              121.1488266,
              14.62019
            ],
            [
              121.1484812,
              14.6203277
            ],
            [
              121.1484461,
              14.6202463
            ],
            [
              121.1483672,
              14.62009
            ],
            [
              121.1483195,
              14.619995
            ],
            [
              121.1486147,
              14.6197943
            ]
          ]
        ]
      },
      "id": "way/1534156854"
    },
    {
      "type": "Feature",
      "properties": {
        "@id": "way/1534822162",
        "addr:city": "Antipolo",
        "addr:country": "PH",
        "addr:district": "Mayamot",
        "addr:neighbourhood": "Town & Country Executive Village",
        "addr:postcode": "1870",
        "addr:province": "Rizal",
        "addr:street": "Balimbing Street",
        "landuse": "recreation",
        "leisure": "park",
        "name": "Balimbing Street Park",
        "operator": "Town & Country Executive Village",
        "short_name": "Balimbing St Park"
      },
      "geometry": {
        "type": "Polygon",
        "coordinates": [
          [
            [
              121.1186369,
              14.6165087
            ],
            [
              121.1189256,
              14.6165169
            ],
            [
              121.118923,
              14.6166026
            ],
            [
              121.1186343,
              14.6165944
            ],
            [
              121.1186369,
              14.6165087
            ]
          ]
        ]
      },
      "id": "way/1534822162"
    }
  ]
}